Warning: Design 'SPRNN_Top' has '2' unresolved references. For more detailed information, use the "link" command. (UID-341)
 
****************************************
Report : hierarchy
        -full
Design : SPRNN_Top
Version: Q-2019.12-SP5-5
Date   : Sun Jun 15 20:55:24 2025
****************************************

Warning: 3 unresolved references are not included in this report. (RPT-2)

SPRNN_Top
    AND2_X1                                                                                   NangateOpenCellLibrary
    AND4_X1                                                                                   NangateOpenCellLibrary
    AOI21_X1                                                                                  NangateOpenCellLibrary
    AOI22_X1                                                                                  NangateOpenCellLibrary
    BUF_X1                                                                                    NangateOpenCellLibrary
    Controller
        AND2_X1                                                                               NangateOpenCellLibrary
        AOI21_X1                                                                              NangateOpenCellLibrary
        AOI22_X1                                                                              NangateOpenCellLibrary
        AOI211_X1                                                                             NangateOpenCellLibrary
        AOI221_X1                                                                             NangateOpenCellLibrary
        DFFR_X1                                                                               NangateOpenCellLibrary
        DFFR_X2                                                                               NangateOpenCellLibrary
        DFFS_X1                                                                               NangateOpenCellLibrary
        INV_X1                                                                                NangateOpenCellLibrary
        NAND2_X1                                                                              NangateOpenCellLibrary
        NAND3_X1                                                                              NangateOpenCellLibrary
        NAND4_X1                                                                              NangateOpenCellLibrary
        NOR2_X1                                                                               NangateOpenCellLibrary
        NOR3_X1                                                                               NangateOpenCellLibrary
        NOR4_X1                                                                               NangateOpenCellLibrary
        OAI21_X1                                                                              NangateOpenCellLibrary
        OAI22_X1                                                                              NangateOpenCellLibrary
        OAI211_X1                                                                             NangateOpenCellLibrary
        OAI221_X1                                                                             NangateOpenCellLibrary
        OR2_X1                                                                                NangateOpenCellLibrary
    DFFR_X1                                                                                   NangateOpenCellLibrary
    DFF_X1                                                                                    NangateOpenCellLibrary
    DLH_X1                                                                                    NangateOpenCellLibrary
    INV_X1                                                                                    NangateOpenCellLibrary
    INV_X8                                                                                    NangateOpenCellLibrary
    INV_X16                                                                                   NangateOpenCellLibrary
    MUX2_X1                                                                                   NangateOpenCellLibrary
    NAND2_X1                                                                                  NangateOpenCellLibrary
    NAND3_X1                                                                                  NangateOpenCellLibrary
    NAND4_X1                                                                                  NangateOpenCellLibrary
    NOR4_X1                                                                                   NangateOpenCellLibrary
    OAI21_X1                                                                                  NangateOpenCellLibrary
    OAI221_X1                                                                                 NangateOpenCellLibrary
    OAI222_X1                                                                                 NangateOpenCellLibrary
    OR2_X1                                                                                    NangateOpenCellLibrary
    adder_tree_0
        AOI22_X1                                                                              NangateOpenCellLibrary
        BUF_X1                                                                                NangateOpenCellLibrary
        DFFR_X1                                                                               NangateOpenCellLibrary
        INV_X1                                                                                NangateOpenCellLibrary
        NAND2_X1                                                                              NangateOpenCellLibrary
        NOR2_X1                                                                               NangateOpenCellLibrary
        OAI21_X1                                                                              NangateOpenCellLibrary
        OAI22_X1                                                                              NangateOpenCellLibrary
        adder_tree_0_DW01_add_0_DW01_add_102
            AND2_X1                                                                           NangateOpenCellLibrary
            FA_X1                                                                             NangateOpenCellLibrary
            XOR2_X1                                                                           NangateOpenCellLibrary
        adder_tree_0_DW01_add_1_DW01_add_103
            AND2_X1                                                                           NangateOpenCellLibrary
            FA_X1                                                                             NangateOpenCellLibrary
            XOR2_X1                                                                           NangateOpenCellLibrary
        adder_tree_0_DW01_add_2_DW01_add_104
            AND2_X1                                                                           NangateOpenCellLibrary
            FA_X1                                                                             NangateOpenCellLibrary
            XOR2_X1                                                                           NangateOpenCellLibrary
        adder_tree_0_DW01_add_3_DW01_add_117
            AND2_X1                                                                           NangateOpenCellLibrary
            FA_X1                                                                             NangateOpenCellLibrary
            XOR2_X1                                                                           NangateOpenCellLibrary
        adder_tree_0_DW01_add_4_DW01_add_118
            AND2_X1                                                                           NangateOpenCellLibrary
            FA_X1                                                                             NangateOpenCellLibrary
            XOR2_X1                                                                           NangateOpenCellLibrary
        adder_tree_0_DW01_add_5_DW01_add_119
            AND2_X1                                                                           NangateOpenCellLibrary
            FA_X1                                                                             NangateOpenCellLibrary
            XOR2_X1                                                                           NangateOpenCellLibrary
        adder_tree_0_DW01_add_6_DW01_add_120
            AND2_X1                                                                           NangateOpenCellLibrary
            FA_X1                                                                             NangateOpenCellLibrary
            XOR2_X1                                                                           NangateOpenCellLibrary
        adder_tree_0_DW01_add_7_DW01_add_121
            AND2_X1                                                                           NangateOpenCellLibrary
            FA_X1                                                                             NangateOpenCellLibrary
            XOR2_X1                                                                           NangateOpenCellLibrary
        adder_tree_0_DW01_add_8_DW01_add_122
            AND2_X1                                                                           NangateOpenCellLibrary
            FA_X1                                                                             NangateOpenCellLibrary
            XOR2_X1                                                                           NangateOpenCellLibrary
        adder_tree_0_DW01_add_9_DW01_add_123
            AND2_X1                                                                           NangateOpenCellLibrary
            FA_X1                                                                             NangateOpenCellLibrary
            XOR2_X1                                                                           NangateOpenCellLibrary
        adder_tree_0_DW01_add_10_DW01_add_124
            AND2_X1                                                                           NangateOpenCellLibrary
            FA_X1                                                                             NangateOpenCellLibrary
            XOR2_X1                                                                           NangateOpenCellLibrary
        adder_tree_0_DW01_add_11_DW01_add_125
            AND2_X1                                                                           NangateOpenCellLibrary
            FA_X1                                                                             NangateOpenCellLibrary
            XOR2_X1                                                                           NangateOpenCellLibrary
        adder_tree_0_DW01_add_12_DW01_add_144
            AND2_X1                                                                           NangateOpenCellLibrary
            FA_X1                                                                             NangateOpenCellLibrary
            XOR2_X1                                                                           NangateOpenCellLibrary
        adder_tree_0_DW01_add_13_DW01_add_145
            AND2_X1                                                                           NangateOpenCellLibrary
            FA_X1                                                                             NangateOpenCellLibrary
            XOR2_X1                                                                           NangateOpenCellLibrary
        adder_tree_0_DW01_add_14_DW01_add_146
            AND2_X1                                                                           NangateOpenCellLibrary
            FA_X1                                                                             NangateOpenCellLibrary
            XOR2_X1                                                                           NangateOpenCellLibrary
    adder_tree_1
        AOI22_X1                                                                              NangateOpenCellLibrary
        BUF_X1                                                                                NangateOpenCellLibrary
        DFFR_X1                                                                               NangateOpenCellLibrary
        INV_X1                                                                                NangateOpenCellLibrary
        NAND2_X1                                                                              NangateOpenCellLibrary
        NOR2_X1                                                                               NangateOpenCellLibrary
        OAI21_X1                                                                              NangateOpenCellLibrary
        OAI22_X1                                                                              NangateOpenCellLibrary
        adder_tree_1_DW01_add_0_DW01_add_105
            AND2_X1                                                                           NangateOpenCellLibrary
            FA_X1                                                                             NangateOpenCellLibrary
            XOR2_X1                                                                           NangateOpenCellLibrary
        adder_tree_1_DW01_add_1_DW01_add_106
            AND2_X1                                                                           NangateOpenCellLibrary
            FA_X1                                                                             NangateOpenCellLibrary
            XOR2_X1                                                                           NangateOpenCellLibrary
        adder_tree_1_DW01_add_2_DW01_add_107
            AND2_X1                                                                           NangateOpenCellLibrary
            FA_X1                                                                             NangateOpenCellLibrary
            XOR2_X1                                                                           NangateOpenCellLibrary
        adder_tree_1_DW01_add_3_DW01_add_114
            AND2_X1                                                                           NangateOpenCellLibrary
            FA_X1                                                                             NangateOpenCellLibrary
            XOR2_X1                                                                           NangateOpenCellLibrary
        adder_tree_1_DW01_add_4_DW01_add_115
            AND2_X1                                                                           NangateOpenCellLibrary
            FA_X1                                                                             NangateOpenCellLibrary
            XOR2_X1                                                                           NangateOpenCellLibrary
        adder_tree_1_DW01_add_5_DW01_add_116
            AND2_X1                                                                           NangateOpenCellLibrary
            FA_X1                                                                             NangateOpenCellLibrary
            XOR2_X1                                                                           NangateOpenCellLibrary
        adder_tree_1_DW01_add_6_DW01_add_126
            AND2_X1                                                                           NangateOpenCellLibrary
            FA_X1                                                                             NangateOpenCellLibrary
            XOR2_X1                                                                           NangateOpenCellLibrary
        adder_tree_1_DW01_add_7_DW01_add_127
            AND2_X1                                                                           NangateOpenCellLibrary
            FA_X1                                                                             NangateOpenCellLibrary
            XOR2_X1                                                                           NangateOpenCellLibrary
        adder_tree_1_DW01_add_8_DW01_add_128
            AND2_X1                                                                           NangateOpenCellLibrary
            FA_X1                                                                             NangateOpenCellLibrary
            XOR2_X1                                                                           NangateOpenCellLibrary
        adder_tree_1_DW01_add_9_DW01_add_129
            AND2_X1                                                                           NangateOpenCellLibrary
            FA_X1                                                                             NangateOpenCellLibrary
            XOR2_X1                                                                           NangateOpenCellLibrary
        adder_tree_1_DW01_add_10_DW01_add_130
            AND2_X1                                                                           NangateOpenCellLibrary
            FA_X1                                                                             NangateOpenCellLibrary
            XOR2_X1                                                                           NangateOpenCellLibrary
        adder_tree_1_DW01_add_11_DW01_add_131
            AND2_X1                                                                           NangateOpenCellLibrary
            FA_X1                                                                             NangateOpenCellLibrary
            XOR2_X1                                                                           NangateOpenCellLibrary
        adder_tree_1_DW01_add_12_DW01_add_132
            AND2_X1                                                                           NangateOpenCellLibrary
            FA_X1                                                                             NangateOpenCellLibrary
            XOR2_X1                                                                           NangateOpenCellLibrary
        adder_tree_1_DW01_add_13_DW01_add_133
            AND2_X1                                                                           NangateOpenCellLibrary
            FA_X1                                                                             NangateOpenCellLibrary
            XOR2_X1                                                                           NangateOpenCellLibrary
        adder_tree_1_DW01_add_14_DW01_add_134
            AND2_X1                                                                           NangateOpenCellLibrary
            FA_X1                                                                             NangateOpenCellLibrary
            XOR2_X1                                                                           NangateOpenCellLibrary
    adder_tree_2
        AOI22_X1                                                                              NangateOpenCellLibrary
        BUF_X1                                                                                NangateOpenCellLibrary
        DFFR_X1                                                                               NangateOpenCellLibrary
        INV_X1                                                                                NangateOpenCellLibrary
        NAND2_X1                                                                              NangateOpenCellLibrary
        NOR2_X1                                                                               NangateOpenCellLibrary
        OAI21_X1                                                                              NangateOpenCellLibrary
        OAI22_X1                                                                              NangateOpenCellLibrary
        adder_tree_2_DW01_add_0_DW01_add_108
            AND2_X1                                                                           NangateOpenCellLibrary
            FA_X1                                                                             NangateOpenCellLibrary
            XOR2_X1                                                                           NangateOpenCellLibrary
        adder_tree_2_DW01_add_1_DW01_add_109
            AND2_X1                                                                           NangateOpenCellLibrary
            FA_X1                                                                             NangateOpenCellLibrary
            XOR2_X1                                                                           NangateOpenCellLibrary
        adder_tree_2_DW01_add_2_DW01_add_110
            AND2_X1                                                                           NangateOpenCellLibrary
            FA_X1                                                                             NangateOpenCellLibrary
            XOR2_X1                                                                           NangateOpenCellLibrary
        adder_tree_2_DW01_add_3_DW01_add_111
            AND2_X1                                                                           NangateOpenCellLibrary
            FA_X1                                                                             NangateOpenCellLibrary
            XOR2_X1                                                                           NangateOpenCellLibrary
        adder_tree_2_DW01_add_4_DW01_add_112
            AND2_X1                                                                           NangateOpenCellLibrary
            FA_X1                                                                             NangateOpenCellLibrary
            XOR2_X1                                                                           NangateOpenCellLibrary
        adder_tree_2_DW01_add_5_DW01_add_113
            AND2_X1                                                                           NangateOpenCellLibrary
            FA_X1                                                                             NangateOpenCellLibrary
            XOR2_X1                                                                           NangateOpenCellLibrary
        adder_tree_2_DW01_add_6_DW01_add_135
            AND2_X1                                                                           NangateOpenCellLibrary
            FA_X1                                                                             NangateOpenCellLibrary
            XOR2_X1                                                                           NangateOpenCellLibrary
        adder_tree_2_DW01_add_7_DW01_add_136
            AND2_X1                                                                           NangateOpenCellLibrary
            FA_X1                                                                             NangateOpenCellLibrary
            XOR2_X1                                                                           NangateOpenCellLibrary
        adder_tree_2_DW01_add_8_DW01_add_137
            AND2_X1                                                                           NangateOpenCellLibrary
            FA_X1                                                                             NangateOpenCellLibrary
            XOR2_X1                                                                           NangateOpenCellLibrary
        adder_tree_2_DW01_add_9_DW01_add_138
            AND2_X1                                                                           NangateOpenCellLibrary
            FA_X1                                                                             NangateOpenCellLibrary
            XOR2_X1                                                                           NangateOpenCellLibrary
        adder_tree_2_DW01_add_10_DW01_add_139
            AND2_X1                                                                           NangateOpenCellLibrary
            FA_X1                                                                             NangateOpenCellLibrary
            XOR2_X1                                                                           NangateOpenCellLibrary
        adder_tree_2_DW01_add_11_DW01_add_140
            AND2_X1                                                                           NangateOpenCellLibrary
            FA_X1                                                                             NangateOpenCellLibrary
            XOR2_X1                                                                           NangateOpenCellLibrary
        adder_tree_2_DW01_add_12_DW01_add_141
            AND2_X1                                                                           NangateOpenCellLibrary
            FA_X1                                                                             NangateOpenCellLibrary
            XOR2_X1                                                                           NangateOpenCellLibrary
        adder_tree_2_DW01_add_13_DW01_add_142
            AND2_X1                                                                           NangateOpenCellLibrary
            FA_X1                                                                             NangateOpenCellLibrary
            XOR2_X1                                                                           NangateOpenCellLibrary
        adder_tree_2_DW01_add_14_DW01_add_143
            AND2_X1                                                                           NangateOpenCellLibrary
            FA_X1                                                                             NangateOpenCellLibrary
            XOR2_X1                                                                           NangateOpenCellLibrary
    bias_relu_0
        AND2_X1                                                                               NangateOpenCellLibrary
        INV_X1                                                                                NangateOpenCellLibrary
        NOR2_X1                                                                               NangateOpenCellLibrary
        OAI21_X1                                                                              NangateOpenCellLibrary
        XNOR2_X1                                                                              NangateOpenCellLibrary
        XOR2_X1                                                                               NangateOpenCellLibrary
        bias_relu_0_DW01_add_1
            AOI21_X1                                                                          NangateOpenCellLibrary
            FA_X1                                                                             NangateOpenCellLibrary
            INV_X1                                                                            NangateOpenCellLibrary
            OAI21_X1                                                                          NangateOpenCellLibrary
            OAI211_X1                                                                         NangateOpenCellLibrary
    bias_relu_1
        AND2_X1                                                                               NangateOpenCellLibrary
        INV_X1                                                                                NangateOpenCellLibrary
        NOR2_X1                                                                               NangateOpenCellLibrary
        OAI21_X1                                                                              NangateOpenCellLibrary
        XNOR2_X1                                                                              NangateOpenCellLibrary
        XOR2_X1                                                                               NangateOpenCellLibrary
        bias_relu_1_DW01_add_1_DW01_add_3
            AOI21_X1                                                                          NangateOpenCellLibrary
            FA_X1                                                                             NangateOpenCellLibrary
            INV_X1                                                                            NangateOpenCellLibrary
            OAI21_X1                                                                          NangateOpenCellLibrary
            OAI211_X1                                                                         NangateOpenCellLibrary
    bias_relu_2
        AND2_X1                                                                               NangateOpenCellLibrary
        BUF_X1                                                                                NangateOpenCellLibrary
        INV_X1                                                                                NangateOpenCellLibrary
        NOR2_X1                                                                               NangateOpenCellLibrary
        OAI21_X1                                                                              NangateOpenCellLibrary
        XNOR2_X1                                                                              NangateOpenCellLibrary
        XOR2_X1                                                                               NangateOpenCellLibrary
        bias_relu_2_DW01_add_1_DW01_add_5
            AOI21_X1                                                                          NangateOpenCellLibrary
            FA_X1                                                                             NangateOpenCellLibrary
            INV_X1                                                                            NangateOpenCellLibrary
            OAI21_X1                                                                          NangateOpenCellLibrary
            OAI211_X1                                                                         NangateOpenCellLibrary
    f_buffer_0
        AND2_X1                                                                               NangateOpenCellLibrary
        AND3_X1                                                                               NangateOpenCellLibrary
        AOI21_X1                                                                              NangateOpenCellLibrary
        AOI21_X2                                                                              NangateOpenCellLibrary
        AOI22_X1                                                                              NangateOpenCellLibrary
        AOI211_X1                                                                             NangateOpenCellLibrary
        BUF_X1                                                                                NangateOpenCellLibrary
        DFFR_X1                                                                               NangateOpenCellLibrary
        DLH_X1                                                                                NangateOpenCellLibrary
        HA_X1                                                                                 NangateOpenCellLibrary
        INV_X1                                                                                NangateOpenCellLibrary
        MUX2_X1                                                                               NangateOpenCellLibrary
        NAND2_X1                                                                              NangateOpenCellLibrary
        NAND3_X1                                                                              NangateOpenCellLibrary
        NAND4_X1                                                                              NangateOpenCellLibrary
        NOR2_X1                                                                               NangateOpenCellLibrary
        NOR3_X1                                                                               NangateOpenCellLibrary
        NOR4_X1                                                                               NangateOpenCellLibrary
        OAI21_X1                                                                              NangateOpenCellLibrary
        OAI22_X1                                                                              NangateOpenCellLibrary
        OAI211_X1                                                                             NangateOpenCellLibrary
        OAI221_X1                                                                             NangateOpenCellLibrary
        OAI222_X1                                                                             NangateOpenCellLibrary
        OR2_X1                                                                                NangateOpenCellLibrary
        OR3_X1                                                                                NangateOpenCellLibrary
        XNOR2_X1                                                                              NangateOpenCellLibrary
        XOR2_X1                                                                               NangateOpenCellLibrary
    f_buffer_1
        AND2_X1                                                                               NangateOpenCellLibrary
        AND3_X1                                                                               NangateOpenCellLibrary
        AOI21_X1                                                                              NangateOpenCellLibrary
        AOI21_X2                                                                              NangateOpenCellLibrary
        AOI22_X1                                                                              NangateOpenCellLibrary
        AOI211_X1                                                                             NangateOpenCellLibrary
        BUF_X1                                                                                NangateOpenCellLibrary
        DFFR_X1                                                                               NangateOpenCellLibrary
        DLH_X1                                                                                NangateOpenCellLibrary
        HA_X1                                                                                 NangateOpenCellLibrary
        INV_X1                                                                                NangateOpenCellLibrary
        MUX2_X1                                                                               NangateOpenCellLibrary
        NAND2_X1                                                                              NangateOpenCellLibrary
        NAND3_X1                                                                              NangateOpenCellLibrary
        NAND4_X1                                                                              NangateOpenCellLibrary
        NOR2_X1                                                                               NangateOpenCellLibrary
        NOR3_X1                                                                               NangateOpenCellLibrary
        NOR4_X1                                                                               NangateOpenCellLibrary
        OAI21_X1                                                                              NangateOpenCellLibrary
        OAI22_X1                                                                              NangateOpenCellLibrary
        OAI211_X1                                                                             NangateOpenCellLibrary
        OAI221_X1                                                                             NangateOpenCellLibrary
        OAI222_X1                                                                             NangateOpenCellLibrary
        OR2_X1                                                                                NangateOpenCellLibrary
        OR3_X1                                                                                NangateOpenCellLibrary
        XNOR2_X1                                                                              NangateOpenCellLibrary
        XOR2_X1                                                                               NangateOpenCellLibrary
    f_buffer_2
        AND2_X1                                                                               NangateOpenCellLibrary
        AND3_X1                                                                               NangateOpenCellLibrary
        AOI21_X1                                                                              NangateOpenCellLibrary
        AOI21_X2                                                                              NangateOpenCellLibrary
        AOI22_X1                                                                              NangateOpenCellLibrary
        AOI211_X1                                                                             NangateOpenCellLibrary
        BUF_X1                                                                                NangateOpenCellLibrary
        CLKBUF_X1                                                                             NangateOpenCellLibrary
        DFFR_X1                                                                               NangateOpenCellLibrary
        DLH_X1                                                                                NangateOpenCellLibrary
        HA_X1                                                                                 NangateOpenCellLibrary
        INV_X1                                                                                NangateOpenCellLibrary
        MUX2_X1                                                                               NangateOpenCellLibrary
        NAND2_X1                                                                              NangateOpenCellLibrary
        NAND3_X1                                                                              NangateOpenCellLibrary
        NAND4_X1                                                                              NangateOpenCellLibrary
        NOR2_X1                                                                               NangateOpenCellLibrary
        NOR3_X1                                                                               NangateOpenCellLibrary
        NOR4_X1                                                                               NangateOpenCellLibrary
        OAI21_X1                                                                              NangateOpenCellLibrary
        OAI22_X1                                                                              NangateOpenCellLibrary
        OAI211_X1                                                                             NangateOpenCellLibrary
        OAI221_X1                                                                             NangateOpenCellLibrary
        OAI222_X1                                                                             NangateOpenCellLibrary
        OR2_X1                                                                                NangateOpenCellLibrary
        OR3_X1                                                                                NangateOpenCellLibrary
        XNOR2_X1                                                                              NangateOpenCellLibrary
        XOR2_X1                                                                               NangateOpenCellLibrary
    mac_pipeline_superscalar_DATA_WIDTH8_LANE_NUM3_0
        AND2_X1                                                                               NangateOpenCellLibrary
        AND4_X1                                                                               NangateOpenCellLibrary
        AOI21_X1                                                                              NangateOpenCellLibrary
        AOI22_X1                                                                              NangateOpenCellLibrary
        AOI221_X1                                                                             NangateOpenCellLibrary
        AOI222_X1                                                                             NangateOpenCellLibrary
        BUF_X1                                                                                NangateOpenCellLibrary
        CLKBUF_X1                                                                             NangateOpenCellLibrary
        DFFR_X1                                                                               NangateOpenCellLibrary
        DLH_X1                                                                                NangateOpenCellLibrary
        INV_X1                                                                                NangateOpenCellLibrary
        NAND2_X1                                                                              NangateOpenCellLibrary
        NAND3_X1                                                                              NangateOpenCellLibrary
        NAND4_X1                                                                              NangateOpenCellLibrary
        NOR2_X1                                                                               NangateOpenCellLibrary
        NOR3_X1                                                                               NangateOpenCellLibrary
        OAI21_X1                                                                              NangateOpenCellLibrary
        OAI22_X1                                                                              NangateOpenCellLibrary
        OAI222_X1                                                                             NangateOpenCellLibrary
        OR2_X1                                                                                NangateOpenCellLibrary
        mac_pipeline_superscalar_DATA_WIDTH8_LANE_NUM3_0_DW01_add_0_DW01_add_6
            AND2_X1                                                                           NangateOpenCellLibrary
            FA_X1                                                                             NangateOpenCellLibrary
            XOR2_X1                                                                           NangateOpenCellLibrary
        mac_pipeline_superscalar_DATA_WIDTH8_LANE_NUM3_0_DW01_add_1_DW01_add_7
            AND2_X1                                                                           NangateOpenCellLibrary
            FA_X1                                                                             NangateOpenCellLibrary
            XOR2_X1                                                                           NangateOpenCellLibrary
        mac_pipeline_superscalar_DATA_WIDTH8_LANE_NUM3_0_DW01_add_2_DW01_add_8
            AND2_X1                                                                           NangateOpenCellLibrary
            FA_X1                                                                             NangateOpenCellLibrary
            XOR2_X1                                                                           NangateOpenCellLibrary
        mac_pipeline_superscalar_DATA_WIDTH8_LANE_NUM3_0_DW01_add_3_DW01_add_9
            AND2_X1                                                                           NangateOpenCellLibrary
            FA_X1                                                                             NangateOpenCellLibrary
            XOR2_X1                                                                           NangateOpenCellLibrary
        mac_pipeline_superscalar_DATA_WIDTH8_LANE_NUM3_0_DW01_add_4_DW01_add_10
            AND2_X1                                                                           NangateOpenCellLibrary
            FA_X1                                                                             NangateOpenCellLibrary
            XOR2_X1                                                                           NangateOpenCellLibrary
        mac_pipeline_superscalar_DATA_WIDTH8_LANE_NUM3_0_DW01_add_5_DW01_add_11
            AND2_X1                                                                           NangateOpenCellLibrary
            FA_X1                                                                             NangateOpenCellLibrary
            XOR2_X1                                                                           NangateOpenCellLibrary
        mac_pipeline_superscalar_DATA_WIDTH8_LANE_NUM3_0_DW02_mult_0_DW02_mult_45
            AND2_X1                                                                           NangateOpenCellLibrary
            FA_X1                                                                             NangateOpenCellLibrary
            INV_X1                                                                            NangateOpenCellLibrary
            NOR2_X1                                                                           NangateOpenCellLibrary
            XOR2_X1                                                                           NangateOpenCellLibrary
            mac_pipeline_superscalar_DATA_WIDTH8_LANE_NUM3_0_DW01_add_6_DW01_add_192
                AND2_X1                                                                       NangateOpenCellLibrary
                AOI21_X1                                                                      NangateOpenCellLibrary
                INV_X1                                                                        NangateOpenCellLibrary
                NAND2_X1                                                                      NangateOpenCellLibrary
                NOR2_X1                                                                       NangateOpenCellLibrary
                OAI21_X1                                                                      NangateOpenCellLibrary
                XNOR2_X1                                                                      NangateOpenCellLibrary
                XOR2_X1                                                                       NangateOpenCellLibrary
        mac_pipeline_superscalar_DATA_WIDTH8_LANE_NUM3_0_DW02_mult_1_DW02_mult_46
            AND2_X1                                                                           NangateOpenCellLibrary
            FA_X1                                                                             NangateOpenCellLibrary
            INV_X1                                                                            NangateOpenCellLibrary
            NOR2_X1                                                                           NangateOpenCellLibrary
            XOR2_X1                                                                           NangateOpenCellLibrary
            mac_pipeline_superscalar_DATA_WIDTH8_LANE_NUM3_0_DW01_add_7_DW01_add_193
                AND2_X1                                                                       NangateOpenCellLibrary
                AOI21_X1                                                                      NangateOpenCellLibrary
                INV_X1                                                                        NangateOpenCellLibrary
                NAND2_X1                                                                      NangateOpenCellLibrary
                NOR2_X1                                                                       NangateOpenCellLibrary
                OAI21_X1                                                                      NangateOpenCellLibrary
                XNOR2_X1                                                                      NangateOpenCellLibrary
                XOR2_X1                                                                       NangateOpenCellLibrary
        mac_pipeline_superscalar_DATA_WIDTH8_LANE_NUM3_0_DW02_mult_2_DW02_mult_47
            AND2_X1                                                                           NangateOpenCellLibrary
            FA_X1                                                                             NangateOpenCellLibrary
            INV_X1                                                                            NangateOpenCellLibrary
            NOR2_X1                                                                           NangateOpenCellLibrary
            XOR2_X1                                                                           NangateOpenCellLibrary
            mac_pipeline_superscalar_DATA_WIDTH8_LANE_NUM3_0_DW01_add_8_DW01_add_194
                AND2_X1                                                                       NangateOpenCellLibrary
                AOI21_X1                                                                      NangateOpenCellLibrary
                INV_X1                                                                        NangateOpenCellLibrary
                NAND2_X1                                                                      NangateOpenCellLibrary
                NOR2_X1                                                                       NangateOpenCellLibrary
                OAI21_X1                                                                      NangateOpenCellLibrary
                XNOR2_X1                                                                      NangateOpenCellLibrary
                XOR2_X1                                                                       NangateOpenCellLibrary
    mac_pipeline_superscalar_DATA_WIDTH8_LANE_NUM3_1
        AND2_X1                                                                               NangateOpenCellLibrary
        AND4_X1                                                                               NangateOpenCellLibrary
        AOI21_X1                                                                              NangateOpenCellLibrary
        AOI22_X1                                                                              NangateOpenCellLibrary
        AOI221_X1                                                                             NangateOpenCellLibrary
        AOI222_X1                                                                             NangateOpenCellLibrary
        BUF_X1                                                                                NangateOpenCellLibrary
        CLKBUF_X1                                                                             NangateOpenCellLibrary
        DFFR_X1                                                                               NangateOpenCellLibrary
        DLH_X1                                                                                NangateOpenCellLibrary
        INV_X1                                                                                NangateOpenCellLibrary
        NAND2_X1                                                                              NangateOpenCellLibrary
        NAND3_X1                                                                              NangateOpenCellLibrary
        NAND4_X1                                                                              NangateOpenCellLibrary
        NOR2_X1                                                                               NangateOpenCellLibrary
        NOR3_X1                                                                               NangateOpenCellLibrary
        OAI21_X1                                                                              NangateOpenCellLibrary
        OAI22_X1                                                                              NangateOpenCellLibrary
        OAI222_X1                                                                             NangateOpenCellLibrary
        OR2_X1                                                                                NangateOpenCellLibrary
        mac_pipeline_superscalar_DATA_WIDTH8_LANE_NUM3_1_DW01_add_0_DW01_add_12
            AND2_X1                                                                           NangateOpenCellLibrary
            FA_X1                                                                             NangateOpenCellLibrary
            XOR2_X1                                                                           NangateOpenCellLibrary
        mac_pipeline_superscalar_DATA_WIDTH8_LANE_NUM3_1_DW01_add_1_DW01_add_13
            AND2_X1                                                                           NangateOpenCellLibrary
            FA_X1                                                                             NangateOpenCellLibrary
            XOR2_X1                                                                           NangateOpenCellLibrary
        mac_pipeline_superscalar_DATA_WIDTH8_LANE_NUM3_1_DW01_add_2_DW01_add_14
            AND2_X1                                                                           NangateOpenCellLibrary
            FA_X1                                                                             NangateOpenCellLibrary
            XOR2_X1                                                                           NangateOpenCellLibrary
        mac_pipeline_superscalar_DATA_WIDTH8_LANE_NUM3_1_DW01_add_3_DW01_add_15
            AND2_X1                                                                           NangateOpenCellLibrary
            FA_X1                                                                             NangateOpenCellLibrary
            XOR2_X1                                                                           NangateOpenCellLibrary
        mac_pipeline_superscalar_DATA_WIDTH8_LANE_NUM3_1_DW01_add_4_DW01_add_16
            AND2_X1                                                                           NangateOpenCellLibrary
            FA_X1                                                                             NangateOpenCellLibrary
            XOR2_X1                                                                           NangateOpenCellLibrary
        mac_pipeline_superscalar_DATA_WIDTH8_LANE_NUM3_1_DW01_add_5_DW01_add_17
            AND2_X1                                                                           NangateOpenCellLibrary
            FA_X1                                                                             NangateOpenCellLibrary
            XOR2_X1                                                                           NangateOpenCellLibrary
        mac_pipeline_superscalar_DATA_WIDTH8_LANE_NUM3_1_DW02_mult_0_DW02_mult_42
            AND2_X1                                                                           NangateOpenCellLibrary
            FA_X1                                                                             NangateOpenCellLibrary
            INV_X1                                                                            NangateOpenCellLibrary
            NOR2_X1                                                                           NangateOpenCellLibrary
            XOR2_X1                                                                           NangateOpenCellLibrary
            mac_pipeline_superscalar_DATA_WIDTH8_LANE_NUM3_1_DW01_add_6_DW01_add_189
                AND2_X1                                                                       NangateOpenCellLibrary
                AOI21_X1                                                                      NangateOpenCellLibrary
                INV_X1                                                                        NangateOpenCellLibrary
                NAND2_X1                                                                      NangateOpenCellLibrary
                NOR2_X1                                                                       NangateOpenCellLibrary
                OAI21_X1                                                                      NangateOpenCellLibrary
                XNOR2_X1                                                                      NangateOpenCellLibrary
                XOR2_X1                                                                       NangateOpenCellLibrary
        mac_pipeline_superscalar_DATA_WIDTH8_LANE_NUM3_1_DW02_mult_1_DW02_mult_43
            AND2_X1                                                                           NangateOpenCellLibrary
            FA_X1                                                                             NangateOpenCellLibrary
            INV_X1                                                                            NangateOpenCellLibrary
            NOR2_X1                                                                           NangateOpenCellLibrary
            XOR2_X1                                                                           NangateOpenCellLibrary
            mac_pipeline_superscalar_DATA_WIDTH8_LANE_NUM3_1_DW01_add_7_DW01_add_190
                AND2_X1                                                                       NangateOpenCellLibrary
                AOI21_X1                                                                      NangateOpenCellLibrary
                INV_X1                                                                        NangateOpenCellLibrary
                NAND2_X1                                                                      NangateOpenCellLibrary
                NOR2_X1                                                                       NangateOpenCellLibrary
                OAI21_X1                                                                      NangateOpenCellLibrary
                XNOR2_X1                                                                      NangateOpenCellLibrary
                XOR2_X1                                                                       NangateOpenCellLibrary
        mac_pipeline_superscalar_DATA_WIDTH8_LANE_NUM3_1_DW02_mult_2_DW02_mult_44
            AND2_X1                                                                           NangateOpenCellLibrary
            FA_X1                                                                             NangateOpenCellLibrary
            INV_X1                                                                            NangateOpenCellLibrary
            NOR2_X1                                                                           NangateOpenCellLibrary
            XOR2_X1                                                                           NangateOpenCellLibrary
            mac_pipeline_superscalar_DATA_WIDTH8_LANE_NUM3_1_DW01_add_8_DW01_add_191
                AND2_X1                                                                       NangateOpenCellLibrary
                AOI21_X1                                                                      NangateOpenCellLibrary
                INV_X1                                                                        NangateOpenCellLibrary
                NAND2_X1                                                                      NangateOpenCellLibrary
                NOR2_X1                                                                       NangateOpenCellLibrary
                OAI21_X1                                                                      NangateOpenCellLibrary
                XNOR2_X1                                                                      NangateOpenCellLibrary
                XOR2_X1                                                                       NangateOpenCellLibrary
    mac_pipeline_superscalar_DATA_WIDTH8_LANE_NUM3_2
        AND2_X1                                                                               NangateOpenCellLibrary
        AND4_X1                                                                               NangateOpenCellLibrary
        AOI21_X1                                                                              NangateOpenCellLibrary
        AOI22_X1                                                                              NangateOpenCellLibrary
        AOI221_X1                                                                             NangateOpenCellLibrary
        AOI222_X1                                                                             NangateOpenCellLibrary
        BUF_X1                                                                                NangateOpenCellLibrary
        CLKBUF_X1                                                                             NangateOpenCellLibrary
        DFFR_X1                                                                               NangateOpenCellLibrary
        DLH_X1                                                                                NangateOpenCellLibrary
        INV_X1                                                                                NangateOpenCellLibrary
        NAND2_X1                                                                              NangateOpenCellLibrary
        NAND3_X1                                                                              NangateOpenCellLibrary
        NAND4_X1                                                                              NangateOpenCellLibrary
        NOR2_X1                                                                               NangateOpenCellLibrary
        NOR3_X1                                                                               NangateOpenCellLibrary
        OAI21_X1                                                                              NangateOpenCellLibrary
        OAI22_X1                                                                              NangateOpenCellLibrary
        OAI222_X1                                                                             NangateOpenCellLibrary
        OR2_X1                                                                                NangateOpenCellLibrary
        mac_pipeline_superscalar_DATA_WIDTH8_LANE_NUM3_2_DW01_add_0_DW01_add_18
            AND2_X1                                                                           NangateOpenCellLibrary
            FA_X1                                                                             NangateOpenCellLibrary
            XOR2_X1                                                                           NangateOpenCellLibrary
        mac_pipeline_superscalar_DATA_WIDTH8_LANE_NUM3_2_DW01_add_1_DW01_add_19
            AND2_X1                                                                           NangateOpenCellLibrary
            FA_X1                                                                             NangateOpenCellLibrary
            XOR2_X1                                                                           NangateOpenCellLibrary
        mac_pipeline_superscalar_DATA_WIDTH8_LANE_NUM3_2_DW01_add_2_DW01_add_20
            AND2_X1                                                                           NangateOpenCellLibrary
            FA_X1                                                                             NangateOpenCellLibrary
            XOR2_X1                                                                           NangateOpenCellLibrary
        mac_pipeline_superscalar_DATA_WIDTH8_LANE_NUM3_2_DW01_add_3_DW01_add_21
            AND2_X1                                                                           NangateOpenCellLibrary
            FA_X1                                                                             NangateOpenCellLibrary
            XOR2_X1                                                                           NangateOpenCellLibrary
        mac_pipeline_superscalar_DATA_WIDTH8_LANE_NUM3_2_DW01_add_4_DW01_add_22
            AND2_X1                                                                           NangateOpenCellLibrary
            FA_X1                                                                             NangateOpenCellLibrary
            XOR2_X1                                                                           NangateOpenCellLibrary
        mac_pipeline_superscalar_DATA_WIDTH8_LANE_NUM3_2_DW01_add_5_DW01_add_23
            AND2_X1                                                                           NangateOpenCellLibrary
            FA_X1                                                                             NangateOpenCellLibrary
            XOR2_X1                                                                           NangateOpenCellLibrary
        mac_pipeline_superscalar_DATA_WIDTH8_LANE_NUM3_2_DW02_mult_0_DW02_mult_39
            AND2_X1                                                                           NangateOpenCellLibrary
            FA_X1                                                                             NangateOpenCellLibrary
            INV_X1                                                                            NangateOpenCellLibrary
            NOR2_X1                                                                           NangateOpenCellLibrary
            XOR2_X1                                                                           NangateOpenCellLibrary
            mac_pipeline_superscalar_DATA_WIDTH8_LANE_NUM3_2_DW01_add_6_DW01_add_186
                AND2_X1                                                                       NangateOpenCellLibrary
                AOI21_X1                                                                      NangateOpenCellLibrary
                INV_X1                                                                        NangateOpenCellLibrary
                NAND2_X1                                                                      NangateOpenCellLibrary
                NOR2_X1                                                                       NangateOpenCellLibrary
                OAI21_X1                                                                      NangateOpenCellLibrary
                XNOR2_X1                                                                      NangateOpenCellLibrary
                XOR2_X1                                                                       NangateOpenCellLibrary
        mac_pipeline_superscalar_DATA_WIDTH8_LANE_NUM3_2_DW02_mult_1_DW02_mult_40
            AND2_X1                                                                           NangateOpenCellLibrary
            FA_X1                                                                             NangateOpenCellLibrary
            INV_X1                                                                            NangateOpenCellLibrary
            NOR2_X1                                                                           NangateOpenCellLibrary
            XOR2_X1                                                                           NangateOpenCellLibrary
            mac_pipeline_superscalar_DATA_WIDTH8_LANE_NUM3_2_DW01_add_7_DW01_add_187
                AND2_X1                                                                       NangateOpenCellLibrary
                AOI21_X1                                                                      NangateOpenCellLibrary
                INV_X1                                                                        NangateOpenCellLibrary
                NAND2_X1                                                                      NangateOpenCellLibrary
                NOR2_X1                                                                       NangateOpenCellLibrary
                OAI21_X1                                                                      NangateOpenCellLibrary
                XNOR2_X1                                                                      NangateOpenCellLibrary
                XOR2_X1                                                                       NangateOpenCellLibrary
        mac_pipeline_superscalar_DATA_WIDTH8_LANE_NUM3_2_DW02_mult_2_DW02_mult_41
            AND2_X1                                                                           NangateOpenCellLibrary
            FA_X1                                                                             NangateOpenCellLibrary
            INV_X1                                                                            NangateOpenCellLibrary
            NOR2_X1                                                                           NangateOpenCellLibrary
            XOR2_X1                                                                           NangateOpenCellLibrary
            mac_pipeline_superscalar_DATA_WIDTH8_LANE_NUM3_2_DW01_add_8_DW01_add_188
                AND2_X1                                                                       NangateOpenCellLibrary
                AOI21_X1                                                                      NangateOpenCellLibrary
                INV_X1                                                                        NangateOpenCellLibrary
                NAND2_X1                                                                      NangateOpenCellLibrary
                NOR2_X1                                                                       NangateOpenCellLibrary
                OAI21_X1                                                                      NangateOpenCellLibrary
                XNOR2_X1                                                                      NangateOpenCellLibrary
                XOR2_X1                                                                       NangateOpenCellLibrary
    mac_pipeline_superscalar_DATA_WIDTH8_LANE_NUM3_3
        AND2_X1                                                                               NangateOpenCellLibrary
        AND4_X1                                                                               NangateOpenCellLibrary
        AOI21_X1                                                                              NangateOpenCellLibrary
        AOI22_X1                                                                              NangateOpenCellLibrary
        AOI221_X1                                                                             NangateOpenCellLibrary
        AOI222_X1                                                                             NangateOpenCellLibrary
        BUF_X1                                                                                NangateOpenCellLibrary
        CLKBUF_X1                                                                             NangateOpenCellLibrary
        DFFR_X1                                                                               NangateOpenCellLibrary
        DLH_X1                                                                                NangateOpenCellLibrary
        INV_X1                                                                                NangateOpenCellLibrary
        NAND2_X1                                                                              NangateOpenCellLibrary
        NAND3_X1                                                                              NangateOpenCellLibrary
        NAND4_X1                                                                              NangateOpenCellLibrary
        NOR2_X1                                                                               NangateOpenCellLibrary
        NOR3_X1                                                                               NangateOpenCellLibrary
        OAI21_X1                                                                              NangateOpenCellLibrary
        OAI22_X1                                                                              NangateOpenCellLibrary
        OAI222_X1                                                                             NangateOpenCellLibrary
        OR2_X1                                                                                NangateOpenCellLibrary
        mac_pipeline_superscalar_DATA_WIDTH8_LANE_NUM3_3_DW01_add_0_DW01_add_24
            AND2_X1                                                                           NangateOpenCellLibrary
            FA_X1                                                                             NangateOpenCellLibrary
            XOR2_X1                                                                           NangateOpenCellLibrary
        mac_pipeline_superscalar_DATA_WIDTH8_LANE_NUM3_3_DW01_add_1_DW01_add_25
            AND2_X1                                                                           NangateOpenCellLibrary
            FA_X1                                                                             NangateOpenCellLibrary
            XOR2_X1                                                                           NangateOpenCellLibrary
        mac_pipeline_superscalar_DATA_WIDTH8_LANE_NUM3_3_DW01_add_2_DW01_add_26
            AND2_X1                                                                           NangateOpenCellLibrary
            FA_X1                                                                             NangateOpenCellLibrary
            XOR2_X1                                                                           NangateOpenCellLibrary
        mac_pipeline_superscalar_DATA_WIDTH8_LANE_NUM3_3_DW01_add_3_DW01_add_27
            AND2_X1                                                                           NangateOpenCellLibrary
            FA_X1                                                                             NangateOpenCellLibrary
            XOR2_X1                                                                           NangateOpenCellLibrary
        mac_pipeline_superscalar_DATA_WIDTH8_LANE_NUM3_3_DW01_add_4_DW01_add_28
            AND2_X1                                                                           NangateOpenCellLibrary
            FA_X1                                                                             NangateOpenCellLibrary
            XOR2_X1                                                                           NangateOpenCellLibrary
        mac_pipeline_superscalar_DATA_WIDTH8_LANE_NUM3_3_DW01_add_5_DW01_add_29
            AND2_X1                                                                           NangateOpenCellLibrary
            FA_X1                                                                             NangateOpenCellLibrary
            XOR2_X1                                                                           NangateOpenCellLibrary
        mac_pipeline_superscalar_DATA_WIDTH8_LANE_NUM3_3_DW02_mult_0_DW02_mult_36
            AND2_X1                                                                           NangateOpenCellLibrary
            FA_X1                                                                             NangateOpenCellLibrary
            INV_X1                                                                            NangateOpenCellLibrary
            NOR2_X1                                                                           NangateOpenCellLibrary
            XOR2_X1                                                                           NangateOpenCellLibrary
            mac_pipeline_superscalar_DATA_WIDTH8_LANE_NUM3_3_DW01_add_6_DW01_add_183
                AND2_X1                                                                       NangateOpenCellLibrary
                AOI21_X1                                                                      NangateOpenCellLibrary
                INV_X1                                                                        NangateOpenCellLibrary
                NAND2_X1                                                                      NangateOpenCellLibrary
                NOR2_X1                                                                       NangateOpenCellLibrary
                OAI21_X1                                                                      NangateOpenCellLibrary
                XNOR2_X1                                                                      NangateOpenCellLibrary
                XOR2_X1                                                                       NangateOpenCellLibrary
        mac_pipeline_superscalar_DATA_WIDTH8_LANE_NUM3_3_DW02_mult_1_DW02_mult_37
            AND2_X1                                                                           NangateOpenCellLibrary
            FA_X1                                                                             NangateOpenCellLibrary
            INV_X1                                                                            NangateOpenCellLibrary
            NOR2_X1                                                                           NangateOpenCellLibrary
            XOR2_X1                                                                           NangateOpenCellLibrary
            mac_pipeline_superscalar_DATA_WIDTH8_LANE_NUM3_3_DW01_add_7_DW01_add_184
                AND2_X1                                                                       NangateOpenCellLibrary
                AOI21_X1                                                                      NangateOpenCellLibrary
                INV_X1                                                                        NangateOpenCellLibrary
                NAND2_X1                                                                      NangateOpenCellLibrary
                NOR2_X1                                                                       NangateOpenCellLibrary
                OAI21_X1                                                                      NangateOpenCellLibrary
                XNOR2_X1                                                                      NangateOpenCellLibrary
                XOR2_X1                                                                       NangateOpenCellLibrary
        mac_pipeline_superscalar_DATA_WIDTH8_LANE_NUM3_3_DW02_mult_2_DW02_mult_38
            AND2_X1                                                                           NangateOpenCellLibrary
            FA_X1                                                                             NangateOpenCellLibrary
            INV_X1                                                                            NangateOpenCellLibrary
            NOR2_X1                                                                           NangateOpenCellLibrary
            XOR2_X1                                                                           NangateOpenCellLibrary
            mac_pipeline_superscalar_DATA_WIDTH8_LANE_NUM3_3_DW01_add_8_DW01_add_185
                AND2_X1                                                                       NangateOpenCellLibrary
                AOI21_X1                                                                      NangateOpenCellLibrary
                INV_X1                                                                        NangateOpenCellLibrary
                NAND2_X1                                                                      NangateOpenCellLibrary
                NOR2_X1                                                                       NangateOpenCellLibrary
                OAI21_X1                                                                      NangateOpenCellLibrary
                XNOR2_X1                                                                      NangateOpenCellLibrary
                XOR2_X1                                                                       NangateOpenCellLibrary
    mac_pipeline_superscalar_DATA_WIDTH8_LANE_NUM3_4
        AND2_X1                                                                               NangateOpenCellLibrary
        AND4_X1                                                                               NangateOpenCellLibrary
        AOI21_X1                                                                              NangateOpenCellLibrary
        AOI22_X1                                                                              NangateOpenCellLibrary
        AOI221_X1                                                                             NangateOpenCellLibrary
        AOI222_X1                                                                             NangateOpenCellLibrary
        BUF_X1                                                                                NangateOpenCellLibrary
        CLKBUF_X1                                                                             NangateOpenCellLibrary
        DFFR_X1                                                                               NangateOpenCellLibrary
        DLH_X1                                                                                NangateOpenCellLibrary
        INV_X1                                                                                NangateOpenCellLibrary
        NAND2_X1                                                                              NangateOpenCellLibrary
        NAND3_X1                                                                              NangateOpenCellLibrary
        NAND4_X1                                                                              NangateOpenCellLibrary
        NOR2_X1                                                                               NangateOpenCellLibrary
        NOR3_X1                                                                               NangateOpenCellLibrary
        OAI21_X1                                                                              NangateOpenCellLibrary
        OAI22_X1                                                                              NangateOpenCellLibrary
        OAI222_X1                                                                             NangateOpenCellLibrary
        OR2_X1                                                                                NangateOpenCellLibrary
        mac_pipeline_superscalar_DATA_WIDTH8_LANE_NUM3_4_DW01_add_0_DW01_add_30
            AND2_X1                                                                           NangateOpenCellLibrary
            FA_X1                                                                             NangateOpenCellLibrary
            XOR2_X1                                                                           NangateOpenCellLibrary
        mac_pipeline_superscalar_DATA_WIDTH8_LANE_NUM3_4_DW01_add_1_DW01_add_31
            AND2_X1                                                                           NangateOpenCellLibrary
            FA_X1                                                                             NangateOpenCellLibrary
            XOR2_X1                                                                           NangateOpenCellLibrary
        mac_pipeline_superscalar_DATA_WIDTH8_LANE_NUM3_4_DW01_add_2_DW01_add_32
            AND2_X1                                                                           NangateOpenCellLibrary
            FA_X1                                                                             NangateOpenCellLibrary
            XOR2_X1                                                                           NangateOpenCellLibrary
        mac_pipeline_superscalar_DATA_WIDTH8_LANE_NUM3_4_DW01_add_3_DW01_add_33
            AND2_X1                                                                           NangateOpenCellLibrary
            FA_X1                                                                             NangateOpenCellLibrary
            XOR2_X1                                                                           NangateOpenCellLibrary
        mac_pipeline_superscalar_DATA_WIDTH8_LANE_NUM3_4_DW01_add_4_DW01_add_34
            AND2_X1                                                                           NangateOpenCellLibrary
            FA_X1                                                                             NangateOpenCellLibrary
            XOR2_X1                                                                           NangateOpenCellLibrary
        mac_pipeline_superscalar_DATA_WIDTH8_LANE_NUM3_4_DW01_add_5_DW01_add_35
            AND2_X1                                                                           NangateOpenCellLibrary
            FA_X1                                                                             NangateOpenCellLibrary
            XOR2_X1                                                                           NangateOpenCellLibrary
        mac_pipeline_superscalar_DATA_WIDTH8_LANE_NUM3_4_DW02_mult_0_DW02_mult_33
            AND2_X1                                                                           NangateOpenCellLibrary
            FA_X1                                                                             NangateOpenCellLibrary
            INV_X1                                                                            NangateOpenCellLibrary
            NOR2_X1                                                                           NangateOpenCellLibrary
            XOR2_X1                                                                           NangateOpenCellLibrary
            mac_pipeline_superscalar_DATA_WIDTH8_LANE_NUM3_4_DW01_add_6_DW01_add_180
                AND2_X1                                                                       NangateOpenCellLibrary
                AOI21_X1                                                                      NangateOpenCellLibrary
                INV_X1                                                                        NangateOpenCellLibrary
                NAND2_X1                                                                      NangateOpenCellLibrary
                NOR2_X1                                                                       NangateOpenCellLibrary
                OAI21_X1                                                                      NangateOpenCellLibrary
                XNOR2_X1                                                                      NangateOpenCellLibrary
                XOR2_X1                                                                       NangateOpenCellLibrary
        mac_pipeline_superscalar_DATA_WIDTH8_LANE_NUM3_4_DW02_mult_1_DW02_mult_34
            AND2_X1                                                                           NangateOpenCellLibrary
            FA_X1                                                                             NangateOpenCellLibrary
            INV_X1                                                                            NangateOpenCellLibrary
            NOR2_X1                                                                           NangateOpenCellLibrary
            XOR2_X1                                                                           NangateOpenCellLibrary
            mac_pipeline_superscalar_DATA_WIDTH8_LANE_NUM3_4_DW01_add_7_DW01_add_181
                AND2_X1                                                                       NangateOpenCellLibrary
                AOI21_X1                                                                      NangateOpenCellLibrary
                INV_X1                                                                        NangateOpenCellLibrary
                NAND2_X1                                                                      NangateOpenCellLibrary
                NOR2_X1                                                                       NangateOpenCellLibrary
                OAI21_X1                                                                      NangateOpenCellLibrary
                XNOR2_X1                                                                      NangateOpenCellLibrary
                XOR2_X1                                                                       NangateOpenCellLibrary
        mac_pipeline_superscalar_DATA_WIDTH8_LANE_NUM3_4_DW02_mult_2_DW02_mult_35
            AND2_X1                                                                           NangateOpenCellLibrary
            FA_X1                                                                             NangateOpenCellLibrary
            INV_X1                                                                            NangateOpenCellLibrary
            NOR2_X1                                                                           NangateOpenCellLibrary
            XOR2_X1                                                                           NangateOpenCellLibrary
            mac_pipeline_superscalar_DATA_WIDTH8_LANE_NUM3_4_DW01_add_8_DW01_add_182
                AND2_X1                                                                       NangateOpenCellLibrary
                AOI21_X1                                                                      NangateOpenCellLibrary
                INV_X1                                                                        NangateOpenCellLibrary
                NAND2_X1                                                                      NangateOpenCellLibrary
                NOR2_X1                                                                       NangateOpenCellLibrary
                OAI21_X1                                                                      NangateOpenCellLibrary
                XNOR2_X1                                                                      NangateOpenCellLibrary
                XOR2_X1                                                                       NangateOpenCellLibrary
    mac_pipeline_superscalar_DATA_WIDTH8_LANE_NUM3_5
        AND2_X1                                                                               NangateOpenCellLibrary
        AND4_X1                                                                               NangateOpenCellLibrary
        AOI21_X1                                                                              NangateOpenCellLibrary
        AOI22_X1                                                                              NangateOpenCellLibrary
        AOI221_X1                                                                             NangateOpenCellLibrary
        AOI222_X1                                                                             NangateOpenCellLibrary
        BUF_X1                                                                                NangateOpenCellLibrary
        CLKBUF_X1                                                                             NangateOpenCellLibrary
        DFFR_X1                                                                               NangateOpenCellLibrary
        DLH_X1                                                                                NangateOpenCellLibrary
        INV_X1                                                                                NangateOpenCellLibrary
        NAND2_X1                                                                              NangateOpenCellLibrary
        NAND3_X1                                                                              NangateOpenCellLibrary
        NAND4_X1                                                                              NangateOpenCellLibrary
        NOR2_X1                                                                               NangateOpenCellLibrary
        NOR3_X1                                                                               NangateOpenCellLibrary
        OAI21_X1                                                                              NangateOpenCellLibrary
        OAI22_X1                                                                              NangateOpenCellLibrary
        OAI222_X1                                                                             NangateOpenCellLibrary
        OR2_X1                                                                                NangateOpenCellLibrary
        mac_pipeline_superscalar_DATA_WIDTH8_LANE_NUM3_5_DW01_add_0_DW01_add_36
            AND2_X1                                                                           NangateOpenCellLibrary
            FA_X1                                                                             NangateOpenCellLibrary
            XOR2_X1                                                                           NangateOpenCellLibrary
        mac_pipeline_superscalar_DATA_WIDTH8_LANE_NUM3_5_DW01_add_1_DW01_add_37
            AND2_X1                                                                           NangateOpenCellLibrary
            FA_X1                                                                             NangateOpenCellLibrary
            XOR2_X1                                                                           NangateOpenCellLibrary
        mac_pipeline_superscalar_DATA_WIDTH8_LANE_NUM3_5_DW01_add_2_DW01_add_38
            AND2_X1                                                                           NangateOpenCellLibrary
            FA_X1                                                                             NangateOpenCellLibrary
            XOR2_X1                                                                           NangateOpenCellLibrary
        mac_pipeline_superscalar_DATA_WIDTH8_LANE_NUM3_5_DW01_add_3_DW01_add_39
            AND2_X1                                                                           NangateOpenCellLibrary
            FA_X1                                                                             NangateOpenCellLibrary
            XOR2_X1                                                                           NangateOpenCellLibrary
        mac_pipeline_superscalar_DATA_WIDTH8_LANE_NUM3_5_DW01_add_4_DW01_add_40
            AND2_X1                                                                           NangateOpenCellLibrary
            FA_X1                                                                             NangateOpenCellLibrary
            XOR2_X1                                                                           NangateOpenCellLibrary
        mac_pipeline_superscalar_DATA_WIDTH8_LANE_NUM3_5_DW01_add_5_DW01_add_41
            AND2_X1                                                                           NangateOpenCellLibrary
            FA_X1                                                                             NangateOpenCellLibrary
            XOR2_X1                                                                           NangateOpenCellLibrary
        mac_pipeline_superscalar_DATA_WIDTH8_LANE_NUM3_5_DW02_mult_0_DW02_mult_30
            AND2_X1                                                                           NangateOpenCellLibrary
            FA_X1                                                                             NangateOpenCellLibrary
            INV_X1                                                                            NangateOpenCellLibrary
            NOR2_X1                                                                           NangateOpenCellLibrary
            XOR2_X1                                                                           NangateOpenCellLibrary
            mac_pipeline_superscalar_DATA_WIDTH8_LANE_NUM3_5_DW01_add_6_DW01_add_177
                AND2_X1                                                                       NangateOpenCellLibrary
                AOI21_X1                                                                      NangateOpenCellLibrary
                INV_X1                                                                        NangateOpenCellLibrary
                NAND2_X1                                                                      NangateOpenCellLibrary
                NOR2_X1                                                                       NangateOpenCellLibrary
                OAI21_X1                                                                      NangateOpenCellLibrary
                XNOR2_X1                                                                      NangateOpenCellLibrary
                XOR2_X1                                                                       NangateOpenCellLibrary
        mac_pipeline_superscalar_DATA_WIDTH8_LANE_NUM3_5_DW02_mult_1_DW02_mult_31
            AND2_X1                                                                           NangateOpenCellLibrary
            FA_X1                                                                             NangateOpenCellLibrary
            INV_X1                                                                            NangateOpenCellLibrary
            NOR2_X1                                                                           NangateOpenCellLibrary
            XOR2_X1                                                                           NangateOpenCellLibrary
            mac_pipeline_superscalar_DATA_WIDTH8_LANE_NUM3_5_DW01_add_7_DW01_add_178
                AND2_X1                                                                       NangateOpenCellLibrary
                AOI21_X1                                                                      NangateOpenCellLibrary
                INV_X1                                                                        NangateOpenCellLibrary
                NAND2_X1                                                                      NangateOpenCellLibrary
                NOR2_X1                                                                       NangateOpenCellLibrary
                OAI21_X1                                                                      NangateOpenCellLibrary
                XNOR2_X1                                                                      NangateOpenCellLibrary
                XOR2_X1                                                                       NangateOpenCellLibrary
        mac_pipeline_superscalar_DATA_WIDTH8_LANE_NUM3_5_DW02_mult_2_DW02_mult_32
            AND2_X1                                                                           NangateOpenCellLibrary
            FA_X1                                                                             NangateOpenCellLibrary
            INV_X1                                                                            NangateOpenCellLibrary
            NOR2_X1                                                                           NangateOpenCellLibrary
            XOR2_X1                                                                           NangateOpenCellLibrary
            mac_pipeline_superscalar_DATA_WIDTH8_LANE_NUM3_5_DW01_add_8_DW01_add_179
                AND2_X1                                                                       NangateOpenCellLibrary
                AOI21_X1                                                                      NangateOpenCellLibrary
                INV_X1                                                                        NangateOpenCellLibrary
                NAND2_X1                                                                      NangateOpenCellLibrary
                NOR2_X1                                                                       NangateOpenCellLibrary
                OAI21_X1                                                                      NangateOpenCellLibrary
                XNOR2_X1                                                                      NangateOpenCellLibrary
                XOR2_X1                                                                       NangateOpenCellLibrary
    mac_pipeline_superscalar_DATA_WIDTH8_LANE_NUM3_6
        AND2_X1                                                                               NangateOpenCellLibrary
        AND4_X1                                                                               NangateOpenCellLibrary
        AOI21_X1                                                                              NangateOpenCellLibrary
        AOI22_X1                                                                              NangateOpenCellLibrary
        AOI221_X1                                                                             NangateOpenCellLibrary
        AOI222_X1                                                                             NangateOpenCellLibrary
        BUF_X1                                                                                NangateOpenCellLibrary
        BUF_X2                                                                                NangateOpenCellLibrary
        CLKBUF_X1                                                                             NangateOpenCellLibrary
        DFFR_X1                                                                               NangateOpenCellLibrary
        DLH_X1                                                                                NangateOpenCellLibrary
        INV_X1                                                                                NangateOpenCellLibrary
        NAND2_X1                                                                              NangateOpenCellLibrary
        NAND3_X1                                                                              NangateOpenCellLibrary
        NAND4_X1                                                                              NangateOpenCellLibrary
        NOR2_X1                                                                               NangateOpenCellLibrary
        NOR3_X1                                                                               NangateOpenCellLibrary
        NOR3_X2                                                                               NangateOpenCellLibrary
        OAI21_X1                                                                              NangateOpenCellLibrary
        OAI22_X1                                                                              NangateOpenCellLibrary
        OAI222_X1                                                                             NangateOpenCellLibrary
        OR2_X1                                                                                NangateOpenCellLibrary
        mac_pipeline_superscalar_DATA_WIDTH8_LANE_NUM3_6_DW01_add_0_DW01_add_42
            AND2_X1                                                                           NangateOpenCellLibrary
            FA_X1                                                                             NangateOpenCellLibrary
            XOR2_X1                                                                           NangateOpenCellLibrary
        mac_pipeline_superscalar_DATA_WIDTH8_LANE_NUM3_6_DW01_add_1_DW01_add_43
            AND2_X1                                                                           NangateOpenCellLibrary
            FA_X1                                                                             NangateOpenCellLibrary
            XOR2_X1                                                                           NangateOpenCellLibrary
        mac_pipeline_superscalar_DATA_WIDTH8_LANE_NUM3_6_DW01_add_2_DW01_add_44
            AND2_X1                                                                           NangateOpenCellLibrary
            FA_X1                                                                             NangateOpenCellLibrary
            XOR2_X1                                                                           NangateOpenCellLibrary
        mac_pipeline_superscalar_DATA_WIDTH8_LANE_NUM3_6_DW01_add_3_DW01_add_45
            AND2_X1                                                                           NangateOpenCellLibrary
            FA_X1                                                                             NangateOpenCellLibrary
            XOR2_X1                                                                           NangateOpenCellLibrary
        mac_pipeline_superscalar_DATA_WIDTH8_LANE_NUM3_6_DW01_add_4_DW01_add_46
            AND2_X1                                                                           NangateOpenCellLibrary
            FA_X1                                                                             NangateOpenCellLibrary
            XOR2_X1                                                                           NangateOpenCellLibrary
        mac_pipeline_superscalar_DATA_WIDTH8_LANE_NUM3_6_DW01_add_5_DW01_add_47
            AND2_X1                                                                           NangateOpenCellLibrary
            FA_X1                                                                             NangateOpenCellLibrary
            XOR2_X1                                                                           NangateOpenCellLibrary
        mac_pipeline_superscalar_DATA_WIDTH8_LANE_NUM3_6_DW02_mult_0_DW02_mult_27
            AND2_X1                                                                           NangateOpenCellLibrary
            FA_X1                                                                             NangateOpenCellLibrary
            INV_X1                                                                            NangateOpenCellLibrary
            NOR2_X1                                                                           NangateOpenCellLibrary
            XOR2_X1                                                                           NangateOpenCellLibrary
            mac_pipeline_superscalar_DATA_WIDTH8_LANE_NUM3_6_DW01_add_6_DW01_add_174
                AND2_X1                                                                       NangateOpenCellLibrary
                AOI21_X1                                                                      NangateOpenCellLibrary
                INV_X1                                                                        NangateOpenCellLibrary
                NAND2_X1                                                                      NangateOpenCellLibrary
                NOR2_X1                                                                       NangateOpenCellLibrary
                OAI21_X1                                                                      NangateOpenCellLibrary
                XNOR2_X1                                                                      NangateOpenCellLibrary
                XOR2_X1                                                                       NangateOpenCellLibrary
        mac_pipeline_superscalar_DATA_WIDTH8_LANE_NUM3_6_DW02_mult_1_DW02_mult_28
            AND2_X1                                                                           NangateOpenCellLibrary
            FA_X1                                                                             NangateOpenCellLibrary
            INV_X1                                                                            NangateOpenCellLibrary
            NOR2_X1                                                                           NangateOpenCellLibrary
            XOR2_X1                                                                           NangateOpenCellLibrary
            mac_pipeline_superscalar_DATA_WIDTH8_LANE_NUM3_6_DW01_add_7_DW01_add_175
                AND2_X1                                                                       NangateOpenCellLibrary
                AOI21_X1                                                                      NangateOpenCellLibrary
                INV_X1                                                                        NangateOpenCellLibrary
                NAND2_X1                                                                      NangateOpenCellLibrary
                NOR2_X1                                                                       NangateOpenCellLibrary
                OAI21_X1                                                                      NangateOpenCellLibrary
                XNOR2_X1                                                                      NangateOpenCellLibrary
                XOR2_X1                                                                       NangateOpenCellLibrary
        mac_pipeline_superscalar_DATA_WIDTH8_LANE_NUM3_6_DW02_mult_2_DW02_mult_29
            AND2_X1                                                                           NangateOpenCellLibrary
            FA_X1                                                                             NangateOpenCellLibrary
            INV_X1                                                                            NangateOpenCellLibrary
            NOR2_X1                                                                           NangateOpenCellLibrary
            XOR2_X1                                                                           NangateOpenCellLibrary
            mac_pipeline_superscalar_DATA_WIDTH8_LANE_NUM3_6_DW01_add_8_DW01_add_176
                AND2_X1                                                                       NangateOpenCellLibrary
                AOI21_X1                                                                      NangateOpenCellLibrary
                INV_X1                                                                        NangateOpenCellLibrary
                NAND2_X1                                                                      NangateOpenCellLibrary
                NOR2_X1                                                                       NangateOpenCellLibrary
                OAI21_X1                                                                      NangateOpenCellLibrary
                XNOR2_X1                                                                      NangateOpenCellLibrary
                XOR2_X1                                                                       NangateOpenCellLibrary
    mac_pipeline_superscalar_DATA_WIDTH8_LANE_NUM3_7
        AND2_X1                                                                               NangateOpenCellLibrary
        AND4_X1                                                                               NangateOpenCellLibrary
        AOI21_X1                                                                              NangateOpenCellLibrary
        AOI22_X1                                                                              NangateOpenCellLibrary
        AOI221_X1                                                                             NangateOpenCellLibrary
        AOI222_X1                                                                             NangateOpenCellLibrary
        BUF_X1                                                                                NangateOpenCellLibrary
        CLKBUF_X1                                                                             NangateOpenCellLibrary
        DFFR_X1                                                                               NangateOpenCellLibrary
        DLH_X1                                                                                NangateOpenCellLibrary
        INV_X1                                                                                NangateOpenCellLibrary
        NAND2_X1                                                                              NangateOpenCellLibrary
        NAND3_X1                                                                              NangateOpenCellLibrary
        NAND4_X1                                                                              NangateOpenCellLibrary
        NOR2_X1                                                                               NangateOpenCellLibrary
        NOR3_X1                                                                               NangateOpenCellLibrary
        OAI21_X1                                                                              NangateOpenCellLibrary
        OAI22_X1                                                                              NangateOpenCellLibrary
        OAI222_X1                                                                             NangateOpenCellLibrary
        OR2_X1                                                                                NangateOpenCellLibrary
        mac_pipeline_superscalar_DATA_WIDTH8_LANE_NUM3_7_DW01_add_0_DW01_add_48
            AND2_X1                                                                           NangateOpenCellLibrary
            FA_X1                                                                             NangateOpenCellLibrary
            XOR2_X1                                                                           NangateOpenCellLibrary
        mac_pipeline_superscalar_DATA_WIDTH8_LANE_NUM3_7_DW01_add_1_DW01_add_49
            AND2_X1                                                                           NangateOpenCellLibrary
            FA_X1                                                                             NangateOpenCellLibrary
            XOR2_X1                                                                           NangateOpenCellLibrary
        mac_pipeline_superscalar_DATA_WIDTH8_LANE_NUM3_7_DW01_add_2_DW01_add_50
            AND2_X1                                                                           NangateOpenCellLibrary
            FA_X1                                                                             NangateOpenCellLibrary
            XOR2_X1                                                                           NangateOpenCellLibrary
        mac_pipeline_superscalar_DATA_WIDTH8_LANE_NUM3_7_DW01_add_3_DW01_add_51
            AND2_X1                                                                           NangateOpenCellLibrary
            FA_X1                                                                             NangateOpenCellLibrary
            XOR2_X1                                                                           NangateOpenCellLibrary
        mac_pipeline_superscalar_DATA_WIDTH8_LANE_NUM3_7_DW01_add_4_DW01_add_52
            AND2_X1                                                                           NangateOpenCellLibrary
            FA_X1                                                                             NangateOpenCellLibrary
            XOR2_X1                                                                           NangateOpenCellLibrary
        mac_pipeline_superscalar_DATA_WIDTH8_LANE_NUM3_7_DW01_add_5_DW01_add_53
            AND2_X1                                                                           NangateOpenCellLibrary
            FA_X1                                                                             NangateOpenCellLibrary
            XOR2_X1                                                                           NangateOpenCellLibrary
        mac_pipeline_superscalar_DATA_WIDTH8_LANE_NUM3_7_DW02_mult_0_DW02_mult_24
            AND2_X1                                                                           NangateOpenCellLibrary
            FA_X1                                                                             NangateOpenCellLibrary
            INV_X1                                                                            NangateOpenCellLibrary
            NOR2_X1                                                                           NangateOpenCellLibrary
            XOR2_X1                                                                           NangateOpenCellLibrary
            mac_pipeline_superscalar_DATA_WIDTH8_LANE_NUM3_7_DW01_add_6_DW01_add_171
                AND2_X1                                                                       NangateOpenCellLibrary
                AOI21_X1                                                                      NangateOpenCellLibrary
                INV_X1                                                                        NangateOpenCellLibrary
                NAND2_X1                                                                      NangateOpenCellLibrary
                NOR2_X1                                                                       NangateOpenCellLibrary
                OAI21_X1                                                                      NangateOpenCellLibrary
                XNOR2_X1                                                                      NangateOpenCellLibrary
                XOR2_X1                                                                       NangateOpenCellLibrary
        mac_pipeline_superscalar_DATA_WIDTH8_LANE_NUM3_7_DW02_mult_1_DW02_mult_25
            AND2_X1                                                                           NangateOpenCellLibrary
            FA_X1                                                                             NangateOpenCellLibrary
            INV_X1                                                                            NangateOpenCellLibrary
            NOR2_X1                                                                           NangateOpenCellLibrary
            XOR2_X1                                                                           NangateOpenCellLibrary
            mac_pipeline_superscalar_DATA_WIDTH8_LANE_NUM3_7_DW01_add_7_DW01_add_172
                AND2_X1                                                                       NangateOpenCellLibrary
                AOI21_X1                                                                      NangateOpenCellLibrary
                INV_X1                                                                        NangateOpenCellLibrary
                NAND2_X1                                                                      NangateOpenCellLibrary
                NOR2_X1                                                                       NangateOpenCellLibrary
                OAI21_X1                                                                      NangateOpenCellLibrary
                XNOR2_X1                                                                      NangateOpenCellLibrary
                XOR2_X1                                                                       NangateOpenCellLibrary
        mac_pipeline_superscalar_DATA_WIDTH8_LANE_NUM3_7_DW02_mult_2_DW02_mult_26
            AND2_X1                                                                           NangateOpenCellLibrary
            FA_X1                                                                             NangateOpenCellLibrary
            INV_X1                                                                            NangateOpenCellLibrary
            NOR2_X1                                                                           NangateOpenCellLibrary
            XOR2_X1                                                                           NangateOpenCellLibrary
            mac_pipeline_superscalar_DATA_WIDTH8_LANE_NUM3_7_DW01_add_8_DW01_add_173
                AND2_X1                                                                       NangateOpenCellLibrary
                AOI21_X1                                                                      NangateOpenCellLibrary
                INV_X1                                                                        NangateOpenCellLibrary
                NAND2_X1                                                                      NangateOpenCellLibrary
                NOR2_X1                                                                       NangateOpenCellLibrary
                OAI21_X1                                                                      NangateOpenCellLibrary
                XNOR2_X1                                                                      NangateOpenCellLibrary
                XOR2_X1                                                                       NangateOpenCellLibrary
    mac_pipeline_superscalar_DATA_WIDTH8_LANE_NUM3_8
        AND2_X1                                                                               NangateOpenCellLibrary
        AND4_X1                                                                               NangateOpenCellLibrary
        AOI21_X1                                                                              NangateOpenCellLibrary
        AOI22_X1                                                                              NangateOpenCellLibrary
        AOI221_X1                                                                             NangateOpenCellLibrary
        AOI222_X1                                                                             NangateOpenCellLibrary
        BUF_X1                                                                                NangateOpenCellLibrary
        CLKBUF_X1                                                                             NangateOpenCellLibrary
        DFFR_X1                                                                               NangateOpenCellLibrary
        DLH_X1                                                                                NangateOpenCellLibrary
        INV_X1                                                                                NangateOpenCellLibrary
        NAND2_X1                                                                              NangateOpenCellLibrary
        NAND3_X1                                                                              NangateOpenCellLibrary
        NAND4_X1                                                                              NangateOpenCellLibrary
        NOR2_X1                                                                               NangateOpenCellLibrary
        NOR3_X1                                                                               NangateOpenCellLibrary
        OAI21_X1                                                                              NangateOpenCellLibrary
        OAI22_X1                                                                              NangateOpenCellLibrary
        OAI222_X1                                                                             NangateOpenCellLibrary
        OR2_X1                                                                                NangateOpenCellLibrary
        mac_pipeline_superscalar_DATA_WIDTH8_LANE_NUM3_8_DW01_add_0_DW01_add_54
            AND2_X1                                                                           NangateOpenCellLibrary
            FA_X1                                                                             NangateOpenCellLibrary
            XOR2_X1                                                                           NangateOpenCellLibrary
        mac_pipeline_superscalar_DATA_WIDTH8_LANE_NUM3_8_DW01_add_1_DW01_add_55
            AND2_X1                                                                           NangateOpenCellLibrary
            FA_X1                                                                             NangateOpenCellLibrary
            XOR2_X1                                                                           NangateOpenCellLibrary
        mac_pipeline_superscalar_DATA_WIDTH8_LANE_NUM3_8_DW01_add_2_DW01_add_56
            AND2_X1                                                                           NangateOpenCellLibrary
            FA_X1                                                                             NangateOpenCellLibrary
            XOR2_X1                                                                           NangateOpenCellLibrary
        mac_pipeline_superscalar_DATA_WIDTH8_LANE_NUM3_8_DW01_add_3_DW01_add_57
            AND2_X1                                                                           NangateOpenCellLibrary
            FA_X1                                                                             NangateOpenCellLibrary
            XOR2_X1                                                                           NangateOpenCellLibrary
        mac_pipeline_superscalar_DATA_WIDTH8_LANE_NUM3_8_DW01_add_4_DW01_add_58
            AND2_X1                                                                           NangateOpenCellLibrary
            FA_X1                                                                             NangateOpenCellLibrary
            XOR2_X1                                                                           NangateOpenCellLibrary
        mac_pipeline_superscalar_DATA_WIDTH8_LANE_NUM3_8_DW01_add_5_DW01_add_59
            AND2_X1                                                                           NangateOpenCellLibrary
            FA_X1                                                                             NangateOpenCellLibrary
            XOR2_X1                                                                           NangateOpenCellLibrary
        mac_pipeline_superscalar_DATA_WIDTH8_LANE_NUM3_8_DW02_mult_0_DW02_mult_21
            AND2_X1                                                                           NangateOpenCellLibrary
            FA_X1                                                                             NangateOpenCellLibrary
            INV_X1                                                                            NangateOpenCellLibrary
            NOR2_X1                                                                           NangateOpenCellLibrary
            XOR2_X1                                                                           NangateOpenCellLibrary
            mac_pipeline_superscalar_DATA_WIDTH8_LANE_NUM3_8_DW01_add_6_DW01_add_168
                AND2_X1                                                                       NangateOpenCellLibrary
                AOI21_X1                                                                      NangateOpenCellLibrary
                INV_X1                                                                        NangateOpenCellLibrary
                NAND2_X1                                                                      NangateOpenCellLibrary
                NOR2_X1                                                                       NangateOpenCellLibrary
                OAI21_X1                                                                      NangateOpenCellLibrary
                XNOR2_X1                                                                      NangateOpenCellLibrary
                XOR2_X1                                                                       NangateOpenCellLibrary
        mac_pipeline_superscalar_DATA_WIDTH8_LANE_NUM3_8_DW02_mult_1_DW02_mult_22
            AND2_X1                                                                           NangateOpenCellLibrary
            FA_X1                                                                             NangateOpenCellLibrary
            INV_X1                                                                            NangateOpenCellLibrary
            NOR2_X1                                                                           NangateOpenCellLibrary
            XOR2_X1                                                                           NangateOpenCellLibrary
            mac_pipeline_superscalar_DATA_WIDTH8_LANE_NUM3_8_DW01_add_7_DW01_add_169
                AND2_X1                                                                       NangateOpenCellLibrary
                AOI21_X1                                                                      NangateOpenCellLibrary
                INV_X1                                                                        NangateOpenCellLibrary
                NAND2_X1                                                                      NangateOpenCellLibrary
                NOR2_X1                                                                       NangateOpenCellLibrary
                OAI21_X1                                                                      NangateOpenCellLibrary
                XNOR2_X1                                                                      NangateOpenCellLibrary
                XOR2_X1                                                                       NangateOpenCellLibrary
        mac_pipeline_superscalar_DATA_WIDTH8_LANE_NUM3_8_DW02_mult_2_DW02_mult_23
            AND2_X1                                                                           NangateOpenCellLibrary
            FA_X1                                                                             NangateOpenCellLibrary
            INV_X1                                                                            NangateOpenCellLibrary
            NOR2_X1                                                                           NangateOpenCellLibrary
            XOR2_X1                                                                           NangateOpenCellLibrary
            mac_pipeline_superscalar_DATA_WIDTH8_LANE_NUM3_8_DW01_add_8_DW01_add_170
                AND2_X1                                                                       NangateOpenCellLibrary
                AOI21_X1                                                                      NangateOpenCellLibrary
                INV_X1                                                                        NangateOpenCellLibrary
                NAND2_X1                                                                      NangateOpenCellLibrary
                NOR2_X1                                                                       NangateOpenCellLibrary
                OAI21_X1                                                                      NangateOpenCellLibrary
                XNOR2_X1                                                                      NangateOpenCellLibrary
                XOR2_X1                                                                       NangateOpenCellLibrary
    mac_pipeline_superscalar_DATA_WIDTH8_LANE_NUM3_9
        AND2_X1                                                                               NangateOpenCellLibrary
        AND4_X1                                                                               NangateOpenCellLibrary
        AOI21_X1                                                                              NangateOpenCellLibrary
        AOI22_X1                                                                              NangateOpenCellLibrary
        AOI221_X1                                                                             NangateOpenCellLibrary
        AOI222_X1                                                                             NangateOpenCellLibrary
        BUF_X1                                                                                NangateOpenCellLibrary
        BUF_X2                                                                                NangateOpenCellLibrary
        CLKBUF_X1                                                                             NangateOpenCellLibrary
        DFFR_X1                                                                               NangateOpenCellLibrary
        DLH_X1                                                                                NangateOpenCellLibrary
        INV_X1                                                                                NangateOpenCellLibrary
        NAND2_X1                                                                              NangateOpenCellLibrary
        NAND3_X1                                                                              NangateOpenCellLibrary
        NAND4_X1                                                                              NangateOpenCellLibrary
        NOR2_X1                                                                               NangateOpenCellLibrary
        NOR3_X1                                                                               NangateOpenCellLibrary
        OAI21_X1                                                                              NangateOpenCellLibrary
        OAI22_X1                                                                              NangateOpenCellLibrary
        OAI222_X1                                                                             NangateOpenCellLibrary
        OR2_X1                                                                                NangateOpenCellLibrary
        mac_pipeline_superscalar_DATA_WIDTH8_LANE_NUM3_9_DW01_add_0_DW01_add_60
            AND2_X1                                                                           NangateOpenCellLibrary
            FA_X1                                                                             NangateOpenCellLibrary
            XOR2_X1                                                                           NangateOpenCellLibrary
        mac_pipeline_superscalar_DATA_WIDTH8_LANE_NUM3_9_DW01_add_1_DW01_add_61
            AND2_X1                                                                           NangateOpenCellLibrary
            FA_X1                                                                             NangateOpenCellLibrary
            XOR2_X1                                                                           NangateOpenCellLibrary
        mac_pipeline_superscalar_DATA_WIDTH8_LANE_NUM3_9_DW01_add_2_DW01_add_62
            AND2_X1                                                                           NangateOpenCellLibrary
            FA_X1                                                                             NangateOpenCellLibrary
            XOR2_X1                                                                           NangateOpenCellLibrary
        mac_pipeline_superscalar_DATA_WIDTH8_LANE_NUM3_9_DW01_add_3_DW01_add_63
            AND2_X1                                                                           NangateOpenCellLibrary
            FA_X1                                                                             NangateOpenCellLibrary
            XOR2_X1                                                                           NangateOpenCellLibrary
        mac_pipeline_superscalar_DATA_WIDTH8_LANE_NUM3_9_DW01_add_4_DW01_add_64
            AND2_X1                                                                           NangateOpenCellLibrary
            FA_X1                                                                             NangateOpenCellLibrary
            XOR2_X1                                                                           NangateOpenCellLibrary
        mac_pipeline_superscalar_DATA_WIDTH8_LANE_NUM3_9_DW01_add_5_DW01_add_65
            AND2_X1                                                                           NangateOpenCellLibrary
            FA_X1                                                                             NangateOpenCellLibrary
            XOR2_X1                                                                           NangateOpenCellLibrary
        mac_pipeline_superscalar_DATA_WIDTH8_LANE_NUM3_9_DW02_mult_0_DW02_mult_18
            AND2_X1                                                                           NangateOpenCellLibrary
            FA_X1                                                                             NangateOpenCellLibrary
            INV_X1                                                                            NangateOpenCellLibrary
            NOR2_X1                                                                           NangateOpenCellLibrary
            XOR2_X1                                                                           NangateOpenCellLibrary
            mac_pipeline_superscalar_DATA_WIDTH8_LANE_NUM3_9_DW01_add_6_DW01_add_165
                AND2_X1                                                                       NangateOpenCellLibrary
                AOI21_X1                                                                      NangateOpenCellLibrary
                INV_X1                                                                        NangateOpenCellLibrary
                NAND2_X1                                                                      NangateOpenCellLibrary
                NOR2_X1                                                                       NangateOpenCellLibrary
                OAI21_X1                                                                      NangateOpenCellLibrary
                XNOR2_X1                                                                      NangateOpenCellLibrary
                XOR2_X1                                                                       NangateOpenCellLibrary
        mac_pipeline_superscalar_DATA_WIDTH8_LANE_NUM3_9_DW02_mult_1_DW02_mult_19
            AND2_X1                                                                           NangateOpenCellLibrary
            FA_X1                                                                             NangateOpenCellLibrary
            INV_X1                                                                            NangateOpenCellLibrary
            NOR2_X1                                                                           NangateOpenCellLibrary
            XOR2_X1                                                                           NangateOpenCellLibrary
            mac_pipeline_superscalar_DATA_WIDTH8_LANE_NUM3_9_DW01_add_7_DW01_add_166
                AND2_X1                                                                       NangateOpenCellLibrary
                AOI21_X1                                                                      NangateOpenCellLibrary
                INV_X1                                                                        NangateOpenCellLibrary
                NAND2_X1                                                                      NangateOpenCellLibrary
                NOR2_X1                                                                       NangateOpenCellLibrary
                OAI21_X1                                                                      NangateOpenCellLibrary
                XNOR2_X1                                                                      NangateOpenCellLibrary
                XOR2_X1                                                                       NangateOpenCellLibrary
        mac_pipeline_superscalar_DATA_WIDTH8_LANE_NUM3_9_DW02_mult_2_DW02_mult_20
            AND2_X1                                                                           NangateOpenCellLibrary
            FA_X1                                                                             NangateOpenCellLibrary
            INV_X1                                                                            NangateOpenCellLibrary
            NOR2_X1                                                                           NangateOpenCellLibrary
            XOR2_X1                                                                           NangateOpenCellLibrary
            mac_pipeline_superscalar_DATA_WIDTH8_LANE_NUM3_9_DW01_add_8_DW01_add_167
                AND2_X1                                                                       NangateOpenCellLibrary
                AOI21_X1                                                                      NangateOpenCellLibrary
                INV_X1                                                                        NangateOpenCellLibrary
                NAND2_X1                                                                      NangateOpenCellLibrary
                NOR2_X1                                                                       NangateOpenCellLibrary
                OAI21_X1                                                                      NangateOpenCellLibrary
                XNOR2_X1                                                                      NangateOpenCellLibrary
                XOR2_X1                                                                       NangateOpenCellLibrary
    mac_pipeline_superscalar_DATA_WIDTH8_LANE_NUM3_10
        AND2_X1                                                                               NangateOpenCellLibrary
        AND4_X1                                                                               NangateOpenCellLibrary
        AOI21_X1                                                                              NangateOpenCellLibrary
        AOI22_X1                                                                              NangateOpenCellLibrary
        AOI221_X1                                                                             NangateOpenCellLibrary
        AOI222_X1                                                                             NangateOpenCellLibrary
        BUF_X1                                                                                NangateOpenCellLibrary
        BUF_X2                                                                                NangateOpenCellLibrary
        CLKBUF_X1                                                                             NangateOpenCellLibrary
        DFFR_X1                                                                               NangateOpenCellLibrary
        DLH_X1                                                                                NangateOpenCellLibrary
        INV_X1                                                                                NangateOpenCellLibrary
        NAND2_X1                                                                              NangateOpenCellLibrary
        NAND3_X1                                                                              NangateOpenCellLibrary
        NAND4_X1                                                                              NangateOpenCellLibrary
        NOR2_X1                                                                               NangateOpenCellLibrary
        NOR3_X1                                                                               NangateOpenCellLibrary
        OAI21_X1                                                                              NangateOpenCellLibrary
        OAI22_X1                                                                              NangateOpenCellLibrary
        OAI222_X1                                                                             NangateOpenCellLibrary
        OR2_X1                                                                                NangateOpenCellLibrary
        mac_pipeline_superscalar_DATA_WIDTH8_LANE_NUM3_10_DW01_add_0_DW01_add_66
            AND2_X1                                                                           NangateOpenCellLibrary
            FA_X1                                                                             NangateOpenCellLibrary
            XOR2_X1                                                                           NangateOpenCellLibrary
        mac_pipeline_superscalar_DATA_WIDTH8_LANE_NUM3_10_DW01_add_1_DW01_add_67
            AND2_X1                                                                           NangateOpenCellLibrary
            FA_X1                                                                             NangateOpenCellLibrary
            XOR2_X1                                                                           NangateOpenCellLibrary
        mac_pipeline_superscalar_DATA_WIDTH8_LANE_NUM3_10_DW01_add_2_DW01_add_68
            AND2_X1                                                                           NangateOpenCellLibrary
            FA_X1                                                                             NangateOpenCellLibrary
            XOR2_X1                                                                           NangateOpenCellLibrary
        mac_pipeline_superscalar_DATA_WIDTH8_LANE_NUM3_10_DW01_add_3_DW01_add_69
            AND2_X1                                                                           NangateOpenCellLibrary
            FA_X1                                                                             NangateOpenCellLibrary
            XOR2_X1                                                                           NangateOpenCellLibrary
        mac_pipeline_superscalar_DATA_WIDTH8_LANE_NUM3_10_DW01_add_4_DW01_add_70
            AND2_X1                                                                           NangateOpenCellLibrary
            FA_X1                                                                             NangateOpenCellLibrary
            XOR2_X1                                                                           NangateOpenCellLibrary
        mac_pipeline_superscalar_DATA_WIDTH8_LANE_NUM3_10_DW01_add_5_DW01_add_71
            AND2_X1                                                                           NangateOpenCellLibrary
            FA_X1                                                                             NangateOpenCellLibrary
            XOR2_X1                                                                           NangateOpenCellLibrary
        mac_pipeline_superscalar_DATA_WIDTH8_LANE_NUM3_10_DW02_mult_0_DW02_mult_15
            AND2_X1                                                                           NangateOpenCellLibrary
            FA_X1                                                                             NangateOpenCellLibrary
            INV_X1                                                                            NangateOpenCellLibrary
            NOR2_X1                                                                           NangateOpenCellLibrary
            XOR2_X1                                                                           NangateOpenCellLibrary
            mac_pipeline_superscalar_DATA_WIDTH8_LANE_NUM3_10_DW01_add_6_DW01_add_162
                AND2_X1                                                                       NangateOpenCellLibrary
                AOI21_X1                                                                      NangateOpenCellLibrary
                INV_X1                                                                        NangateOpenCellLibrary
                NAND2_X1                                                                      NangateOpenCellLibrary
                NOR2_X1                                                                       NangateOpenCellLibrary
                OAI21_X1                                                                      NangateOpenCellLibrary
                XNOR2_X1                                                                      NangateOpenCellLibrary
                XOR2_X1                                                                       NangateOpenCellLibrary
        mac_pipeline_superscalar_DATA_WIDTH8_LANE_NUM3_10_DW02_mult_1_DW02_mult_16
            AND2_X1                                                                           NangateOpenCellLibrary
            FA_X1                                                                             NangateOpenCellLibrary
            INV_X1                                                                            NangateOpenCellLibrary
            NOR2_X1                                                                           NangateOpenCellLibrary
            XOR2_X1                                                                           NangateOpenCellLibrary
            mac_pipeline_superscalar_DATA_WIDTH8_LANE_NUM3_10_DW01_add_7_DW01_add_163
                AND2_X1                                                                       NangateOpenCellLibrary
                AOI21_X1                                                                      NangateOpenCellLibrary
                INV_X1                                                                        NangateOpenCellLibrary
                NAND2_X1                                                                      NangateOpenCellLibrary
                NOR2_X1                                                                       NangateOpenCellLibrary
                OAI21_X1                                                                      NangateOpenCellLibrary
                XNOR2_X1                                                                      NangateOpenCellLibrary
                XOR2_X1                                                                       NangateOpenCellLibrary
        mac_pipeline_superscalar_DATA_WIDTH8_LANE_NUM3_10_DW02_mult_2_DW02_mult_17
            AND2_X1                                                                           NangateOpenCellLibrary
            FA_X1                                                                             NangateOpenCellLibrary
            INV_X1                                                                            NangateOpenCellLibrary
            NOR2_X1                                                                           NangateOpenCellLibrary
            XOR2_X1                                                                           NangateOpenCellLibrary
            mac_pipeline_superscalar_DATA_WIDTH8_LANE_NUM3_10_DW01_add_8_DW01_add_164
                AND2_X1                                                                       NangateOpenCellLibrary
                AOI21_X1                                                                      NangateOpenCellLibrary
                INV_X1                                                                        NangateOpenCellLibrary
                NAND2_X1                                                                      NangateOpenCellLibrary
                NOR2_X1                                                                       NangateOpenCellLibrary
                OAI21_X1                                                                      NangateOpenCellLibrary
                XNOR2_X1                                                                      NangateOpenCellLibrary
                XOR2_X1                                                                       NangateOpenCellLibrary
    mac_pipeline_superscalar_DATA_WIDTH8_LANE_NUM3_11
        AND2_X1                                                                               NangateOpenCellLibrary
        AND4_X1                                                                               NangateOpenCellLibrary
        AOI21_X1                                                                              NangateOpenCellLibrary
        AOI22_X1                                                                              NangateOpenCellLibrary
        AOI221_X1                                                                             NangateOpenCellLibrary
        AOI222_X1                                                                             NangateOpenCellLibrary
        BUF_X1                                                                                NangateOpenCellLibrary
        BUF_X2                                                                                NangateOpenCellLibrary
        CLKBUF_X1                                                                             NangateOpenCellLibrary
        DFFR_X1                                                                               NangateOpenCellLibrary
        DLH_X1                                                                                NangateOpenCellLibrary
        INV_X1                                                                                NangateOpenCellLibrary
        NAND2_X1                                                                              NangateOpenCellLibrary
        NAND3_X1                                                                              NangateOpenCellLibrary
        NAND4_X1                                                                              NangateOpenCellLibrary
        NOR2_X1                                                                               NangateOpenCellLibrary
        NOR3_X1                                                                               NangateOpenCellLibrary
        OAI21_X1                                                                              NangateOpenCellLibrary
        OAI22_X1                                                                              NangateOpenCellLibrary
        OAI222_X1                                                                             NangateOpenCellLibrary
        OR2_X1                                                                                NangateOpenCellLibrary
        mac_pipeline_superscalar_DATA_WIDTH8_LANE_NUM3_11_DW01_add_0_DW01_add_72
            AND2_X1                                                                           NangateOpenCellLibrary
            FA_X1                                                                             NangateOpenCellLibrary
            XOR2_X1                                                                           NangateOpenCellLibrary
        mac_pipeline_superscalar_DATA_WIDTH8_LANE_NUM3_11_DW01_add_1_DW01_add_73
            AND2_X1                                                                           NangateOpenCellLibrary
            FA_X1                                                                             NangateOpenCellLibrary
            XOR2_X1                                                                           NangateOpenCellLibrary
        mac_pipeline_superscalar_DATA_WIDTH8_LANE_NUM3_11_DW01_add_2_DW01_add_74
            AND2_X1                                                                           NangateOpenCellLibrary
            FA_X1                                                                             NangateOpenCellLibrary
            XOR2_X1                                                                           NangateOpenCellLibrary
        mac_pipeline_superscalar_DATA_WIDTH8_LANE_NUM3_11_DW01_add_3_DW01_add_75
            AND2_X1                                                                           NangateOpenCellLibrary
            FA_X1                                                                             NangateOpenCellLibrary
            XOR2_X1                                                                           NangateOpenCellLibrary
        mac_pipeline_superscalar_DATA_WIDTH8_LANE_NUM3_11_DW01_add_4_DW01_add_76
            AND2_X1                                                                           NangateOpenCellLibrary
            FA_X1                                                                             NangateOpenCellLibrary
            XOR2_X1                                                                           NangateOpenCellLibrary
        mac_pipeline_superscalar_DATA_WIDTH8_LANE_NUM3_11_DW01_add_5_DW01_add_77
            AND2_X1                                                                           NangateOpenCellLibrary
            FA_X1                                                                             NangateOpenCellLibrary
            XOR2_X1                                                                           NangateOpenCellLibrary
        mac_pipeline_superscalar_DATA_WIDTH8_LANE_NUM3_11_DW02_mult_0_DW02_mult_12
            AND2_X1                                                                           NangateOpenCellLibrary
            FA_X1                                                                             NangateOpenCellLibrary
            INV_X1                                                                            NangateOpenCellLibrary
            NOR2_X1                                                                           NangateOpenCellLibrary
            XOR2_X1                                                                           NangateOpenCellLibrary
            mac_pipeline_superscalar_DATA_WIDTH8_LANE_NUM3_11_DW01_add_6_DW01_add_159
                AND2_X1                                                                       NangateOpenCellLibrary
                AOI21_X1                                                                      NangateOpenCellLibrary
                INV_X1                                                                        NangateOpenCellLibrary
                NAND2_X1                                                                      NangateOpenCellLibrary
                NOR2_X1                                                                       NangateOpenCellLibrary
                OAI21_X1                                                                      NangateOpenCellLibrary
                XNOR2_X1                                                                      NangateOpenCellLibrary
                XOR2_X1                                                                       NangateOpenCellLibrary
        mac_pipeline_superscalar_DATA_WIDTH8_LANE_NUM3_11_DW02_mult_1_DW02_mult_13
            AND2_X1                                                                           NangateOpenCellLibrary
            FA_X1                                                                             NangateOpenCellLibrary
            INV_X1                                                                            NangateOpenCellLibrary
            NOR2_X1                                                                           NangateOpenCellLibrary
            XOR2_X1                                                                           NangateOpenCellLibrary
            mac_pipeline_superscalar_DATA_WIDTH8_LANE_NUM3_11_DW01_add_7_DW01_add_160
                AND2_X1                                                                       NangateOpenCellLibrary
                AOI21_X1                                                                      NangateOpenCellLibrary
                INV_X1                                                                        NangateOpenCellLibrary
                NAND2_X1                                                                      NangateOpenCellLibrary
                NOR2_X1                                                                       NangateOpenCellLibrary
                OAI21_X1                                                                      NangateOpenCellLibrary
                XNOR2_X1                                                                      NangateOpenCellLibrary
                XOR2_X1                                                                       NangateOpenCellLibrary
        mac_pipeline_superscalar_DATA_WIDTH8_LANE_NUM3_11_DW02_mult_2_DW02_mult_14
            AND2_X1                                                                           NangateOpenCellLibrary
            FA_X1                                                                             NangateOpenCellLibrary
            INV_X1                                                                            NangateOpenCellLibrary
            NOR2_X1                                                                           NangateOpenCellLibrary
            XOR2_X1                                                                           NangateOpenCellLibrary
            mac_pipeline_superscalar_DATA_WIDTH8_LANE_NUM3_11_DW01_add_8_DW01_add_161
                AND2_X1                                                                       NangateOpenCellLibrary
                AOI21_X1                                                                      NangateOpenCellLibrary
                INV_X1                                                                        NangateOpenCellLibrary
                NAND2_X1                                                                      NangateOpenCellLibrary
                NOR2_X1                                                                       NangateOpenCellLibrary
                OAI21_X1                                                                      NangateOpenCellLibrary
                XNOR2_X1                                                                      NangateOpenCellLibrary
                XOR2_X1                                                                       NangateOpenCellLibrary
    mac_pipeline_superscalar_DATA_WIDTH8_LANE_NUM3_12
        AND2_X1                                                                               NangateOpenCellLibrary
        AND4_X1                                                                               NangateOpenCellLibrary
        AOI21_X1                                                                              NangateOpenCellLibrary
        AOI22_X1                                                                              NangateOpenCellLibrary
        AOI221_X1                                                                             NangateOpenCellLibrary
        AOI222_X1                                                                             NangateOpenCellLibrary
        BUF_X1                                                                                NangateOpenCellLibrary
        BUF_X2                                                                                NangateOpenCellLibrary
        CLKBUF_X1                                                                             NangateOpenCellLibrary
        DFFR_X1                                                                               NangateOpenCellLibrary
        DLH_X1                                                                                NangateOpenCellLibrary
        INV_X1                                                                                NangateOpenCellLibrary
        NAND2_X1                                                                              NangateOpenCellLibrary
        NAND3_X1                                                                              NangateOpenCellLibrary
        NAND4_X1                                                                              NangateOpenCellLibrary
        NOR2_X1                                                                               NangateOpenCellLibrary
        NOR3_X1                                                                               NangateOpenCellLibrary
        OAI21_X1                                                                              NangateOpenCellLibrary
        OAI22_X1                                                                              NangateOpenCellLibrary
        OAI222_X1                                                                             NangateOpenCellLibrary
        OR2_X1                                                                                NangateOpenCellLibrary
        mac_pipeline_superscalar_DATA_WIDTH8_LANE_NUM3_12_DW01_add_0_DW01_add_78
            AND2_X1                                                                           NangateOpenCellLibrary
            FA_X1                                                                             NangateOpenCellLibrary
            XOR2_X1                                                                           NangateOpenCellLibrary
        mac_pipeline_superscalar_DATA_WIDTH8_LANE_NUM3_12_DW01_add_1_DW01_add_79
            AND2_X1                                                                           NangateOpenCellLibrary
            FA_X1                                                                             NangateOpenCellLibrary
            XOR2_X1                                                                           NangateOpenCellLibrary
        mac_pipeline_superscalar_DATA_WIDTH8_LANE_NUM3_12_DW01_add_2_DW01_add_80
            AND2_X1                                                                           NangateOpenCellLibrary
            FA_X1                                                                             NangateOpenCellLibrary
            XOR2_X1                                                                           NangateOpenCellLibrary
        mac_pipeline_superscalar_DATA_WIDTH8_LANE_NUM3_12_DW01_add_3_DW01_add_81
            AND2_X1                                                                           NangateOpenCellLibrary
            FA_X1                                                                             NangateOpenCellLibrary
            XOR2_X1                                                                           NangateOpenCellLibrary
        mac_pipeline_superscalar_DATA_WIDTH8_LANE_NUM3_12_DW01_add_4_DW01_add_82
            AND2_X1                                                                           NangateOpenCellLibrary
            FA_X1                                                                             NangateOpenCellLibrary
            XOR2_X1                                                                           NangateOpenCellLibrary
        mac_pipeline_superscalar_DATA_WIDTH8_LANE_NUM3_12_DW01_add_5_DW01_add_83
            AND2_X1                                                                           NangateOpenCellLibrary
            FA_X1                                                                             NangateOpenCellLibrary
            XOR2_X1                                                                           NangateOpenCellLibrary
        mac_pipeline_superscalar_DATA_WIDTH8_LANE_NUM3_12_DW02_mult_0_DW02_mult_9
            AND2_X1                                                                           NangateOpenCellLibrary
            FA_X1                                                                             NangateOpenCellLibrary
            INV_X1                                                                            NangateOpenCellLibrary
            NOR2_X1                                                                           NangateOpenCellLibrary
            XOR2_X1                                                                           NangateOpenCellLibrary
            mac_pipeline_superscalar_DATA_WIDTH8_LANE_NUM3_12_DW01_add_6_DW01_add_156
                AND2_X1                                                                       NangateOpenCellLibrary
                AOI21_X1                                                                      NangateOpenCellLibrary
                INV_X1                                                                        NangateOpenCellLibrary
                NAND2_X1                                                                      NangateOpenCellLibrary
                NOR2_X1                                                                       NangateOpenCellLibrary
                OAI21_X1                                                                      NangateOpenCellLibrary
                XNOR2_X1                                                                      NangateOpenCellLibrary
                XOR2_X1                                                                       NangateOpenCellLibrary
        mac_pipeline_superscalar_DATA_WIDTH8_LANE_NUM3_12_DW02_mult_1_DW02_mult_10
            AND2_X1                                                                           NangateOpenCellLibrary
            FA_X1                                                                             NangateOpenCellLibrary
            INV_X1                                                                            NangateOpenCellLibrary
            NOR2_X1                                                                           NangateOpenCellLibrary
            XOR2_X1                                                                           NangateOpenCellLibrary
            mac_pipeline_superscalar_DATA_WIDTH8_LANE_NUM3_12_DW01_add_7_DW01_add_157
                AND2_X1                                                                       NangateOpenCellLibrary
                AOI21_X1                                                                      NangateOpenCellLibrary
                INV_X1                                                                        NangateOpenCellLibrary
                NAND2_X1                                                                      NangateOpenCellLibrary
                NOR2_X1                                                                       NangateOpenCellLibrary
                OAI21_X1                                                                      NangateOpenCellLibrary
                XNOR2_X1                                                                      NangateOpenCellLibrary
                XOR2_X1                                                                       NangateOpenCellLibrary
        mac_pipeline_superscalar_DATA_WIDTH8_LANE_NUM3_12_DW02_mult_2_DW02_mult_11
            AND2_X1                                                                           NangateOpenCellLibrary
            FA_X1                                                                             NangateOpenCellLibrary
            INV_X1                                                                            NangateOpenCellLibrary
            NOR2_X1                                                                           NangateOpenCellLibrary
            XOR2_X1                                                                           NangateOpenCellLibrary
            mac_pipeline_superscalar_DATA_WIDTH8_LANE_NUM3_12_DW01_add_8_DW01_add_158
                AND2_X1                                                                       NangateOpenCellLibrary
                AOI21_X1                                                                      NangateOpenCellLibrary
                INV_X1                                                                        NangateOpenCellLibrary
                NAND2_X1                                                                      NangateOpenCellLibrary
                NOR2_X1                                                                       NangateOpenCellLibrary
                OAI21_X1                                                                      NangateOpenCellLibrary
                XNOR2_X1                                                                      NangateOpenCellLibrary
                XOR2_X1                                                                       NangateOpenCellLibrary
    mac_pipeline_superscalar_DATA_WIDTH8_LANE_NUM3_13
        AND2_X1                                                                               NangateOpenCellLibrary
        AND4_X1                                                                               NangateOpenCellLibrary
        AOI21_X1                                                                              NangateOpenCellLibrary
        AOI22_X1                                                                              NangateOpenCellLibrary
        AOI221_X1                                                                             NangateOpenCellLibrary
        AOI222_X1                                                                             NangateOpenCellLibrary
        BUF_X1                                                                                NangateOpenCellLibrary
        BUF_X2                                                                                NangateOpenCellLibrary
        CLKBUF_X1                                                                             NangateOpenCellLibrary
        DFFR_X1                                                                               NangateOpenCellLibrary
        DLH_X1                                                                                NangateOpenCellLibrary
        INV_X1                                                                                NangateOpenCellLibrary
        NAND2_X1                                                                              NangateOpenCellLibrary
        NAND3_X1                                                                              NangateOpenCellLibrary
        NAND4_X1                                                                              NangateOpenCellLibrary
        NOR2_X1                                                                               NangateOpenCellLibrary
        NOR3_X1                                                                               NangateOpenCellLibrary
        OAI21_X1                                                                              NangateOpenCellLibrary
        OAI22_X1                                                                              NangateOpenCellLibrary
        OAI222_X1                                                                             NangateOpenCellLibrary
        OR2_X1                                                                                NangateOpenCellLibrary
        mac_pipeline_superscalar_DATA_WIDTH8_LANE_NUM3_13_DW01_add_0_DW01_add_84
            AND2_X1                                                                           NangateOpenCellLibrary
            FA_X1                                                                             NangateOpenCellLibrary
            XOR2_X1                                                                           NangateOpenCellLibrary
        mac_pipeline_superscalar_DATA_WIDTH8_LANE_NUM3_13_DW01_add_1_DW01_add_85
            AND2_X1                                                                           NangateOpenCellLibrary
            FA_X1                                                                             NangateOpenCellLibrary
            XOR2_X1                                                                           NangateOpenCellLibrary
        mac_pipeline_superscalar_DATA_WIDTH8_LANE_NUM3_13_DW01_add_2_DW01_add_86
            AND2_X1                                                                           NangateOpenCellLibrary
            FA_X1                                                                             NangateOpenCellLibrary
            XOR2_X1                                                                           NangateOpenCellLibrary
        mac_pipeline_superscalar_DATA_WIDTH8_LANE_NUM3_13_DW01_add_3_DW01_add_87
            AND2_X1                                                                           NangateOpenCellLibrary
            FA_X1                                                                             NangateOpenCellLibrary
            XOR2_X1                                                                           NangateOpenCellLibrary
        mac_pipeline_superscalar_DATA_WIDTH8_LANE_NUM3_13_DW01_add_4_DW01_add_88
            AND2_X1                                                                           NangateOpenCellLibrary
            FA_X1                                                                             NangateOpenCellLibrary
            XOR2_X1                                                                           NangateOpenCellLibrary
        mac_pipeline_superscalar_DATA_WIDTH8_LANE_NUM3_13_DW01_add_5_DW01_add_89
            AND2_X1                                                                           NangateOpenCellLibrary
            FA_X1                                                                             NangateOpenCellLibrary
            XOR2_X1                                                                           NangateOpenCellLibrary
        mac_pipeline_superscalar_DATA_WIDTH8_LANE_NUM3_13_DW02_mult_0_DW02_mult_6
            AND2_X1                                                                           NangateOpenCellLibrary
            FA_X1                                                                             NangateOpenCellLibrary
            INV_X1                                                                            NangateOpenCellLibrary
            NOR2_X1                                                                           NangateOpenCellLibrary
            XOR2_X1                                                                           NangateOpenCellLibrary
            mac_pipeline_superscalar_DATA_WIDTH8_LANE_NUM3_13_DW01_add_6_DW01_add_153
                AND2_X1                                                                       NangateOpenCellLibrary
                AOI21_X1                                                                      NangateOpenCellLibrary
                INV_X1                                                                        NangateOpenCellLibrary
                NAND2_X1                                                                      NangateOpenCellLibrary
                NOR2_X1                                                                       NangateOpenCellLibrary
                OAI21_X1                                                                      NangateOpenCellLibrary
                XNOR2_X1                                                                      NangateOpenCellLibrary
                XOR2_X1                                                                       NangateOpenCellLibrary
        mac_pipeline_superscalar_DATA_WIDTH8_LANE_NUM3_13_DW02_mult_1_DW02_mult_7
            AND2_X1                                                                           NangateOpenCellLibrary
            FA_X1                                                                             NangateOpenCellLibrary
            INV_X1                                                                            NangateOpenCellLibrary
            NOR2_X1                                                                           NangateOpenCellLibrary
            XOR2_X1                                                                           NangateOpenCellLibrary
            mac_pipeline_superscalar_DATA_WIDTH8_LANE_NUM3_13_DW01_add_7_DW01_add_154
                AND2_X1                                                                       NangateOpenCellLibrary
                AOI21_X1                                                                      NangateOpenCellLibrary
                INV_X1                                                                        NangateOpenCellLibrary
                NAND2_X1                                                                      NangateOpenCellLibrary
                NOR2_X1                                                                       NangateOpenCellLibrary
                OAI21_X1                                                                      NangateOpenCellLibrary
                XNOR2_X1                                                                      NangateOpenCellLibrary
                XOR2_X1                                                                       NangateOpenCellLibrary
        mac_pipeline_superscalar_DATA_WIDTH8_LANE_NUM3_13_DW02_mult_2_DW02_mult_8
            AND2_X1                                                                           NangateOpenCellLibrary
            FA_X1                                                                             NangateOpenCellLibrary
            INV_X1                                                                            NangateOpenCellLibrary
            NOR2_X1                                                                           NangateOpenCellLibrary
            XOR2_X1                                                                           NangateOpenCellLibrary
            mac_pipeline_superscalar_DATA_WIDTH8_LANE_NUM3_13_DW01_add_8_DW01_add_155
                AND2_X1                                                                       NangateOpenCellLibrary
                AOI21_X1                                                                      NangateOpenCellLibrary
                INV_X1                                                                        NangateOpenCellLibrary
                NAND2_X1                                                                      NangateOpenCellLibrary
                NOR2_X1                                                                       NangateOpenCellLibrary
                OAI21_X1                                                                      NangateOpenCellLibrary
                XNOR2_X1                                                                      NangateOpenCellLibrary
                XOR2_X1                                                                       NangateOpenCellLibrary
    mac_pipeline_superscalar_DATA_WIDTH8_LANE_NUM3_14
        AND2_X1                                                                               NangateOpenCellLibrary
        AND4_X1                                                                               NangateOpenCellLibrary
        AOI21_X1                                                                              NangateOpenCellLibrary
        AOI22_X1                                                                              NangateOpenCellLibrary
        AOI221_X1                                                                             NangateOpenCellLibrary
        AOI222_X1                                                                             NangateOpenCellLibrary
        BUF_X1                                                                                NangateOpenCellLibrary
        CLKBUF_X1                                                                             NangateOpenCellLibrary
        DFFR_X1                                                                               NangateOpenCellLibrary
        DLH_X1                                                                                NangateOpenCellLibrary
        INV_X1                                                                                NangateOpenCellLibrary
        NAND2_X1                                                                              NangateOpenCellLibrary
        NAND3_X1                                                                              NangateOpenCellLibrary
        NAND4_X1                                                                              NangateOpenCellLibrary
        NOR2_X1                                                                               NangateOpenCellLibrary
        NOR3_X1                                                                               NangateOpenCellLibrary
        OAI21_X1                                                                              NangateOpenCellLibrary
        OAI22_X1                                                                              NangateOpenCellLibrary
        OAI222_X1                                                                             NangateOpenCellLibrary
        OR2_X1                                                                                NangateOpenCellLibrary
        mac_pipeline_superscalar_DATA_WIDTH8_LANE_NUM3_14_DW01_add_0_DW01_add_90
            AND2_X1                                                                           NangateOpenCellLibrary
            FA_X1                                                                             NangateOpenCellLibrary
            XOR2_X1                                                                           NangateOpenCellLibrary
        mac_pipeline_superscalar_DATA_WIDTH8_LANE_NUM3_14_DW01_add_1_DW01_add_91
            AND2_X1                                                                           NangateOpenCellLibrary
            FA_X1                                                                             NangateOpenCellLibrary
            XOR2_X1                                                                           NangateOpenCellLibrary
        mac_pipeline_superscalar_DATA_WIDTH8_LANE_NUM3_14_DW01_add_2_DW01_add_92
            AND2_X1                                                                           NangateOpenCellLibrary
            FA_X1                                                                             NangateOpenCellLibrary
            XOR2_X1                                                                           NangateOpenCellLibrary
        mac_pipeline_superscalar_DATA_WIDTH8_LANE_NUM3_14_DW01_add_3_DW01_add_93
            AND2_X1                                                                           NangateOpenCellLibrary
            FA_X1                                                                             NangateOpenCellLibrary
            XOR2_X1                                                                           NangateOpenCellLibrary
        mac_pipeline_superscalar_DATA_WIDTH8_LANE_NUM3_14_DW01_add_4_DW01_add_94
            AND2_X1                                                                           NangateOpenCellLibrary
            FA_X1                                                                             NangateOpenCellLibrary
            XOR2_X1                                                                           NangateOpenCellLibrary
        mac_pipeline_superscalar_DATA_WIDTH8_LANE_NUM3_14_DW01_add_5_DW01_add_95
            AND2_X1                                                                           NangateOpenCellLibrary
            FA_X1                                                                             NangateOpenCellLibrary
            XOR2_X1                                                                           NangateOpenCellLibrary
        mac_pipeline_superscalar_DATA_WIDTH8_LANE_NUM3_14_DW02_mult_0_DW02_mult_3
            AND2_X1                                                                           NangateOpenCellLibrary
            FA_X1                                                                             NangateOpenCellLibrary
            INV_X1                                                                            NangateOpenCellLibrary
            NOR2_X1                                                                           NangateOpenCellLibrary
            XOR2_X1                                                                           NangateOpenCellLibrary
            mac_pipeline_superscalar_DATA_WIDTH8_LANE_NUM3_14_DW01_add_6_DW01_add_150
                AND2_X1                                                                       NangateOpenCellLibrary
                AOI21_X1                                                                      NangateOpenCellLibrary
                INV_X1                                                                        NangateOpenCellLibrary
                NAND2_X1                                                                      NangateOpenCellLibrary
                NOR2_X1                                                                       NangateOpenCellLibrary
                OAI21_X1                                                                      NangateOpenCellLibrary
                XNOR2_X1                                                                      NangateOpenCellLibrary
                XOR2_X1                                                                       NangateOpenCellLibrary
        mac_pipeline_superscalar_DATA_WIDTH8_LANE_NUM3_14_DW02_mult_1_DW02_mult_4
            AND2_X1                                                                           NangateOpenCellLibrary
            FA_X1                                                                             NangateOpenCellLibrary
            INV_X1                                                                            NangateOpenCellLibrary
            NOR2_X1                                                                           NangateOpenCellLibrary
            XOR2_X1                                                                           NangateOpenCellLibrary
            mac_pipeline_superscalar_DATA_WIDTH8_LANE_NUM3_14_DW01_add_7_DW01_add_151
                AND2_X1                                                                       NangateOpenCellLibrary
                AOI21_X1                                                                      NangateOpenCellLibrary
                INV_X1                                                                        NangateOpenCellLibrary
                NAND2_X1                                                                      NangateOpenCellLibrary
                NOR2_X1                                                                       NangateOpenCellLibrary
                OAI21_X1                                                                      NangateOpenCellLibrary
                XNOR2_X1                                                                      NangateOpenCellLibrary
                XOR2_X1                                                                       NangateOpenCellLibrary
        mac_pipeline_superscalar_DATA_WIDTH8_LANE_NUM3_14_DW02_mult_2_DW02_mult_5
            AND2_X1                                                                           NangateOpenCellLibrary
            FA_X1                                                                             NangateOpenCellLibrary
            INV_X1                                                                            NangateOpenCellLibrary
            NOR2_X1                                                                           NangateOpenCellLibrary
            XOR2_X1                                                                           NangateOpenCellLibrary
            mac_pipeline_superscalar_DATA_WIDTH8_LANE_NUM3_14_DW01_add_8_DW01_add_152
                AND2_X1                                                                       NangateOpenCellLibrary
                AOI21_X1                                                                      NangateOpenCellLibrary
                INV_X1                                                                        NangateOpenCellLibrary
                NAND2_X1                                                                      NangateOpenCellLibrary
                NOR2_X1                                                                       NangateOpenCellLibrary
                OAI21_X1                                                                      NangateOpenCellLibrary
                XNOR2_X1                                                                      NangateOpenCellLibrary
                XOR2_X1                                                                       NangateOpenCellLibrary
    mac_pipeline_superscalar_DATA_WIDTH8_LANE_NUM3_15
        AND2_X1                                                                               NangateOpenCellLibrary
        AND4_X1                                                                               NangateOpenCellLibrary
        AOI21_X1                                                                              NangateOpenCellLibrary
        AOI22_X1                                                                              NangateOpenCellLibrary
        AOI221_X1                                                                             NangateOpenCellLibrary
        AOI222_X1                                                                             NangateOpenCellLibrary
        BUF_X1                                                                                NangateOpenCellLibrary
        CLKBUF_X1                                                                             NangateOpenCellLibrary
        DFFR_X1                                                                               NangateOpenCellLibrary
        DLH_X1                                                                                NangateOpenCellLibrary
        INV_X1                                                                                NangateOpenCellLibrary
        NAND2_X1                                                                              NangateOpenCellLibrary
        NAND3_X1                                                                              NangateOpenCellLibrary
        NAND4_X1                                                                              NangateOpenCellLibrary
        NOR2_X1                                                                               NangateOpenCellLibrary
        NOR3_X1                                                                               NangateOpenCellLibrary
        OAI21_X1                                                                              NangateOpenCellLibrary
        OAI22_X1                                                                              NangateOpenCellLibrary
        OAI222_X1                                                                             NangateOpenCellLibrary
        OR2_X1                                                                                NangateOpenCellLibrary
        mac_pipeline_superscalar_DATA_WIDTH8_LANE_NUM3_15_DW01_add_0_DW01_add_96
            AND2_X1                                                                           NangateOpenCellLibrary
            FA_X1                                                                             NangateOpenCellLibrary
            XOR2_X1                                                                           NangateOpenCellLibrary
        mac_pipeline_superscalar_DATA_WIDTH8_LANE_NUM3_15_DW01_add_1_DW01_add_97
            AND2_X1                                                                           NangateOpenCellLibrary
            FA_X1                                                                             NangateOpenCellLibrary
            XOR2_X1                                                                           NangateOpenCellLibrary
        mac_pipeline_superscalar_DATA_WIDTH8_LANE_NUM3_15_DW01_add_2_DW01_add_98
            AND2_X1                                                                           NangateOpenCellLibrary
            FA_X1                                                                             NangateOpenCellLibrary
            XOR2_X1                                                                           NangateOpenCellLibrary
        mac_pipeline_superscalar_DATA_WIDTH8_LANE_NUM3_15_DW01_add_3_DW01_add_99
            AND2_X1                                                                           NangateOpenCellLibrary
            FA_X1                                                                             NangateOpenCellLibrary
            XOR2_X1                                                                           NangateOpenCellLibrary
        mac_pipeline_superscalar_DATA_WIDTH8_LANE_NUM3_15_DW01_add_4_DW01_add_100
            AND2_X1                                                                           NangateOpenCellLibrary
            FA_X1                                                                             NangateOpenCellLibrary
            XOR2_X1                                                                           NangateOpenCellLibrary
        mac_pipeline_superscalar_DATA_WIDTH8_LANE_NUM3_15_DW01_add_5_DW01_add_101
            AND2_X1                                                                           NangateOpenCellLibrary
            FA_X1                                                                             NangateOpenCellLibrary
            XOR2_X1                                                                           NangateOpenCellLibrary
        mac_pipeline_superscalar_DATA_WIDTH8_LANE_NUM3_15_DW02_mult_0
            AND2_X1                                                                           NangateOpenCellLibrary
            FA_X1                                                                             NangateOpenCellLibrary
            INV_X1                                                                            NangateOpenCellLibrary
            NOR2_X1                                                                           NangateOpenCellLibrary
            XOR2_X1                                                                           NangateOpenCellLibrary
            mac_pipeline_superscalar_DATA_WIDTH8_LANE_NUM3_15_DW01_add_6_DW01_add_147
                AND2_X1                                                                       NangateOpenCellLibrary
                AOI21_X1                                                                      NangateOpenCellLibrary
                INV_X1                                                                        NangateOpenCellLibrary
                NAND2_X1                                                                      NangateOpenCellLibrary
                NOR2_X1                                                                       NangateOpenCellLibrary
                OAI21_X1                                                                      NangateOpenCellLibrary
                XNOR2_X1                                                                      NangateOpenCellLibrary
                XOR2_X1                                                                       NangateOpenCellLibrary
        mac_pipeline_superscalar_DATA_WIDTH8_LANE_NUM3_15_DW02_mult_1
            AND2_X1                                                                           NangateOpenCellLibrary
            FA_X1                                                                             NangateOpenCellLibrary
            INV_X1                                                                            NangateOpenCellLibrary
            NOR2_X1                                                                           NangateOpenCellLibrary
            XOR2_X1                                                                           NangateOpenCellLibrary
            mac_pipeline_superscalar_DATA_WIDTH8_LANE_NUM3_15_DW01_add_7_DW01_add_148
                AND2_X1                                                                       NangateOpenCellLibrary
                AOI21_X1                                                                      NangateOpenCellLibrary
                INV_X1                                                                        NangateOpenCellLibrary
                NAND2_X1                                                                      NangateOpenCellLibrary
                NOR2_X1                                                                       NangateOpenCellLibrary
                OAI21_X1                                                                      NangateOpenCellLibrary
                XNOR2_X1                                                                      NangateOpenCellLibrary
                XOR2_X1                                                                       NangateOpenCellLibrary
        mac_pipeline_superscalar_DATA_WIDTH8_LANE_NUM3_15_DW02_mult_2
            AND2_X1                                                                           NangateOpenCellLibrary
            FA_X1                                                                             NangateOpenCellLibrary
            INV_X1                                                                            NangateOpenCellLibrary
            NOR2_X1                                                                           NangateOpenCellLibrary
            XOR2_X1                                                                           NangateOpenCellLibrary
            mac_pipeline_superscalar_DATA_WIDTH8_LANE_NUM3_15_DW01_add_8_DW01_add_149
                AND2_X1                                                                       NangateOpenCellLibrary
                AOI21_X1                                                                      NangateOpenCellLibrary
                INV_X1                                                                        NangateOpenCellLibrary
                NAND2_X1                                                                      NangateOpenCellLibrary
                NOR2_X1                                                                       NangateOpenCellLibrary
                OAI21_X1                                                                      NangateOpenCellLibrary
                XNOR2_X1                                                                      NangateOpenCellLibrary
                XOR2_X1                                                                       NangateOpenCellLibrary
    maxpool_16ch
        AND2_X1                                                                               NangateOpenCellLibrary
        AND4_X1                                                                               NangateOpenCellLibrary
        AOI21_X1                                                                              NangateOpenCellLibrary
        AOI22_X1                                                                              NangateOpenCellLibrary
        AOI221_X1                                                                             NangateOpenCellLibrary
        BUF_X1                                                                                NangateOpenCellLibrary
        DFFR_X1                                                                               NangateOpenCellLibrary
        DFFS_X1                                                                               NangateOpenCellLibrary
        DLH_X1                                                                                NangateOpenCellLibrary
        INV_X1                                                                                NangateOpenCellLibrary
        MUX2_X1                                                                               NangateOpenCellLibrary
        NAND2_X1                                                                              NangateOpenCellLibrary
        NAND3_X1                                                                              NangateOpenCellLibrary
        NAND4_X1                                                                              NangateOpenCellLibrary
        NOR2_X1                                                                               NangateOpenCellLibrary
        NOR2_X2                                                                               NangateOpenCellLibrary
        NOR4_X1                                                                               NangateOpenCellLibrary
        OAI21_X1                                                                              NangateOpenCellLibrary
        OAI22_X1                                                                              NangateOpenCellLibrary
        OAI211_X1                                                                             NangateOpenCellLibrary
        OAI222_X1                                                                             NangateOpenCellLibrary
        OR2_X1                                                                                NangateOpenCellLibrary
    output_buffer
        AND2_X1                                                                               NangateOpenCellLibrary
        AND3_X1                                                                               NangateOpenCellLibrary
        AND4_X1                                                                               NangateOpenCellLibrary
        BUF_X1                                                                                NangateOpenCellLibrary
        DFFR_X1                                                                               NangateOpenCellLibrary
        DFF_X1                                                                                NangateOpenCellLibrary
        DLH_X1                                                                                NangateOpenCellLibrary
        HA_X1                                                                                 NangateOpenCellLibrary
        INV_X1                                                                                NangateOpenCellLibrary
        INV_X2                                                                                NangateOpenCellLibrary
        NAND2_X1                                                                              NangateOpenCellLibrary
        NAND3_X1                                                                              NangateOpenCellLibrary
        NAND4_X1                                                                              NangateOpenCellLibrary
        NOR2_X1                                                                               NangateOpenCellLibrary
        NOR3_X1                                                                               NangateOpenCellLibrary
        NOR3_X2                                                                               NangateOpenCellLibrary
        NOR4_X1                                                                               NangateOpenCellLibrary
        OAI21_X1                                                                              NangateOpenCellLibrary
        OAI22_X1                                                                              NangateOpenCellLibrary
        OAI222_X1                                                                             NangateOpenCellLibrary
        XNOR2_X1                                                                              NangateOpenCellLibrary
    regfile_sync
        AND2_X1                                                                               NangateOpenCellLibrary
        AND3_X1                                                                               NangateOpenCellLibrary
        AOI22_X1                                                                              NangateOpenCellLibrary
        AOI211_X1                                                                             NangateOpenCellLibrary
        BUF_X1                                                                                NangateOpenCellLibrary
        DFFR_X1                                                                               NangateOpenCellLibrary
        DLH_X1                                                                                NangateOpenCellLibrary
        INV_X1                                                                                NangateOpenCellLibrary
        NAND2_X1                                                                              NangateOpenCellLibrary
        NAND3_X1                                                                              NangateOpenCellLibrary
        NAND4_X1                                                                              NangateOpenCellLibrary
        NOR2_X1                                                                               NangateOpenCellLibrary
        NOR3_X1                                                                               NangateOpenCellLibrary
        OAI21_X1                                                                              NangateOpenCellLibrary
        OAI22_X1                                                                              NangateOpenCellLibrary
        OR2_X1                                                                                NangateOpenCellLibrary
        XOR2_X1                                                                               NangateOpenCellLibrary
    w_buffer
        AND2_X1                                                                               NangateOpenCellLibrary
        AND3_X1                                                                               NangateOpenCellLibrary
        AND4_X1                                                                               NangateOpenCellLibrary
        AOI21_X1                                                                              NangateOpenCellLibrary
        AOI22_X1                                                                              NangateOpenCellLibrary
        AOI211_X1                                                                             NangateOpenCellLibrary
        AOI221_X1                                                                             NangateOpenCellLibrary
        BUF_X1                                                                                NangateOpenCellLibrary
        CLKBUF_X1                                                                             NangateOpenCellLibrary
        DFFR_X1                                                                               NangateOpenCellLibrary
        DFF_X1                                                                                NangateOpenCellLibrary
        DLH_X1                                                                                NangateOpenCellLibrary
        HA_X1                                                                                 NangateOpenCellLibrary
        INV_X1                                                                                NangateOpenCellLibrary
        MUX2_X1                                                                               NangateOpenCellLibrary
        NAND2_X1                                                                              NangateOpenCellLibrary
        NAND3_X1                                                                              NangateOpenCellLibrary
        NAND4_X1                                                                              NangateOpenCellLibrary
        NOR2_X1                                                                               NangateOpenCellLibrary
        NOR3_X1                                                                               NangateOpenCellLibrary
        NOR4_X1                                                                               NangateOpenCellLibrary
        OAI21_X1                                                                              NangateOpenCellLibrary
        OAI22_X1                                                                              NangateOpenCellLibrary
        OAI211_X1                                                                             NangateOpenCellLibrary
        OAI222_X1                                                                             NangateOpenCellLibrary
        OR2_X1                                                                                NangateOpenCellLibrary
        XNOR2_X1                                                                              NangateOpenCellLibrary
        XOR2_X1                                                                               NangateOpenCellLibrary
1
