Warning: Design 'SPRNN_Top' has '2' unresolved references. For more detailed information, use the "link" command. (UID-341)
 
****************************************
Report : cell
Design : SPRNN_Top
Version: Q-2019.12-SP5-5
Date   : Sun Jun 15 20:55:23 2025
****************************************

Attributes:
    b - black box (unknown)
    h - hierarchical
    n - noncombinational
    p - parameterized
    r - removable
   so - sizing only
    u - contains unmapped logic

Cell                      Reference       Library             Area  Attributes
--------------------------------------------------------------------------------
C5602                     AND2_X1         NangateOpenCellLibrary
                                                          1.064000  so
C5619                     AND2_X1         NangateOpenCellLibrary
                                                          1.064000  so
C5668                     AND2_X1         NangateOpenCellLibrary
                                                          1.064000  so
GEN_PE[0].u_PE_array      mac_pipeline_superscalar_DATA_WIDTH8_LANE_NUM3_15
                                                          4386.340054
                                                                    h, n, p
GEN_PE[1].u_PE_array      mac_pipeline_superscalar_DATA_WIDTH8_LANE_NUM3_14
                                                          4387.138054
                                                                    h, n, p
GEN_PE[2].u_PE_array      mac_pipeline_superscalar_DATA_WIDTH8_LANE_NUM3_13
                                                          4388.468054
                                                                    h, n, p
GEN_PE[3].u_PE_array      mac_pipeline_superscalar_DATA_WIDTH8_LANE_NUM3_12
                                                          4387.670054
                                                                    h, n, p
GEN_PE[4].u_PE_array      mac_pipeline_superscalar_DATA_WIDTH8_LANE_NUM3_11
                                                          4388.468054
                                                                    h, n, p
GEN_PE[5].u_PE_array      mac_pipeline_superscalar_DATA_WIDTH8_LANE_NUM3_10
                                                          4388.468054
                                                                    h, n, p
GEN_PE[6].u_PE_array      mac_pipeline_superscalar_DATA_WIDTH8_LANE_NUM3_9
                                                          4388.468054
                                                                    h, n, p
GEN_PE[7].u_PE_array      mac_pipeline_superscalar_DATA_WIDTH8_LANE_NUM3_8
                                                          4386.340054
                                                                    h, n, p
GEN_PE[8].u_PE_array      mac_pipeline_superscalar_DATA_WIDTH8_LANE_NUM3_7
                                                          4386.606054
                                                                    h, n, p
GEN_PE[9].u_PE_array      mac_pipeline_superscalar_DATA_WIDTH8_LANE_NUM3_6
                                                          4387.670054
                                                                    h, n, p
GEN_PE[10].u_PE_array     mac_pipeline_superscalar_DATA_WIDTH8_LANE_NUM3_5
                                                          4387.404054
                                                                    h, n, p
GEN_PE[11].u_PE_array     mac_pipeline_superscalar_DATA_WIDTH8_LANE_NUM3_4
                                                          4386.340054
                                                                    h, n, p
GEN_PE[12].u_PE_array     mac_pipeline_superscalar_DATA_WIDTH8_LANE_NUM3_3
                                                          4386.340054
                                                                    h, n, p
GEN_PE[13].u_PE_array     mac_pipeline_superscalar_DATA_WIDTH8_LANE_NUM3_2
                                                          4387.138054
                                                                    h, n, p
GEN_PE[14].u_PE_array     mac_pipeline_superscalar_DATA_WIDTH8_LANE_NUM3_1
                                                          4387.138054
                                                                    h, n, p
GEN_PE[15].u_PE_array     mac_pipeline_superscalar_DATA_WIDTH8_LANE_NUM3_0
                                                          4386.872054
                                                                    h, n, p
U8                        NAND3_X1        NangateOpenCellLibrary
                                                          1.064000  
U2946                     NAND3_X1        NangateOpenCellLibrary
                                                          1.064000  
U2957                     OAI21_X1        NangateOpenCellLibrary
                                                          1.064000  so
U2958                     OAI21_X1        NangateOpenCellLibrary
                                                          1.064000  so
U2959                     OAI21_X1        NangateOpenCellLibrary
                                                          1.064000  so
U2960                     OAI21_X1        NangateOpenCellLibrary
                                                          1.064000  so
U2961                     OAI21_X1        NangateOpenCellLibrary
                                                          1.064000  so
U2962                     OAI21_X1        NangateOpenCellLibrary
                                                          1.064000  so
U2963                     OAI222_X1       NangateOpenCellLibrary
                                                          2.128000  so
U2964                     OAI222_X1       NangateOpenCellLibrary
                                                          2.128000  so
U2965                     OAI222_X1       NangateOpenCellLibrary
                                                          2.128000  so
U2966                     OAI222_X1       NangateOpenCellLibrary
                                                          2.128000  so
U2967                     OAI222_X1       NangateOpenCellLibrary
                                                          2.128000  so
U2968                     OAI222_X1       NangateOpenCellLibrary
                                                          2.128000  so
U2969                     OAI222_X1       NangateOpenCellLibrary
                                                          2.128000  so
U2970                     OAI222_X1       NangateOpenCellLibrary
                                                          2.128000  so
U2971                     OAI222_X1       NangateOpenCellLibrary
                                                          2.128000  so
U2972                     OAI222_X1       NangateOpenCellLibrary
                                                          2.128000  so
U2973                     OAI222_X1       NangateOpenCellLibrary
                                                          2.128000  so
U2974                     OAI222_X1       NangateOpenCellLibrary
                                                          2.128000  so
U2975                     OAI222_X1       NangateOpenCellLibrary
                                                          2.128000  so
U2976                     OAI222_X1       NangateOpenCellLibrary
                                                          2.128000  so
U2977                     OAI222_X1       NangateOpenCellLibrary
                                                          2.128000  so
U2978                     OAI222_X1       NangateOpenCellLibrary
                                                          2.128000  so
U2979                     OAI222_X1       NangateOpenCellLibrary
                                                          2.128000  so
U2980                     OAI222_X1       NangateOpenCellLibrary
                                                          2.128000  so
U2981                     OAI222_X1       NangateOpenCellLibrary
                                                          2.128000  so
U2982                     OAI222_X1       NangateOpenCellLibrary
                                                          2.128000  so
U2983                     OAI222_X1       NangateOpenCellLibrary
                                                          2.128000  so
U2984                     OAI222_X1       NangateOpenCellLibrary
                                                          2.128000  so
U2985                     OAI222_X1       NangateOpenCellLibrary
                                                          2.128000  so
U2986                     OAI222_X1       NangateOpenCellLibrary
                                                          2.128000  so
U2987                     OAI222_X1       NangateOpenCellLibrary
                                                          2.128000  so
U2988                     OAI222_X1       NangateOpenCellLibrary
                                                          2.128000  so
U2989                     OAI222_X1       NangateOpenCellLibrary
                                                          2.128000  so
U2990                     OAI222_X1       NangateOpenCellLibrary
                                                          2.128000  so
U2991                     OAI222_X1       NangateOpenCellLibrary
                                                          2.128000  so
U2992                     OAI222_X1       NangateOpenCellLibrary
                                                          2.128000  so
U2993                     OAI222_X1       NangateOpenCellLibrary
                                                          2.128000  so
U2994                     OAI222_X1       NangateOpenCellLibrary
                                                          2.128000  so
U2995                     OAI222_X1       NangateOpenCellLibrary
                                                          2.128000  so
U2996                     OAI222_X1       NangateOpenCellLibrary
                                                          2.128000  so
U2997                     OAI222_X1       NangateOpenCellLibrary
                                                          2.128000  so
U2998                     OAI222_X1       NangateOpenCellLibrary
                                                          2.128000  so
U2999                     OAI222_X1       NangateOpenCellLibrary
                                                          2.128000  so
U3000                     OAI222_X1       NangateOpenCellLibrary
                                                          2.128000  so
U3001                     OAI222_X1       NangateOpenCellLibrary
                                                          2.128000  so
U3002                     OAI222_X1       NangateOpenCellLibrary
                                                          2.128000  so
U3003                     OAI222_X1       NangateOpenCellLibrary
                                                          2.128000  so
U3004                     OAI222_X1       NangateOpenCellLibrary
                                                          2.128000  so
U3005                     OAI222_X1       NangateOpenCellLibrary
                                                          2.128000  so
U3006                     OAI222_X1       NangateOpenCellLibrary
                                                          2.128000  so
U3007                     OAI222_X1       NangateOpenCellLibrary
                                                          2.128000  so
U3008                     OAI222_X1       NangateOpenCellLibrary
                                                          2.128000  so
U3009                     OAI222_X1       NangateOpenCellLibrary
                                                          2.128000  so
U3010                     OAI222_X1       NangateOpenCellLibrary
                                                          2.128000  so
U3011                     OAI222_X1       NangateOpenCellLibrary
                                                          2.128000  so
U3012                     OAI222_X1       NangateOpenCellLibrary
                                                          2.128000  so
U3013                     OAI222_X1       NangateOpenCellLibrary
                                                          2.128000  so
U3014                     OAI222_X1       NangateOpenCellLibrary
                                                          2.128000  so
U3015                     OAI222_X1       NangateOpenCellLibrary
                                                          2.128000  so
U3016                     OAI222_X1       NangateOpenCellLibrary
                                                          2.128000  so
U3017                     OAI222_X1       NangateOpenCellLibrary
                                                          2.128000  so
U3018                     OAI222_X1       NangateOpenCellLibrary
                                                          2.128000  so
U3019                     OAI222_X1       NangateOpenCellLibrary
                                                          2.128000  so
U3020                     OAI222_X1       NangateOpenCellLibrary
                                                          2.128000  so
U3021                     OAI222_X1       NangateOpenCellLibrary
                                                          2.128000  so
U3022                     OAI222_X1       NangateOpenCellLibrary
                                                          2.128000  so
U3023                     OAI222_X1       NangateOpenCellLibrary
                                                          2.128000  so
U3024                     OAI222_X1       NangateOpenCellLibrary
                                                          2.128000  so
U3025                     OAI222_X1       NangateOpenCellLibrary
                                                          2.128000  so
U3026                     OAI222_X1       NangateOpenCellLibrary
                                                          2.128000  so
U3027                     OAI222_X1       NangateOpenCellLibrary
                                                          2.128000  so
U3028                     OAI222_X1       NangateOpenCellLibrary
                                                          2.128000  so
U3029                     OAI222_X1       NangateOpenCellLibrary
                                                          2.128000  so
U3030                     OAI222_X1       NangateOpenCellLibrary
                                                          2.128000  so
U3031                     OAI222_X1       NangateOpenCellLibrary
                                                          2.128000  so
U3032                     OAI222_X1       NangateOpenCellLibrary
                                                          2.128000  so
U3033                     OAI222_X1       NangateOpenCellLibrary
                                                          2.128000  so
U3034                     OAI222_X1       NangateOpenCellLibrary
                                                          2.128000  so
U3035                     OAI222_X1       NangateOpenCellLibrary
                                                          2.128000  so
U3036                     OAI222_X1       NangateOpenCellLibrary
                                                          2.128000  so
U3037                     OAI222_X1       NangateOpenCellLibrary
                                                          2.128000  so
U3038                     OAI222_X1       NangateOpenCellLibrary
                                                          2.128000  so
U3039                     OAI222_X1       NangateOpenCellLibrary
                                                          2.128000  so
U3040                     OAI222_X1       NangateOpenCellLibrary
                                                          2.128000  so
U3041                     OAI222_X1       NangateOpenCellLibrary
                                                          2.128000  so
U3042                     OAI222_X1       NangateOpenCellLibrary
                                                          2.128000  so
U3043                     OAI222_X1       NangateOpenCellLibrary
                                                          2.128000  so
U3044                     OAI222_X1       NangateOpenCellLibrary
                                                          2.128000  so
U3045                     OAI222_X1       NangateOpenCellLibrary
                                                          2.128000  so
U3046                     OAI222_X1       NangateOpenCellLibrary
                                                          2.128000  so
U3047                     OAI222_X1       NangateOpenCellLibrary
                                                          2.128000  so
U3048                     OAI222_X1       NangateOpenCellLibrary
                                                          2.128000  so
U3049                     OAI222_X1       NangateOpenCellLibrary
                                                          2.128000  so
U3050                     OAI222_X1       NangateOpenCellLibrary
                                                          2.128000  so
U3051                     OAI222_X1       NangateOpenCellLibrary
                                                          2.128000  so
U3052                     OAI222_X1       NangateOpenCellLibrary
                                                          2.128000  so
U3053                     OAI222_X1       NangateOpenCellLibrary
                                                          2.128000  so
U3054                     OAI222_X1       NangateOpenCellLibrary
                                                          2.128000  so
U3055                     OAI222_X1       NangateOpenCellLibrary
                                                          2.128000  so
U3056                     OAI222_X1       NangateOpenCellLibrary
                                                          2.128000  so
U3057                     OAI222_X1       NangateOpenCellLibrary
                                                          2.128000  so
U3058                     OAI222_X1       NangateOpenCellLibrary
                                                          2.128000  so
U3059                     OAI222_X1       NangateOpenCellLibrary
                                                          2.128000  so
U3060                     OAI222_X1       NangateOpenCellLibrary
                                                          2.128000  so
U3061                     OAI222_X1       NangateOpenCellLibrary
                                                          2.128000  so
U3062                     OAI222_X1       NangateOpenCellLibrary
                                                          2.128000  so
U3063                     OAI222_X1       NangateOpenCellLibrary
                                                          2.128000  so
U3064                     OAI222_X1       NangateOpenCellLibrary
                                                          2.128000  so
U3065                     OAI222_X1       NangateOpenCellLibrary
                                                          2.128000  so
U3066                     OAI222_X1       NangateOpenCellLibrary
                                                          2.128000  so
U3067                     OAI222_X1       NangateOpenCellLibrary
                                                          2.128000  so
U3068                     OAI222_X1       NangateOpenCellLibrary
                                                          2.128000  so
U3069                     OAI222_X1       NangateOpenCellLibrary
                                                          2.128000  so
U3070                     OAI222_X1       NangateOpenCellLibrary
                                                          2.128000  so
U3071                     OAI222_X1       NangateOpenCellLibrary
                                                          2.128000  so
U3072                     OAI222_X1       NangateOpenCellLibrary
                                                          2.128000  so
U3073                     OAI222_X1       NangateOpenCellLibrary
                                                          2.128000  so
U3074                     OAI222_X1       NangateOpenCellLibrary
                                                          2.128000  so
U3075                     OAI222_X1       NangateOpenCellLibrary
                                                          2.128000  so
U3076                     OAI222_X1       NangateOpenCellLibrary
                                                          2.128000  so
U3077                     OAI222_X1       NangateOpenCellLibrary
                                                          2.128000  so
U3078                     OAI222_X1       NangateOpenCellLibrary
                                                          2.128000  so
U3079                     OAI222_X1       NangateOpenCellLibrary
                                                          2.128000  so
U3080                     OAI222_X1       NangateOpenCellLibrary
                                                          2.128000  so
U3081                     OAI222_X1       NangateOpenCellLibrary
                                                          2.128000  so
U3082                     OAI222_X1       NangateOpenCellLibrary
                                                          2.128000  so
U3083                     OAI222_X1       NangateOpenCellLibrary
                                                          2.128000  so
U3084                     OAI222_X1       NangateOpenCellLibrary
                                                          2.128000  so
U3085                     OAI222_X1       NangateOpenCellLibrary
                                                          2.128000  so
U3086                     OAI222_X1       NangateOpenCellLibrary
                                                          2.128000  so
U3087                     OAI222_X1       NangateOpenCellLibrary
                                                          2.128000  so
U3088                     OAI222_X1       NangateOpenCellLibrary
                                                          2.128000  so
U3089                     OAI222_X1       NangateOpenCellLibrary
                                                          2.128000  so
U3090                     OAI222_X1       NangateOpenCellLibrary
                                                          2.128000  so
U3091                     OAI222_X1       NangateOpenCellLibrary
                                                          2.128000  so
U3092                     OAI222_X1       NangateOpenCellLibrary
                                                          2.128000  so
U3093                     OAI222_X1       NangateOpenCellLibrary
                                                          2.128000  so
U3094                     OAI222_X1       NangateOpenCellLibrary
                                                          2.128000  so
U3095                     OAI222_X1       NangateOpenCellLibrary
                                                          2.128000  so
U3096                     OAI222_X1       NangateOpenCellLibrary
                                                          2.128000  so
U3097                     OAI222_X1       NangateOpenCellLibrary
                                                          2.128000  so
U3098                     OAI222_X1       NangateOpenCellLibrary
                                                          2.128000  so
U3099                     OAI222_X1       NangateOpenCellLibrary
                                                          2.128000  so
U3100                     OAI222_X1       NangateOpenCellLibrary
                                                          2.128000  so
U3101                     OAI222_X1       NangateOpenCellLibrary
                                                          2.128000  so
U3102                     OAI222_X1       NangateOpenCellLibrary
                                                          2.128000  so
U3103                     OAI222_X1       NangateOpenCellLibrary
                                                          2.128000  so
U3104                     OAI222_X1       NangateOpenCellLibrary
                                                          2.128000  so
U3105                     OAI222_X1       NangateOpenCellLibrary
                                                          2.128000  so
U3106                     OAI222_X1       NangateOpenCellLibrary
                                                          2.128000  so
U3107                     OAI222_X1       NangateOpenCellLibrary
                                                          2.128000  so
U3108                     OAI222_X1       NangateOpenCellLibrary
                                                          2.128000  so
U3109                     OAI222_X1       NangateOpenCellLibrary
                                                          2.128000  so
U3110                     OAI222_X1       NangateOpenCellLibrary
                                                          2.128000  so
U3111                     OAI222_X1       NangateOpenCellLibrary
                                                          2.128000  so
U3112                     OAI222_X1       NangateOpenCellLibrary
                                                          2.128000  so
U3113                     OAI222_X1       NangateOpenCellLibrary
                                                          2.128000  so
U3114                     OAI222_X1       NangateOpenCellLibrary
                                                          2.128000  so
U3115                     OAI222_X1       NangateOpenCellLibrary
                                                          2.128000  so
U3116                     OAI222_X1       NangateOpenCellLibrary
                                                          2.128000  so
U3117                     OAI222_X1       NangateOpenCellLibrary
                                                          2.128000  so
U3118                     OAI222_X1       NangateOpenCellLibrary
                                                          2.128000  so
U3119                     OAI222_X1       NangateOpenCellLibrary
                                                          2.128000  so
U3120                     OAI222_X1       NangateOpenCellLibrary
                                                          2.128000  so
U3121                     OAI222_X1       NangateOpenCellLibrary
                                                          2.128000  so
U3122                     OAI222_X1       NangateOpenCellLibrary
                                                          2.128000  so
U3123                     OAI222_X1       NangateOpenCellLibrary
                                                          2.128000  so
U3124                     OAI222_X1       NangateOpenCellLibrary
                                                          2.128000  so
U3125                     OAI222_X1       NangateOpenCellLibrary
                                                          2.128000  so
U3126                     OAI222_X1       NangateOpenCellLibrary
                                                          2.128000  so
U3127                     OAI222_X1       NangateOpenCellLibrary
                                                          2.128000  so
U3128                     OAI222_X1       NangateOpenCellLibrary
                                                          2.128000  so
U3129                     OAI222_X1       NangateOpenCellLibrary
                                                          2.128000  so
U3130                     OAI222_X1       NangateOpenCellLibrary
                                                          2.128000  so
U3131                     OAI222_X1       NangateOpenCellLibrary
                                                          2.128000  so
U3132                     OAI222_X1       NangateOpenCellLibrary
                                                          2.128000  so
U3133                     OAI222_X1       NangateOpenCellLibrary
                                                          2.128000  so
U3134                     OAI222_X1       NangateOpenCellLibrary
                                                          2.128000  so
U3135                     OAI222_X1       NangateOpenCellLibrary
                                                          2.128000  so
U3136                     OAI222_X1       NangateOpenCellLibrary
                                                          2.128000  so
U3137                     OAI222_X1       NangateOpenCellLibrary
                                                          2.128000  so
U3138                     OAI222_X1       NangateOpenCellLibrary
                                                          2.128000  so
U3139                     OAI222_X1       NangateOpenCellLibrary
                                                          2.128000  so
U3140                     OAI222_X1       NangateOpenCellLibrary
                                                          2.128000  so
U3141                     OAI222_X1       NangateOpenCellLibrary
                                                          2.128000  so
U3142                     OAI222_X1       NangateOpenCellLibrary
                                                          2.128000  so
U3143                     OAI222_X1       NangateOpenCellLibrary
                                                          2.128000  so
U3144                     OAI222_X1       NangateOpenCellLibrary
                                                          2.128000  so
U3145                     OAI222_X1       NangateOpenCellLibrary
                                                          2.128000  so
U3146                     OAI222_X1       NangateOpenCellLibrary
                                                          2.128000  so
U3147                     OAI222_X1       NangateOpenCellLibrary
                                                          2.128000  so
U3148                     OAI222_X1       NangateOpenCellLibrary
                                                          2.128000  so
U3149                     OAI222_X1       NangateOpenCellLibrary
                                                          2.128000  so
U3150                     OAI222_X1       NangateOpenCellLibrary
                                                          2.128000  so
U3151                     OAI222_X1       NangateOpenCellLibrary
                                                          2.128000  so
U3152                     OAI222_X1       NangateOpenCellLibrary
                                                          2.128000  so
U3153                     OAI222_X1       NangateOpenCellLibrary
                                                          2.128000  so
U3154                     OAI222_X1       NangateOpenCellLibrary
                                                          2.128000  so
U3155                     OAI222_X1       NangateOpenCellLibrary
                                                          2.128000  so
U3156                     OAI222_X1       NangateOpenCellLibrary
                                                          2.128000  so
U3157                     OAI222_X1       NangateOpenCellLibrary
                                                          2.128000  so
U3158                     OAI222_X1       NangateOpenCellLibrary
                                                          2.128000  so
U3159                     OAI222_X1       NangateOpenCellLibrary
                                                          2.128000  so
U3160                     OAI222_X1       NangateOpenCellLibrary
                                                          2.128000  so
U3161                     OAI222_X1       NangateOpenCellLibrary
                                                          2.128000  so
U3162                     OAI222_X1       NangateOpenCellLibrary
                                                          2.128000  so
U3163                     OAI222_X1       NangateOpenCellLibrary
                                                          2.128000  so
U3164                     OAI222_X1       NangateOpenCellLibrary
                                                          2.128000  so
U3165                     OAI222_X1       NangateOpenCellLibrary
                                                          2.128000  so
U3166                     OAI222_X1       NangateOpenCellLibrary
                                                          2.128000  so
U3167                     OAI222_X1       NangateOpenCellLibrary
                                                          2.128000  so
U3168                     OAI222_X1       NangateOpenCellLibrary
                                                          2.128000  so
U3169                     OAI222_X1       NangateOpenCellLibrary
                                                          2.128000  so
U3170                     OAI222_X1       NangateOpenCellLibrary
                                                          2.128000  so
U3171                     OAI222_X1       NangateOpenCellLibrary
                                                          2.128000  so
U3172                     OAI222_X1       NangateOpenCellLibrary
                                                          2.128000  so
U3173                     OAI222_X1       NangateOpenCellLibrary
                                                          2.128000  so
U3174                     OAI222_X1       NangateOpenCellLibrary
                                                          2.128000  so
U3175                     OAI222_X1       NangateOpenCellLibrary
                                                          2.128000  so
U3176                     OAI222_X1       NangateOpenCellLibrary
                                                          2.128000  so
U3177                     OAI222_X1       NangateOpenCellLibrary
                                                          2.128000  so
U3178                     OAI222_X1       NangateOpenCellLibrary
                                                          2.128000  so
U3179                     OAI222_X1       NangateOpenCellLibrary
                                                          2.128000  so
U3180                     OAI222_X1       NangateOpenCellLibrary
                                                          2.128000  so
U3181                     OAI222_X1       NangateOpenCellLibrary
                                                          2.128000  so
U3182                     OAI222_X1       NangateOpenCellLibrary
                                                          2.128000  so
U3183                     OAI222_X1       NangateOpenCellLibrary
                                                          2.128000  so
U3184                     OAI222_X1       NangateOpenCellLibrary
                                                          2.128000  so
U3185                     OAI222_X1       NangateOpenCellLibrary
                                                          2.128000  so
U3186                     OAI222_X1       NangateOpenCellLibrary
                                                          2.128000  so
U3187                     OAI222_X1       NangateOpenCellLibrary
                                                          2.128000  so
U3188                     OAI222_X1       NangateOpenCellLibrary
                                                          2.128000  so
U3189                     OAI222_X1       NangateOpenCellLibrary
                                                          2.128000  so
U3190                     OAI222_X1       NangateOpenCellLibrary
                                                          2.128000  so
U3191                     OAI222_X1       NangateOpenCellLibrary
                                                          2.128000  so
U3192                     OAI222_X1       NangateOpenCellLibrary
                                                          2.128000  so
U3193                     OAI222_X1       NangateOpenCellLibrary
                                                          2.128000  so
U3194                     OAI222_X1       NangateOpenCellLibrary
                                                          2.128000  so
U3195                     OAI222_X1       NangateOpenCellLibrary
                                                          2.128000  so
U3196                     OAI222_X1       NangateOpenCellLibrary
                                                          2.128000  so
U3197                     OAI222_X1       NangateOpenCellLibrary
                                                          2.128000  so
U3198                     OAI222_X1       NangateOpenCellLibrary
                                                          2.128000  so
U3199                     OAI222_X1       NangateOpenCellLibrary
                                                          2.128000  so
U3200                     OAI222_X1       NangateOpenCellLibrary
                                                          2.128000  so
U3201                     OAI222_X1       NangateOpenCellLibrary
                                                          2.128000  so
U3202                     OAI222_X1       NangateOpenCellLibrary
                                                          2.128000  so
U3203                     OAI222_X1       NangateOpenCellLibrary
                                                          2.128000  so
U3204                     OAI222_X1       NangateOpenCellLibrary
                                                          2.128000  so
U3205                     OAI222_X1       NangateOpenCellLibrary
                                                          2.128000  so
U3206                     OAI222_X1       NangateOpenCellLibrary
                                                          2.128000  so
U3207                     OAI222_X1       NangateOpenCellLibrary
                                                          2.128000  so
U3208                     OAI222_X1       NangateOpenCellLibrary
                                                          2.128000  so
U3209                     OAI222_X1       NangateOpenCellLibrary
                                                          2.128000  so
U3210                     OAI222_X1       NangateOpenCellLibrary
                                                          2.128000  so
U3211                     OAI222_X1       NangateOpenCellLibrary
                                                          2.128000  so
U3212                     OAI222_X1       NangateOpenCellLibrary
                                                          2.128000  so
U3213                     OAI222_X1       NangateOpenCellLibrary
                                                          2.128000  so
U3214                     OAI222_X1       NangateOpenCellLibrary
                                                          2.128000  so
U3215                     OAI222_X1       NangateOpenCellLibrary
                                                          2.128000  so
U3216                     OAI222_X1       NangateOpenCellLibrary
                                                          2.128000  so
U3217                     OAI222_X1       NangateOpenCellLibrary
                                                          2.128000  so
U3218                     OAI222_X1       NangateOpenCellLibrary
                                                          2.128000  so
U3219                     OAI222_X1       NangateOpenCellLibrary
                                                          2.128000  so
U3220                     OAI222_X1       NangateOpenCellLibrary
                                                          2.128000  so
U3221                     OAI222_X1       NangateOpenCellLibrary
                                                          2.128000  so
U3222                     OAI222_X1       NangateOpenCellLibrary
                                                          2.128000  so
U3223                     OAI222_X1       NangateOpenCellLibrary
                                                          2.128000  so
U3224                     OAI222_X1       NangateOpenCellLibrary
                                                          2.128000  so
U3225                     OAI222_X1       NangateOpenCellLibrary
                                                          2.128000  so
U3226                     OAI222_X1       NangateOpenCellLibrary
                                                          2.128000  so
U3227                     OAI222_X1       NangateOpenCellLibrary
                                                          2.128000  so
U3228                     OAI222_X1       NangateOpenCellLibrary
                                                          2.128000  so
U3229                     OAI222_X1       NangateOpenCellLibrary
                                                          2.128000  so
U3230                     OAI222_X1       NangateOpenCellLibrary
                                                          2.128000  so
U3231                     OAI222_X1       NangateOpenCellLibrary
                                                          2.128000  so
U3232                     OAI222_X1       NangateOpenCellLibrary
                                                          2.128000  so
U3233                     OAI222_X1       NangateOpenCellLibrary
                                                          2.128000  so
U3234                     OAI222_X1       NangateOpenCellLibrary
                                                          2.128000  so
U3235                     OAI222_X1       NangateOpenCellLibrary
                                                          2.128000  so
U3236                     OAI222_X1       NangateOpenCellLibrary
                                                          2.128000  so
U3237                     OAI222_X1       NangateOpenCellLibrary
                                                          2.128000  so
U3238                     OAI222_X1       NangateOpenCellLibrary
                                                          2.128000  so
U3239                     OAI222_X1       NangateOpenCellLibrary
                                                          2.128000  so
U3240                     OAI222_X1       NangateOpenCellLibrary
                                                          2.128000  so
U3241                     OAI222_X1       NangateOpenCellLibrary
                                                          2.128000  so
U3242                     OAI222_X1       NangateOpenCellLibrary
                                                          2.128000  so
U3243                     OAI222_X1       NangateOpenCellLibrary
                                                          2.128000  so
U3244                     OAI222_X1       NangateOpenCellLibrary
                                                          2.128000  so
U3245                     OAI222_X1       NangateOpenCellLibrary
                                                          2.128000  so
U3246                     OAI222_X1       NangateOpenCellLibrary
                                                          2.128000  so
U3247                     OAI222_X1       NangateOpenCellLibrary
                                                          2.128000  so
U3248                     OAI222_X1       NangateOpenCellLibrary
                                                          2.128000  so
U3249                     OAI222_X1       NangateOpenCellLibrary
                                                          2.128000  so
U3250                     OAI222_X1       NangateOpenCellLibrary
                                                          2.128000  so
U3251                     OAI222_X1       NangateOpenCellLibrary
                                                          2.128000  so
U3252                     OAI222_X1       NangateOpenCellLibrary
                                                          2.128000  so
U3253                     OAI222_X1       NangateOpenCellLibrary
                                                          2.128000  so
U3254                     OAI222_X1       NangateOpenCellLibrary
                                                          2.128000  so
U3255                     OAI222_X1       NangateOpenCellLibrary
                                                          2.128000  so
U3256                     OAI222_X1       NangateOpenCellLibrary
                                                          2.128000  so
U3257                     OAI222_X1       NangateOpenCellLibrary
                                                          2.128000  so
U3258                     OAI222_X1       NangateOpenCellLibrary
                                                          2.128000  so
U3259                     OAI222_X1       NangateOpenCellLibrary
                                                          2.128000  so
U3260                     OAI222_X1       NangateOpenCellLibrary
                                                          2.128000  so
U3263                     BUF_X1          NangateOpenCellLibrary
                                                          0.798000  
U3264                     INV_X16         NangateOpenCellLibrary
                                                          4.522000  
U3265                     INV_X8          NangateOpenCellLibrary
                                                          2.394000  
U3266                     INV_X16         NangateOpenCellLibrary
                                                          4.522000  
U3267                     INV_X8          NangateOpenCellLibrary
                                                          2.394000  
U3268                     OAI21_X1        NangateOpenCellLibrary
                                                          1.064000  
U3269                     NAND2_X1        NangateOpenCellLibrary
                                                          0.798000  
U3270                     OAI21_X1        NangateOpenCellLibrary
                                                          1.064000  
U3271                     NAND2_X1        NangateOpenCellLibrary
                                                          0.798000  
U3272                     OAI21_X1        NangateOpenCellLibrary
                                                          1.064000  
U3273                     NAND2_X1        NangateOpenCellLibrary
                                                          0.798000  
U3274                     OAI21_X1        NangateOpenCellLibrary
                                                          1.064000  
U3275                     NAND2_X1        NangateOpenCellLibrary
                                                          0.798000  
U3276                     OAI21_X1        NangateOpenCellLibrary
                                                          1.064000  
U3277                     NAND2_X1        NangateOpenCellLibrary
                                                          0.798000  
U3278                     OAI21_X1        NangateOpenCellLibrary
                                                          1.064000  
U3279                     NAND2_X1        NangateOpenCellLibrary
                                                          0.798000  
U3280                     OAI21_X1        NangateOpenCellLibrary
                                                          1.064000  
U3281                     NAND2_X1        NangateOpenCellLibrary
                                                          0.798000  
U3282                     OAI21_X1        NangateOpenCellLibrary
                                                          1.064000  
U3283                     NAND2_X1        NangateOpenCellLibrary
                                                          0.798000  
U3284                     OAI21_X1        NangateOpenCellLibrary
                                                          1.064000  
U3285                     NAND2_X1        NangateOpenCellLibrary
                                                          0.798000  
U3286                     OAI21_X1        NangateOpenCellLibrary
                                                          1.064000  
U3287                     NAND2_X1        NangateOpenCellLibrary
                                                          0.798000  
U3288                     OAI21_X1        NangateOpenCellLibrary
                                                          1.064000  
U3289                     NAND2_X1        NangateOpenCellLibrary
                                                          0.798000  
U3290                     OAI21_X1        NangateOpenCellLibrary
                                                          1.064000  
U3291                     NAND2_X1        NangateOpenCellLibrary
                                                          0.798000  
U3292                     OAI21_X1        NangateOpenCellLibrary
                                                          1.064000  
U3293                     NAND2_X1        NangateOpenCellLibrary
                                                          0.798000  
U3294                     OAI21_X1        NangateOpenCellLibrary
                                                          1.064000  
U3295                     NAND2_X1        NangateOpenCellLibrary
                                                          0.798000  
U3296                     OAI21_X1        NangateOpenCellLibrary
                                                          1.064000  
U3297                     NAND2_X1        NangateOpenCellLibrary
                                                          0.798000  
U3298                     OAI21_X1        NangateOpenCellLibrary
                                                          1.064000  
U3299                     NAND2_X1        NangateOpenCellLibrary
                                                          0.798000  
U3300                     OAI21_X1        NangateOpenCellLibrary
                                                          1.064000  
U3301                     NAND2_X1        NangateOpenCellLibrary
                                                          0.798000  
U3302                     OAI21_X1        NangateOpenCellLibrary
                                                          1.064000  
U3303                     NAND2_X1        NangateOpenCellLibrary
                                                          0.798000  
U3304                     OAI21_X1        NangateOpenCellLibrary
                                                          1.064000  
U3305                     NAND2_X1        NangateOpenCellLibrary
                                                          0.798000  
U3306                     OAI21_X1        NangateOpenCellLibrary
                                                          1.064000  
U3307                     NAND2_X1        NangateOpenCellLibrary
                                                          0.798000  
U3308                     OAI21_X1        NangateOpenCellLibrary
                                                          1.064000  
U3309                     NAND2_X1        NangateOpenCellLibrary
                                                          0.798000  
U3310                     OAI21_X1        NangateOpenCellLibrary
                                                          1.064000  
U3311                     NAND2_X1        NangateOpenCellLibrary
                                                          0.798000  
U3312                     OAI21_X1        NangateOpenCellLibrary
                                                          1.064000  
U3313                     NAND2_X1        NangateOpenCellLibrary
                                                          0.798000  
U3314                     OAI21_X1        NangateOpenCellLibrary
                                                          1.064000  
U3315                     NAND2_X1        NangateOpenCellLibrary
                                                          0.798000  
U3316                     OAI21_X1        NangateOpenCellLibrary
                                                          1.064000  
U3317                     NAND2_X1        NangateOpenCellLibrary
                                                          0.798000  
U3318                     OAI21_X1        NangateOpenCellLibrary
                                                          1.064000  
U3319                     NAND2_X1        NangateOpenCellLibrary
                                                          0.798000  
U3320                     NAND2_X1        NangateOpenCellLibrary
                                                          0.798000  
U3321                     NAND2_X1        NangateOpenCellLibrary
                                                          0.798000  
U3322                     NAND2_X1        NangateOpenCellLibrary
                                                          0.798000  
U3323                     NAND2_X1        NangateOpenCellLibrary
                                                          0.798000  
U3324                     NAND2_X1        NangateOpenCellLibrary
                                                          0.798000  
U3325                     NAND2_X1        NangateOpenCellLibrary
                                                          0.798000  
U3326                     NAND2_X1        NangateOpenCellLibrary
                                                          0.798000  
U3327                     NAND2_X1        NangateOpenCellLibrary
                                                          0.798000  
U3328                     NAND2_X1        NangateOpenCellLibrary
                                                          0.798000  
U3329                     NAND2_X1        NangateOpenCellLibrary
                                                          0.798000  
U3330                     NAND2_X1        NangateOpenCellLibrary
                                                          0.798000  
U3331                     NAND2_X1        NangateOpenCellLibrary
                                                          0.798000  
U3332                     NAND2_X1        NangateOpenCellLibrary
                                                          0.798000  
U3333                     NAND2_X1        NangateOpenCellLibrary
                                                          0.798000  
U3334                     NAND2_X1        NangateOpenCellLibrary
                                                          0.798000  
U3335                     NAND2_X1        NangateOpenCellLibrary
                                                          0.798000  
U3336                     NAND2_X1        NangateOpenCellLibrary
                                                          0.798000  
U3337                     NAND2_X1        NangateOpenCellLibrary
                                                          0.798000  
U3338                     NAND2_X1        NangateOpenCellLibrary
                                                          0.798000  
U3339                     NAND2_X1        NangateOpenCellLibrary
                                                          0.798000  
U3340                     NAND2_X1        NangateOpenCellLibrary
                                                          0.798000  
U3341                     NAND2_X1        NangateOpenCellLibrary
                                                          0.798000  
U3342                     NAND2_X1        NangateOpenCellLibrary
                                                          0.798000  
U3343                     NAND2_X1        NangateOpenCellLibrary
                                                          0.798000  
U3344                     NAND2_X1        NangateOpenCellLibrary
                                                          0.798000  
U3345                     INV_X1          NangateOpenCellLibrary
                                                          0.532000  
U3346                     NAND2_X1        NangateOpenCellLibrary
                                                          0.798000  
U3347                     NAND2_X1        NangateOpenCellLibrary
                                                          0.798000  
U3348                     NAND2_X1        NangateOpenCellLibrary
                                                          0.798000  
U3349                     NAND2_X1        NangateOpenCellLibrary
                                                          0.798000  
U3350                     NAND2_X1        NangateOpenCellLibrary
                                                          0.798000  
U3351                     NAND2_X1        NangateOpenCellLibrary
                                                          0.798000  
U3352                     NAND2_X1        NangateOpenCellLibrary
                                                          0.798000  
U3353                     NAND2_X1        NangateOpenCellLibrary
                                                          0.798000  
U3354                     NAND2_X1        NangateOpenCellLibrary
                                                          0.798000  
U3355                     NAND2_X1        NangateOpenCellLibrary
                                                          0.798000  
U3356                     NAND2_X1        NangateOpenCellLibrary
                                                          0.798000  
U3357                     NAND2_X1        NangateOpenCellLibrary
                                                          0.798000  
U3358                     NAND2_X1        NangateOpenCellLibrary
                                                          0.798000  
U3359                     NAND2_X1        NangateOpenCellLibrary
                                                          0.798000  
U3360                     NAND2_X1        NangateOpenCellLibrary
                                                          0.798000  
U3361                     NAND2_X1        NangateOpenCellLibrary
                                                          0.798000  
U3362                     NAND2_X1        NangateOpenCellLibrary
                                                          0.798000  
U3363                     NAND2_X1        NangateOpenCellLibrary
                                                          0.798000  
U3364                     NAND2_X1        NangateOpenCellLibrary
                                                          0.798000  
U3365                     NAND2_X1        NangateOpenCellLibrary
                                                          0.798000  
U3366                     NAND2_X1        NangateOpenCellLibrary
                                                          0.798000  
U3367                     NAND2_X1        NangateOpenCellLibrary
                                                          0.798000  
U3368                     NAND2_X1        NangateOpenCellLibrary
                                                          0.798000  
U3369                     NAND2_X1        NangateOpenCellLibrary
                                                          0.798000  
U3370                     NAND2_X1        NangateOpenCellLibrary
                                                          0.798000  
U3371                     NAND2_X1        NangateOpenCellLibrary
                                                          0.798000  
U3372                     NAND2_X1        NangateOpenCellLibrary
                                                          0.798000  
U3373                     NAND2_X1        NangateOpenCellLibrary
                                                          0.798000  
U3374                     NAND2_X1        NangateOpenCellLibrary
                                                          0.798000  
U3375                     NAND2_X1        NangateOpenCellLibrary
                                                          0.798000  
U3376                     NAND2_X1        NangateOpenCellLibrary
                                                          0.798000  
U3377                     NAND2_X1        NangateOpenCellLibrary
                                                          0.798000  
U3378                     NAND2_X1        NangateOpenCellLibrary
                                                          0.798000  
U3379                     NAND2_X1        NangateOpenCellLibrary
                                                          0.798000  
U3380                     NAND2_X1        NangateOpenCellLibrary
                                                          0.798000  
U3381                     NAND2_X1        NangateOpenCellLibrary
                                                          0.798000  
U3382                     NAND2_X1        NangateOpenCellLibrary
                                                          0.798000  
U3383                     NAND2_X1        NangateOpenCellLibrary
                                                          0.798000  
U3384                     NAND2_X1        NangateOpenCellLibrary
                                                          0.798000  
U3385                     NAND2_X1        NangateOpenCellLibrary
                                                          0.798000  
U3386                     NAND2_X1        NangateOpenCellLibrary
                                                          0.798000  
U3387                     NAND2_X1        NangateOpenCellLibrary
                                                          0.798000  
U3388                     NAND2_X1        NangateOpenCellLibrary
                                                          0.798000  
U3389                     NAND2_X1        NangateOpenCellLibrary
                                                          0.798000  
U3390                     NAND2_X1        NangateOpenCellLibrary
                                                          0.798000  
U3391                     NAND2_X1        NangateOpenCellLibrary
                                                          0.798000  
U3392                     NAND2_X1        NangateOpenCellLibrary
                                                          0.798000  
U3393                     NAND2_X1        NangateOpenCellLibrary
                                                          0.798000  
U3394                     NAND2_X1        NangateOpenCellLibrary
                                                          0.798000  
U3395                     NAND2_X1        NangateOpenCellLibrary
                                                          0.798000  
U3396                     NAND2_X1        NangateOpenCellLibrary
                                                          0.798000  
U3397                     NAND2_X1        NangateOpenCellLibrary
                                                          0.798000  
U3398                     NAND2_X1        NangateOpenCellLibrary
                                                          0.798000  
U3399                     NAND2_X1        NangateOpenCellLibrary
                                                          0.798000  
U3400                     NAND2_X1        NangateOpenCellLibrary
                                                          0.798000  
U3401                     NAND2_X1        NangateOpenCellLibrary
                                                          0.798000  
U3402                     NAND2_X1        NangateOpenCellLibrary
                                                          0.798000  
U3403                     NAND2_X1        NangateOpenCellLibrary
                                                          0.798000  
U3404                     NAND2_X1        NangateOpenCellLibrary
                                                          0.798000  
U3405                     NAND2_X1        NangateOpenCellLibrary
                                                          0.798000  
U3406                     NAND2_X1        NangateOpenCellLibrary
                                                          0.798000  
U3407                     NAND2_X1        NangateOpenCellLibrary
                                                          0.798000  
U3408                     NAND2_X1        NangateOpenCellLibrary
                                                          0.798000  
U3409                     NAND2_X1        NangateOpenCellLibrary
                                                          0.798000  
U3410                     NAND2_X1        NangateOpenCellLibrary
                                                          0.798000  
U3411                     NAND2_X1        NangateOpenCellLibrary
                                                          0.798000  
U3412                     NAND2_X1        NangateOpenCellLibrary
                                                          0.798000  
U3413                     NAND2_X1        NangateOpenCellLibrary
                                                          0.798000  
U3414                     NAND2_X1        NangateOpenCellLibrary
                                                          0.798000  
U3415                     NAND2_X1        NangateOpenCellLibrary
                                                          0.798000  
U3416                     NAND2_X1        NangateOpenCellLibrary
                                                          0.798000  
U3417                     NAND2_X1        NangateOpenCellLibrary
                                                          0.798000  
U3418                     NAND2_X1        NangateOpenCellLibrary
                                                          0.798000  
U3419                     NAND2_X1        NangateOpenCellLibrary
                                                          0.798000  
U3420                     NAND2_X1        NangateOpenCellLibrary
                                                          0.798000  
U3421                     NAND2_X1        NangateOpenCellLibrary
                                                          0.798000  
U3422                     NAND2_X1        NangateOpenCellLibrary
                                                          0.798000  
U3423                     NAND2_X1        NangateOpenCellLibrary
                                                          0.798000  
U3424                     NAND2_X1        NangateOpenCellLibrary
                                                          0.798000  
U3425                     NAND2_X1        NangateOpenCellLibrary
                                                          0.798000  
U3426                     NAND2_X1        NangateOpenCellLibrary
                                                          0.798000  
U3427                     NAND2_X1        NangateOpenCellLibrary
                                                          0.798000  
U3428                     NAND2_X1        NangateOpenCellLibrary
                                                          0.798000  
U3429                     NAND2_X1        NangateOpenCellLibrary
                                                          0.798000  
U3430                     NAND2_X1        NangateOpenCellLibrary
                                                          0.798000  
U3431                     NAND2_X1        NangateOpenCellLibrary
                                                          0.798000  
U3432                     NAND2_X1        NangateOpenCellLibrary
                                                          0.798000  
U3433                     NAND2_X1        NangateOpenCellLibrary
                                                          0.798000  
U3434                     NAND2_X1        NangateOpenCellLibrary
                                                          0.798000  
U3435                     NAND2_X1        NangateOpenCellLibrary
                                                          0.798000  
U3436                     NAND2_X1        NangateOpenCellLibrary
                                                          0.798000  
U3437                     NAND2_X1        NangateOpenCellLibrary
                                                          0.798000  
U3438                     NAND2_X1        NangateOpenCellLibrary
                                                          0.798000  
U3439                     NAND2_X1        NangateOpenCellLibrary
                                                          0.798000  
U3440                     NAND2_X1        NangateOpenCellLibrary
                                                          0.798000  
U3441                     NAND2_X1        NangateOpenCellLibrary
                                                          0.798000  
U3442                     NAND2_X1        NangateOpenCellLibrary
                                                          0.798000  
U3443                     NAND2_X1        NangateOpenCellLibrary
                                                          0.798000  
U3444                     NAND2_X1        NangateOpenCellLibrary
                                                          0.798000  
U3445                     NAND2_X1        NangateOpenCellLibrary
                                                          0.798000  
U3446                     NAND2_X1        NangateOpenCellLibrary
                                                          0.798000  
U3447                     NAND2_X1        NangateOpenCellLibrary
                                                          0.798000  
U3448                     NAND2_X1        NangateOpenCellLibrary
                                                          0.798000  
U3449                     NAND2_X1        NangateOpenCellLibrary
                                                          0.798000  
U3450                     NAND2_X1        NangateOpenCellLibrary
                                                          0.798000  
U3451                     NAND2_X1        NangateOpenCellLibrary
                                                          0.798000  
U3452                     NAND2_X1        NangateOpenCellLibrary
                                                          0.798000  
U3453                     NAND2_X1        NangateOpenCellLibrary
                                                          0.798000  
U3454                     NAND2_X1        NangateOpenCellLibrary
                                                          0.798000  
U3455                     NAND2_X1        NangateOpenCellLibrary
                                                          0.798000  
U3456                     NAND2_X1        NangateOpenCellLibrary
                                                          0.798000  
U3457                     NAND2_X1        NangateOpenCellLibrary
                                                          0.798000  
U3458                     NAND2_X1        NangateOpenCellLibrary
                                                          0.798000  
U3459                     NAND2_X1        NangateOpenCellLibrary
                                                          0.798000  
U3460                     NAND2_X1        NangateOpenCellLibrary
                                                          0.798000  
U3461                     NAND2_X1        NangateOpenCellLibrary
                                                          0.798000  
U3462                     NAND2_X1        NangateOpenCellLibrary
                                                          0.798000  
U3463                     NAND2_X1        NangateOpenCellLibrary
                                                          0.798000  
U3464                     NAND2_X1        NangateOpenCellLibrary
                                                          0.798000  
U3465                     NAND2_X1        NangateOpenCellLibrary
                                                          0.798000  
U3466                     NAND2_X1        NangateOpenCellLibrary
                                                          0.798000  
U3467                     NAND2_X1        NangateOpenCellLibrary
                                                          0.798000  
U3468                     NAND2_X1        NangateOpenCellLibrary
                                                          0.798000  
U3469                     NAND2_X1        NangateOpenCellLibrary
                                                          0.798000  
U3470                     NAND2_X1        NangateOpenCellLibrary
                                                          0.798000  
U3471                     NAND2_X1        NangateOpenCellLibrary
                                                          0.798000  
U3472                     NAND2_X1        NangateOpenCellLibrary
                                                          0.798000  
U3473                     NAND2_X1        NangateOpenCellLibrary
                                                          0.798000  
U3474                     NAND2_X1        NangateOpenCellLibrary
                                                          0.798000  
U3475                     NAND2_X1        NangateOpenCellLibrary
                                                          0.798000  
U3476                     NAND2_X1        NangateOpenCellLibrary
                                                          0.798000  
U3477                     NAND2_X1        NangateOpenCellLibrary
                                                          0.798000  
U3478                     NAND2_X1        NangateOpenCellLibrary
                                                          0.798000  
U3479                     NAND2_X1        NangateOpenCellLibrary
                                                          0.798000  
U3480                     NAND2_X1        NangateOpenCellLibrary
                                                          0.798000  
U3481                     NAND2_X1        NangateOpenCellLibrary
                                                          0.798000  
U3482                     NAND2_X1        NangateOpenCellLibrary
                                                          0.798000  
U3483                     NAND2_X1        NangateOpenCellLibrary
                                                          0.798000  
U3484                     NAND2_X1        NangateOpenCellLibrary
                                                          0.798000  
U3485                     NAND2_X1        NangateOpenCellLibrary
                                                          0.798000  
U3486                     NAND2_X1        NangateOpenCellLibrary
                                                          0.798000  
U3487                     NAND2_X1        NangateOpenCellLibrary
                                                          0.798000  
U3488                     NAND2_X1        NangateOpenCellLibrary
                                                          0.798000  
U3489                     NAND2_X1        NangateOpenCellLibrary
                                                          0.798000  
U3490                     NAND2_X1        NangateOpenCellLibrary
                                                          0.798000  
U3491                     NAND2_X1        NangateOpenCellLibrary
                                                          0.798000  
U3492                     NAND2_X1        NangateOpenCellLibrary
                                                          0.798000  
U3493                     NAND2_X1        NangateOpenCellLibrary
                                                          0.798000  
U3494                     NAND2_X1        NangateOpenCellLibrary
                                                          0.798000  
U3495                     NAND2_X1        NangateOpenCellLibrary
                                                          0.798000  
U3496                     NAND2_X1        NangateOpenCellLibrary
                                                          0.798000  
U3497                     NAND2_X1        NangateOpenCellLibrary
                                                          0.798000  
U3498                     NAND2_X1        NangateOpenCellLibrary
                                                          0.798000  
U3499                     NAND2_X1        NangateOpenCellLibrary
                                                          0.798000  
U3500                     NAND2_X1        NangateOpenCellLibrary
                                                          0.798000  
U3501                     NAND2_X1        NangateOpenCellLibrary
                                                          0.798000  
U3502                     NAND2_X1        NangateOpenCellLibrary
                                                          0.798000  
U3503                     NAND2_X1        NangateOpenCellLibrary
                                                          0.798000  
U3504                     NAND2_X1        NangateOpenCellLibrary
                                                          0.798000  
U3505                     NAND2_X1        NangateOpenCellLibrary
                                                          0.798000  
U3506                     NAND2_X1        NangateOpenCellLibrary
                                                          0.798000  
U3507                     NAND2_X1        NangateOpenCellLibrary
                                                          0.798000  
U3508                     NAND2_X1        NangateOpenCellLibrary
                                                          0.798000  
U3509                     NAND2_X1        NangateOpenCellLibrary
                                                          0.798000  
U3510                     NAND2_X1        NangateOpenCellLibrary
                                                          0.798000  
U3511                     NAND2_X1        NangateOpenCellLibrary
                                                          0.798000  
U3512                     NAND2_X1        NangateOpenCellLibrary
                                                          0.798000  
U3513                     NAND2_X1        NangateOpenCellLibrary
                                                          0.798000  
U3514                     NAND2_X1        NangateOpenCellLibrary
                                                          0.798000  
U3515                     NAND2_X1        NangateOpenCellLibrary
                                                          0.798000  
U3516                     NAND2_X1        NangateOpenCellLibrary
                                                          0.798000  
U3517                     NAND2_X1        NangateOpenCellLibrary
                                                          0.798000  
U3518                     NAND2_X1        NangateOpenCellLibrary
                                                          0.798000  
U3519                     NAND2_X1        NangateOpenCellLibrary
                                                          0.798000  
U3520                     NAND2_X1        NangateOpenCellLibrary
                                                          0.798000  
U3521                     NAND2_X1        NangateOpenCellLibrary
                                                          0.798000  
U3522                     NAND2_X1        NangateOpenCellLibrary
                                                          0.798000  
U3523                     NAND2_X1        NangateOpenCellLibrary
                                                          0.798000  
U3524                     NAND2_X1        NangateOpenCellLibrary
                                                          0.798000  
U3525                     NAND2_X1        NangateOpenCellLibrary
                                                          0.798000  
U3526                     NAND2_X1        NangateOpenCellLibrary
                                                          0.798000  
U3527                     NAND2_X1        NangateOpenCellLibrary
                                                          0.798000  
U3528                     NAND2_X1        NangateOpenCellLibrary
                                                          0.798000  
U3529                     NAND2_X1        NangateOpenCellLibrary
                                                          0.798000  
U3530                     NAND2_X1        NangateOpenCellLibrary
                                                          0.798000  
U3531                     NAND2_X1        NangateOpenCellLibrary
                                                          0.798000  
U3532                     MUX2_X1         NangateOpenCellLibrary
                                                          1.862000  
U3533                     INV_X1          NangateOpenCellLibrary
                                                          0.532000  
U3534                     MUX2_X1         NangateOpenCellLibrary
                                                          1.862000  
U3535                     INV_X1          NangateOpenCellLibrary
                                                          0.532000  
U3536                     MUX2_X1         NangateOpenCellLibrary
                                                          1.862000  
U3537                     INV_X1          NangateOpenCellLibrary
                                                          0.532000  
U3538                     MUX2_X1         NangateOpenCellLibrary
                                                          1.862000  
U3539                     INV_X1          NangateOpenCellLibrary
                                                          0.532000  
U3540                     MUX2_X1         NangateOpenCellLibrary
                                                          1.862000  
U3541                     INV_X1          NangateOpenCellLibrary
                                                          0.532000  
U3542                     MUX2_X1         NangateOpenCellLibrary
                                                          1.862000  
U3543                     INV_X1          NangateOpenCellLibrary
                                                          0.532000  
U3544                     MUX2_X1         NangateOpenCellLibrary
                                                          1.862000  
U3545                     INV_X1          NangateOpenCellLibrary
                                                          0.532000  
U3546                     MUX2_X1         NangateOpenCellLibrary
                                                          1.862000  
U3547                     INV_X1          NangateOpenCellLibrary
                                                          0.532000  
U3548                     MUX2_X1         NangateOpenCellLibrary
                                                          1.862000  
U3549                     INV_X1          NangateOpenCellLibrary
                                                          0.532000  
U3550                     MUX2_X1         NangateOpenCellLibrary
                                                          1.862000  
U3551                     INV_X1          NangateOpenCellLibrary
                                                          0.532000  
U3552                     MUX2_X1         NangateOpenCellLibrary
                                                          1.862000  
U3553                     INV_X1          NangateOpenCellLibrary
                                                          0.532000  
U3554                     MUX2_X1         NangateOpenCellLibrary
                                                          1.862000  
U3555                     INV_X1          NangateOpenCellLibrary
                                                          0.532000  
U3556                     MUX2_X1         NangateOpenCellLibrary
                                                          1.862000  
U3557                     INV_X1          NangateOpenCellLibrary
                                                          0.532000  
U3558                     MUX2_X1         NangateOpenCellLibrary
                                                          1.862000  
U3559                     INV_X1          NangateOpenCellLibrary
                                                          0.532000  
U3560                     MUX2_X1         NangateOpenCellLibrary
                                                          1.862000  
U3561                     INV_X1          NangateOpenCellLibrary
                                                          0.532000  
U3562                     MUX2_X1         NangateOpenCellLibrary
                                                          1.862000  
U3563                     INV_X1          NangateOpenCellLibrary
                                                          0.532000  
U3564                     MUX2_X1         NangateOpenCellLibrary
                                                          1.862000  
U3565                     INV_X1          NangateOpenCellLibrary
                                                          0.532000  
U3566                     MUX2_X1         NangateOpenCellLibrary
                                                          1.862000  
U3567                     INV_X1          NangateOpenCellLibrary
                                                          0.532000  
U3568                     INV_X1          NangateOpenCellLibrary
                                                          0.532000  
U3569                     NAND2_X1        NangateOpenCellLibrary
                                                          0.798000  
U3570                     NAND2_X1        NangateOpenCellLibrary
                                                          0.798000  
U3571                     NAND2_X1        NangateOpenCellLibrary
                                                          0.798000  
U3572                     NAND2_X1        NangateOpenCellLibrary
                                                          0.798000  
U3573                     NAND2_X1        NangateOpenCellLibrary
                                                          0.798000  
U3574                     NAND2_X1        NangateOpenCellLibrary
                                                          0.798000  
U3575                     NAND2_X1        NangateOpenCellLibrary
                                                          0.798000  
U3576                     NAND2_X1        NangateOpenCellLibrary
                                                          0.798000  
U3577                     NAND2_X1        NangateOpenCellLibrary
                                                          0.798000  
U3578                     NAND2_X1        NangateOpenCellLibrary
                                                          0.798000  
U3579                     NAND2_X1        NangateOpenCellLibrary
                                                          0.798000  
U3580                     NAND2_X1        NangateOpenCellLibrary
                                                          0.798000  
U3581                     NAND2_X1        NangateOpenCellLibrary
                                                          0.798000  
U3582                     NAND2_X1        NangateOpenCellLibrary
                                                          0.798000  
U3583                     NAND2_X1        NangateOpenCellLibrary
                                                          0.798000  
U3584                     NAND2_X1        NangateOpenCellLibrary
                                                          0.798000  
U3585                     NAND2_X1        NangateOpenCellLibrary
                                                          0.798000  
U3586                     NAND2_X1        NangateOpenCellLibrary
                                                          0.798000  
U3587                     NAND2_X1        NangateOpenCellLibrary
                                                          0.798000  
U3588                     NAND2_X1        NangateOpenCellLibrary
                                                          0.798000  
U3589                     NAND2_X1        NangateOpenCellLibrary
                                                          0.798000  
U3590                     NAND2_X1        NangateOpenCellLibrary
                                                          0.798000  
U3591                     NAND2_X1        NangateOpenCellLibrary
                                                          0.798000  
U3592                     NAND2_X1        NangateOpenCellLibrary
                                                          0.798000  
U3593                     NAND2_X1        NangateOpenCellLibrary
                                                          0.798000  
U3594                     NAND2_X1        NangateOpenCellLibrary
                                                          0.798000  
U3595                     NAND2_X1        NangateOpenCellLibrary
                                                          0.798000  
U3596                     NAND2_X1        NangateOpenCellLibrary
                                                          0.798000  
U3597                     NAND2_X1        NangateOpenCellLibrary
                                                          0.798000  
U3598                     NAND2_X1        NangateOpenCellLibrary
                                                          0.798000  
U3599                     NAND2_X1        NangateOpenCellLibrary
                                                          0.798000  
U3600                     NAND2_X1        NangateOpenCellLibrary
                                                          0.798000  
U3601                     NAND2_X1        NangateOpenCellLibrary
                                                          0.798000  
U3602                     NAND2_X1        NangateOpenCellLibrary
                                                          0.798000  
U3603                     NAND2_X1        NangateOpenCellLibrary
                                                          0.798000  
U3604                     NAND2_X1        NangateOpenCellLibrary
                                                          0.798000  
U3605                     NAND2_X1        NangateOpenCellLibrary
                                                          0.798000  
U3606                     NAND2_X1        NangateOpenCellLibrary
                                                          0.798000  
U3607                     NAND2_X1        NangateOpenCellLibrary
                                                          0.798000  
U3608                     NAND2_X1        NangateOpenCellLibrary
                                                          0.798000  
U3609                     NAND2_X1        NangateOpenCellLibrary
                                                          0.798000  
U3610                     NAND2_X1        NangateOpenCellLibrary
                                                          0.798000  
U3611                     NAND2_X1        NangateOpenCellLibrary
                                                          0.798000  
U3612                     NAND2_X1        NangateOpenCellLibrary
                                                          0.798000  
U3613                     NAND2_X1        NangateOpenCellLibrary
                                                          0.798000  
U3614                     NAND2_X1        NangateOpenCellLibrary
                                                          0.798000  
U3615                     NAND2_X1        NangateOpenCellLibrary
                                                          0.798000  
U3616                     NAND2_X1        NangateOpenCellLibrary
                                                          0.798000  
U3617                     NAND2_X1        NangateOpenCellLibrary
                                                          0.798000  
U3618                     NAND2_X1        NangateOpenCellLibrary
                                                          0.798000  
U3619                     NAND2_X1        NangateOpenCellLibrary
                                                          0.798000  
U3620                     NAND2_X1        NangateOpenCellLibrary
                                                          0.798000  
U3621                     NAND2_X1        NangateOpenCellLibrary
                                                          0.798000  
U3622                     NAND2_X1        NangateOpenCellLibrary
                                                          0.798000  
U3623                     NAND2_X1        NangateOpenCellLibrary
                                                          0.798000  
U3624                     NAND2_X1        NangateOpenCellLibrary
                                                          0.798000  
U3625                     NAND2_X1        NangateOpenCellLibrary
                                                          0.798000  
U3626                     NAND2_X1        NangateOpenCellLibrary
                                                          0.798000  
U3627                     NAND2_X1        NangateOpenCellLibrary
                                                          0.798000  
U3628                     NAND2_X1        NangateOpenCellLibrary
                                                          0.798000  
U3629                     NAND2_X1        NangateOpenCellLibrary
                                                          0.798000  
U3630                     NAND2_X1        NangateOpenCellLibrary
                                                          0.798000  
U3631                     NAND2_X1        NangateOpenCellLibrary
                                                          0.798000  
U3632                     NAND2_X1        NangateOpenCellLibrary
                                                          0.798000  
U3633                     NAND2_X1        NangateOpenCellLibrary
                                                          0.798000  
U3634                     NAND2_X1        NangateOpenCellLibrary
                                                          0.798000  
U3635                     NAND2_X1        NangateOpenCellLibrary
                                                          0.798000  
U3636                     NAND2_X1        NangateOpenCellLibrary
                                                          0.798000  
U3637                     NAND2_X1        NangateOpenCellLibrary
                                                          0.798000  
U3638                     NAND2_X1        NangateOpenCellLibrary
                                                          0.798000  
U3639                     NAND2_X1        NangateOpenCellLibrary
                                                          0.798000  
U3640                     NAND2_X1        NangateOpenCellLibrary
                                                          0.798000  
U3641                     NAND2_X1        NangateOpenCellLibrary
                                                          0.798000  
U3642                     NAND2_X1        NangateOpenCellLibrary
                                                          0.798000  
U3643                     NAND2_X1        NangateOpenCellLibrary
                                                          0.798000  
U3644                     NAND2_X1        NangateOpenCellLibrary
                                                          0.798000  
U3645                     NAND2_X1        NangateOpenCellLibrary
                                                          0.798000  
U3646                     NAND2_X1        NangateOpenCellLibrary
                                                          0.798000  
U3647                     NAND2_X1        NangateOpenCellLibrary
                                                          0.798000  
U3648                     NAND2_X1        NangateOpenCellLibrary
                                                          0.798000  
U3649                     NAND2_X1        NangateOpenCellLibrary
                                                          0.798000  
U3650                     NAND2_X1        NangateOpenCellLibrary
                                                          0.798000  
U3651                     NAND2_X1        NangateOpenCellLibrary
                                                          0.798000  
U3652                     NAND2_X1        NangateOpenCellLibrary
                                                          0.798000  
U3653                     NAND2_X1        NangateOpenCellLibrary
                                                          0.798000  
U3654                     NAND2_X1        NangateOpenCellLibrary
                                                          0.798000  
U3655                     NAND2_X1        NangateOpenCellLibrary
                                                          0.798000  
U3656                     NAND2_X1        NangateOpenCellLibrary
                                                          0.798000  
U3657                     NAND2_X1        NangateOpenCellLibrary
                                                          0.798000  
U3658                     NAND2_X1        NangateOpenCellLibrary
                                                          0.798000  
U3659                     NAND2_X1        NangateOpenCellLibrary
                                                          0.798000  
U3660                     NAND2_X1        NangateOpenCellLibrary
                                                          0.798000  
U3661                     NAND2_X1        NangateOpenCellLibrary
                                                          0.798000  
U3662                     NAND2_X1        NangateOpenCellLibrary
                                                          0.798000  
U3663                     NAND2_X1        NangateOpenCellLibrary
                                                          0.798000  
U3664                     NAND2_X1        NangateOpenCellLibrary
                                                          0.798000  
U3665                     NAND2_X1        NangateOpenCellLibrary
                                                          0.798000  
U3666                     NAND2_X1        NangateOpenCellLibrary
                                                          0.798000  
U3667                     NAND2_X1        NangateOpenCellLibrary
                                                          0.798000  
U3668                     NAND2_X1        NangateOpenCellLibrary
                                                          0.798000  
U3669                     NAND2_X1        NangateOpenCellLibrary
                                                          0.798000  
U3670                     NAND2_X1        NangateOpenCellLibrary
                                                          0.798000  
U3671                     NAND2_X1        NangateOpenCellLibrary
                                                          0.798000  
U3672                     NAND2_X1        NangateOpenCellLibrary
                                                          0.798000  
U3673                     NAND2_X1        NangateOpenCellLibrary
                                                          0.798000  
U3674                     NAND2_X1        NangateOpenCellLibrary
                                                          0.798000  
U3675                     NAND2_X1        NangateOpenCellLibrary
                                                          0.798000  
U3676                     NAND2_X1        NangateOpenCellLibrary
                                                          0.798000  
U3677                     NAND2_X1        NangateOpenCellLibrary
                                                          0.798000  
U3678                     NAND2_X1        NangateOpenCellLibrary
                                                          0.798000  
U3679                     NAND2_X1        NangateOpenCellLibrary
                                                          0.798000  
U3680                     NAND2_X1        NangateOpenCellLibrary
                                                          0.798000  
U3681                     NAND2_X1        NangateOpenCellLibrary
                                                          0.798000  
U3682                     NAND2_X1        NangateOpenCellLibrary
                                                          0.798000  
U3683                     NAND2_X1        NangateOpenCellLibrary
                                                          0.798000  
U3684                     NAND2_X1        NangateOpenCellLibrary
                                                          0.798000  
U3685                     NAND2_X1        NangateOpenCellLibrary
                                                          0.798000  
U3686                     NAND2_X1        NangateOpenCellLibrary
                                                          0.798000  
U3687                     NAND2_X1        NangateOpenCellLibrary
                                                          0.798000  
U3688                     NAND2_X1        NangateOpenCellLibrary
                                                          0.798000  
U3689                     NAND2_X1        NangateOpenCellLibrary
                                                          0.798000  
U3690                     NAND2_X1        NangateOpenCellLibrary
                                                          0.798000  
U3691                     NAND2_X1        NangateOpenCellLibrary
                                                          0.798000  
U3692                     NAND2_X1        NangateOpenCellLibrary
                                                          0.798000  
U3693                     NAND2_X1        NangateOpenCellLibrary
                                                          0.798000  
U3694                     NAND2_X1        NangateOpenCellLibrary
                                                          0.798000  
U3695                     NAND2_X1        NangateOpenCellLibrary
                                                          0.798000  
U3696                     NAND2_X1        NangateOpenCellLibrary
                                                          0.798000  
U3697                     NAND2_X1        NangateOpenCellLibrary
                                                          0.798000  
U3698                     NAND2_X1        NangateOpenCellLibrary
                                                          0.798000  
U3699                     NAND2_X1        NangateOpenCellLibrary
                                                          0.798000  
U3700                     NAND2_X1        NangateOpenCellLibrary
                                                          0.798000  
U3701                     NAND2_X1        NangateOpenCellLibrary
                                                          0.798000  
U3702                     NAND2_X1        NangateOpenCellLibrary
                                                          0.798000  
U3703                     NAND2_X1        NangateOpenCellLibrary
                                                          0.798000  
U3704                     NAND2_X1        NangateOpenCellLibrary
                                                          0.798000  
U3705                     NAND2_X1        NangateOpenCellLibrary
                                                          0.798000  
U3706                     NAND2_X1        NangateOpenCellLibrary
                                                          0.798000  
U3707                     NAND2_X1        NangateOpenCellLibrary
                                                          0.798000  
U3708                     NAND2_X1        NangateOpenCellLibrary
                                                          0.798000  
U3709                     NAND2_X1        NangateOpenCellLibrary
                                                          0.798000  
U3710                     NAND2_X1        NangateOpenCellLibrary
                                                          0.798000  
U3711                     NAND2_X1        NangateOpenCellLibrary
                                                          0.798000  
U3712                     NAND2_X1        NangateOpenCellLibrary
                                                          0.798000  
U3713                     NAND2_X1        NangateOpenCellLibrary
                                                          0.798000  
U3714                     NAND2_X1        NangateOpenCellLibrary
                                                          0.798000  
U3715                     NAND2_X1        NangateOpenCellLibrary
                                                          0.798000  
U3716                     NAND2_X1        NangateOpenCellLibrary
                                                          0.798000  
U3717                     NAND2_X1        NangateOpenCellLibrary
                                                          0.798000  
U3718                     NAND2_X1        NangateOpenCellLibrary
                                                          0.798000  
U3719                     NAND2_X1        NangateOpenCellLibrary
                                                          0.798000  
U3720                     NAND2_X1        NangateOpenCellLibrary
                                                          0.798000  
U3721                     NAND2_X1        NangateOpenCellLibrary
                                                          0.798000  
U3722                     NAND2_X1        NangateOpenCellLibrary
                                                          0.798000  
U3723                     NAND2_X1        NangateOpenCellLibrary
                                                          0.798000  
U3724                     NAND2_X1        NangateOpenCellLibrary
                                                          0.798000  
U3725                     NAND2_X1        NangateOpenCellLibrary
                                                          0.798000  
U3726                     NAND2_X1        NangateOpenCellLibrary
                                                          0.798000  
U3727                     NAND2_X1        NangateOpenCellLibrary
                                                          0.798000  
U3728                     NAND2_X1        NangateOpenCellLibrary
                                                          0.798000  
U3729                     NAND2_X1        NangateOpenCellLibrary
                                                          0.798000  
U3730                     NAND2_X1        NangateOpenCellLibrary
                                                          0.798000  
U3731                     NAND2_X1        NangateOpenCellLibrary
                                                          0.798000  
U3732                     NAND2_X1        NangateOpenCellLibrary
                                                          0.798000  
U3733                     NAND2_X1        NangateOpenCellLibrary
                                                          0.798000  
U3734                     NAND2_X1        NangateOpenCellLibrary
                                                          0.798000  
U3735                     NAND2_X1        NangateOpenCellLibrary
                                                          0.798000  
U3736                     NAND2_X1        NangateOpenCellLibrary
                                                          0.798000  
U3737                     NAND2_X1        NangateOpenCellLibrary
                                                          0.798000  
U3738                     NAND2_X1        NangateOpenCellLibrary
                                                          0.798000  
U3739                     NAND2_X1        NangateOpenCellLibrary
                                                          0.798000  
U3740                     NAND2_X1        NangateOpenCellLibrary
                                                          0.798000  
U3741                     NAND2_X1        NangateOpenCellLibrary
                                                          0.798000  
U3742                     NAND2_X1        NangateOpenCellLibrary
                                                          0.798000  
U3743                     NAND2_X1        NangateOpenCellLibrary
                                                          0.798000  
U3744                     NAND2_X1        NangateOpenCellLibrary
                                                          0.798000  
U3745                     NAND2_X1        NangateOpenCellLibrary
                                                          0.798000  
U3746                     NAND2_X1        NangateOpenCellLibrary
                                                          0.798000  
U3747                     NAND2_X1        NangateOpenCellLibrary
                                                          0.798000  
U3748                     NAND2_X1        NangateOpenCellLibrary
                                                          0.798000  
U3749                     NAND2_X1        NangateOpenCellLibrary
                                                          0.798000  
U3750                     NAND2_X1        NangateOpenCellLibrary
                                                          0.798000  
U3751                     NAND2_X1        NangateOpenCellLibrary
                                                          0.798000  
U3752                     NAND2_X1        NangateOpenCellLibrary
                                                          0.798000  
U3753                     NAND2_X1        NangateOpenCellLibrary
                                                          0.798000  
U3754                     NAND2_X1        NangateOpenCellLibrary
                                                          0.798000  
U3755                     NAND2_X1        NangateOpenCellLibrary
                                                          0.798000  
U3756                     NAND2_X1        NangateOpenCellLibrary
                                                          0.798000  
U3757                     NAND2_X1        NangateOpenCellLibrary
                                                          0.798000  
U3758                     NAND2_X1        NangateOpenCellLibrary
                                                          0.798000  
U3759                     NAND2_X1        NangateOpenCellLibrary
                                                          0.798000  
U3760                     NAND2_X1        NangateOpenCellLibrary
                                                          0.798000  
U3761                     NAND2_X1        NangateOpenCellLibrary
                                                          0.798000  
U3762                     NAND2_X1        NangateOpenCellLibrary
                                                          0.798000  
U3763                     NAND2_X1        NangateOpenCellLibrary
                                                          0.798000  
U3764                     NAND2_X1        NangateOpenCellLibrary
                                                          0.798000  
U3765                     NAND2_X1        NangateOpenCellLibrary
                                                          0.798000  
U3766                     NAND2_X1        NangateOpenCellLibrary
                                                          0.798000  
U3767                     NAND2_X1        NangateOpenCellLibrary
                                                          0.798000  
U3768                     NAND2_X1        NangateOpenCellLibrary
                                                          0.798000  
U3769                     NAND2_X1        NangateOpenCellLibrary
                                                          0.798000  
U3770                     NAND2_X1        NangateOpenCellLibrary
                                                          0.798000  
U3771                     NAND2_X1        NangateOpenCellLibrary
                                                          0.798000  
U3772                     NAND2_X1        NangateOpenCellLibrary
                                                          0.798000  
U3773                     NAND2_X1        NangateOpenCellLibrary
                                                          0.798000  
U3774                     NAND2_X1        NangateOpenCellLibrary
                                                          0.798000  
U3775                     NAND2_X1        NangateOpenCellLibrary
                                                          0.798000  
U3776                     NAND2_X1        NangateOpenCellLibrary
                                                          0.798000  
U3777                     NAND2_X1        NangateOpenCellLibrary
                                                          0.798000  
U3778                     NAND2_X1        NangateOpenCellLibrary
                                                          0.798000  
U3779                     NAND2_X1        NangateOpenCellLibrary
                                                          0.798000  
U3780                     NAND2_X1        NangateOpenCellLibrary
                                                          0.798000  
U3781                     NAND2_X1        NangateOpenCellLibrary
                                                          0.798000  
U3782                     NAND2_X1        NangateOpenCellLibrary
                                                          0.798000  
U3783                     NAND2_X1        NangateOpenCellLibrary
                                                          0.798000  
U3784                     NAND2_X1        NangateOpenCellLibrary
                                                          0.798000  
U3785                     NAND2_X1        NangateOpenCellLibrary
                                                          0.798000  
U3786                     NAND2_X1        NangateOpenCellLibrary
                                                          0.798000  
U3787                     NAND2_X1        NangateOpenCellLibrary
                                                          0.798000  
U3788                     NAND2_X1        NangateOpenCellLibrary
                                                          0.798000  
U3789                     NAND2_X1        NangateOpenCellLibrary
                                                          0.798000  
U3790                     NAND2_X1        NangateOpenCellLibrary
                                                          0.798000  
U3791                     NAND2_X1        NangateOpenCellLibrary
                                                          0.798000  
U3792                     NAND2_X1        NangateOpenCellLibrary
                                                          0.798000  
U3793                     NAND2_X1        NangateOpenCellLibrary
                                                          0.798000  
U3794                     NAND2_X1        NangateOpenCellLibrary
                                                          0.798000  
U3795                     NAND2_X1        NangateOpenCellLibrary
                                                          0.798000  
U3796                     NAND2_X1        NangateOpenCellLibrary
                                                          0.798000  
U3797                     NAND2_X1        NangateOpenCellLibrary
                                                          0.798000  
U3798                     NAND2_X1        NangateOpenCellLibrary
                                                          0.798000  
U3799                     NAND2_X1        NangateOpenCellLibrary
                                                          0.798000  
U3800                     NAND2_X1        NangateOpenCellLibrary
                                                          0.798000  
U3801                     NAND2_X1        NangateOpenCellLibrary
                                                          0.798000  
U3802                     NAND2_X1        NangateOpenCellLibrary
                                                          0.798000  
U3803                     NAND2_X1        NangateOpenCellLibrary
                                                          0.798000  
U3804                     NAND2_X1        NangateOpenCellLibrary
                                                          0.798000  
U3805                     NAND2_X1        NangateOpenCellLibrary
                                                          0.798000  
U3806                     NAND2_X1        NangateOpenCellLibrary
                                                          0.798000  
U3807                     NAND2_X1        NangateOpenCellLibrary
                                                          0.798000  
U3808                     NAND2_X1        NangateOpenCellLibrary
                                                          0.798000  
U3809                     NAND2_X1        NangateOpenCellLibrary
                                                          0.798000  
U3810                     NAND2_X1        NangateOpenCellLibrary
                                                          0.798000  
U3811                     NAND2_X1        NangateOpenCellLibrary
                                                          0.798000  
U3812                     NAND2_X1        NangateOpenCellLibrary
                                                          0.798000  
U3813                     NAND2_X1        NangateOpenCellLibrary
                                                          0.798000  
U3814                     NAND2_X1        NangateOpenCellLibrary
                                                          0.798000  
U3815                     NAND2_X1        NangateOpenCellLibrary
                                                          0.798000  
U3816                     NAND2_X1        NangateOpenCellLibrary
                                                          0.798000  
U3817                     NAND2_X1        NangateOpenCellLibrary
                                                          0.798000  
U3818                     NAND2_X1        NangateOpenCellLibrary
                                                          0.798000  
U3819                     NAND2_X1        NangateOpenCellLibrary
                                                          0.798000  
U3820                     NAND2_X1        NangateOpenCellLibrary
                                                          0.798000  
U3821                     NAND2_X1        NangateOpenCellLibrary
                                                          0.798000  
U3822                     NAND2_X1        NangateOpenCellLibrary
                                                          0.798000  
U3823                     NAND2_X1        NangateOpenCellLibrary
                                                          0.798000  
U3824                     NAND2_X1        NangateOpenCellLibrary
                                                          0.798000  
U3825                     NAND2_X1        NangateOpenCellLibrary
                                                          0.798000  
U3826                     NAND2_X1        NangateOpenCellLibrary
                                                          0.798000  
U3827                     NAND2_X1        NangateOpenCellLibrary
                                                          0.798000  
U3828                     NAND2_X1        NangateOpenCellLibrary
                                                          0.798000  
U3829                     NAND2_X1        NangateOpenCellLibrary
                                                          0.798000  
U3830                     NAND2_X1        NangateOpenCellLibrary
                                                          0.798000  
U3831                     NAND2_X1        NangateOpenCellLibrary
                                                          0.798000  
U3832                     NAND2_X1        NangateOpenCellLibrary
                                                          0.798000  
U3833                     NAND2_X1        NangateOpenCellLibrary
                                                          0.798000  
U3834                     NAND2_X1        NangateOpenCellLibrary
                                                          0.798000  
U3835                     NAND2_X1        NangateOpenCellLibrary
                                                          0.798000  
U3836                     NAND2_X1        NangateOpenCellLibrary
                                                          0.798000  
U3837                     NAND2_X1        NangateOpenCellLibrary
                                                          0.798000  
U3838                     NAND2_X1        NangateOpenCellLibrary
                                                          0.798000  
U3839                     NAND2_X1        NangateOpenCellLibrary
                                                          0.798000  
U3840                     NAND2_X1        NangateOpenCellLibrary
                                                          0.798000  
U3841                     NAND2_X1        NangateOpenCellLibrary
                                                          0.798000  
U3842                     NAND2_X1        NangateOpenCellLibrary
                                                          0.798000  
U3843                     NAND2_X1        NangateOpenCellLibrary
                                                          0.798000  
U3844                     NAND2_X1        NangateOpenCellLibrary
                                                          0.798000  
U3845                     NAND2_X1        NangateOpenCellLibrary
                                                          0.798000  
U3846                     NAND2_X1        NangateOpenCellLibrary
                                                          0.798000  
U3847                     NAND2_X1        NangateOpenCellLibrary
                                                          0.798000  
U3848                     NAND2_X1        NangateOpenCellLibrary
                                                          0.798000  
U3849                     NAND2_X1        NangateOpenCellLibrary
                                                          0.798000  
U3850                     NAND2_X1        NangateOpenCellLibrary
                                                          0.798000  
U3851                     NAND2_X1        NangateOpenCellLibrary
                                                          0.798000  
U3852                     NAND2_X1        NangateOpenCellLibrary
                                                          0.798000  
U3853                     NAND2_X1        NangateOpenCellLibrary
                                                          0.798000  
U3854                     NAND2_X1        NangateOpenCellLibrary
                                                          0.798000  
U3855                     NAND2_X1        NangateOpenCellLibrary
                                                          0.798000  
U3856                     NAND2_X1        NangateOpenCellLibrary
                                                          0.798000  
U3857                     NAND2_X1        NangateOpenCellLibrary
                                                          0.798000  
U3858                     NAND2_X1        NangateOpenCellLibrary
                                                          0.798000  
U3859                     NAND2_X1        NangateOpenCellLibrary
                                                          0.798000  
U3860                     NAND2_X1        NangateOpenCellLibrary
                                                          0.798000  
U3861                     NAND2_X1        NangateOpenCellLibrary
                                                          0.798000  
U3862                     NAND2_X1        NangateOpenCellLibrary
                                                          0.798000  
U3863                     NAND2_X1        NangateOpenCellLibrary
                                                          0.798000  
U3864                     NAND2_X1        NangateOpenCellLibrary
                                                          0.798000  
U3865                     NAND2_X1        NangateOpenCellLibrary
                                                          0.798000  
U3866                     NAND2_X1        NangateOpenCellLibrary
                                                          0.798000  
U3867                     NAND2_X1        NangateOpenCellLibrary
                                                          0.798000  
U3868                     NAND2_X1        NangateOpenCellLibrary
                                                          0.798000  
U3869                     NAND2_X1        NangateOpenCellLibrary
                                                          0.798000  
U3870                     NAND2_X1        NangateOpenCellLibrary
                                                          0.798000  
U3871                     NAND2_X1        NangateOpenCellLibrary
                                                          0.798000  
U3872                     NAND2_X1        NangateOpenCellLibrary
                                                          0.798000  
U3873                     NAND2_X1        NangateOpenCellLibrary
                                                          0.798000  
U3874                     NAND2_X1        NangateOpenCellLibrary
                                                          0.798000  
U3875                     NAND2_X1        NangateOpenCellLibrary
                                                          0.798000  
U3876                     NAND2_X1        NangateOpenCellLibrary
                                                          0.798000  
U3877                     NAND2_X1        NangateOpenCellLibrary
                                                          0.798000  
U3878                     NAND2_X1        NangateOpenCellLibrary
                                                          0.798000  
U3879                     NAND2_X1        NangateOpenCellLibrary
                                                          0.798000  
U3880                     NAND2_X1        NangateOpenCellLibrary
                                                          0.798000  
U3881                     NAND2_X1        NangateOpenCellLibrary
                                                          0.798000  
U3882                     NAND2_X1        NangateOpenCellLibrary
                                                          0.798000  
U3883                     NAND2_X1        NangateOpenCellLibrary
                                                          0.798000  
U3884                     NAND2_X1        NangateOpenCellLibrary
                                                          0.798000  
U3885                     NAND2_X1        NangateOpenCellLibrary
                                                          0.798000  
U3886                     NAND2_X1        NangateOpenCellLibrary
                                                          0.798000  
U3887                     NAND2_X1        NangateOpenCellLibrary
                                                          0.798000  
U3888                     NAND2_X1        NangateOpenCellLibrary
                                                          0.798000  
U3889                     NAND2_X1        NangateOpenCellLibrary
                                                          0.798000  
U3890                     NAND2_X1        NangateOpenCellLibrary
                                                          0.798000  
U3891                     NAND2_X1        NangateOpenCellLibrary
                                                          0.798000  
U3892                     NAND2_X1        NangateOpenCellLibrary
                                                          0.798000  
U3893                     NAND2_X1        NangateOpenCellLibrary
                                                          0.798000  
U3894                     NAND2_X1        NangateOpenCellLibrary
                                                          0.798000  
U3895                     NAND2_X1        NangateOpenCellLibrary
                                                          0.798000  
U3896                     NAND2_X1        NangateOpenCellLibrary
                                                          0.798000  
U3897                     NAND2_X1        NangateOpenCellLibrary
                                                          0.798000  
U3898                     NAND2_X1        NangateOpenCellLibrary
                                                          0.798000  
U3899                     NAND2_X1        NangateOpenCellLibrary
                                                          0.798000  
U3900                     NAND2_X1        NangateOpenCellLibrary
                                                          0.798000  
U3901                     NAND2_X1        NangateOpenCellLibrary
                                                          0.798000  
U3902                     NAND2_X1        NangateOpenCellLibrary
                                                          0.798000  
U3903                     NAND2_X1        NangateOpenCellLibrary
                                                          0.798000  
U3904                     NAND2_X1        NangateOpenCellLibrary
                                                          0.798000  
U3905                     NAND2_X1        NangateOpenCellLibrary
                                                          0.798000  
U3906                     NAND2_X1        NangateOpenCellLibrary
                                                          0.798000  
U3907                     NAND2_X1        NangateOpenCellLibrary
                                                          0.798000  
U3908                     NAND2_X1        NangateOpenCellLibrary
                                                          0.798000  
U3909                     NAND2_X1        NangateOpenCellLibrary
                                                          0.798000  
U3910                     NAND2_X1        NangateOpenCellLibrary
                                                          0.798000  
U3911                     NAND2_X1        NangateOpenCellLibrary
                                                          0.798000  
U3912                     NAND2_X1        NangateOpenCellLibrary
                                                          0.798000  
U3913                     NAND2_X1        NangateOpenCellLibrary
                                                          0.798000  
U3914                     NAND2_X1        NangateOpenCellLibrary
                                                          0.798000  
U3915                     NAND2_X1        NangateOpenCellLibrary
                                                          0.798000  
U3916                     NAND2_X1        NangateOpenCellLibrary
                                                          0.798000  
U3917                     NAND2_X1        NangateOpenCellLibrary
                                                          0.798000  
U3918                     NAND2_X1        NangateOpenCellLibrary
                                                          0.798000  
U3919                     NAND2_X1        NangateOpenCellLibrary
                                                          0.798000  
U3920                     NAND2_X1        NangateOpenCellLibrary
                                                          0.798000  
U3921                     NAND2_X1        NangateOpenCellLibrary
                                                          0.798000  
U3922                     NAND2_X1        NangateOpenCellLibrary
                                                          0.798000  
U3923                     NAND2_X1        NangateOpenCellLibrary
                                                          0.798000  
U3924                     NAND2_X1        NangateOpenCellLibrary
                                                          0.798000  
U3925                     NAND2_X1        NangateOpenCellLibrary
                                                          0.798000  
U3926                     NAND2_X1        NangateOpenCellLibrary
                                                          0.798000  
U3927                     NAND2_X1        NangateOpenCellLibrary
                                                          0.798000  
U3928                     NAND2_X1        NangateOpenCellLibrary
                                                          0.798000  
U3929                     NAND2_X1        NangateOpenCellLibrary
                                                          0.798000  
U3930                     NAND2_X1        NangateOpenCellLibrary
                                                          0.798000  
U3931                     NAND2_X1        NangateOpenCellLibrary
                                                          0.798000  
U3932                     NAND2_X1        NangateOpenCellLibrary
                                                          0.798000  
U3933                     NAND2_X1        NangateOpenCellLibrary
                                                          0.798000  
U3934                     NAND2_X1        NangateOpenCellLibrary
                                                          0.798000  
U3935                     NAND2_X1        NangateOpenCellLibrary
                                                          0.798000  
U3936                     NAND2_X1        NangateOpenCellLibrary
                                                          0.798000  
U3937                     NAND2_X1        NangateOpenCellLibrary
                                                          0.798000  
U3938                     NAND2_X1        NangateOpenCellLibrary
                                                          0.798000  
U3939                     NAND2_X1        NangateOpenCellLibrary
                                                          0.798000  
U3940                     NAND2_X1        NangateOpenCellLibrary
                                                          0.798000  
U3941                     NAND2_X1        NangateOpenCellLibrary
                                                          0.798000  
U3942                     NAND2_X1        NangateOpenCellLibrary
                                                          0.798000  
U3943                     NAND2_X1        NangateOpenCellLibrary
                                                          0.798000  
U3944                     NAND2_X1        NangateOpenCellLibrary
                                                          0.798000  
U3945                     NAND2_X1        NangateOpenCellLibrary
                                                          0.798000  
U3946                     NAND2_X1        NangateOpenCellLibrary
                                                          0.798000  
U3947                     NAND2_X1        NangateOpenCellLibrary
                                                          0.798000  
U3948                     NAND2_X1        NangateOpenCellLibrary
                                                          0.798000  
U3949                     NAND2_X1        NangateOpenCellLibrary
                                                          0.798000  
U3950                     NAND2_X1        NangateOpenCellLibrary
                                                          0.798000  
U3951                     NAND2_X1        NangateOpenCellLibrary
                                                          0.798000  
U3952                     NAND2_X1        NangateOpenCellLibrary
                                                          0.798000  
U3953                     NAND2_X1        NangateOpenCellLibrary
                                                          0.798000  
U3954                     NAND2_X1        NangateOpenCellLibrary
                                                          0.798000  
U3955                     NAND2_X1        NangateOpenCellLibrary
                                                          0.798000  
U3956                     NAND2_X1        NangateOpenCellLibrary
                                                          0.798000  
U3957                     NAND2_X1        NangateOpenCellLibrary
                                                          0.798000  
U3958                     NAND2_X1        NangateOpenCellLibrary
                                                          0.798000  
U3959                     NAND2_X1        NangateOpenCellLibrary
                                                          0.798000  
U3960                     NAND2_X1        NangateOpenCellLibrary
                                                          0.798000  
U3961                     NAND2_X1        NangateOpenCellLibrary
                                                          0.798000  
U3962                     NAND2_X1        NangateOpenCellLibrary
                                                          0.798000  
U3963                     NAND2_X1        NangateOpenCellLibrary
                                                          0.798000  
U3964                     NAND2_X1        NangateOpenCellLibrary
                                                          0.798000  
U3965                     NAND2_X1        NangateOpenCellLibrary
                                                          0.798000  
U3966                     NAND2_X1        NangateOpenCellLibrary
                                                          0.798000  
U3967                     NAND2_X1        NangateOpenCellLibrary
                                                          0.798000  
U3968                     NAND2_X1        NangateOpenCellLibrary
                                                          0.798000  
U3969                     NAND2_X1        NangateOpenCellLibrary
                                                          0.798000  
U3970                     NAND2_X1        NangateOpenCellLibrary
                                                          0.798000  
U3971                     NAND2_X1        NangateOpenCellLibrary
                                                          0.798000  
U3972                     NAND2_X1        NangateOpenCellLibrary
                                                          0.798000  
U3973                     NAND2_X1        NangateOpenCellLibrary
                                                          0.798000  
U3974                     NAND2_X1        NangateOpenCellLibrary
                                                          0.798000  
U3975                     NAND2_X1        NangateOpenCellLibrary
                                                          0.798000  
U3976                     NAND2_X1        NangateOpenCellLibrary
                                                          0.798000  
U3977                     NAND2_X1        NangateOpenCellLibrary
                                                          0.798000  
U3978                     NAND2_X1        NangateOpenCellLibrary
                                                          0.798000  
U3979                     NAND2_X1        NangateOpenCellLibrary
                                                          0.798000  
U3980                     NAND2_X1        NangateOpenCellLibrary
                                                          0.798000  
U3981                     NAND2_X1        NangateOpenCellLibrary
                                                          0.798000  
U3982                     NAND2_X1        NangateOpenCellLibrary
                                                          0.798000  
U3983                     NAND2_X1        NangateOpenCellLibrary
                                                          0.798000  
U3984                     NAND2_X1        NangateOpenCellLibrary
                                                          0.798000  
U3985                     NAND2_X1        NangateOpenCellLibrary
                                                          0.798000  
U3986                     NAND2_X1        NangateOpenCellLibrary
                                                          0.798000  
U3987                     NAND2_X1        NangateOpenCellLibrary
                                                          0.798000  
U3988                     NAND2_X1        NangateOpenCellLibrary
                                                          0.798000  
U3989                     NAND2_X1        NangateOpenCellLibrary
                                                          0.798000  
U3990                     NAND2_X1        NangateOpenCellLibrary
                                                          0.798000  
U3991                     NAND2_X1        NangateOpenCellLibrary
                                                          0.798000  
U3992                     NAND2_X1        NangateOpenCellLibrary
                                                          0.798000  
U3993                     NAND2_X1        NangateOpenCellLibrary
                                                          0.798000  
U3994                     NAND2_X1        NangateOpenCellLibrary
                                                          0.798000  
U3995                     NAND2_X1        NangateOpenCellLibrary
                                                          0.798000  
U3996                     NAND2_X1        NangateOpenCellLibrary
                                                          0.798000  
U3997                     NAND2_X1        NangateOpenCellLibrary
                                                          0.798000  
U3998                     NAND2_X1        NangateOpenCellLibrary
                                                          0.798000  
U3999                     NAND2_X1        NangateOpenCellLibrary
                                                          0.798000  
U4000                     NAND2_X1        NangateOpenCellLibrary
                                                          0.798000  
U4001                     NAND2_X1        NangateOpenCellLibrary
                                                          0.798000  
U4002                     NAND2_X1        NangateOpenCellLibrary
                                                          0.798000  
U4003                     NAND2_X1        NangateOpenCellLibrary
                                                          0.798000  
U4004                     NAND2_X1        NangateOpenCellLibrary
                                                          0.798000  
U4005                     NAND2_X1        NangateOpenCellLibrary
                                                          0.798000  
U4006                     NAND2_X1        NangateOpenCellLibrary
                                                          0.798000  
U4007                     NAND2_X1        NangateOpenCellLibrary
                                                          0.798000  
U4008                     NAND2_X1        NangateOpenCellLibrary
                                                          0.798000  
U4009                     NAND2_X1        NangateOpenCellLibrary
                                                          0.798000  
U4010                     NAND2_X1        NangateOpenCellLibrary
                                                          0.798000  
U4011                     NAND2_X1        NangateOpenCellLibrary
                                                          0.798000  
U4012                     NAND2_X1        NangateOpenCellLibrary
                                                          0.798000  
U4013                     NAND2_X1        NangateOpenCellLibrary
                                                          0.798000  
U4014                     NAND2_X1        NangateOpenCellLibrary
                                                          0.798000  
U4015                     NAND2_X1        NangateOpenCellLibrary
                                                          0.798000  
U4016                     NAND2_X1        NangateOpenCellLibrary
                                                          0.798000  
U4017                     NAND2_X1        NangateOpenCellLibrary
                                                          0.798000  
U4018                     NAND2_X1        NangateOpenCellLibrary
                                                          0.798000  
U4019                     NAND2_X1        NangateOpenCellLibrary
                                                          0.798000  
U4020                     NAND2_X1        NangateOpenCellLibrary
                                                          0.798000  
U4021                     NAND2_X1        NangateOpenCellLibrary
                                                          0.798000  
U4022                     NAND2_X1        NangateOpenCellLibrary
                                                          0.798000  
U4023                     NAND2_X1        NangateOpenCellLibrary
                                                          0.798000  
U4024                     NAND2_X1        NangateOpenCellLibrary
                                                          0.798000  
U4025                     NAND2_X1        NangateOpenCellLibrary
                                                          0.798000  
U4026                     NAND2_X1        NangateOpenCellLibrary
                                                          0.798000  
U4027                     NAND2_X1        NangateOpenCellLibrary
                                                          0.798000  
U4028                     NAND2_X1        NangateOpenCellLibrary
                                                          0.798000  
U4029                     NAND2_X1        NangateOpenCellLibrary
                                                          0.798000  
U4030                     NAND2_X1        NangateOpenCellLibrary
                                                          0.798000  
U4031                     NAND2_X1        NangateOpenCellLibrary
                                                          0.798000  
U4032                     NAND2_X1        NangateOpenCellLibrary
                                                          0.798000  
U4033                     NAND2_X1        NangateOpenCellLibrary
                                                          0.798000  
U4034                     NAND2_X1        NangateOpenCellLibrary
                                                          0.798000  
U4035                     NAND2_X1        NangateOpenCellLibrary
                                                          0.798000  
U4036                     NAND2_X1        NangateOpenCellLibrary
                                                          0.798000  
U4037                     NAND2_X1        NangateOpenCellLibrary
                                                          0.798000  
U4038                     NAND2_X1        NangateOpenCellLibrary
                                                          0.798000  
U4039                     NAND2_X1        NangateOpenCellLibrary
                                                          0.798000  
U4040                     NAND2_X1        NangateOpenCellLibrary
                                                          0.798000  
U4041                     NAND2_X1        NangateOpenCellLibrary
                                                          0.798000  
U4042                     NAND2_X1        NangateOpenCellLibrary
                                                          0.798000  
U4043                     NAND2_X1        NangateOpenCellLibrary
                                                          0.798000  
U4044                     NAND2_X1        NangateOpenCellLibrary
                                                          0.798000  
U4045                     NAND2_X1        NangateOpenCellLibrary
                                                          0.798000  
U4046                     NAND2_X1        NangateOpenCellLibrary
                                                          0.798000  
U4047                     NAND2_X1        NangateOpenCellLibrary
                                                          0.798000  
U4048                     NAND2_X1        NangateOpenCellLibrary
                                                          0.798000  
U4049                     NAND2_X1        NangateOpenCellLibrary
                                                          0.798000  
U4050                     NAND2_X1        NangateOpenCellLibrary
                                                          0.798000  
U4051                     NAND2_X1        NangateOpenCellLibrary
                                                          0.798000  
U4052                     NAND2_X1        NangateOpenCellLibrary
                                                          0.798000  
U4053                     NAND2_X1        NangateOpenCellLibrary
                                                          0.798000  
U4054                     NAND2_X1        NangateOpenCellLibrary
                                                          0.798000  
U4055                     NAND2_X1        NangateOpenCellLibrary
                                                          0.798000  
U4056                     NAND2_X1        NangateOpenCellLibrary
                                                          0.798000  
U4057                     NAND2_X1        NangateOpenCellLibrary
                                                          0.798000  
U4058                     NAND2_X1        NangateOpenCellLibrary
                                                          0.798000  
U4059                     NAND2_X1        NangateOpenCellLibrary
                                                          0.798000  
U4060                     NAND2_X1        NangateOpenCellLibrary
                                                          0.798000  
U4061                     NAND2_X1        NangateOpenCellLibrary
                                                          0.798000  
U4062                     NAND2_X1        NangateOpenCellLibrary
                                                          0.798000  
U4063                     NAND2_X1        NangateOpenCellLibrary
                                                          0.798000  
U4064                     NAND2_X1        NangateOpenCellLibrary
                                                          0.798000  
U4065                     NAND2_X1        NangateOpenCellLibrary
                                                          0.798000  
U4066                     NAND2_X1        NangateOpenCellLibrary
                                                          0.798000  
U4067                     NAND2_X1        NangateOpenCellLibrary
                                                          0.798000  
U4068                     NAND2_X1        NangateOpenCellLibrary
                                                          0.798000  
U4069                     NAND2_X1        NangateOpenCellLibrary
                                                          0.798000  
U4070                     NAND2_X1        NangateOpenCellLibrary
                                                          0.798000  
U4071                     NAND2_X1        NangateOpenCellLibrary
                                                          0.798000  
U4072                     NAND2_X1        NangateOpenCellLibrary
                                                          0.798000  
U4073                     NAND2_X1        NangateOpenCellLibrary
                                                          0.798000  
U4074                     NAND2_X1        NangateOpenCellLibrary
                                                          0.798000  
U4075                     NAND2_X1        NangateOpenCellLibrary
                                                          0.798000  
U4076                     NAND2_X1        NangateOpenCellLibrary
                                                          0.798000  
U4077                     NAND2_X1        NangateOpenCellLibrary
                                                          0.798000  
U4078                     NAND2_X1        NangateOpenCellLibrary
                                                          0.798000  
U4079                     NAND2_X1        NangateOpenCellLibrary
                                                          0.798000  
U4080                     NAND2_X1        NangateOpenCellLibrary
                                                          0.798000  
U4081                     NAND2_X1        NangateOpenCellLibrary
                                                          0.798000  
U4082                     NAND2_X1        NangateOpenCellLibrary
                                                          0.798000  
U4083                     NAND2_X1        NangateOpenCellLibrary
                                                          0.798000  
U4084                     NAND2_X1        NangateOpenCellLibrary
                                                          0.798000  
U4085                     NAND2_X1        NangateOpenCellLibrary
                                                          0.798000  
U4086                     NAND2_X1        NangateOpenCellLibrary
                                                          0.798000  
U4087                     NAND2_X1        NangateOpenCellLibrary
                                                          0.798000  
U4088                     NAND2_X1        NangateOpenCellLibrary
                                                          0.798000  
U4089                     NAND2_X1        NangateOpenCellLibrary
                                                          0.798000  
U4090                     NAND2_X1        NangateOpenCellLibrary
                                                          0.798000  
U4091                     NAND2_X1        NangateOpenCellLibrary
                                                          0.798000  
U4092                     NAND2_X1        NangateOpenCellLibrary
                                                          0.798000  
U4093                     NAND2_X1        NangateOpenCellLibrary
                                                          0.798000  
U4094                     NAND2_X1        NangateOpenCellLibrary
                                                          0.798000  
U4095                     NAND2_X1        NangateOpenCellLibrary
                                                          0.798000  
U4096                     NAND2_X1        NangateOpenCellLibrary
                                                          0.798000  
U4097                     NAND2_X1        NangateOpenCellLibrary
                                                          0.798000  
U4098                     NAND2_X1        NangateOpenCellLibrary
                                                          0.798000  
U4099                     NAND2_X1        NangateOpenCellLibrary
                                                          0.798000  
U4100                     NAND2_X1        NangateOpenCellLibrary
                                                          0.798000  
U4101                     NAND2_X1        NangateOpenCellLibrary
                                                          0.798000  
U4102                     NAND2_X1        NangateOpenCellLibrary
                                                          0.798000  
U4103                     NAND2_X1        NangateOpenCellLibrary
                                                          0.798000  
U4104                     NAND2_X1        NangateOpenCellLibrary
                                                          0.798000  
U4105                     NAND2_X1        NangateOpenCellLibrary
                                                          0.798000  
U4106                     NAND2_X1        NangateOpenCellLibrary
                                                          0.798000  
U4107                     NAND2_X1        NangateOpenCellLibrary
                                                          0.798000  
U4108                     NAND2_X1        NangateOpenCellLibrary
                                                          0.798000  
U4109                     NAND2_X1        NangateOpenCellLibrary
                                                          0.798000  
U4110                     NAND2_X1        NangateOpenCellLibrary
                                                          0.798000  
U4111                     NAND2_X1        NangateOpenCellLibrary
                                                          0.798000  
U4112                     NAND2_X1        NangateOpenCellLibrary
                                                          0.798000  
U4113                     NAND2_X1        NangateOpenCellLibrary
                                                          0.798000  
U4114                     NAND2_X1        NangateOpenCellLibrary
                                                          0.798000  
U4115                     NAND2_X1        NangateOpenCellLibrary
                                                          0.798000  
U4116                     NAND2_X1        NangateOpenCellLibrary
                                                          0.798000  
U4117                     NAND2_X1        NangateOpenCellLibrary
                                                          0.798000  
U4118                     NAND2_X1        NangateOpenCellLibrary
                                                          0.798000  
U4119                     NAND2_X1        NangateOpenCellLibrary
                                                          0.798000  
U4120                     NAND2_X1        NangateOpenCellLibrary
                                                          0.798000  
U4121                     NAND2_X1        NangateOpenCellLibrary
                                                          0.798000  
U4122                     NAND2_X1        NangateOpenCellLibrary
                                                          0.798000  
U4123                     NAND2_X1        NangateOpenCellLibrary
                                                          0.798000  
U4124                     NAND2_X1        NangateOpenCellLibrary
                                                          0.798000  
U4125                     NAND2_X1        NangateOpenCellLibrary
                                                          0.798000  
U4126                     NAND2_X1        NangateOpenCellLibrary
                                                          0.798000  
U4127                     NAND2_X1        NangateOpenCellLibrary
                                                          0.798000  
U4128                     NAND2_X1        NangateOpenCellLibrary
                                                          0.798000  
U4129                     NAND2_X1        NangateOpenCellLibrary
                                                          0.798000  
U4130                     NAND2_X1        NangateOpenCellLibrary
                                                          0.798000  
U4131                     NAND2_X1        NangateOpenCellLibrary
                                                          0.798000  
U4132                     NAND2_X1        NangateOpenCellLibrary
                                                          0.798000  
U4133                     NAND2_X1        NangateOpenCellLibrary
                                                          0.798000  
U4134                     NAND2_X1        NangateOpenCellLibrary
                                                          0.798000  
U4135                     NAND2_X1        NangateOpenCellLibrary
                                                          0.798000  
U4136                     NAND2_X1        NangateOpenCellLibrary
                                                          0.798000  
U4137                     NAND2_X1        NangateOpenCellLibrary
                                                          0.798000  
U4138                     NAND2_X1        NangateOpenCellLibrary
                                                          0.798000  
U4139                     NAND2_X1        NangateOpenCellLibrary
                                                          0.798000  
U4140                     NAND2_X1        NangateOpenCellLibrary
                                                          0.798000  
U4141                     NAND2_X1        NangateOpenCellLibrary
                                                          0.798000  
U4142                     NAND2_X1        NangateOpenCellLibrary
                                                          0.798000  
U4143                     NAND2_X1        NangateOpenCellLibrary
                                                          0.798000  
U4144                     NAND2_X1        NangateOpenCellLibrary
                                                          0.798000  
U4145                     NAND2_X1        NangateOpenCellLibrary
                                                          0.798000  
U4146                     NAND2_X1        NangateOpenCellLibrary
                                                          0.798000  
U4147                     NAND2_X1        NangateOpenCellLibrary
                                                          0.798000  
U4148                     NAND2_X1        NangateOpenCellLibrary
                                                          0.798000  
U4149                     NAND2_X1        NangateOpenCellLibrary
                                                          0.798000  
U4150                     NAND2_X1        NangateOpenCellLibrary
                                                          0.798000  
U4151                     NAND2_X1        NangateOpenCellLibrary
                                                          0.798000  
U4152                     NAND2_X1        NangateOpenCellLibrary
                                                          0.798000  
U4153                     NAND2_X1        NangateOpenCellLibrary
                                                          0.798000  
U4154                     NAND2_X1        NangateOpenCellLibrary
                                                          0.798000  
U4155                     NAND2_X1        NangateOpenCellLibrary
                                                          0.798000  
U4156                     NAND2_X1        NangateOpenCellLibrary
                                                          0.798000  
U4157                     NAND2_X1        NangateOpenCellLibrary
                                                          0.798000  
U4158                     NAND2_X1        NangateOpenCellLibrary
                                                          0.798000  
U4159                     NAND2_X1        NangateOpenCellLibrary
                                                          0.798000  
U4160                     NAND2_X1        NangateOpenCellLibrary
                                                          0.798000  
U4161                     NAND2_X1        NangateOpenCellLibrary
                                                          0.798000  
U4162                     NAND2_X1        NangateOpenCellLibrary
                                                          0.798000  
U4163                     NAND2_X1        NangateOpenCellLibrary
                                                          0.798000  
U4164                     NAND2_X1        NangateOpenCellLibrary
                                                          0.798000  
U4165                     NAND2_X1        NangateOpenCellLibrary
                                                          0.798000  
U4166                     NAND2_X1        NangateOpenCellLibrary
                                                          0.798000  
U4167                     NAND2_X1        NangateOpenCellLibrary
                                                          0.798000  
U4168                     NAND2_X1        NangateOpenCellLibrary
                                                          0.798000  
U4169                     NAND2_X1        NangateOpenCellLibrary
                                                          0.798000  
U4170                     NAND2_X1        NangateOpenCellLibrary
                                                          0.798000  
U4171                     NAND2_X1        NangateOpenCellLibrary
                                                          0.798000  
U4172                     NAND2_X1        NangateOpenCellLibrary
                                                          0.798000  
U4173                     NAND2_X1        NangateOpenCellLibrary
                                                          0.798000  
U4174                     NAND2_X1        NangateOpenCellLibrary
                                                          0.798000  
U4175                     NAND2_X1        NangateOpenCellLibrary
                                                          0.798000  
U4176                     NAND2_X1        NangateOpenCellLibrary
                                                          0.798000  
U4177                     NAND2_X1        NangateOpenCellLibrary
                                                          0.798000  
U4178                     NAND2_X1        NangateOpenCellLibrary
                                                          0.798000  
U4179                     NAND2_X1        NangateOpenCellLibrary
                                                          0.798000  
U4180                     NAND2_X1        NangateOpenCellLibrary
                                                          0.798000  
U4181                     NAND2_X1        NangateOpenCellLibrary
                                                          0.798000  
U4182                     NAND2_X1        NangateOpenCellLibrary
                                                          0.798000  
U4183                     NAND2_X1        NangateOpenCellLibrary
                                                          0.798000  
U4184                     NAND2_X1        NangateOpenCellLibrary
                                                          0.798000  
U4185                     NAND2_X1        NangateOpenCellLibrary
                                                          0.798000  
U4186                     NAND2_X1        NangateOpenCellLibrary
                                                          0.798000  
U4187                     NAND2_X1        NangateOpenCellLibrary
                                                          0.798000  
U4188                     NAND2_X1        NangateOpenCellLibrary
                                                          0.798000  
U4189                     NAND2_X1        NangateOpenCellLibrary
                                                          0.798000  
U4190                     NAND2_X1        NangateOpenCellLibrary
                                                          0.798000  
U4191                     NAND2_X1        NangateOpenCellLibrary
                                                          0.798000  
U4192                     NAND2_X1        NangateOpenCellLibrary
                                                          0.798000  
U4193                     NAND2_X1        NangateOpenCellLibrary
                                                          0.798000  
U4194                     NAND2_X1        NangateOpenCellLibrary
                                                          0.798000  
U4195                     NAND2_X1        NangateOpenCellLibrary
                                                          0.798000  
U4196                     NAND2_X1        NangateOpenCellLibrary
                                                          0.798000  
U4197                     NAND2_X1        NangateOpenCellLibrary
                                                          0.798000  
U4198                     NAND2_X1        NangateOpenCellLibrary
                                                          0.798000  
U4199                     NAND2_X1        NangateOpenCellLibrary
                                                          0.798000  
U4200                     NAND2_X1        NangateOpenCellLibrary
                                                          0.798000  
U4201                     NAND2_X1        NangateOpenCellLibrary
                                                          0.798000  
U4202                     NAND2_X1        NangateOpenCellLibrary
                                                          0.798000  
U4203                     NAND2_X1        NangateOpenCellLibrary
                                                          0.798000  
U4204                     NAND2_X1        NangateOpenCellLibrary
                                                          0.798000  
U4205                     NAND2_X1        NangateOpenCellLibrary
                                                          0.798000  
U4206                     NAND2_X1        NangateOpenCellLibrary
                                                          0.798000  
U4207                     NAND2_X1        NangateOpenCellLibrary
                                                          0.798000  
U4208                     NAND2_X1        NangateOpenCellLibrary
                                                          0.798000  
U4209                     NAND2_X1        NangateOpenCellLibrary
                                                          0.798000  
U4210                     NAND2_X1        NangateOpenCellLibrary
                                                          0.798000  
U4211                     NAND2_X1        NangateOpenCellLibrary
                                                          0.798000  
U4212                     NAND2_X1        NangateOpenCellLibrary
                                                          0.798000  
U4213                     NAND2_X1        NangateOpenCellLibrary
                                                          0.798000  
U4214                     NAND2_X1        NangateOpenCellLibrary
                                                          0.798000  
U4215                     NAND2_X1        NangateOpenCellLibrary
                                                          0.798000  
U4216                     NAND2_X1        NangateOpenCellLibrary
                                                          0.798000  
U4217                     NAND2_X1        NangateOpenCellLibrary
                                                          0.798000  
U4218                     NAND2_X1        NangateOpenCellLibrary
                                                          0.798000  
U4219                     NAND2_X1        NangateOpenCellLibrary
                                                          0.798000  
U4220                     NAND2_X1        NangateOpenCellLibrary
                                                          0.798000  
U4221                     NAND2_X1        NangateOpenCellLibrary
                                                          0.798000  
U4222                     NAND2_X1        NangateOpenCellLibrary
                                                          0.798000  
U4223                     NAND2_X1        NangateOpenCellLibrary
                                                          0.798000  
U4224                     NAND2_X1        NangateOpenCellLibrary
                                                          0.798000  
U4225                     NAND2_X1        NangateOpenCellLibrary
                                                          0.798000  
U4226                     NAND2_X1        NangateOpenCellLibrary
                                                          0.798000  
U4227                     NAND2_X1        NangateOpenCellLibrary
                                                          0.798000  
U4228                     NAND2_X1        NangateOpenCellLibrary
                                                          0.798000  
U4229                     NAND2_X1        NangateOpenCellLibrary
                                                          0.798000  
U4230                     NAND2_X1        NangateOpenCellLibrary
                                                          0.798000  
U4231                     NAND2_X1        NangateOpenCellLibrary
                                                          0.798000  
U4232                     NAND2_X1        NangateOpenCellLibrary
                                                          0.798000  
U4233                     NAND2_X1        NangateOpenCellLibrary
                                                          0.798000  
U4234                     NAND2_X1        NangateOpenCellLibrary
                                                          0.798000  
U4235                     NAND2_X1        NangateOpenCellLibrary
                                                          0.798000  
U4236                     NAND2_X1        NangateOpenCellLibrary
                                                          0.798000  
U4237                     NAND2_X1        NangateOpenCellLibrary
                                                          0.798000  
U4238                     NAND2_X1        NangateOpenCellLibrary
                                                          0.798000  
U4239                     NAND2_X1        NangateOpenCellLibrary
                                                          0.798000  
U4240                     NAND2_X1        NangateOpenCellLibrary
                                                          0.798000  
U4241                     NAND2_X1        NangateOpenCellLibrary
                                                          0.798000  
U4242                     NAND2_X1        NangateOpenCellLibrary
                                                          0.798000  
U4243                     NAND2_X1        NangateOpenCellLibrary
                                                          0.798000  
U4244                     NAND2_X1        NangateOpenCellLibrary
                                                          0.798000  
U4245                     NAND2_X1        NangateOpenCellLibrary
                                                          0.798000  
U4246                     NAND2_X1        NangateOpenCellLibrary
                                                          0.798000  
U4247                     NAND2_X1        NangateOpenCellLibrary
                                                          0.798000  
U4248                     NAND2_X1        NangateOpenCellLibrary
                                                          0.798000  
U4249                     NAND2_X1        NangateOpenCellLibrary
                                                          0.798000  
U4250                     NAND2_X1        NangateOpenCellLibrary
                                                          0.798000  
U4251                     NAND2_X1        NangateOpenCellLibrary
                                                          0.798000  
U4252                     NAND2_X1        NangateOpenCellLibrary
                                                          0.798000  
U4253                     NAND2_X1        NangateOpenCellLibrary
                                                          0.798000  
U4254                     NAND2_X1        NangateOpenCellLibrary
                                                          0.798000  
U4255                     NAND2_X1        NangateOpenCellLibrary
                                                          0.798000  
U4256                     NAND2_X1        NangateOpenCellLibrary
                                                          0.798000  
U4257                     NAND2_X1        NangateOpenCellLibrary
                                                          0.798000  
U4258                     NAND2_X1        NangateOpenCellLibrary
                                                          0.798000  
U4259                     NAND2_X1        NangateOpenCellLibrary
                                                          0.798000  
U4260                     MUX2_X1         NangateOpenCellLibrary
                                                          1.862000  
U4261                     INV_X1          NangateOpenCellLibrary
                                                          0.532000  
U4262                     MUX2_X1         NangateOpenCellLibrary
                                                          1.862000  
U4263                     INV_X1          NangateOpenCellLibrary
                                                          0.532000  
U4264                     MUX2_X1         NangateOpenCellLibrary
                                                          1.862000  
U4265                     INV_X1          NangateOpenCellLibrary
                                                          0.532000  
U4266                     MUX2_X1         NangateOpenCellLibrary
                                                          1.862000  
U4267                     INV_X1          NangateOpenCellLibrary
                                                          0.532000  
U4268                     INV_X1          NangateOpenCellLibrary
                                                          0.532000  
U4269                     MUX2_X1         NangateOpenCellLibrary
                                                          1.862000  
U4270                     INV_X1          NangateOpenCellLibrary
                                                          0.532000  
U4271                     MUX2_X1         NangateOpenCellLibrary
                                                          1.862000  
U4272                     INV_X1          NangateOpenCellLibrary
                                                          0.532000  
U4273                     NAND2_X1        NangateOpenCellLibrary
                                                          0.798000  
U4274                     NAND2_X1        NangateOpenCellLibrary
                                                          0.798000  
U4275                     NAND2_X1        NangateOpenCellLibrary
                                                          0.798000  
U4276                     NAND2_X1        NangateOpenCellLibrary
                                                          0.798000  
U4277                     NAND2_X1        NangateOpenCellLibrary
                                                          0.798000  
U4278                     NAND2_X1        NangateOpenCellLibrary
                                                          0.798000  
U4279                     MUX2_X1         NangateOpenCellLibrary
                                                          1.862000  
U4280                     INV_X1          NangateOpenCellLibrary
                                                          0.532000  
U4281                     OR2_X1          NangateOpenCellLibrary
                                                          1.064000  
U4282                     OAI21_X1        NangateOpenCellLibrary
                                                          1.064000  
U4283                     OAI21_X1        NangateOpenCellLibrary
                                                          1.064000  
U4284                     OAI21_X1        NangateOpenCellLibrary
                                                          1.064000  
U4285                     OAI21_X1        NangateOpenCellLibrary
                                                          1.064000  
U4286                     OAI21_X1        NangateOpenCellLibrary
                                                          1.064000  
U4287                     OAI21_X1        NangateOpenCellLibrary
                                                          1.064000  
U4288                     OAI21_X1        NangateOpenCellLibrary
                                                          1.064000  
U4289                     OAI21_X1        NangateOpenCellLibrary
                                                          1.064000  
U4290                     OAI21_X1        NangateOpenCellLibrary
                                                          1.064000  
U4291                     OAI21_X1        NangateOpenCellLibrary
                                                          1.064000  
U4292                     OAI21_X1        NangateOpenCellLibrary
                                                          1.064000  
U4293                     OAI21_X1        NangateOpenCellLibrary
                                                          1.064000  
U4294                     OAI21_X1        NangateOpenCellLibrary
                                                          1.064000  
U4295                     OAI21_X1        NangateOpenCellLibrary
                                                          1.064000  
U4296                     OAI21_X1        NangateOpenCellLibrary
                                                          1.064000  
U4297                     OAI21_X1        NangateOpenCellLibrary
                                                          1.064000  
U4298                     OAI21_X1        NangateOpenCellLibrary
                                                          1.064000  
U4299                     OAI21_X1        NangateOpenCellLibrary
                                                          1.064000  
U4300                     OAI21_X1        NangateOpenCellLibrary
                                                          1.064000  
U4301                     OAI21_X1        NangateOpenCellLibrary
                                                          1.064000  
U4302                     OAI21_X1        NangateOpenCellLibrary
                                                          1.064000  
U4303                     OAI21_X1        NangateOpenCellLibrary
                                                          1.064000  
U4304                     OAI21_X1        NangateOpenCellLibrary
                                                          1.064000  
U4305                     OAI21_X1        NangateOpenCellLibrary
                                                          1.064000  
U4306                     OAI21_X1        NangateOpenCellLibrary
                                                          1.064000  
U4307                     OAI21_X1        NangateOpenCellLibrary
                                                          1.064000  
U4308                     INV_X16         NangateOpenCellLibrary
                                                          4.522000  
U4309                     INV_X16         NangateOpenCellLibrary
                                                          4.522000  
U4310                     INV_X1          NangateOpenCellLibrary
                                                          0.532000  
U4311                     INV_X1          NangateOpenCellLibrary
                                                          0.532000  
U4312                     INV_X8          NangateOpenCellLibrary
                                                          2.394000  
U4313                     INV_X1          NangateOpenCellLibrary
                                                          0.532000  
U4314                     INV_X1          NangateOpenCellLibrary
                                                          0.532000  
U4315                     INV_X1          NangateOpenCellLibrary
                                                          0.532000  
U4316                     INV_X1          NangateOpenCellLibrary
                                                          0.532000  
U4317                     INV_X1          NangateOpenCellLibrary
                                                          0.532000  
U4318                     INV_X1          NangateOpenCellLibrary
                                                          0.532000  
U4319                     INV_X1          NangateOpenCellLibrary
                                                          0.532000  
U4320                     INV_X1          NangateOpenCellLibrary
                                                          0.532000  
U4321                     INV_X1          NangateOpenCellLibrary
                                                          0.532000  
U4322                     INV_X1          NangateOpenCellLibrary
                                                          0.532000  
U4323                     INV_X1          NangateOpenCellLibrary
                                                          0.532000  
U4324                     INV_X1          NangateOpenCellLibrary
                                                          0.532000  
U4325                     INV_X1          NangateOpenCellLibrary
                                                          0.532000  
U4326                     INV_X1          NangateOpenCellLibrary
                                                          0.532000  
U4327                     INV_X1          NangateOpenCellLibrary
                                                          0.532000  
U4328                     INV_X1          NangateOpenCellLibrary
                                                          0.532000  
U4329                     INV_X1          NangateOpenCellLibrary
                                                          0.532000  
U4330                     INV_X1          NangateOpenCellLibrary
                                                          0.532000  
U4331                     INV_X1          NangateOpenCellLibrary
                                                          0.532000  
U4332                     INV_X1          NangateOpenCellLibrary
                                                          0.532000  
U4333                     INV_X1          NangateOpenCellLibrary
                                                          0.532000  
U4334                     INV_X1          NangateOpenCellLibrary
                                                          0.532000  
U4335                     INV_X1          NangateOpenCellLibrary
                                                          0.532000  
U4336                     INV_X1          NangateOpenCellLibrary
                                                          0.532000  
U4337                     INV_X1          NangateOpenCellLibrary
                                                          0.532000  
U4338                     BUF_X1          NangateOpenCellLibrary
                                                          0.798000  
U4339                     BUF_X1          NangateOpenCellLibrary
                                                          0.798000  
U4340                     BUF_X1          NangateOpenCellLibrary
                                                          0.798000  
U4341                     BUF_X1          NangateOpenCellLibrary
                                                          0.798000  
U4342                     BUF_X1          NangateOpenCellLibrary
                                                          0.798000  
U4343                     BUF_X1          NangateOpenCellLibrary
                                                          0.798000  
U4344                     BUF_X1          NangateOpenCellLibrary
                                                          0.798000  
U4345                     BUF_X1          NangateOpenCellLibrary
                                                          0.798000  
U4346                     INV_X1          NangateOpenCellLibrary
                                                          0.532000  
U4347                     INV_X1          NangateOpenCellLibrary
                                                          0.532000  
U4348                     INV_X1          NangateOpenCellLibrary
                                                          0.532000  
U4349                     INV_X1          NangateOpenCellLibrary
                                                          0.532000  
U4350                     INV_X1          NangateOpenCellLibrary
                                                          0.532000  
U4351                     INV_X1          NangateOpenCellLibrary
                                                          0.532000  
U4352                     INV_X1          NangateOpenCellLibrary
                                                          0.532000  
U4353                     INV_X1          NangateOpenCellLibrary
                                                          0.532000  
U4354                     INV_X1          NangateOpenCellLibrary
                                                          0.532000  
U4355                     INV_X1          NangateOpenCellLibrary
                                                          0.532000  
U4356                     INV_X1          NangateOpenCellLibrary
                                                          0.532000  
U4357                     INV_X1          NangateOpenCellLibrary
                                                          0.532000  
U4358                     INV_X1          NangateOpenCellLibrary
                                                          0.532000  
U4359                     INV_X1          NangateOpenCellLibrary
                                                          0.532000  
U4360                     INV_X1          NangateOpenCellLibrary
                                                          0.532000  
U4361                     INV_X1          NangateOpenCellLibrary
                                                          0.532000  
U4362                     INV_X1          NangateOpenCellLibrary
                                                          0.532000  
U4363                     INV_X1          NangateOpenCellLibrary
                                                          0.532000  
U4364                     INV_X1          NangateOpenCellLibrary
                                                          0.532000  
U4365                     INV_X1          NangateOpenCellLibrary
                                                          0.532000  
U4366                     INV_X1          NangateOpenCellLibrary
                                                          0.532000  
U4367                     INV_X1          NangateOpenCellLibrary
                                                          0.532000  
U4368                     BUF_X1          NangateOpenCellLibrary
                                                          0.798000  
U4369                     BUF_X1          NangateOpenCellLibrary
                                                          0.798000  
U4370                     BUF_X1          NangateOpenCellLibrary
                                                          0.798000  
U4371                     BUF_X1          NangateOpenCellLibrary
                                                          0.798000  
U4372                     BUF_X1          NangateOpenCellLibrary
                                                          0.798000  
U4373                     BUF_X1          NangateOpenCellLibrary
                                                          0.798000  
U4374                     BUF_X1          NangateOpenCellLibrary
                                                          0.798000  
U4375                     BUF_X1          NangateOpenCellLibrary
                                                          0.798000  
U4376                     BUF_X1          NangateOpenCellLibrary
                                                          0.798000  
U4377                     BUF_X1          NangateOpenCellLibrary
                                                          0.798000  
U4378                     BUF_X1          NangateOpenCellLibrary
                                                          0.798000  
U4379                     BUF_X1          NangateOpenCellLibrary
                                                          0.798000  
U4380                     BUF_X1          NangateOpenCellLibrary
                                                          0.798000  
U4381                     BUF_X1          NangateOpenCellLibrary
                                                          0.798000  
U4382                     INV_X1          NangateOpenCellLibrary
                                                          0.532000  
U4383                     BUF_X1          NangateOpenCellLibrary
                                                          0.798000  
U4384                     BUF_X1          NangateOpenCellLibrary
                                                          0.798000  
U4385                     BUF_X1          NangateOpenCellLibrary
                                                          0.798000  
U4386                     BUF_X1          NangateOpenCellLibrary
                                                          0.798000  
U4387                     AND2_X1         NangateOpenCellLibrary
                                                          1.064000  
U4388                     INV_X1          NangateOpenCellLibrary
                                                          0.532000  
U4389                     INV_X1          NangateOpenCellLibrary
                                                          0.532000  
U4390                     AOI21_X1        NangateOpenCellLibrary
                                                          1.064000  
U4391                     INV_X1          NangateOpenCellLibrary
                                                          0.532000  
U4392                     AOI22_X1        NangateOpenCellLibrary
                                                          1.330000  
U4393                     INV_X1          NangateOpenCellLibrary
                                                          0.532000  
U4394                     AOI22_X1        NangateOpenCellLibrary
                                                          1.330000  
U4395                     INV_X1          NangateOpenCellLibrary
                                                          0.532000  
U4396                     AOI22_X1        NangateOpenCellLibrary
                                                          1.330000  
U4397                     INV_X1          NangateOpenCellLibrary
                                                          0.532000  
U4398                     AOI22_X1        NangateOpenCellLibrary
                                                          1.330000  
U4399                     INV_X1          NangateOpenCellLibrary
                                                          0.532000  
U4400                     AOI22_X1        NangateOpenCellLibrary
                                                          1.330000  
U4401                     INV_X1          NangateOpenCellLibrary
                                                          0.532000  
U4402                     AOI22_X1        NangateOpenCellLibrary
                                                          1.330000  
U4403                     INV_X1          NangateOpenCellLibrary
                                                          0.532000  
U4404                     AOI22_X1        NangateOpenCellLibrary
                                                          1.330000  
U4405                     INV_X1          NangateOpenCellLibrary
                                                          0.532000  
U4406                     AOI22_X1        NangateOpenCellLibrary
                                                          1.330000  
U4407                     INV_X1          NangateOpenCellLibrary
                                                          0.532000  
U4408                     AOI22_X1        NangateOpenCellLibrary
                                                          1.330000  
U4409                     INV_X1          NangateOpenCellLibrary
                                                          0.532000  
U4410                     AOI22_X1        NangateOpenCellLibrary
                                                          1.330000  
U4411                     INV_X1          NangateOpenCellLibrary
                                                          0.532000  
U4412                     AOI22_X1        NangateOpenCellLibrary
                                                          1.330000  
U4413                     INV_X1          NangateOpenCellLibrary
                                                          0.532000  
U4414                     AOI22_X1        NangateOpenCellLibrary
                                                          1.330000  
U4415                     INV_X1          NangateOpenCellLibrary
                                                          0.532000  
U4416                     AOI22_X1        NangateOpenCellLibrary
                                                          1.330000  
U4417                     INV_X1          NangateOpenCellLibrary
                                                          0.532000  
U4418                     AOI22_X1        NangateOpenCellLibrary
                                                          1.330000  
U4419                     INV_X1          NangateOpenCellLibrary
                                                          0.532000  
U4420                     AOI22_X1        NangateOpenCellLibrary
                                                          1.330000  
U4421                     INV_X1          NangateOpenCellLibrary
                                                          0.532000  
U4422                     AOI22_X1        NangateOpenCellLibrary
                                                          1.330000  
U4423                     INV_X1          NangateOpenCellLibrary
                                                          0.532000  
U4424                     AOI22_X1        NangateOpenCellLibrary
                                                          1.330000  
U4425                     INV_X1          NangateOpenCellLibrary
                                                          0.532000  
U4426                     AOI22_X1        NangateOpenCellLibrary
                                                          1.330000  
U4427                     INV_X1          NangateOpenCellLibrary
                                                          0.532000  
U4428                     AOI22_X1        NangateOpenCellLibrary
                                                          1.330000  
U4429                     INV_X1          NangateOpenCellLibrary
                                                          0.532000  
U4430                     AOI22_X1        NangateOpenCellLibrary
                                                          1.330000  
U4431                     INV_X1          NangateOpenCellLibrary
                                                          0.532000  
U4432                     AOI22_X1        NangateOpenCellLibrary
                                                          1.330000  
U4433                     INV_X1          NangateOpenCellLibrary
                                                          0.532000  
U4434                     AOI22_X1        NangateOpenCellLibrary
                                                          1.330000  
U4435                     INV_X1          NangateOpenCellLibrary
                                                          0.532000  
U4436                     AOI22_X1        NangateOpenCellLibrary
                                                          1.330000  
U4437                     INV_X1          NangateOpenCellLibrary
                                                          0.532000  
U4438                     AOI22_X1        NangateOpenCellLibrary
                                                          1.330000  
U4439                     INV_X1          NangateOpenCellLibrary
                                                          0.532000  
U4440                     AOI22_X1        NangateOpenCellLibrary
                                                          1.330000  
U4441                     INV_X1          NangateOpenCellLibrary
                                                          0.532000  
U4442                     AOI22_X1        NangateOpenCellLibrary
                                                          1.330000  
U4443                     INV_X1          NangateOpenCellLibrary
                                                          0.532000  
U4444                     AOI22_X1        NangateOpenCellLibrary
                                                          1.330000  
U4445                     INV_X1          NangateOpenCellLibrary
                                                          0.532000  
U4446                     AOI22_X1        NangateOpenCellLibrary
                                                          1.330000  
U4447                     INV_X1          NangateOpenCellLibrary
                                                          0.532000  
U4448                     AOI22_X1        NangateOpenCellLibrary
                                                          1.330000  
U4449                     INV_X1          NangateOpenCellLibrary
                                                          0.532000  
U4450                     AOI22_X1        NangateOpenCellLibrary
                                                          1.330000  
U4451                     INV_X1          NangateOpenCellLibrary
                                                          0.532000  
U4452                     AOI22_X1        NangateOpenCellLibrary
                                                          1.330000  
U4453                     INV_X1          NangateOpenCellLibrary
                                                          0.532000  
U4454                     AOI22_X1        NangateOpenCellLibrary
                                                          1.330000  
U4455                     INV_X1          NangateOpenCellLibrary
                                                          0.532000  
U4456                     AOI22_X1        NangateOpenCellLibrary
                                                          1.330000  
U4457                     INV_X1          NangateOpenCellLibrary
                                                          0.532000  
U4458                     AOI22_X1        NangateOpenCellLibrary
                                                          1.330000  
U4459                     INV_X1          NangateOpenCellLibrary
                                                          0.532000  
U4460                     AOI22_X1        NangateOpenCellLibrary
                                                          1.330000  
U4461                     INV_X1          NangateOpenCellLibrary
                                                          0.532000  
U4462                     AOI22_X1        NangateOpenCellLibrary
                                                          1.330000  
U4463                     INV_X1          NangateOpenCellLibrary
                                                          0.532000  
U4464                     AOI22_X1        NangateOpenCellLibrary
                                                          1.330000  
U4465                     INV_X1          NangateOpenCellLibrary
                                                          0.532000  
U4466                     AOI22_X1        NangateOpenCellLibrary
                                                          1.330000  
U4467                     INV_X1          NangateOpenCellLibrary
                                                          0.532000  
U4468                     AOI22_X1        NangateOpenCellLibrary
                                                          1.330000  
U4469                     INV_X1          NangateOpenCellLibrary
                                                          0.532000  
U4470                     AOI22_X1        NangateOpenCellLibrary
                                                          1.330000  
U4471                     INV_X1          NangateOpenCellLibrary
                                                          0.532000  
U4472                     AOI22_X1        NangateOpenCellLibrary
                                                          1.330000  
U4473                     INV_X1          NangateOpenCellLibrary
                                                          0.532000  
U4474                     AOI22_X1        NangateOpenCellLibrary
                                                          1.330000  
U4475                     INV_X1          NangateOpenCellLibrary
                                                          0.532000  
U4476                     AOI22_X1        NangateOpenCellLibrary
                                                          1.330000  
U4477                     INV_X1          NangateOpenCellLibrary
                                                          0.532000  
U4478                     AOI22_X1        NangateOpenCellLibrary
                                                          1.330000  
U4479                     INV_X1          NangateOpenCellLibrary
                                                          0.532000  
U4480                     AOI22_X1        NangateOpenCellLibrary
                                                          1.330000  
U4481                     INV_X1          NangateOpenCellLibrary
                                                          0.532000  
U4482                     AOI22_X1        NangateOpenCellLibrary
                                                          1.330000  
U4483                     INV_X1          NangateOpenCellLibrary
                                                          0.532000  
U4484                     AOI22_X1        NangateOpenCellLibrary
                                                          1.330000  
U4485                     INV_X1          NangateOpenCellLibrary
                                                          0.532000  
U4486                     AOI22_X1        NangateOpenCellLibrary
                                                          1.330000  
U4487                     INV_X1          NangateOpenCellLibrary
                                                          0.532000  
U4488                     AOI22_X1        NangateOpenCellLibrary
                                                          1.330000  
U4489                     INV_X1          NangateOpenCellLibrary
                                                          0.532000  
U4490                     AOI22_X1        NangateOpenCellLibrary
                                                          1.330000  
U4491                     INV_X1          NangateOpenCellLibrary
                                                          0.532000  
U4492                     AOI22_X1        NangateOpenCellLibrary
                                                          1.330000  
U4493                     INV_X1          NangateOpenCellLibrary
                                                          0.532000  
U4494                     AOI22_X1        NangateOpenCellLibrary
                                                          1.330000  
U4495                     INV_X1          NangateOpenCellLibrary
                                                          0.532000  
U4496                     AOI22_X1        NangateOpenCellLibrary
                                                          1.330000  
U4497                     INV_X1          NangateOpenCellLibrary
                                                          0.532000  
U4498                     AOI22_X1        NangateOpenCellLibrary
                                                          1.330000  
U4499                     INV_X1          NangateOpenCellLibrary
                                                          0.532000  
U4500                     AOI22_X1        NangateOpenCellLibrary
                                                          1.330000  
U4501                     INV_X1          NangateOpenCellLibrary
                                                          0.532000  
U4502                     AOI22_X1        NangateOpenCellLibrary
                                                          1.330000  
U4503                     INV_X1          NangateOpenCellLibrary
                                                          0.532000  
U4504                     AOI22_X1        NangateOpenCellLibrary
                                                          1.330000  
U4505                     INV_X1          NangateOpenCellLibrary
                                                          0.532000  
U4506                     AOI22_X1        NangateOpenCellLibrary
                                                          1.330000  
U4507                     INV_X1          NangateOpenCellLibrary
                                                          0.532000  
U4508                     AOI22_X1        NangateOpenCellLibrary
                                                          1.330000  
U4509                     INV_X1          NangateOpenCellLibrary
                                                          0.532000  
U4510                     AOI22_X1        NangateOpenCellLibrary
                                                          1.330000  
U4511                     INV_X1          NangateOpenCellLibrary
                                                          0.532000  
U4512                     AOI22_X1        NangateOpenCellLibrary
                                                          1.330000  
U4513                     INV_X1          NangateOpenCellLibrary
                                                          0.532000  
U4514                     AOI22_X1        NangateOpenCellLibrary
                                                          1.330000  
U4515                     INV_X1          NangateOpenCellLibrary
                                                          0.532000  
U4516                     AOI22_X1        NangateOpenCellLibrary
                                                          1.330000  
U4517                     INV_X1          NangateOpenCellLibrary
                                                          0.532000  
U4518                     AOI22_X1        NangateOpenCellLibrary
                                                          1.330000  
U4519                     INV_X1          NangateOpenCellLibrary
                                                          0.532000  
U4520                     AOI22_X1        NangateOpenCellLibrary
                                                          1.330000  
U4521                     INV_X1          NangateOpenCellLibrary
                                                          0.532000  
U4522                     AOI22_X1        NangateOpenCellLibrary
                                                          1.330000  
U4523                     INV_X1          NangateOpenCellLibrary
                                                          0.532000  
U4524                     AOI22_X1        NangateOpenCellLibrary
                                                          1.330000  
U4525                     INV_X1          NangateOpenCellLibrary
                                                          0.532000  
U4526                     AOI22_X1        NangateOpenCellLibrary
                                                          1.330000  
U4527                     INV_X1          NangateOpenCellLibrary
                                                          0.532000  
U4528                     AOI22_X1        NangateOpenCellLibrary
                                                          1.330000  
U4529                     INV_X1          NangateOpenCellLibrary
                                                          0.532000  
U4530                     AOI22_X1        NangateOpenCellLibrary
                                                          1.330000  
U4531                     INV_X1          NangateOpenCellLibrary
                                                          0.532000  
U4532                     AOI22_X1        NangateOpenCellLibrary
                                                          1.330000  
U4533                     INV_X1          NangateOpenCellLibrary
                                                          0.532000  
U4534                     AOI22_X1        NangateOpenCellLibrary
                                                          1.330000  
U4535                     INV_X1          NangateOpenCellLibrary
                                                          0.532000  
U4536                     AOI22_X1        NangateOpenCellLibrary
                                                          1.330000  
U4537                     INV_X1          NangateOpenCellLibrary
                                                          0.532000  
U4538                     AOI22_X1        NangateOpenCellLibrary
                                                          1.330000  
U4539                     INV_X1          NangateOpenCellLibrary
                                                          0.532000  
U4540                     AOI22_X1        NangateOpenCellLibrary
                                                          1.330000  
U4541                     INV_X1          NangateOpenCellLibrary
                                                          0.532000  
U4542                     AOI22_X1        NangateOpenCellLibrary
                                                          1.330000  
U4543                     INV_X1          NangateOpenCellLibrary
                                                          0.532000  
U4544                     AOI22_X1        NangateOpenCellLibrary
                                                          1.330000  
U4545                     INV_X1          NangateOpenCellLibrary
                                                          0.532000  
U4546                     AOI22_X1        NangateOpenCellLibrary
                                                          1.330000  
U4547                     INV_X1          NangateOpenCellLibrary
                                                          0.532000  
U4548                     AOI22_X1        NangateOpenCellLibrary
                                                          1.330000  
U4549                     INV_X1          NangateOpenCellLibrary
                                                          0.532000  
U4550                     AOI22_X1        NangateOpenCellLibrary
                                                          1.330000  
U4551                     INV_X1          NangateOpenCellLibrary
                                                          0.532000  
U4552                     AOI22_X1        NangateOpenCellLibrary
                                                          1.330000  
U4553                     INV_X1          NangateOpenCellLibrary
                                                          0.532000  
U4554                     AOI22_X1        NangateOpenCellLibrary
                                                          1.330000  
U4555                     INV_X1          NangateOpenCellLibrary
                                                          0.532000  
U4556                     AOI22_X1        NangateOpenCellLibrary
                                                          1.330000  
U4557                     INV_X1          NangateOpenCellLibrary
                                                          0.532000  
U4558                     AOI22_X1        NangateOpenCellLibrary
                                                          1.330000  
U4559                     INV_X1          NangateOpenCellLibrary
                                                          0.532000  
U4560                     AOI22_X1        NangateOpenCellLibrary
                                                          1.330000  
U4561                     INV_X1          NangateOpenCellLibrary
                                                          0.532000  
U4562                     AOI22_X1        NangateOpenCellLibrary
                                                          1.330000  
U4563                     INV_X1          NangateOpenCellLibrary
                                                          0.532000  
U4564                     AOI22_X1        NangateOpenCellLibrary
                                                          1.330000  
U4565                     INV_X1          NangateOpenCellLibrary
                                                          0.532000  
U4566                     AOI22_X1        NangateOpenCellLibrary
                                                          1.330000  
U4567                     INV_X1          NangateOpenCellLibrary
                                                          0.532000  
U4568                     AOI22_X1        NangateOpenCellLibrary
                                                          1.330000  
U4569                     INV_X1          NangateOpenCellLibrary
                                                          0.532000  
U4570                     AOI22_X1        NangateOpenCellLibrary
                                                          1.330000  
U4571                     INV_X1          NangateOpenCellLibrary
                                                          0.532000  
U4572                     AOI22_X1        NangateOpenCellLibrary
                                                          1.330000  
U4573                     INV_X1          NangateOpenCellLibrary
                                                          0.532000  
U4574                     AOI22_X1        NangateOpenCellLibrary
                                                          1.330000  
U4575                     INV_X1          NangateOpenCellLibrary
                                                          0.532000  
U4576                     AOI22_X1        NangateOpenCellLibrary
                                                          1.330000  
U4577                     INV_X1          NangateOpenCellLibrary
                                                          0.532000  
U4578                     AOI22_X1        NangateOpenCellLibrary
                                                          1.330000  
U4579                     INV_X1          NangateOpenCellLibrary
                                                          0.532000  
U4580                     AOI22_X1        NangateOpenCellLibrary
                                                          1.330000  
U4581                     INV_X1          NangateOpenCellLibrary
                                                          0.532000  
U4582                     AOI22_X1        NangateOpenCellLibrary
                                                          1.330000  
U4583                     INV_X1          NangateOpenCellLibrary
                                                          0.532000  
U4584                     AOI22_X1        NangateOpenCellLibrary
                                                          1.330000  
U4585                     INV_X1          NangateOpenCellLibrary
                                                          0.532000  
U4586                     AOI22_X1        NangateOpenCellLibrary
                                                          1.330000  
U4587                     INV_X1          NangateOpenCellLibrary
                                                          0.532000  
U4588                     AOI22_X1        NangateOpenCellLibrary
                                                          1.330000  
U4589                     INV_X1          NangateOpenCellLibrary
                                                          0.532000  
U4590                     AOI22_X1        NangateOpenCellLibrary
                                                          1.330000  
U4591                     INV_X1          NangateOpenCellLibrary
                                                          0.532000  
U4592                     AOI22_X1        NangateOpenCellLibrary
                                                          1.330000  
U4593                     INV_X1          NangateOpenCellLibrary
                                                          0.532000  
U4594                     AOI22_X1        NangateOpenCellLibrary
                                                          1.330000  
U4595                     INV_X1          NangateOpenCellLibrary
                                                          0.532000  
U4596                     AOI22_X1        NangateOpenCellLibrary
                                                          1.330000  
U4597                     INV_X1          NangateOpenCellLibrary
                                                          0.532000  
U4598                     AOI22_X1        NangateOpenCellLibrary
                                                          1.330000  
U4599                     INV_X1          NangateOpenCellLibrary
                                                          0.532000  
U4600                     AOI22_X1        NangateOpenCellLibrary
                                                          1.330000  
U4601                     INV_X1          NangateOpenCellLibrary
                                                          0.532000  
U4602                     AOI22_X1        NangateOpenCellLibrary
                                                          1.330000  
U4603                     INV_X1          NangateOpenCellLibrary
                                                          0.532000  
U4604                     AOI22_X1        NangateOpenCellLibrary
                                                          1.330000  
U4605                     INV_X1          NangateOpenCellLibrary
                                                          0.532000  
U4606                     AOI22_X1        NangateOpenCellLibrary
                                                          1.330000  
U4607                     INV_X1          NangateOpenCellLibrary
                                                          0.532000  
U4608                     AOI22_X1        NangateOpenCellLibrary
                                                          1.330000  
U4609                     INV_X1          NangateOpenCellLibrary
                                                          0.532000  
U4610                     AOI22_X1        NangateOpenCellLibrary
                                                          1.330000  
U4611                     INV_X1          NangateOpenCellLibrary
                                                          0.532000  
U4612                     AOI22_X1        NangateOpenCellLibrary
                                                          1.330000  
U4613                     INV_X1          NangateOpenCellLibrary
                                                          0.532000  
U4614                     AOI22_X1        NangateOpenCellLibrary
                                                          1.330000  
U4615                     INV_X1          NangateOpenCellLibrary
                                                          0.532000  
U4616                     AOI22_X1        NangateOpenCellLibrary
                                                          1.330000  
U4617                     INV_X1          NangateOpenCellLibrary
                                                          0.532000  
U4618                     AOI22_X1        NangateOpenCellLibrary
                                                          1.330000  
U4619                     INV_X1          NangateOpenCellLibrary
                                                          0.532000  
U4620                     AOI22_X1        NangateOpenCellLibrary
                                                          1.330000  
U4621                     INV_X1          NangateOpenCellLibrary
                                                          0.532000  
U4622                     AOI22_X1        NangateOpenCellLibrary
                                                          1.330000  
U4623                     INV_X1          NangateOpenCellLibrary
                                                          0.532000  
U4624                     AOI22_X1        NangateOpenCellLibrary
                                                          1.330000  
U4625                     INV_X1          NangateOpenCellLibrary
                                                          0.532000  
U4626                     AOI22_X1        NangateOpenCellLibrary
                                                          1.330000  
U4627                     INV_X1          NangateOpenCellLibrary
                                                          0.532000  
U4628                     AOI22_X1        NangateOpenCellLibrary
                                                          1.330000  
U4629                     INV_X1          NangateOpenCellLibrary
                                                          0.532000  
U4630                     AOI22_X1        NangateOpenCellLibrary
                                                          1.330000  
U4631                     INV_X1          NangateOpenCellLibrary
                                                          0.532000  
U4632                     AOI22_X1        NangateOpenCellLibrary
                                                          1.330000  
U4633                     INV_X1          NangateOpenCellLibrary
                                                          0.532000  
U4634                     AOI22_X1        NangateOpenCellLibrary
                                                          1.330000  
U4635                     INV_X1          NangateOpenCellLibrary
                                                          0.532000  
U4636                     AOI22_X1        NangateOpenCellLibrary
                                                          1.330000  
U4637                     INV_X1          NangateOpenCellLibrary
                                                          0.532000  
U4638                     AOI22_X1        NangateOpenCellLibrary
                                                          1.330000  
U4639                     INV_X1          NangateOpenCellLibrary
                                                          0.532000  
U4640                     AOI22_X1        NangateOpenCellLibrary
                                                          1.330000  
U4641                     INV_X1          NangateOpenCellLibrary
                                                          0.532000  
U4642                     AOI22_X1        NangateOpenCellLibrary
                                                          1.330000  
U4643                     INV_X1          NangateOpenCellLibrary
                                                          0.532000  
U4644                     AOI22_X1        NangateOpenCellLibrary
                                                          1.330000  
U4645                     INV_X1          NangateOpenCellLibrary
                                                          0.532000  
U4646                     AOI22_X1        NangateOpenCellLibrary
                                                          1.330000  
U4647                     AND2_X1         NangateOpenCellLibrary
                                                          1.064000  
U4648                     OAI221_X1       NangateOpenCellLibrary
                                                          1.596000  
U4649                     INV_X1          NangateOpenCellLibrary
                                                          0.532000  
U4650                     OAI221_X1       NangateOpenCellLibrary
                                                          1.596000  
U4651                     NAND4_X1        NangateOpenCellLibrary
                                                          1.330000  
U4652                     OAI21_X1        NangateOpenCellLibrary
                                                          1.064000  
U4653                     NAND4_X1        NangateOpenCellLibrary
                                                          1.330000  
U4654                     AND2_X1         NangateOpenCellLibrary
                                                          1.064000  
U4655                     OAI21_X1        NangateOpenCellLibrary
                                                          1.064000  
U4656                     NAND2_X1        NangateOpenCellLibrary
                                                          0.798000  
U4657                     OAI21_X1        NangateOpenCellLibrary
                                                          1.064000  
U4658                     NAND2_X1        NangateOpenCellLibrary
                                                          0.798000  
U4659                     OAI21_X1        NangateOpenCellLibrary
                                                          1.064000  
U4660                     NAND2_X1        NangateOpenCellLibrary
                                                          0.798000  
U4661                     OAI21_X1        NangateOpenCellLibrary
                                                          1.064000  
U4662                     NAND2_X1        NangateOpenCellLibrary
                                                          0.798000  
U4663                     OAI21_X1        NangateOpenCellLibrary
                                                          1.064000  
U4664                     NAND2_X1        NangateOpenCellLibrary
                                                          0.798000  
U4665                     OAI21_X1        NangateOpenCellLibrary
                                                          1.064000  
U4666                     NAND2_X1        NangateOpenCellLibrary
                                                          0.798000  
U4667                     OAI21_X1        NangateOpenCellLibrary
                                                          1.064000  
U4668                     NAND2_X1        NangateOpenCellLibrary
                                                          0.798000  
U4669                     OAI21_X1        NangateOpenCellLibrary
                                                          1.064000  
U4670                     NAND2_X1        NangateOpenCellLibrary
                                                          0.798000  
U4671                     OAI21_X1        NangateOpenCellLibrary
                                                          1.064000  
U4672                     NAND2_X1        NangateOpenCellLibrary
                                                          0.798000  
U4673                     OAI21_X1        NangateOpenCellLibrary
                                                          1.064000  
U4674                     NAND2_X1        NangateOpenCellLibrary
                                                          0.798000  
U4675                     OAI21_X1        NangateOpenCellLibrary
                                                          1.064000  
U4676                     NAND2_X1        NangateOpenCellLibrary
                                                          0.798000  
U4677                     OAI21_X1        NangateOpenCellLibrary
                                                          1.064000  
U4678                     NAND2_X1        NangateOpenCellLibrary
                                                          0.798000  
U4679                     OAI21_X1        NangateOpenCellLibrary
                                                          1.064000  
U4680                     NAND2_X1        NangateOpenCellLibrary
                                                          0.798000  
U4681                     OAI21_X1        NangateOpenCellLibrary
                                                          1.064000  
U4682                     NAND2_X1        NangateOpenCellLibrary
                                                          0.798000  
U4683                     OAI21_X1        NangateOpenCellLibrary
                                                          1.064000  
U4684                     NAND2_X1        NangateOpenCellLibrary
                                                          0.798000  
U4685                     OAI21_X1        NangateOpenCellLibrary
                                                          1.064000  
U4686                     NAND2_X1        NangateOpenCellLibrary
                                                          0.798000  
U4687                     OAI21_X1        NangateOpenCellLibrary
                                                          1.064000  
U4688                     NAND2_X1        NangateOpenCellLibrary
                                                          0.798000  
U4689                     OAI21_X1        NangateOpenCellLibrary
                                                          1.064000  
U4690                     NAND2_X1        NangateOpenCellLibrary
                                                          0.798000  
U4691                     OAI21_X1        NangateOpenCellLibrary
                                                          1.064000  
U4692                     NAND2_X1        NangateOpenCellLibrary
                                                          0.798000  
U4693                     OAI21_X1        NangateOpenCellLibrary
                                                          1.064000  
U4694                     NAND2_X1        NangateOpenCellLibrary
                                                          0.798000  
U4695                     OAI21_X1        NangateOpenCellLibrary
                                                          1.064000  
U4696                     NAND2_X1        NangateOpenCellLibrary
                                                          0.798000  
U4697                     OAI21_X1        NangateOpenCellLibrary
                                                          1.064000  
U4698                     NAND2_X1        NangateOpenCellLibrary
                                                          0.798000  
U4699                     OAI21_X1        NangateOpenCellLibrary
                                                          1.064000  
U4700                     NAND2_X1        NangateOpenCellLibrary
                                                          0.798000  
U4701                     OAI21_X1        NangateOpenCellLibrary
                                                          1.064000  
U4702                     NAND2_X1        NangateOpenCellLibrary
                                                          0.798000  
U4703                     OAI21_X1        NangateOpenCellLibrary
                                                          1.064000  
U4704                     NAND2_X1        NangateOpenCellLibrary
                                                          0.798000  
U4705                     OAI21_X1        NangateOpenCellLibrary
                                                          1.064000  
U4706                     NAND2_X1        NangateOpenCellLibrary
                                                          0.798000  
U4707                     OAI21_X1        NangateOpenCellLibrary
                                                          1.064000  
U4708                     NAND2_X1        NangateOpenCellLibrary
                                                          0.798000  
U4709                     OAI21_X1        NangateOpenCellLibrary
                                                          1.064000  
U4710                     NAND2_X1        NangateOpenCellLibrary
                                                          0.798000  
U4711                     OAI21_X1        NangateOpenCellLibrary
                                                          1.064000  
U4712                     NAND2_X1        NangateOpenCellLibrary
                                                          0.798000  
U4713                     OAI21_X1        NangateOpenCellLibrary
                                                          1.064000  
U4714                     NAND2_X1        NangateOpenCellLibrary
                                                          0.798000  
U4715                     OAI21_X1        NangateOpenCellLibrary
                                                          1.064000  
U4716                     NAND2_X1        NangateOpenCellLibrary
                                                          0.798000  
U4717                     OAI21_X1        NangateOpenCellLibrary
                                                          1.064000  
U4718                     NAND2_X1        NangateOpenCellLibrary
                                                          0.798000  
U4719                     OAI21_X1        NangateOpenCellLibrary
                                                          1.064000  
U4720                     NAND2_X1        NangateOpenCellLibrary
                                                          0.798000  
U4721                     OAI21_X1        NangateOpenCellLibrary
                                                          1.064000  
U4722                     NAND2_X1        NangateOpenCellLibrary
                                                          0.798000  
U4723                     OAI21_X1        NangateOpenCellLibrary
                                                          1.064000  
U4724                     NAND2_X1        NangateOpenCellLibrary
                                                          0.798000  
U4725                     OAI21_X1        NangateOpenCellLibrary
                                                          1.064000  
U4726                     NAND2_X1        NangateOpenCellLibrary
                                                          0.798000  
U4727                     OAI21_X1        NangateOpenCellLibrary
                                                          1.064000  
U4728                     NAND2_X1        NangateOpenCellLibrary
                                                          0.798000  
U4729                     OAI21_X1        NangateOpenCellLibrary
                                                          1.064000  
U4730                     NAND2_X1        NangateOpenCellLibrary
                                                          0.798000  
U4731                     OAI21_X1        NangateOpenCellLibrary
                                                          1.064000  
U4732                     NAND2_X1        NangateOpenCellLibrary
                                                          0.798000  
U4733                     OAI21_X1        NangateOpenCellLibrary
                                                          1.064000  
U4734                     NAND2_X1        NangateOpenCellLibrary
                                                          0.798000  
U4735                     OAI21_X1        NangateOpenCellLibrary
                                                          1.064000  
U4736                     NAND2_X1        NangateOpenCellLibrary
                                                          0.798000  
U4737                     OAI21_X1        NangateOpenCellLibrary
                                                          1.064000  
U4738                     NAND2_X1        NangateOpenCellLibrary
                                                          0.798000  
U4739                     OAI21_X1        NangateOpenCellLibrary
                                                          1.064000  
U4740                     NAND2_X1        NangateOpenCellLibrary
                                                          0.798000  
U4741                     OAI21_X1        NangateOpenCellLibrary
                                                          1.064000  
U4742                     NAND2_X1        NangateOpenCellLibrary
                                                          0.798000  
U4743                     OAI21_X1        NangateOpenCellLibrary
                                                          1.064000  
U4744                     NAND2_X1        NangateOpenCellLibrary
                                                          0.798000  
U4745                     OAI21_X1        NangateOpenCellLibrary
                                                          1.064000  
U4746                     NAND2_X1        NangateOpenCellLibrary
                                                          0.798000  
U4747                     OAI21_X1        NangateOpenCellLibrary
                                                          1.064000  
U4748                     NAND2_X1        NangateOpenCellLibrary
                                                          0.798000  
U4749                     OAI21_X1        NangateOpenCellLibrary
                                                          1.064000  
U4750                     NAND2_X1        NangateOpenCellLibrary
                                                          0.798000  
U4751                     OAI21_X1        NangateOpenCellLibrary
                                                          1.064000  
U4752                     NAND2_X1        NangateOpenCellLibrary
                                                          0.798000  
U4753                     OAI21_X1        NangateOpenCellLibrary
                                                          1.064000  
U4754                     NAND2_X1        NangateOpenCellLibrary
                                                          0.798000  
U4755                     OAI21_X1        NangateOpenCellLibrary
                                                          1.064000  
U4756                     NAND2_X1        NangateOpenCellLibrary
                                                          0.798000  
U4757                     OAI21_X1        NangateOpenCellLibrary
                                                          1.064000  
U4758                     NAND2_X1        NangateOpenCellLibrary
                                                          0.798000  
U4759                     OAI21_X1        NangateOpenCellLibrary
                                                          1.064000  
U4760                     NAND2_X1        NangateOpenCellLibrary
                                                          0.798000  
U4761                     OAI21_X1        NangateOpenCellLibrary
                                                          1.064000  
U4762                     NAND2_X1        NangateOpenCellLibrary
                                                          0.798000  
U4763                     OAI21_X1        NangateOpenCellLibrary
                                                          1.064000  
U4764                     NAND2_X1        NangateOpenCellLibrary
                                                          0.798000  
U4765                     OAI21_X1        NangateOpenCellLibrary
                                                          1.064000  
U4766                     NAND2_X1        NangateOpenCellLibrary
                                                          0.798000  
U4767                     OAI21_X1        NangateOpenCellLibrary
                                                          1.064000  
U4768                     NAND2_X1        NangateOpenCellLibrary
                                                          0.798000  
U4769                     OAI21_X1        NangateOpenCellLibrary
                                                          1.064000  
U4770                     NAND2_X1        NangateOpenCellLibrary
                                                          0.798000  
U4771                     OAI21_X1        NangateOpenCellLibrary
                                                          1.064000  
U4772                     NAND2_X1        NangateOpenCellLibrary
                                                          0.798000  
U4773                     OAI21_X1        NangateOpenCellLibrary
                                                          1.064000  
U4774                     NAND2_X1        NangateOpenCellLibrary
                                                          0.798000  
U4775                     OAI21_X1        NangateOpenCellLibrary
                                                          1.064000  
U4776                     NAND2_X1        NangateOpenCellLibrary
                                                          0.798000  
U4777                     OAI21_X1        NangateOpenCellLibrary
                                                          1.064000  
U4778                     NAND2_X1        NangateOpenCellLibrary
                                                          0.798000  
U4779                     OAI21_X1        NangateOpenCellLibrary
                                                          1.064000  
U4780                     NAND2_X1        NangateOpenCellLibrary
                                                          0.798000  
U4781                     OAI21_X1        NangateOpenCellLibrary
                                                          1.064000  
U4782                     NAND2_X1        NangateOpenCellLibrary
                                                          0.798000  
U4783                     OAI21_X1        NangateOpenCellLibrary
                                                          1.064000  
U4784                     NAND2_X1        NangateOpenCellLibrary
                                                          0.798000  
U4785                     OAI21_X1        NangateOpenCellLibrary
                                                          1.064000  
U4786                     NAND2_X1        NangateOpenCellLibrary
                                                          0.798000  
U4787                     OAI21_X1        NangateOpenCellLibrary
                                                          1.064000  
U4788                     NAND2_X1        NangateOpenCellLibrary
                                                          0.798000  
U4789                     OAI21_X1        NangateOpenCellLibrary
                                                          1.064000  
U4790                     NAND2_X1        NangateOpenCellLibrary
                                                          0.798000  
U4791                     OAI21_X1        NangateOpenCellLibrary
                                                          1.064000  
U4792                     NAND2_X1        NangateOpenCellLibrary
                                                          0.798000  
U4793                     OAI21_X1        NangateOpenCellLibrary
                                                          1.064000  
U4794                     NAND2_X1        NangateOpenCellLibrary
                                                          0.798000  
U4795                     OAI21_X1        NangateOpenCellLibrary
                                                          1.064000  
U4796                     NAND2_X1        NangateOpenCellLibrary
                                                          0.798000  
U4797                     OAI21_X1        NangateOpenCellLibrary
                                                          1.064000  
U4798                     NAND2_X1        NangateOpenCellLibrary
                                                          0.798000  
U4799                     INV_X1          NangateOpenCellLibrary
                                                          0.532000  
U4800                     NAND2_X1        NangateOpenCellLibrary
                                                          0.798000  
U4801                     NAND2_X1        NangateOpenCellLibrary
                                                          0.798000  
U4802                     INV_X1          NangateOpenCellLibrary
                                                          0.532000  
U4803                     AND4_X1         NangateOpenCellLibrary
                                                          1.596000  
U4804                     INV_X1          NangateOpenCellLibrary
                                                          0.532000  
U4805                     INV_X1          NangateOpenCellLibrary
                                                          0.532000  
U4806                     INV_X1          NangateOpenCellLibrary
                                                          0.532000  
U4807                     INV_X1          NangateOpenCellLibrary
                                                          0.532000  
U4808                     INV_X1          NangateOpenCellLibrary
                                                          0.532000  
U4809                     INV_X1          NangateOpenCellLibrary
                                                          0.532000  
U4810                     INV_X1          NangateOpenCellLibrary
                                                          0.532000  
U4811                     INV_X1          NangateOpenCellLibrary
                                                          0.532000  
U4812                     INV_X1          NangateOpenCellLibrary
                                                          0.532000  
U4813                     INV_X1          NangateOpenCellLibrary
                                                          0.532000  
U4814                     INV_X1          NangateOpenCellLibrary
                                                          0.532000  
U4815                     INV_X1          NangateOpenCellLibrary
                                                          0.532000  
U4816                     INV_X1          NangateOpenCellLibrary
                                                          0.532000  
U4817                     INV_X1          NangateOpenCellLibrary
                                                          0.532000  
U4818                     INV_X1          NangateOpenCellLibrary
                                                          0.532000  
U4819                     INV_X1          NangateOpenCellLibrary
                                                          0.532000  
U4820                     INV_X1          NangateOpenCellLibrary
                                                          0.532000  
U4821                     INV_X1          NangateOpenCellLibrary
                                                          0.532000  
U4822                     INV_X1          NangateOpenCellLibrary
                                                          0.532000  
U4823                     INV_X1          NangateOpenCellLibrary
                                                          0.532000  
U4824                     INV_X1          NangateOpenCellLibrary
                                                          0.532000  
U4825                     NAND2_X1        NangateOpenCellLibrary
                                                          0.798000  
U4826                     INV_X1          NangateOpenCellLibrary
                                                          0.532000  
U4827                     NAND2_X1        NangateOpenCellLibrary
                                                          0.798000  
U4828                     INV_X1          NangateOpenCellLibrary
                                                          0.532000  
U4829                     NAND2_X1        NangateOpenCellLibrary
                                                          0.798000  
U4830                     INV_X1          NangateOpenCellLibrary
                                                          0.532000  
U4831                     NAND2_X1        NangateOpenCellLibrary
                                                          0.798000  
U4832                     INV_X1          NangateOpenCellLibrary
                                                          0.532000  
U4833                     NAND2_X1        NangateOpenCellLibrary
                                                          0.798000  
U4834                     INV_X1          NangateOpenCellLibrary
                                                          0.532000  
U4835                     NAND2_X1        NangateOpenCellLibrary
                                                          0.798000  
U4836                     INV_X1          NangateOpenCellLibrary
                                                          0.532000  
U4837                     NAND2_X1        NangateOpenCellLibrary
                                                          0.798000  
U4838                     INV_X1          NangateOpenCellLibrary
                                                          0.532000  
U4839                     NAND2_X1        NangateOpenCellLibrary
                                                          0.798000  
U4840                     INV_X1          NangateOpenCellLibrary
                                                          0.532000  
U4841                     NAND2_X1        NangateOpenCellLibrary
                                                          0.798000  
U4842                     INV_X1          NangateOpenCellLibrary
                                                          0.532000  
U4843                     NAND2_X1        NangateOpenCellLibrary
                                                          0.798000  
U4844                     INV_X1          NangateOpenCellLibrary
                                                          0.532000  
U4845                     NAND2_X1        NangateOpenCellLibrary
                                                          0.798000  
U4846                     INV_X1          NangateOpenCellLibrary
                                                          0.532000  
U4847                     NAND2_X1        NangateOpenCellLibrary
                                                          0.798000  
U4848                     INV_X1          NangateOpenCellLibrary
                                                          0.532000  
U4849                     NAND2_X1        NangateOpenCellLibrary
                                                          0.798000  
U4850                     INV_X1          NangateOpenCellLibrary
                                                          0.532000  
U4851                     NAND2_X1        NangateOpenCellLibrary
                                                          0.798000  
U4852                     INV_X1          NangateOpenCellLibrary
                                                          0.532000  
U4853                     NAND2_X1        NangateOpenCellLibrary
                                                          0.798000  
U4854                     INV_X1          NangateOpenCellLibrary
                                                          0.532000  
U4855                     NAND2_X1        NangateOpenCellLibrary
                                                          0.798000  
U4856                     INV_X1          NangateOpenCellLibrary
                                                          0.532000  
U4857                     NAND2_X1        NangateOpenCellLibrary
                                                          0.798000  
U4858                     INV_X1          NangateOpenCellLibrary
                                                          0.532000  
U4859                     NAND2_X1        NangateOpenCellLibrary
                                                          0.798000  
U4860                     INV_X1          NangateOpenCellLibrary
                                                          0.532000  
U4861                     NAND2_X1        NangateOpenCellLibrary
                                                          0.798000  
U4862                     INV_X1          NangateOpenCellLibrary
                                                          0.532000  
U4863                     NAND2_X1        NangateOpenCellLibrary
                                                          0.798000  
U4864                     INV_X1          NangateOpenCellLibrary
                                                          0.532000  
U4865                     NAND2_X1        NangateOpenCellLibrary
                                                          0.798000  
U4866                     INV_X1          NangateOpenCellLibrary
                                                          0.532000  
U4867                     NAND2_X1        NangateOpenCellLibrary
                                                          0.798000  
U4868                     INV_X1          NangateOpenCellLibrary
                                                          0.532000  
U4869                     NAND2_X1        NangateOpenCellLibrary
                                                          0.798000  
U4870                     INV_X1          NangateOpenCellLibrary
                                                          0.532000  
U4871                     NAND2_X1        NangateOpenCellLibrary
                                                          0.798000  
U4872                     INV_X1          NangateOpenCellLibrary
                                                          0.532000  
U4873                     NAND2_X1        NangateOpenCellLibrary
                                                          0.798000  
U4874                     INV_X1          NangateOpenCellLibrary
                                                          0.532000  
U4875                     NAND2_X1        NangateOpenCellLibrary
                                                          0.798000  
U4876                     INV_X1          NangateOpenCellLibrary
                                                          0.532000  
U4877                     NAND2_X1        NangateOpenCellLibrary
                                                          0.798000  
U4878                     INV_X1          NangateOpenCellLibrary
                                                          0.532000  
U4879                     NAND2_X1        NangateOpenCellLibrary
                                                          0.798000  
U4880                     INV_X1          NangateOpenCellLibrary
                                                          0.532000  
U4881                     NAND2_X1        NangateOpenCellLibrary
                                                          0.798000  
U4882                     INV_X1          NangateOpenCellLibrary
                                                          0.532000  
U4883                     NAND2_X1        NangateOpenCellLibrary
                                                          0.798000  
U4884                     INV_X1          NangateOpenCellLibrary
                                                          0.532000  
U4885                     NAND2_X1        NangateOpenCellLibrary
                                                          0.798000  
U4886                     INV_X1          NangateOpenCellLibrary
                                                          0.532000  
U4887                     NAND2_X1        NangateOpenCellLibrary
                                                          0.798000  
U4888                     INV_X1          NangateOpenCellLibrary
                                                          0.532000  
U4889                     NAND2_X1        NangateOpenCellLibrary
                                                          0.798000  
U4890                     INV_X1          NangateOpenCellLibrary
                                                          0.532000  
U4891                     NAND2_X1        NangateOpenCellLibrary
                                                          0.798000  
U4892                     INV_X1          NangateOpenCellLibrary
                                                          0.532000  
U4893                     NAND2_X1        NangateOpenCellLibrary
                                                          0.798000  
U4894                     INV_X1          NangateOpenCellLibrary
                                                          0.532000  
U4895                     NAND2_X1        NangateOpenCellLibrary
                                                          0.798000  
U4896                     INV_X1          NangateOpenCellLibrary
                                                          0.532000  
U4897                     NAND2_X1        NangateOpenCellLibrary
                                                          0.798000  
U4898                     INV_X1          NangateOpenCellLibrary
                                                          0.532000  
U4899                     NAND2_X1        NangateOpenCellLibrary
                                                          0.798000  
U4900                     INV_X1          NangateOpenCellLibrary
                                                          0.532000  
U4901                     NAND2_X1        NangateOpenCellLibrary
                                                          0.798000  
U4902                     INV_X1          NangateOpenCellLibrary
                                                          0.532000  
U4903                     NAND2_X1        NangateOpenCellLibrary
                                                          0.798000  
U4904                     INV_X1          NangateOpenCellLibrary
                                                          0.532000  
U4905                     NAND2_X1        NangateOpenCellLibrary
                                                          0.798000  
U4906                     INV_X1          NangateOpenCellLibrary
                                                          0.532000  
U4907                     NAND2_X1        NangateOpenCellLibrary
                                                          0.798000  
U4908                     INV_X1          NangateOpenCellLibrary
                                                          0.532000  
U4909                     NAND2_X1        NangateOpenCellLibrary
                                                          0.798000  
U4910                     INV_X1          NangateOpenCellLibrary
                                                          0.532000  
U4911                     NAND2_X1        NangateOpenCellLibrary
                                                          0.798000  
U4912                     INV_X1          NangateOpenCellLibrary
                                                          0.532000  
U4913                     NAND2_X1        NangateOpenCellLibrary
                                                          0.798000  
U4914                     INV_X1          NangateOpenCellLibrary
                                                          0.532000  
U4915                     NAND2_X1        NangateOpenCellLibrary
                                                          0.798000  
U4916                     INV_X1          NangateOpenCellLibrary
                                                          0.532000  
U4917                     NAND2_X1        NangateOpenCellLibrary
                                                          0.798000  
U4918                     INV_X1          NangateOpenCellLibrary
                                                          0.532000  
U4919                     NAND2_X1        NangateOpenCellLibrary
                                                          0.798000  
U4920                     INV_X1          NangateOpenCellLibrary
                                                          0.532000  
U4921                     NAND2_X1        NangateOpenCellLibrary
                                                          0.798000  
U4922                     INV_X1          NangateOpenCellLibrary
                                                          0.532000  
U4923                     NAND2_X1        NangateOpenCellLibrary
                                                          0.798000  
U4924                     INV_X1          NangateOpenCellLibrary
                                                          0.532000  
U4925                     NAND2_X1        NangateOpenCellLibrary
                                                          0.798000  
U4926                     INV_X1          NangateOpenCellLibrary
                                                          0.532000  
U4927                     NAND2_X1        NangateOpenCellLibrary
                                                          0.798000  
U4928                     INV_X1          NangateOpenCellLibrary
                                                          0.532000  
U4929                     NAND2_X1        NangateOpenCellLibrary
                                                          0.798000  
U4930                     INV_X1          NangateOpenCellLibrary
                                                          0.532000  
U4931                     NAND2_X1        NangateOpenCellLibrary
                                                          0.798000  
U4932                     INV_X1          NangateOpenCellLibrary
                                                          0.532000  
U4933                     NAND2_X1        NangateOpenCellLibrary
                                                          0.798000  
U4934                     INV_X1          NangateOpenCellLibrary
                                                          0.532000  
U4935                     NAND2_X1        NangateOpenCellLibrary
                                                          0.798000  
U4936                     INV_X1          NangateOpenCellLibrary
                                                          0.532000  
U4937                     NAND2_X1        NangateOpenCellLibrary
                                                          0.798000  
U4938                     INV_X1          NangateOpenCellLibrary
                                                          0.532000  
U4939                     NAND2_X1        NangateOpenCellLibrary
                                                          0.798000  
U4940                     INV_X1          NangateOpenCellLibrary
                                                          0.532000  
U4941                     NAND2_X1        NangateOpenCellLibrary
                                                          0.798000  
U4942                     INV_X1          NangateOpenCellLibrary
                                                          0.532000  
U4943                     NAND2_X1        NangateOpenCellLibrary
                                                          0.798000  
U4944                     INV_X1          NangateOpenCellLibrary
                                                          0.532000  
U4945                     NAND2_X1        NangateOpenCellLibrary
                                                          0.798000  
U4946                     INV_X1          NangateOpenCellLibrary
                                                          0.532000  
U4947                     NAND2_X1        NangateOpenCellLibrary
                                                          0.798000  
U4948                     INV_X1          NangateOpenCellLibrary
                                                          0.532000  
U4949                     NAND2_X1        NangateOpenCellLibrary
                                                          0.798000  
U4950                     INV_X1          NangateOpenCellLibrary
                                                          0.532000  
U4951                     NAND2_X1        NangateOpenCellLibrary
                                                          0.798000  
U4952                     INV_X1          NangateOpenCellLibrary
                                                          0.532000  
U4953                     NAND2_X1        NangateOpenCellLibrary
                                                          0.798000  
U4954                     INV_X1          NangateOpenCellLibrary
                                                          0.532000  
U4955                     NAND2_X1        NangateOpenCellLibrary
                                                          0.798000  
U4956                     INV_X1          NangateOpenCellLibrary
                                                          0.532000  
U4957                     NAND2_X1        NangateOpenCellLibrary
                                                          0.798000  
U4958                     INV_X1          NangateOpenCellLibrary
                                                          0.532000  
U4959                     NAND2_X1        NangateOpenCellLibrary
                                                          0.798000  
U4960                     INV_X1          NangateOpenCellLibrary
                                                          0.532000  
U4961                     NAND2_X1        NangateOpenCellLibrary
                                                          0.798000  
U4962                     INV_X1          NangateOpenCellLibrary
                                                          0.532000  
U4963                     NAND2_X1        NangateOpenCellLibrary
                                                          0.798000  
U4964                     INV_X1          NangateOpenCellLibrary
                                                          0.532000  
U4965                     NAND2_X1        NangateOpenCellLibrary
                                                          0.798000  
U4966                     INV_X1          NangateOpenCellLibrary
                                                          0.532000  
U4967                     NAND2_X1        NangateOpenCellLibrary
                                                          0.798000  
U4968                     INV_X1          NangateOpenCellLibrary
                                                          0.532000  
U4969                     NAND2_X1        NangateOpenCellLibrary
                                                          0.798000  
U4970                     INV_X1          NangateOpenCellLibrary
                                                          0.532000  
U4971                     NAND2_X1        NangateOpenCellLibrary
                                                          0.798000  
U4972                     INV_X1          NangateOpenCellLibrary
                                                          0.532000  
U4973                     NAND2_X1        NangateOpenCellLibrary
                                                          0.798000  
U4974                     INV_X1          NangateOpenCellLibrary
                                                          0.532000  
U4975                     NAND2_X1        NangateOpenCellLibrary
                                                          0.798000  
U4976                     INV_X1          NangateOpenCellLibrary
                                                          0.532000  
U4977                     NAND2_X1        NangateOpenCellLibrary
                                                          0.798000  
U4978                     INV_X1          NangateOpenCellLibrary
                                                          0.532000  
U4979                     NAND2_X1        NangateOpenCellLibrary
                                                          0.798000  
U4980                     INV_X1          NangateOpenCellLibrary
                                                          0.532000  
U4981                     NAND2_X1        NangateOpenCellLibrary
                                                          0.798000  
U4982                     INV_X1          NangateOpenCellLibrary
                                                          0.532000  
U4983                     NAND2_X1        NangateOpenCellLibrary
                                                          0.798000  
U4984                     INV_X1          NangateOpenCellLibrary
                                                          0.532000  
U4985                     NAND2_X1        NangateOpenCellLibrary
                                                          0.798000  
U4986                     INV_X1          NangateOpenCellLibrary
                                                          0.532000  
U4987                     NAND2_X1        NangateOpenCellLibrary
                                                          0.798000  
U4988                     INV_X1          NangateOpenCellLibrary
                                                          0.532000  
U4989                     NAND2_X1        NangateOpenCellLibrary
                                                          0.798000  
U4990                     INV_X1          NangateOpenCellLibrary
                                                          0.532000  
U4991                     NAND2_X1        NangateOpenCellLibrary
                                                          0.798000  
U4992                     INV_X1          NangateOpenCellLibrary
                                                          0.532000  
U4993                     NAND2_X1        NangateOpenCellLibrary
                                                          0.798000  
U4994                     INV_X1          NangateOpenCellLibrary
                                                          0.532000  
U4995                     NAND2_X1        NangateOpenCellLibrary
                                                          0.798000  
U4996                     INV_X1          NangateOpenCellLibrary
                                                          0.532000  
U4997                     NAND2_X1        NangateOpenCellLibrary
                                                          0.798000  
U4998                     INV_X1          NangateOpenCellLibrary
                                                          0.532000  
U4999                     NAND2_X1        NangateOpenCellLibrary
                                                          0.798000  
U5000                     INV_X1          NangateOpenCellLibrary
                                                          0.532000  
U5001                     NAND2_X1        NangateOpenCellLibrary
                                                          0.798000  
U5002                     INV_X1          NangateOpenCellLibrary
                                                          0.532000  
U5003                     NAND2_X1        NangateOpenCellLibrary
                                                          0.798000  
U5004                     INV_X1          NangateOpenCellLibrary
                                                          0.532000  
U5005                     NAND2_X1        NangateOpenCellLibrary
                                                          0.798000  
U5006                     INV_X1          NangateOpenCellLibrary
                                                          0.532000  
U5007                     NAND2_X1        NangateOpenCellLibrary
                                                          0.798000  
U5008                     INV_X1          NangateOpenCellLibrary
                                                          0.532000  
U5009                     NAND2_X1        NangateOpenCellLibrary
                                                          0.798000  
U5010                     INV_X1          NangateOpenCellLibrary
                                                          0.532000  
U5011                     NAND2_X1        NangateOpenCellLibrary
                                                          0.798000  
U5012                     INV_X1          NangateOpenCellLibrary
                                                          0.532000  
U5013                     NAND2_X1        NangateOpenCellLibrary
                                                          0.798000  
U5014                     INV_X1          NangateOpenCellLibrary
                                                          0.532000  
U5015                     NAND2_X1        NangateOpenCellLibrary
                                                          0.798000  
U5016                     INV_X1          NangateOpenCellLibrary
                                                          0.532000  
U5017                     NAND2_X1        NangateOpenCellLibrary
                                                          0.798000  
U5018                     INV_X1          NangateOpenCellLibrary
                                                          0.532000  
U5019                     NAND2_X1        NangateOpenCellLibrary
                                                          0.798000  
U5020                     INV_X1          NangateOpenCellLibrary
                                                          0.532000  
U5021                     NAND2_X1        NangateOpenCellLibrary
                                                          0.798000  
U5022                     INV_X1          NangateOpenCellLibrary
                                                          0.532000  
U5023                     NAND2_X1        NangateOpenCellLibrary
                                                          0.798000  
U5024                     INV_X1          NangateOpenCellLibrary
                                                          0.532000  
U5025                     NAND2_X1        NangateOpenCellLibrary
                                                          0.798000  
U5026                     INV_X1          NangateOpenCellLibrary
                                                          0.532000  
U5027                     NAND2_X1        NangateOpenCellLibrary
                                                          0.798000  
U5028                     INV_X1          NangateOpenCellLibrary
                                                          0.532000  
U5029                     NAND2_X1        NangateOpenCellLibrary
                                                          0.798000  
U5030                     INV_X1          NangateOpenCellLibrary
                                                          0.532000  
U5031                     NAND2_X1        NangateOpenCellLibrary
                                                          0.798000  
U5032                     INV_X1          NangateOpenCellLibrary
                                                          0.532000  
U5033                     NAND2_X1        NangateOpenCellLibrary
                                                          0.798000  
U5034                     INV_X1          NangateOpenCellLibrary
                                                          0.532000  
U5035                     NAND2_X1        NangateOpenCellLibrary
                                                          0.798000  
U5036                     INV_X1          NangateOpenCellLibrary
                                                          0.532000  
U5037                     NAND2_X1        NangateOpenCellLibrary
                                                          0.798000  
U5038                     INV_X1          NangateOpenCellLibrary
                                                          0.532000  
U5039                     NAND2_X1        NangateOpenCellLibrary
                                                          0.798000  
U5040                     INV_X1          NangateOpenCellLibrary
                                                          0.532000  
U5041                     NAND2_X1        NangateOpenCellLibrary
                                                          0.798000  
U5042                     INV_X1          NangateOpenCellLibrary
                                                          0.532000  
U5043                     NAND2_X1        NangateOpenCellLibrary
                                                          0.798000  
U5044                     INV_X1          NangateOpenCellLibrary
                                                          0.532000  
U5045                     NAND2_X1        NangateOpenCellLibrary
                                                          0.798000  
U5046                     INV_X1          NangateOpenCellLibrary
                                                          0.532000  
U5047                     NAND2_X1        NangateOpenCellLibrary
                                                          0.798000  
U5048                     INV_X1          NangateOpenCellLibrary
                                                          0.532000  
U5049                     NAND2_X1        NangateOpenCellLibrary
                                                          0.798000  
U5050                     INV_X1          NangateOpenCellLibrary
                                                          0.532000  
U5051                     NAND2_X1        NangateOpenCellLibrary
                                                          0.798000  
U5052                     INV_X1          NangateOpenCellLibrary
                                                          0.532000  
U5053                     NAND2_X1        NangateOpenCellLibrary
                                                          0.798000  
U5054                     INV_X1          NangateOpenCellLibrary
                                                          0.532000  
U5055                     NAND2_X1        NangateOpenCellLibrary
                                                          0.798000  
U5056                     INV_X1          NangateOpenCellLibrary
                                                          0.532000  
U5057                     NAND2_X1        NangateOpenCellLibrary
                                                          0.798000  
U5058                     INV_X1          NangateOpenCellLibrary
                                                          0.532000  
U5059                     NAND2_X1        NangateOpenCellLibrary
                                                          0.798000  
U5060                     INV_X1          NangateOpenCellLibrary
                                                          0.532000  
U5061                     NAND2_X1        NangateOpenCellLibrary
                                                          0.798000  
U5062                     INV_X1          NangateOpenCellLibrary
                                                          0.532000  
U5063                     NAND2_X1        NangateOpenCellLibrary
                                                          0.798000  
U5064                     INV_X1          NangateOpenCellLibrary
                                                          0.532000  
U5065                     NAND2_X1        NangateOpenCellLibrary
                                                          0.798000  
U5066                     INV_X1          NangateOpenCellLibrary
                                                          0.532000  
U5067                     NAND2_X1        NangateOpenCellLibrary
                                                          0.798000  
U5068                     INV_X1          NangateOpenCellLibrary
                                                          0.532000  
U5069                     NAND2_X1        NangateOpenCellLibrary
                                                          0.798000  
U5070                     INV_X1          NangateOpenCellLibrary
                                                          0.532000  
U5071                     NAND2_X1        NangateOpenCellLibrary
                                                          0.798000  
U5072                     INV_X1          NangateOpenCellLibrary
                                                          0.532000  
U5073                     NAND2_X1        NangateOpenCellLibrary
                                                          0.798000  
U5074                     INV_X1          NangateOpenCellLibrary
                                                          0.532000  
U5075                     NAND2_X1        NangateOpenCellLibrary
                                                          0.798000  
U5076                     INV_X1          NangateOpenCellLibrary
                                                          0.532000  
U5077                     NAND2_X1        NangateOpenCellLibrary
                                                          0.798000  
U5078                     INV_X1          NangateOpenCellLibrary
                                                          0.532000  
U5079                     NAND2_X1        NangateOpenCellLibrary
                                                          0.798000  
U5080                     INV_X1          NangateOpenCellLibrary
                                                          0.532000  
U5081                     INV_X1          NangateOpenCellLibrary
                                                          0.532000  
U5082                     INV_X1          NangateOpenCellLibrary
                                                          0.532000  
U5083                     INV_X1          NangateOpenCellLibrary
                                                          0.532000  
U5084                     INV_X1          NangateOpenCellLibrary
                                                          0.532000  
U5085                     INV_X1          NangateOpenCellLibrary
                                                          0.532000  
U5086                     INV_X1          NangateOpenCellLibrary
                                                          0.532000  
U5087                     INV_X1          NangateOpenCellLibrary
                                                          0.532000  
U5088                     INV_X1          NangateOpenCellLibrary
                                                          0.532000  
U5089                     INV_X1          NangateOpenCellLibrary
                                                          0.532000  
U5090                     INV_X1          NangateOpenCellLibrary
                                                          0.532000  
U5091                     INV_X1          NangateOpenCellLibrary
                                                          0.532000  
U5092                     INV_X1          NangateOpenCellLibrary
                                                          0.532000  
U5093                     INV_X1          NangateOpenCellLibrary
                                                          0.532000  
U5094                     INV_X1          NangateOpenCellLibrary
                                                          0.532000  
U5095                     INV_X1          NangateOpenCellLibrary
                                                          0.532000  
U5096                     INV_X1          NangateOpenCellLibrary
                                                          0.532000  
U5097                     INV_X1          NangateOpenCellLibrary
                                                          0.532000  
U5098                     INV_X1          NangateOpenCellLibrary
                                                          0.532000  
U5099                     INV_X1          NangateOpenCellLibrary
                                                          0.532000  
U5100                     INV_X1          NangateOpenCellLibrary
                                                          0.532000  
U5101                     INV_X1          NangateOpenCellLibrary
                                                          0.532000  
U5102                     INV_X1          NangateOpenCellLibrary
                                                          0.532000  
U5103                     INV_X1          NangateOpenCellLibrary
                                                          0.532000  
U5104                     INV_X1          NangateOpenCellLibrary
                                                          0.532000  
U5105                     INV_X1          NangateOpenCellLibrary
                                                          0.532000  
U5106                     INV_X1          NangateOpenCellLibrary
                                                          0.532000  
U5107                     INV_X1          NangateOpenCellLibrary
                                                          0.532000  
U5108                     INV_X1          NangateOpenCellLibrary
                                                          0.532000  
U5109                     INV_X1          NangateOpenCellLibrary
                                                          0.532000  
U5110                     INV_X1          NangateOpenCellLibrary
                                                          0.532000  
U5111                     INV_X1          NangateOpenCellLibrary
                                                          0.532000  
U5112                     INV_X1          NangateOpenCellLibrary
                                                          0.532000  
U5113                     AOI22_X1        NangateOpenCellLibrary
                                                          1.330000  
U5114                     INV_X1          NangateOpenCellLibrary
                                                          0.532000  
U5115                     AOI22_X1        NangateOpenCellLibrary
                                                          1.330000  
U5116                     INV_X1          NangateOpenCellLibrary
                                                          0.532000  
U5117                     AOI22_X1        NangateOpenCellLibrary
                                                          1.330000  
U5118                     INV_X1          NangateOpenCellLibrary
                                                          0.532000  
U5119                     AOI22_X1        NangateOpenCellLibrary
                                                          1.330000  
U5120                     INV_X1          NangateOpenCellLibrary
                                                          0.532000  
U5121                     AOI22_X1        NangateOpenCellLibrary
                                                          1.330000  
U5122                     INV_X1          NangateOpenCellLibrary
                                                          0.532000  
U5123                     AOI22_X1        NangateOpenCellLibrary
                                                          1.330000  
U5124                     INV_X1          NangateOpenCellLibrary
                                                          0.532000  
U5125                     AOI22_X1        NangateOpenCellLibrary
                                                          1.330000  
U5126                     INV_X1          NangateOpenCellLibrary
                                                          0.532000  
U5127                     AOI22_X1        NangateOpenCellLibrary
                                                          1.330000  
U5128                     INV_X1          NangateOpenCellLibrary
                                                          0.532000  
U5129                     AOI22_X1        NangateOpenCellLibrary
                                                          1.330000  
U5130                     INV_X1          NangateOpenCellLibrary
                                                          0.532000  
U5131                     AOI22_X1        NangateOpenCellLibrary
                                                          1.330000  
U5132                     INV_X1          NangateOpenCellLibrary
                                                          0.532000  
U5133                     AOI22_X1        NangateOpenCellLibrary
                                                          1.330000  
U5134                     INV_X1          NangateOpenCellLibrary
                                                          0.532000  
U5135                     AOI22_X1        NangateOpenCellLibrary
                                                          1.330000  
U5136                     INV_X1          NangateOpenCellLibrary
                                                          0.532000  
U5137                     AOI22_X1        NangateOpenCellLibrary
                                                          1.330000  
U5138                     INV_X1          NangateOpenCellLibrary
                                                          0.532000  
U5139                     AOI22_X1        NangateOpenCellLibrary
                                                          1.330000  
U5140                     INV_X1          NangateOpenCellLibrary
                                                          0.532000  
U5141                     AOI22_X1        NangateOpenCellLibrary
                                                          1.330000  
U5142                     INV_X1          NangateOpenCellLibrary
                                                          0.532000  
U5143                     AOI22_X1        NangateOpenCellLibrary
                                                          1.330000  
U5144                     INV_X1          NangateOpenCellLibrary
                                                          0.532000  
U5145                     AOI22_X1        NangateOpenCellLibrary
                                                          1.330000  
U5146                     INV_X1          NangateOpenCellLibrary
                                                          0.532000  
U5147                     AOI22_X1        NangateOpenCellLibrary
                                                          1.330000  
U5148                     INV_X1          NangateOpenCellLibrary
                                                          0.532000  
U5149                     AOI22_X1        NangateOpenCellLibrary
                                                          1.330000  
U5150                     INV_X1          NangateOpenCellLibrary
                                                          0.532000  
U5151                     AOI22_X1        NangateOpenCellLibrary
                                                          1.330000  
U5152                     INV_X1          NangateOpenCellLibrary
                                                          0.532000  
U5153                     AOI22_X1        NangateOpenCellLibrary
                                                          1.330000  
U5154                     INV_X1          NangateOpenCellLibrary
                                                          0.532000  
U5155                     AOI22_X1        NangateOpenCellLibrary
                                                          1.330000  
U5156                     INV_X1          NangateOpenCellLibrary
                                                          0.532000  
U5157                     AOI22_X1        NangateOpenCellLibrary
                                                          1.330000  
U5158                     INV_X1          NangateOpenCellLibrary
                                                          0.532000  
U5159                     AOI22_X1        NangateOpenCellLibrary
                                                          1.330000  
U5160                     INV_X1          NangateOpenCellLibrary
                                                          0.532000  
U5161                     AOI22_X1        NangateOpenCellLibrary
                                                          1.330000  
U5162                     INV_X1          NangateOpenCellLibrary
                                                          0.532000  
U5163                     AOI22_X1        NangateOpenCellLibrary
                                                          1.330000  
U5164                     INV_X1          NangateOpenCellLibrary
                                                          0.532000  
U5165                     AOI22_X1        NangateOpenCellLibrary
                                                          1.330000  
U5166                     INV_X1          NangateOpenCellLibrary
                                                          0.532000  
U5167                     AOI22_X1        NangateOpenCellLibrary
                                                          1.330000  
U5168                     INV_X1          NangateOpenCellLibrary
                                                          0.532000  
U5169                     AOI22_X1        NangateOpenCellLibrary
                                                          1.330000  
U5170                     INV_X1          NangateOpenCellLibrary
                                                          0.532000  
U5171                     AOI22_X1        NangateOpenCellLibrary
                                                          1.330000  
U5172                     INV_X1          NangateOpenCellLibrary
                                                          0.532000  
U5173                     AOI22_X1        NangateOpenCellLibrary
                                                          1.330000  
U5174                     INV_X1          NangateOpenCellLibrary
                                                          0.532000  
U5175                     AOI22_X1        NangateOpenCellLibrary
                                                          1.330000  
U5176                     INV_X1          NangateOpenCellLibrary
                                                          0.532000  
U5177                     AOI22_X1        NangateOpenCellLibrary
                                                          1.330000  
U5178                     INV_X1          NangateOpenCellLibrary
                                                          0.532000  
U5179                     AOI22_X1        NangateOpenCellLibrary
                                                          1.330000  
U5180                     INV_X1          NangateOpenCellLibrary
                                                          0.532000  
U5181                     AOI22_X1        NangateOpenCellLibrary
                                                          1.330000  
U5182                     INV_X1          NangateOpenCellLibrary
                                                          0.532000  
U5183                     AOI22_X1        NangateOpenCellLibrary
                                                          1.330000  
U5184                     INV_X1          NangateOpenCellLibrary
                                                          0.532000  
U5185                     AOI22_X1        NangateOpenCellLibrary
                                                          1.330000  
U5186                     INV_X1          NangateOpenCellLibrary
                                                          0.532000  
U5187                     AOI22_X1        NangateOpenCellLibrary
                                                          1.330000  
U5188                     INV_X1          NangateOpenCellLibrary
                                                          0.532000  
U5189                     AOI22_X1        NangateOpenCellLibrary
                                                          1.330000  
U5190                     INV_X1          NangateOpenCellLibrary
                                                          0.532000  
U5191                     AOI22_X1        NangateOpenCellLibrary
                                                          1.330000  
U5192                     INV_X1          NangateOpenCellLibrary
                                                          0.532000  
U5193                     AOI22_X1        NangateOpenCellLibrary
                                                          1.330000  
U5194                     INV_X1          NangateOpenCellLibrary
                                                          0.532000  
U5195                     AOI22_X1        NangateOpenCellLibrary
                                                          1.330000  
U5196                     INV_X1          NangateOpenCellLibrary
                                                          0.532000  
U5197                     AOI22_X1        NangateOpenCellLibrary
                                                          1.330000  
U5198                     INV_X1          NangateOpenCellLibrary
                                                          0.532000  
U5199                     AOI22_X1        NangateOpenCellLibrary
                                                          1.330000  
U5200                     INV_X1          NangateOpenCellLibrary
                                                          0.532000  
U5201                     AOI22_X1        NangateOpenCellLibrary
                                                          1.330000  
U5202                     INV_X1          NangateOpenCellLibrary
                                                          0.532000  
U5203                     AOI22_X1        NangateOpenCellLibrary
                                                          1.330000  
U5204                     INV_X1          NangateOpenCellLibrary
                                                          0.532000  
U5205                     AOI22_X1        NangateOpenCellLibrary
                                                          1.330000  
U5206                     INV_X1          NangateOpenCellLibrary
                                                          0.532000  
U5207                     AOI22_X1        NangateOpenCellLibrary
                                                          1.330000  
U5208                     INV_X1          NangateOpenCellLibrary
                                                          0.532000  
U5209                     AOI22_X1        NangateOpenCellLibrary
                                                          1.330000  
U5210                     INV_X1          NangateOpenCellLibrary
                                                          0.532000  
U5211                     AOI22_X1        NangateOpenCellLibrary
                                                          1.330000  
U5212                     INV_X1          NangateOpenCellLibrary
                                                          0.532000  
U5213                     AOI22_X1        NangateOpenCellLibrary
                                                          1.330000  
U5214                     INV_X1          NangateOpenCellLibrary
                                                          0.532000  
U5215                     AOI22_X1        NangateOpenCellLibrary
                                                          1.330000  
U5216                     INV_X1          NangateOpenCellLibrary
                                                          0.532000  
U5217                     AOI22_X1        NangateOpenCellLibrary
                                                          1.330000  
U5218                     INV_X1          NangateOpenCellLibrary
                                                          0.532000  
U5219                     AOI22_X1        NangateOpenCellLibrary
                                                          1.330000  
U5220                     INV_X1          NangateOpenCellLibrary
                                                          0.532000  
U5221                     AOI22_X1        NangateOpenCellLibrary
                                                          1.330000  
U5222                     INV_X1          NangateOpenCellLibrary
                                                          0.532000  
U5223                     AOI22_X1        NangateOpenCellLibrary
                                                          1.330000  
U5224                     INV_X1          NangateOpenCellLibrary
                                                          0.532000  
U5225                     AOI22_X1        NangateOpenCellLibrary
                                                          1.330000  
U5226                     INV_X1          NangateOpenCellLibrary
                                                          0.532000  
U5227                     AOI22_X1        NangateOpenCellLibrary
                                                          1.330000  
U5228                     INV_X1          NangateOpenCellLibrary
                                                          0.532000  
U5229                     AOI22_X1        NangateOpenCellLibrary
                                                          1.330000  
U5230                     INV_X1          NangateOpenCellLibrary
                                                          0.532000  
U5231                     AOI22_X1        NangateOpenCellLibrary
                                                          1.330000  
U5232                     INV_X1          NangateOpenCellLibrary
                                                          0.532000  
U5233                     AOI22_X1        NangateOpenCellLibrary
                                                          1.330000  
U5234                     INV_X1          NangateOpenCellLibrary
                                                          0.532000  
U5235                     AOI22_X1        NangateOpenCellLibrary
                                                          1.330000  
U5236                     INV_X1          NangateOpenCellLibrary
                                                          0.532000  
U5237                     AOI22_X1        NangateOpenCellLibrary
                                                          1.330000  
U5238                     INV_X1          NangateOpenCellLibrary
                                                          0.532000  
U5239                     AOI22_X1        NangateOpenCellLibrary
                                                          1.330000  
U5240                     INV_X1          NangateOpenCellLibrary
                                                          0.532000  
U5241                     AOI22_X1        NangateOpenCellLibrary
                                                          1.330000  
U5242                     INV_X1          NangateOpenCellLibrary
                                                          0.532000  
U5243                     AOI22_X1        NangateOpenCellLibrary
                                                          1.330000  
U5244                     INV_X1          NangateOpenCellLibrary
                                                          0.532000  
U5245                     AOI22_X1        NangateOpenCellLibrary
                                                          1.330000  
U5246                     INV_X1          NangateOpenCellLibrary
                                                          0.532000  
U5247                     AOI22_X1        NangateOpenCellLibrary
                                                          1.330000  
U5248                     INV_X1          NangateOpenCellLibrary
                                                          0.532000  
U5249                     AOI22_X1        NangateOpenCellLibrary
                                                          1.330000  
U5250                     INV_X1          NangateOpenCellLibrary
                                                          0.532000  
U5251                     AOI22_X1        NangateOpenCellLibrary
                                                          1.330000  
U5252                     INV_X1          NangateOpenCellLibrary
                                                          0.532000  
U5253                     AOI22_X1        NangateOpenCellLibrary
                                                          1.330000  
U5254                     INV_X1          NangateOpenCellLibrary
                                                          0.532000  
U5255                     AOI22_X1        NangateOpenCellLibrary
                                                          1.330000  
U5256                     INV_X1          NangateOpenCellLibrary
                                                          0.532000  
U5257                     AOI22_X1        NangateOpenCellLibrary
                                                          1.330000  
U5258                     INV_X1          NangateOpenCellLibrary
                                                          0.532000  
U5259                     AOI22_X1        NangateOpenCellLibrary
                                                          1.330000  
U5260                     INV_X1          NangateOpenCellLibrary
                                                          0.532000  
U5261                     AOI22_X1        NangateOpenCellLibrary
                                                          1.330000  
U5262                     INV_X1          NangateOpenCellLibrary
                                                          0.532000  
U5263                     AOI22_X1        NangateOpenCellLibrary
                                                          1.330000  
U5264                     INV_X1          NangateOpenCellLibrary
                                                          0.532000  
U5265                     AOI22_X1        NangateOpenCellLibrary
                                                          1.330000  
U5266                     INV_X1          NangateOpenCellLibrary
                                                          0.532000  
U5267                     AOI22_X1        NangateOpenCellLibrary
                                                          1.330000  
U5268                     INV_X1          NangateOpenCellLibrary
                                                          0.532000  
U5269                     AOI22_X1        NangateOpenCellLibrary
                                                          1.330000  
U5270                     INV_X1          NangateOpenCellLibrary
                                                          0.532000  
U5271                     AOI22_X1        NangateOpenCellLibrary
                                                          1.330000  
U5272                     INV_X1          NangateOpenCellLibrary
                                                          0.532000  
U5273                     AOI22_X1        NangateOpenCellLibrary
                                                          1.330000  
U5274                     INV_X1          NangateOpenCellLibrary
                                                          0.532000  
U5275                     AOI22_X1        NangateOpenCellLibrary
                                                          1.330000  
U5276                     INV_X1          NangateOpenCellLibrary
                                                          0.532000  
U5277                     AOI22_X1        NangateOpenCellLibrary
                                                          1.330000  
U5278                     INV_X1          NangateOpenCellLibrary
                                                          0.532000  
U5279                     AOI22_X1        NangateOpenCellLibrary
                                                          1.330000  
U5280                     INV_X1          NangateOpenCellLibrary
                                                          0.532000  
U5281                     AOI22_X1        NangateOpenCellLibrary
                                                          1.330000  
U5282                     INV_X1          NangateOpenCellLibrary
                                                          0.532000  
U5283                     AOI22_X1        NangateOpenCellLibrary
                                                          1.330000  
U5284                     INV_X1          NangateOpenCellLibrary
                                                          0.532000  
U5285                     AOI22_X1        NangateOpenCellLibrary
                                                          1.330000  
U5286                     INV_X1          NangateOpenCellLibrary
                                                          0.532000  
U5287                     AOI22_X1        NangateOpenCellLibrary
                                                          1.330000  
U5288                     INV_X1          NangateOpenCellLibrary
                                                          0.532000  
U5289                     AOI22_X1        NangateOpenCellLibrary
                                                          1.330000  
U5290                     INV_X1          NangateOpenCellLibrary
                                                          0.532000  
U5291                     AOI22_X1        NangateOpenCellLibrary
                                                          1.330000  
U5292                     INV_X1          NangateOpenCellLibrary
                                                          0.532000  
U5293                     AOI22_X1        NangateOpenCellLibrary
                                                          1.330000  
U5294                     INV_X1          NangateOpenCellLibrary
                                                          0.532000  
U5295                     AOI22_X1        NangateOpenCellLibrary
                                                          1.330000  
U5296                     INV_X1          NangateOpenCellLibrary
                                                          0.532000  
U5297                     AOI22_X1        NangateOpenCellLibrary
                                                          1.330000  
U5298                     INV_X1          NangateOpenCellLibrary
                                                          0.532000  
U5299                     AOI22_X1        NangateOpenCellLibrary
                                                          1.330000  
U5300                     INV_X1          NangateOpenCellLibrary
                                                          0.532000  
U5301                     AOI22_X1        NangateOpenCellLibrary
                                                          1.330000  
U5302                     INV_X1          NangateOpenCellLibrary
                                                          0.532000  
U5303                     AOI22_X1        NangateOpenCellLibrary
                                                          1.330000  
U5304                     INV_X1          NangateOpenCellLibrary
                                                          0.532000  
U5305                     AOI22_X1        NangateOpenCellLibrary
                                                          1.330000  
U5306                     INV_X1          NangateOpenCellLibrary
                                                          0.532000  
U5307                     AOI22_X1        NangateOpenCellLibrary
                                                          1.330000  
U5308                     INV_X1          NangateOpenCellLibrary
                                                          0.532000  
U5309                     AOI22_X1        NangateOpenCellLibrary
                                                          1.330000  
U5310                     INV_X1          NangateOpenCellLibrary
                                                          0.532000  
U5311                     AOI22_X1        NangateOpenCellLibrary
                                                          1.330000  
U5312                     INV_X1          NangateOpenCellLibrary
                                                          0.532000  
U5313                     AOI22_X1        NangateOpenCellLibrary
                                                          1.330000  
U5314                     INV_X1          NangateOpenCellLibrary
                                                          0.532000  
U5315                     AOI22_X1        NangateOpenCellLibrary
                                                          1.330000  
U5316                     INV_X1          NangateOpenCellLibrary
                                                          0.532000  
U5317                     AOI22_X1        NangateOpenCellLibrary
                                                          1.330000  
U5318                     INV_X1          NangateOpenCellLibrary
                                                          0.532000  
U5319                     AOI22_X1        NangateOpenCellLibrary
                                                          1.330000  
U5320                     INV_X1          NangateOpenCellLibrary
                                                          0.532000  
U5321                     AOI22_X1        NangateOpenCellLibrary
                                                          1.330000  
U5322                     INV_X1          NangateOpenCellLibrary
                                                          0.532000  
U5323                     AOI22_X1        NangateOpenCellLibrary
                                                          1.330000  
U5324                     INV_X1          NangateOpenCellLibrary
                                                          0.532000  
U5325                     AOI22_X1        NangateOpenCellLibrary
                                                          1.330000  
U5326                     INV_X1          NangateOpenCellLibrary
                                                          0.532000  
U5327                     AOI22_X1        NangateOpenCellLibrary
                                                          1.330000  
U5328                     INV_X1          NangateOpenCellLibrary
                                                          0.532000  
U5329                     AOI22_X1        NangateOpenCellLibrary
                                                          1.330000  
U5330                     INV_X1          NangateOpenCellLibrary
                                                          0.532000  
U5331                     AOI22_X1        NangateOpenCellLibrary
                                                          1.330000  
U5332                     INV_X1          NangateOpenCellLibrary
                                                          0.532000  
U5333                     AOI22_X1        NangateOpenCellLibrary
                                                          1.330000  
U5334                     INV_X1          NangateOpenCellLibrary
                                                          0.532000  
U5335                     AOI22_X1        NangateOpenCellLibrary
                                                          1.330000  
U5336                     INV_X1          NangateOpenCellLibrary
                                                          0.532000  
U5337                     AOI22_X1        NangateOpenCellLibrary
                                                          1.330000  
U5338                     INV_X1          NangateOpenCellLibrary
                                                          0.532000  
U5339                     AOI22_X1        NangateOpenCellLibrary
                                                          1.330000  
U5340                     INV_X1          NangateOpenCellLibrary
                                                          0.532000  
U5341                     AOI22_X1        NangateOpenCellLibrary
                                                          1.330000  
U5342                     INV_X1          NangateOpenCellLibrary
                                                          0.532000  
U5343                     AOI22_X1        NangateOpenCellLibrary
                                                          1.330000  
U5344                     INV_X1          NangateOpenCellLibrary
                                                          0.532000  
U5345                     AOI22_X1        NangateOpenCellLibrary
                                                          1.330000  
U5346                     INV_X1          NangateOpenCellLibrary
                                                          0.532000  
U5347                     AOI22_X1        NangateOpenCellLibrary
                                                          1.330000  
U5348                     INV_X1          NangateOpenCellLibrary
                                                          0.532000  
U5349                     AOI22_X1        NangateOpenCellLibrary
                                                          1.330000  
U5350                     INV_X1          NangateOpenCellLibrary
                                                          0.532000  
U5351                     AOI22_X1        NangateOpenCellLibrary
                                                          1.330000  
U5352                     INV_X1          NangateOpenCellLibrary
                                                          0.532000  
U5353                     AOI22_X1        NangateOpenCellLibrary
                                                          1.330000  
U5354                     INV_X1          NangateOpenCellLibrary
                                                          0.532000  
U5355                     AOI22_X1        NangateOpenCellLibrary
                                                          1.330000  
U5356                     INV_X1          NangateOpenCellLibrary
                                                          0.532000  
U5357                     AOI22_X1        NangateOpenCellLibrary
                                                          1.330000  
U5358                     INV_X1          NangateOpenCellLibrary
                                                          0.532000  
U5359                     AOI22_X1        NangateOpenCellLibrary
                                                          1.330000  
U5360                     INV_X1          NangateOpenCellLibrary
                                                          0.532000  
U5361                     AOI22_X1        NangateOpenCellLibrary
                                                          1.330000  
U5362                     INV_X1          NangateOpenCellLibrary
                                                          0.532000  
U5363                     AOI22_X1        NangateOpenCellLibrary
                                                          1.330000  
U5364                     INV_X1          NangateOpenCellLibrary
                                                          0.532000  
U5365                     AOI22_X1        NangateOpenCellLibrary
                                                          1.330000  
U5366                     INV_X1          NangateOpenCellLibrary
                                                          0.532000  
U5367                     AOI22_X1        NangateOpenCellLibrary
                                                          1.330000  
U5368                     INV_X1          NangateOpenCellLibrary
                                                          0.532000  
U5369                     INV_X1          NangateOpenCellLibrary
                                                          0.532000  
U5370                     INV_X1          NangateOpenCellLibrary
                                                          0.532000  
U5371                     INV_X1          NangateOpenCellLibrary
                                                          0.532000  
U5372                     INV_X1          NangateOpenCellLibrary
                                                          0.532000  
U5373                     INV_X1          NangateOpenCellLibrary
                                                          0.532000  
U5374                     INV_X1          NangateOpenCellLibrary
                                                          0.532000  
U5375                     INV_X1          NangateOpenCellLibrary
                                                          0.532000  
U5376                     INV_X1          NangateOpenCellLibrary
                                                          0.532000  
U5377                     INV_X1          NangateOpenCellLibrary
                                                          0.532000  
U5378                     INV_X1          NangateOpenCellLibrary
                                                          0.532000  
U5379                     INV_X1          NangateOpenCellLibrary
                                                          0.532000  
U5380                     INV_X1          NangateOpenCellLibrary
                                                          0.532000  
U5381                     INV_X1          NangateOpenCellLibrary
                                                          0.532000  
U5382                     INV_X1          NangateOpenCellLibrary
                                                          0.532000  
U5383                     INV_X1          NangateOpenCellLibrary
                                                          0.532000  
U5384                     INV_X1          NangateOpenCellLibrary
                                                          0.532000  
U5385                     INV_X1          NangateOpenCellLibrary
                                                          0.532000  
U5386                     INV_X1          NangateOpenCellLibrary
                                                          0.532000  
U5387                     INV_X1          NangateOpenCellLibrary
                                                          0.532000  
U5388                     INV_X1          NangateOpenCellLibrary
                                                          0.532000  
U5389                     INV_X1          NangateOpenCellLibrary
                                                          0.532000  
U5390                     INV_X1          NangateOpenCellLibrary
                                                          0.532000  
U5391                     INV_X1          NangateOpenCellLibrary
                                                          0.532000  
U5392                     INV_X1          NangateOpenCellLibrary
                                                          0.532000  
U5393                     INV_X1          NangateOpenCellLibrary
                                                          0.532000  
U5394                     INV_X1          NangateOpenCellLibrary
                                                          0.532000  
U5395                     INV_X1          NangateOpenCellLibrary
                                                          0.532000  
U5396                     INV_X1          NangateOpenCellLibrary
                                                          0.532000  
U5397                     INV_X1          NangateOpenCellLibrary
                                                          0.532000  
U5398                     INV_X1          NangateOpenCellLibrary
                                                          0.532000  
U5399                     INV_X1          NangateOpenCellLibrary
                                                          0.532000  
U5400                     AND2_X1         NangateOpenCellLibrary
                                                          1.064000  
U5401                     NAND2_X1        NangateOpenCellLibrary
                                                          0.798000  
U5402                     NAND2_X1        NangateOpenCellLibrary
                                                          0.798000  
U5403                     NAND2_X1        NangateOpenCellLibrary
                                                          0.798000  
U5404                     NAND2_X1        NangateOpenCellLibrary
                                                          0.798000  
U5405                     NAND2_X1        NangateOpenCellLibrary
                                                          0.798000  
U5406                     NAND2_X1        NangateOpenCellLibrary
                                                          0.798000  
U5407                     NAND2_X1        NangateOpenCellLibrary
                                                          0.798000  
U5408                     INV_X1          NangateOpenCellLibrary
                                                          0.532000  
U5409                     AND2_X1         NangateOpenCellLibrary
                                                          1.064000  
U5410                     OAI21_X1        NangateOpenCellLibrary
                                                          1.064000  
U5411                     AOI21_X1        NangateOpenCellLibrary
                                                          1.064000  
U5412                     NAND4_X1        NangateOpenCellLibrary
                                                          1.330000  
U5413                     NAND4_X1        NangateOpenCellLibrary
                                                          1.330000  
U5414                     NAND4_X1        NangateOpenCellLibrary
                                                          1.330000  
U5415                     NOR4_X1         NangateOpenCellLibrary
                                                          1.330000  
U5416                     OAI21_X1        NangateOpenCellLibrary
                                                          1.064000  
U5417                     OAI21_X1        NangateOpenCellLibrary
                                                          1.064000  
U5418                     OAI21_X1        NangateOpenCellLibrary
                                                          1.064000  
U5419                     OAI21_X1        NangateOpenCellLibrary
                                                          1.064000  
U5420                     OAI21_X1        NangateOpenCellLibrary
                                                          1.064000  
U5421                     OAI21_X1        NangateOpenCellLibrary
                                                          1.064000  
U5422                     OAI21_X1        NangateOpenCellLibrary
                                                          1.064000  
U5423                     OAI21_X1        NangateOpenCellLibrary
                                                          1.064000  
U5424                     OAI21_X1        NangateOpenCellLibrary
                                                          1.064000  
U5425                     OAI21_X1        NangateOpenCellLibrary
                                                          1.064000  
U5426                     OAI21_X1        NangateOpenCellLibrary
                                                          1.064000  
U5427                     OAI21_X1        NangateOpenCellLibrary
                                                          1.064000  
U5428                     OAI21_X1        NangateOpenCellLibrary
                                                          1.064000  
U5429                     OAI21_X1        NangateOpenCellLibrary
                                                          1.064000  
U5430                     OAI21_X1        NangateOpenCellLibrary
                                                          1.064000  
U5431                     OAI21_X1        NangateOpenCellLibrary
                                                          1.064000  
U5432                     OAI21_X1        NangateOpenCellLibrary
                                                          1.064000  
U5433                     OAI21_X1        NangateOpenCellLibrary
                                                          1.064000  
U5434                     OAI21_X1        NangateOpenCellLibrary
                                                          1.064000  
U5435                     OAI21_X1        NangateOpenCellLibrary
                                                          1.064000  
U5436                     OAI21_X1        NangateOpenCellLibrary
                                                          1.064000  
U5437                     OAI21_X1        NangateOpenCellLibrary
                                                          1.064000  
U5438                     OAI21_X1        NangateOpenCellLibrary
                                                          1.064000  
U5439                     OAI21_X1        NangateOpenCellLibrary
                                                          1.064000  
U5440                     OAI21_X1        NangateOpenCellLibrary
                                                          1.064000  
U5441                     OAI21_X1        NangateOpenCellLibrary
                                                          1.064000  
U5442                     OAI21_X1        NangateOpenCellLibrary
                                                          1.064000  
U5443                     OAI21_X1        NangateOpenCellLibrary
                                                          1.064000  
U5444                     OAI21_X1        NangateOpenCellLibrary
                                                          1.064000  
U5445                     OAI21_X1        NangateOpenCellLibrary
                                                          1.064000  
U5446                     OAI21_X1        NangateOpenCellLibrary
                                                          1.064000  
U5447                     OAI21_X1        NangateOpenCellLibrary
                                                          1.064000  
U5448                     OAI21_X1        NangateOpenCellLibrary
                                                          1.064000  
U5449                     OAI21_X1        NangateOpenCellLibrary
                                                          1.064000  
U5450                     OAI21_X1        NangateOpenCellLibrary
                                                          1.064000  
U5451                     OAI21_X1        NangateOpenCellLibrary
                                                          1.064000  
U5452                     OAI21_X1        NangateOpenCellLibrary
                                                          1.064000  
U5453                     OAI21_X1        NangateOpenCellLibrary
                                                          1.064000  
U5454                     OAI21_X1        NangateOpenCellLibrary
                                                          1.064000  
U5455                     OAI21_X1        NangateOpenCellLibrary
                                                          1.064000  
U5456                     OAI21_X1        NangateOpenCellLibrary
                                                          1.064000  
U5457                     OAI21_X1        NangateOpenCellLibrary
                                                          1.064000  
U5458                     OAI21_X1        NangateOpenCellLibrary
                                                          1.064000  
U5459                     OAI21_X1        NangateOpenCellLibrary
                                                          1.064000  
U5460                     OAI21_X1        NangateOpenCellLibrary
                                                          1.064000  
U5461                     OAI21_X1        NangateOpenCellLibrary
                                                          1.064000  
U5462                     OAI21_X1        NangateOpenCellLibrary
                                                          1.064000  
U5463                     OAI21_X1        NangateOpenCellLibrary
                                                          1.064000  
U5464                     OAI21_X1        NangateOpenCellLibrary
                                                          1.064000  
U5465                     OAI21_X1        NangateOpenCellLibrary
                                                          1.064000  
U5466                     OAI21_X1        NangateOpenCellLibrary
                                                          1.064000  
U5467                     OAI21_X1        NangateOpenCellLibrary
                                                          1.064000  
U5468                     OAI21_X1        NangateOpenCellLibrary
                                                          1.064000  
U5469                     OAI21_X1        NangateOpenCellLibrary
                                                          1.064000  
U5470                     OAI21_X1        NangateOpenCellLibrary
                                                          1.064000  
U5471                     OAI21_X1        NangateOpenCellLibrary
                                                          1.064000  
U5472                     OAI21_X1        NangateOpenCellLibrary
                                                          1.064000  
U5473                     OAI21_X1        NangateOpenCellLibrary
                                                          1.064000  
U5474                     OAI21_X1        NangateOpenCellLibrary
                                                          1.064000  
U5475                     OAI21_X1        NangateOpenCellLibrary
                                                          1.064000  
U5476                     OAI21_X1        NangateOpenCellLibrary
                                                          1.064000  
U5477                     OAI21_X1        NangateOpenCellLibrary
                                                          1.064000  
U5478                     OAI21_X1        NangateOpenCellLibrary
                                                          1.064000  
U5479                     OAI21_X1        NangateOpenCellLibrary
                                                          1.064000  
U5480                     OAI21_X1        NangateOpenCellLibrary
                                                          1.064000  
U5481                     OAI21_X1        NangateOpenCellLibrary
                                                          1.064000  
U5482                     OAI21_X1        NangateOpenCellLibrary
                                                          1.064000  
U5483                     OAI21_X1        NangateOpenCellLibrary
                                                          1.064000  
U5484                     OAI21_X1        NangateOpenCellLibrary
                                                          1.064000  
U5485                     OAI21_X1        NangateOpenCellLibrary
                                                          1.064000  
U5486                     OAI21_X1        NangateOpenCellLibrary
                                                          1.064000  
U5487                     OAI21_X1        NangateOpenCellLibrary
                                                          1.064000  
U5488                     OAI21_X1        NangateOpenCellLibrary
                                                          1.064000  
U5489                     OAI21_X1        NangateOpenCellLibrary
                                                          1.064000  
U5490                     OAI21_X1        NangateOpenCellLibrary
                                                          1.064000  
U5491                     OAI21_X1        NangateOpenCellLibrary
                                                          1.064000  
U5492                     OAI21_X1        NangateOpenCellLibrary
                                                          1.064000  
U5493                     OAI21_X1        NangateOpenCellLibrary
                                                          1.064000  
U5494                     OAI21_X1        NangateOpenCellLibrary
                                                          1.064000  
U5495                     OAI21_X1        NangateOpenCellLibrary
                                                          1.064000  
U5496                     OAI21_X1        NangateOpenCellLibrary
                                                          1.064000  
U5497                     OAI21_X1        NangateOpenCellLibrary
                                                          1.064000  
U5498                     OAI21_X1        NangateOpenCellLibrary
                                                          1.064000  
U5499                     OAI21_X1        NangateOpenCellLibrary
                                                          1.064000  
U5500                     OAI21_X1        NangateOpenCellLibrary
                                                          1.064000  
U5501                     OAI21_X1        NangateOpenCellLibrary
                                                          1.064000  
U5502                     OAI21_X1        NangateOpenCellLibrary
                                                          1.064000  
U5503                     OAI21_X1        NangateOpenCellLibrary
                                                          1.064000  
U5504                     OAI21_X1        NangateOpenCellLibrary
                                                          1.064000  
U5505                     OAI21_X1        NangateOpenCellLibrary
                                                          1.064000  
U5506                     OAI21_X1        NangateOpenCellLibrary
                                                          1.064000  
U5507                     OAI21_X1        NangateOpenCellLibrary
                                                          1.064000  
U5508                     OAI21_X1        NangateOpenCellLibrary
                                                          1.064000  
U5509                     OAI21_X1        NangateOpenCellLibrary
                                                          1.064000  
U5510                     OAI21_X1        NangateOpenCellLibrary
                                                          1.064000  
U5511                     OAI21_X1        NangateOpenCellLibrary
                                                          1.064000  
U5512                     OAI21_X1        NangateOpenCellLibrary
                                                          1.064000  
U5513                     OAI21_X1        NangateOpenCellLibrary
                                                          1.064000  
U5514                     OAI21_X1        NangateOpenCellLibrary
                                                          1.064000  
U5515                     OAI21_X1        NangateOpenCellLibrary
                                                          1.064000  
U5516                     OAI21_X1        NangateOpenCellLibrary
                                                          1.064000  
U5517                     OAI21_X1        NangateOpenCellLibrary
                                                          1.064000  
U5518                     OAI21_X1        NangateOpenCellLibrary
                                                          1.064000  
U5519                     OAI21_X1        NangateOpenCellLibrary
                                                          1.064000  
U5520                     OAI21_X1        NangateOpenCellLibrary
                                                          1.064000  
U5521                     OAI21_X1        NangateOpenCellLibrary
                                                          1.064000  
U5522                     OAI21_X1        NangateOpenCellLibrary
                                                          1.064000  
U5523                     OAI21_X1        NangateOpenCellLibrary
                                                          1.064000  
U5524                     OAI21_X1        NangateOpenCellLibrary
                                                          1.064000  
U5525                     OAI21_X1        NangateOpenCellLibrary
                                                          1.064000  
U5526                     OAI21_X1        NangateOpenCellLibrary
                                                          1.064000  
U5527                     OAI21_X1        NangateOpenCellLibrary
                                                          1.064000  
U5528                     OAI21_X1        NangateOpenCellLibrary
                                                          1.064000  
U5529                     OAI21_X1        NangateOpenCellLibrary
                                                          1.064000  
U5530                     OAI21_X1        NangateOpenCellLibrary
                                                          1.064000  
U5531                     OAI21_X1        NangateOpenCellLibrary
                                                          1.064000  
U5532                     OAI21_X1        NangateOpenCellLibrary
                                                          1.064000  
U5533                     OAI21_X1        NangateOpenCellLibrary
                                                          1.064000  
U5534                     OAI21_X1        NangateOpenCellLibrary
                                                          1.064000  
U5535                     OAI21_X1        NangateOpenCellLibrary
                                                          1.064000  
U5536                     OAI21_X1        NangateOpenCellLibrary
                                                          1.064000  
U5537                     OAI21_X1        NangateOpenCellLibrary
                                                          1.064000  
U5538                     OAI21_X1        NangateOpenCellLibrary
                                                          1.064000  
U5539                     OAI21_X1        NangateOpenCellLibrary
                                                          1.064000  
U5540                     OAI21_X1        NangateOpenCellLibrary
                                                          1.064000  
U5541                     OAI21_X1        NangateOpenCellLibrary
                                                          1.064000  
U5542                     OAI21_X1        NangateOpenCellLibrary
                                                          1.064000  
U5543                     OAI21_X1        NangateOpenCellLibrary
                                                          1.064000  
U5544                     OAI21_X1        NangateOpenCellLibrary
                                                          1.064000  
U5545                     OAI21_X1        NangateOpenCellLibrary
                                                          1.064000  
U5546                     OAI21_X1        NangateOpenCellLibrary
                                                          1.064000  
U5547                     OAI21_X1        NangateOpenCellLibrary
                                                          1.064000  
U5548                     OAI21_X1        NangateOpenCellLibrary
                                                          1.064000  
U5549                     OAI21_X1        NangateOpenCellLibrary
                                                          1.064000  
U5550                     OAI21_X1        NangateOpenCellLibrary
                                                          1.064000  
U5551                     OAI21_X1        NangateOpenCellLibrary
                                                          1.064000  
U5552                     OAI21_X1        NangateOpenCellLibrary
                                                          1.064000  
U5553                     OAI21_X1        NangateOpenCellLibrary
                                                          1.064000  
U5554                     OAI21_X1        NangateOpenCellLibrary
                                                          1.064000  
U5555                     OAI21_X1        NangateOpenCellLibrary
                                                          1.064000  
U5556                     OAI21_X1        NangateOpenCellLibrary
                                                          1.064000  
U5557                     OAI21_X1        NangateOpenCellLibrary
                                                          1.064000  
U5558                     OAI21_X1        NangateOpenCellLibrary
                                                          1.064000  
U5559                     OAI21_X1        NangateOpenCellLibrary
                                                          1.064000  
U5560                     OAI21_X1        NangateOpenCellLibrary
                                                          1.064000  
U5561                     OAI21_X1        NangateOpenCellLibrary
                                                          1.064000  
U5562                     OAI21_X1        NangateOpenCellLibrary
                                                          1.064000  
U5563                     OAI21_X1        NangateOpenCellLibrary
                                                          1.064000  
U5564                     OAI21_X1        NangateOpenCellLibrary
                                                          1.064000  
U5565                     OAI21_X1        NangateOpenCellLibrary
                                                          1.064000  
U5566                     OAI21_X1        NangateOpenCellLibrary
                                                          1.064000  
U5567                     OAI21_X1        NangateOpenCellLibrary
                                                          1.064000  
U5568                     OAI21_X1        NangateOpenCellLibrary
                                                          1.064000  
U5569                     OAI21_X1        NangateOpenCellLibrary
                                                          1.064000  
U5570                     OAI21_X1        NangateOpenCellLibrary
                                                          1.064000  
U5571                     OAI21_X1        NangateOpenCellLibrary
                                                          1.064000  
U5572                     OAI21_X1        NangateOpenCellLibrary
                                                          1.064000  
U5573                     OAI21_X1        NangateOpenCellLibrary
                                                          1.064000  
U5574                     OAI21_X1        NangateOpenCellLibrary
                                                          1.064000  
U5575                     OAI21_X1        NangateOpenCellLibrary
                                                          1.064000  
U5576                     OAI21_X1        NangateOpenCellLibrary
                                                          1.064000  
U5577                     OAI21_X1        NangateOpenCellLibrary
                                                          1.064000  
U5578                     OAI21_X1        NangateOpenCellLibrary
                                                          1.064000  
U5579                     OAI21_X1        NangateOpenCellLibrary
                                                          1.064000  
U5580                     OAI21_X1        NangateOpenCellLibrary
                                                          1.064000  
U5581                     OAI21_X1        NangateOpenCellLibrary
                                                          1.064000  
U5582                     OAI21_X1        NangateOpenCellLibrary
                                                          1.064000  
U5583                     OAI21_X1        NangateOpenCellLibrary
                                                          1.064000  
U5584                     OAI21_X1        NangateOpenCellLibrary
                                                          1.064000  
U5585                     OAI21_X1        NangateOpenCellLibrary
                                                          1.064000  
U5586                     OAI21_X1        NangateOpenCellLibrary
                                                          1.064000  
U5587                     OAI21_X1        NangateOpenCellLibrary
                                                          1.064000  
U5588                     OAI21_X1        NangateOpenCellLibrary
                                                          1.064000  
U5589                     OAI21_X1        NangateOpenCellLibrary
                                                          1.064000  
U5590                     OAI21_X1        NangateOpenCellLibrary
                                                          1.064000  
U5591                     OAI21_X1        NangateOpenCellLibrary
                                                          1.064000  
U5592                     OAI21_X1        NangateOpenCellLibrary
                                                          1.064000  
U5593                     OAI21_X1        NangateOpenCellLibrary
                                                          1.064000  
U5594                     OAI21_X1        NangateOpenCellLibrary
                                                          1.064000  
U5595                     OAI21_X1        NangateOpenCellLibrary
                                                          1.064000  
U5596                     OAI21_X1        NangateOpenCellLibrary
                                                          1.064000  
U5597                     OAI21_X1        NangateOpenCellLibrary
                                                          1.064000  
U5598                     OAI21_X1        NangateOpenCellLibrary
                                                          1.064000  
U5599                     OAI21_X1        NangateOpenCellLibrary
                                                          1.064000  
U5600                     OAI21_X1        NangateOpenCellLibrary
                                                          1.064000  
U5601                     OAI21_X1        NangateOpenCellLibrary
                                                          1.064000  
U5602                     OAI21_X1        NangateOpenCellLibrary
                                                          1.064000  
U5603                     OAI21_X1        NangateOpenCellLibrary
                                                          1.064000  
U5604                     OAI21_X1        NangateOpenCellLibrary
                                                          1.064000  
U5605                     OAI21_X1        NangateOpenCellLibrary
                                                          1.064000  
U5606                     OAI21_X1        NangateOpenCellLibrary
                                                          1.064000  
U5607                     OAI21_X1        NangateOpenCellLibrary
                                                          1.064000  
U5608                     OAI21_X1        NangateOpenCellLibrary
                                                          1.064000  
U5609                     OAI21_X1        NangateOpenCellLibrary
                                                          1.064000  
U5610                     OAI21_X1        NangateOpenCellLibrary
                                                          1.064000  
U5611                     OAI21_X1        NangateOpenCellLibrary
                                                          1.064000  
U5612                     OAI21_X1        NangateOpenCellLibrary
                                                          1.064000  
U5613                     OAI21_X1        NangateOpenCellLibrary
                                                          1.064000  
U5614                     OAI21_X1        NangateOpenCellLibrary
                                                          1.064000  
U5615                     OAI21_X1        NangateOpenCellLibrary
                                                          1.064000  
U5616                     OAI21_X1        NangateOpenCellLibrary
                                                          1.064000  
U5617                     OAI21_X1        NangateOpenCellLibrary
                                                          1.064000  
U5618                     OAI21_X1        NangateOpenCellLibrary
                                                          1.064000  
U5619                     OAI21_X1        NangateOpenCellLibrary
                                                          1.064000  
U5620                     OAI21_X1        NangateOpenCellLibrary
                                                          1.064000  
U5621                     OAI21_X1        NangateOpenCellLibrary
                                                          1.064000  
U5622                     OAI21_X1        NangateOpenCellLibrary
                                                          1.064000  
U5623                     OAI21_X1        NangateOpenCellLibrary
                                                          1.064000  
U5624                     OAI21_X1        NangateOpenCellLibrary
                                                          1.064000  
U5625                     OAI21_X1        NangateOpenCellLibrary
                                                          1.064000  
U5626                     OAI21_X1        NangateOpenCellLibrary
                                                          1.064000  
U5627                     OAI21_X1        NangateOpenCellLibrary
                                                          1.064000  
U5628                     OAI21_X1        NangateOpenCellLibrary
                                                          1.064000  
U5629                     OAI21_X1        NangateOpenCellLibrary
                                                          1.064000  
U5630                     OAI21_X1        NangateOpenCellLibrary
                                                          1.064000  
U5631                     OAI21_X1        NangateOpenCellLibrary
                                                          1.064000  
U5632                     OAI21_X1        NangateOpenCellLibrary
                                                          1.064000  
U5633                     OAI21_X1        NangateOpenCellLibrary
                                                          1.064000  
U5634                     OAI21_X1        NangateOpenCellLibrary
                                                          1.064000  
U5635                     OAI21_X1        NangateOpenCellLibrary
                                                          1.064000  
U5636                     OAI21_X1        NangateOpenCellLibrary
                                                          1.064000  
U5637                     OAI21_X1        NangateOpenCellLibrary
                                                          1.064000  
U5638                     OAI21_X1        NangateOpenCellLibrary
                                                          1.064000  
U5639                     OAI21_X1        NangateOpenCellLibrary
                                                          1.064000  
U5640                     OAI21_X1        NangateOpenCellLibrary
                                                          1.064000  
U5641                     OAI21_X1        NangateOpenCellLibrary
                                                          1.064000  
U5642                     OAI21_X1        NangateOpenCellLibrary
                                                          1.064000  
U5643                     OAI21_X1        NangateOpenCellLibrary
                                                          1.064000  
U5644                     OAI21_X1        NangateOpenCellLibrary
                                                          1.064000  
U5645                     OAI21_X1        NangateOpenCellLibrary
                                                          1.064000  
U5646                     OAI21_X1        NangateOpenCellLibrary
                                                          1.064000  
U5647                     OAI21_X1        NangateOpenCellLibrary
                                                          1.064000  
U5648                     OAI21_X1        NangateOpenCellLibrary
                                                          1.064000  
U5649                     OAI21_X1        NangateOpenCellLibrary
                                                          1.064000  
U5650                     OAI21_X1        NangateOpenCellLibrary
                                                          1.064000  
U5651                     OAI21_X1        NangateOpenCellLibrary
                                                          1.064000  
U5652                     OAI21_X1        NangateOpenCellLibrary
                                                          1.064000  
U5653                     OAI21_X1        NangateOpenCellLibrary
                                                          1.064000  
U5654                     OAI21_X1        NangateOpenCellLibrary
                                                          1.064000  
U5655                     OAI21_X1        NangateOpenCellLibrary
                                                          1.064000  
U5656                     OAI21_X1        NangateOpenCellLibrary
                                                          1.064000  
U5657                     OAI21_X1        NangateOpenCellLibrary
                                                          1.064000  
U5658                     OAI21_X1        NangateOpenCellLibrary
                                                          1.064000  
U5659                     OAI21_X1        NangateOpenCellLibrary
                                                          1.064000  
U5660                     OAI21_X1        NangateOpenCellLibrary
                                                          1.064000  
U5661                     OAI21_X1        NangateOpenCellLibrary
                                                          1.064000  
U5662                     OAI21_X1        NangateOpenCellLibrary
                                                          1.064000  
U5663                     OAI21_X1        NangateOpenCellLibrary
                                                          1.064000  
U5664                     OAI21_X1        NangateOpenCellLibrary
                                                          1.064000  
U5665                     OAI21_X1        NangateOpenCellLibrary
                                                          1.064000  
U5666                     OAI21_X1        NangateOpenCellLibrary
                                                          1.064000  
U5667                     OAI21_X1        NangateOpenCellLibrary
                                                          1.064000  
U5668                     OAI21_X1        NangateOpenCellLibrary
                                                          1.064000  
U5669                     OAI21_X1        NangateOpenCellLibrary
                                                          1.064000  
U5670                     OAI21_X1        NangateOpenCellLibrary
                                                          1.064000  
U5671                     OAI21_X1        NangateOpenCellLibrary
                                                          1.064000  
U5672                     OAI21_X1        NangateOpenCellLibrary
                                                          1.064000  
U5673                     OAI21_X1        NangateOpenCellLibrary
                                                          1.064000  
U5674                     OAI21_X1        NangateOpenCellLibrary
                                                          1.064000  
U5675                     OAI21_X1        NangateOpenCellLibrary
                                                          1.064000  
U5676                     OAI21_X1        NangateOpenCellLibrary
                                                          1.064000  
U5677                     OAI21_X1        NangateOpenCellLibrary
                                                          1.064000  
U5678                     OAI21_X1        NangateOpenCellLibrary
                                                          1.064000  
U5679                     OAI21_X1        NangateOpenCellLibrary
                                                          1.064000  
U5680                     OAI21_X1        NangateOpenCellLibrary
                                                          1.064000  
U5681                     OAI21_X1        NangateOpenCellLibrary
                                                          1.064000  
U5682                     OAI21_X1        NangateOpenCellLibrary
                                                          1.064000  
U5683                     OAI21_X1        NangateOpenCellLibrary
                                                          1.064000  
U5684                     OAI21_X1        NangateOpenCellLibrary
                                                          1.064000  
U5685                     OAI21_X1        NangateOpenCellLibrary
                                                          1.064000  
U5686                     OAI21_X1        NangateOpenCellLibrary
                                                          1.064000  
U5687                     OAI21_X1        NangateOpenCellLibrary
                                                          1.064000  
U5688                     OAI21_X1        NangateOpenCellLibrary
                                                          1.064000  
U5689                     OAI21_X1        NangateOpenCellLibrary
                                                          1.064000  
U5690                     OAI21_X1        NangateOpenCellLibrary
                                                          1.064000  
U5691                     OAI21_X1        NangateOpenCellLibrary
                                                          1.064000  
U5692                     OAI21_X1        NangateOpenCellLibrary
                                                          1.064000  
U5693                     OAI21_X1        NangateOpenCellLibrary
                                                          1.064000  
U5694                     OAI21_X1        NangateOpenCellLibrary
                                                          1.064000  
U5695                     OAI21_X1        NangateOpenCellLibrary
                                                          1.064000  
U5696                     OAI21_X1        NangateOpenCellLibrary
                                                          1.064000  
U5697                     OAI21_X1        NangateOpenCellLibrary
                                                          1.064000  
U5698                     OAI21_X1        NangateOpenCellLibrary
                                                          1.064000  
U5699                     OAI21_X1        NangateOpenCellLibrary
                                                          1.064000  
U5700                     OAI21_X1        NangateOpenCellLibrary
                                                          1.064000  
U5701                     OAI21_X1        NangateOpenCellLibrary
                                                          1.064000  
U5702                     OAI21_X1        NangateOpenCellLibrary
                                                          1.064000  
U5703                     OAI21_X1        NangateOpenCellLibrary
                                                          1.064000  
U5704                     OAI21_X1        NangateOpenCellLibrary
                                                          1.064000  
U5705                     OAI21_X1        NangateOpenCellLibrary
                                                          1.064000  
U5706                     OAI21_X1        NangateOpenCellLibrary
                                                          1.064000  
U5707                     OAI21_X1        NangateOpenCellLibrary
                                                          1.064000  
U5708                     OAI21_X1        NangateOpenCellLibrary
                                                          1.064000  
U5709                     OAI21_X1        NangateOpenCellLibrary
                                                          1.064000  
U5710                     OAI21_X1        NangateOpenCellLibrary
                                                          1.064000  
U5711                     OAI21_X1        NangateOpenCellLibrary
                                                          1.064000  
U5712                     OAI21_X1        NangateOpenCellLibrary
                                                          1.064000  
U5713                     OAI21_X1        NangateOpenCellLibrary
                                                          1.064000  
U5714                     OAI21_X1        NangateOpenCellLibrary
                                                          1.064000  
U5715                     OAI21_X1        NangateOpenCellLibrary
                                                          1.064000  
U5716                     OAI21_X1        NangateOpenCellLibrary
                                                          1.064000  
U5717                     OAI21_X1        NangateOpenCellLibrary
                                                          1.064000  
U5718                     OAI21_X1        NangateOpenCellLibrary
                                                          1.064000  
U5719                     OAI21_X1        NangateOpenCellLibrary
                                                          1.064000  
U5720                     OAI21_X1        NangateOpenCellLibrary
                                                          1.064000  
U5721                     OAI21_X1        NangateOpenCellLibrary
                                                          1.064000  
U5722                     OAI21_X1        NangateOpenCellLibrary
                                                          1.064000  
U5723                     OAI21_X1        NangateOpenCellLibrary
                                                          1.064000  
U5724                     OAI21_X1        NangateOpenCellLibrary
                                                          1.064000  
U5725                     OAI21_X1        NangateOpenCellLibrary
                                                          1.064000  
U5726                     OAI21_X1        NangateOpenCellLibrary
                                                          1.064000  
U5727                     OAI21_X1        NangateOpenCellLibrary
                                                          1.064000  
U5728                     OAI21_X1        NangateOpenCellLibrary
                                                          1.064000  
U5729                     OAI21_X1        NangateOpenCellLibrary
                                                          1.064000  
U5730                     OAI21_X1        NangateOpenCellLibrary
                                                          1.064000  
U5731                     OAI21_X1        NangateOpenCellLibrary
                                                          1.064000  
U5732                     OAI21_X1        NangateOpenCellLibrary
                                                          1.064000  
U5733                     OAI21_X1        NangateOpenCellLibrary
                                                          1.064000  
U5734                     OAI21_X1        NangateOpenCellLibrary
                                                          1.064000  
U5735                     OAI21_X1        NangateOpenCellLibrary
                                                          1.064000  
U5736                     OAI21_X1        NangateOpenCellLibrary
                                                          1.064000  
U5737                     OAI21_X1        NangateOpenCellLibrary
                                                          1.064000  
U5738                     OAI21_X1        NangateOpenCellLibrary
                                                          1.064000  
U5739                     OAI21_X1        NangateOpenCellLibrary
                                                          1.064000  
U5740                     OAI21_X1        NangateOpenCellLibrary
                                                          1.064000  
U5741                     OAI21_X1        NangateOpenCellLibrary
                                                          1.064000  
U5742                     OAI21_X1        NangateOpenCellLibrary
                                                          1.064000  
U5743                     OAI21_X1        NangateOpenCellLibrary
                                                          1.064000  
U5744                     OAI21_X1        NangateOpenCellLibrary
                                                          1.064000  
U5745                     OAI21_X1        NangateOpenCellLibrary
                                                          1.064000  
U5746                     OAI21_X1        NangateOpenCellLibrary
                                                          1.064000  
U5747                     OAI21_X1        NangateOpenCellLibrary
                                                          1.064000  
U5748                     OAI21_X1        NangateOpenCellLibrary
                                                          1.064000  
U5749                     OAI21_X1        NangateOpenCellLibrary
                                                          1.064000  
U5750                     OAI21_X1        NangateOpenCellLibrary
                                                          1.064000  
U5751                     OAI21_X1        NangateOpenCellLibrary
                                                          1.064000  
U5752                     OAI21_X1        NangateOpenCellLibrary
                                                          1.064000  
U5753                     OAI21_X1        NangateOpenCellLibrary
                                                          1.064000  
U5754                     OAI21_X1        NangateOpenCellLibrary
                                                          1.064000  
U5755                     OAI21_X1        NangateOpenCellLibrary
                                                          1.064000  
U5756                     OAI21_X1        NangateOpenCellLibrary
                                                          1.064000  
U5757                     OAI21_X1        NangateOpenCellLibrary
                                                          1.064000  
U5758                     OAI21_X1        NangateOpenCellLibrary
                                                          1.064000  
U5759                     OAI21_X1        NangateOpenCellLibrary
                                                          1.064000  
U5760                     OAI21_X1        NangateOpenCellLibrary
                                                          1.064000  
U5761                     OAI21_X1        NangateOpenCellLibrary
                                                          1.064000  
U5762                     OAI21_X1        NangateOpenCellLibrary
                                                          1.064000  
U5763                     OAI21_X1        NangateOpenCellLibrary
                                                          1.064000  
U5764                     OAI21_X1        NangateOpenCellLibrary
                                                          1.064000  
U5765                     OAI21_X1        NangateOpenCellLibrary
                                                          1.064000  
U5766                     OAI21_X1        NangateOpenCellLibrary
                                                          1.064000  
U5767                     OAI21_X1        NangateOpenCellLibrary
                                                          1.064000  
U5768                     OAI21_X1        NangateOpenCellLibrary
                                                          1.064000  
U5769                     OAI21_X1        NangateOpenCellLibrary
                                                          1.064000  
U5770                     OAI21_X1        NangateOpenCellLibrary
                                                          1.064000  
U5771                     OAI21_X1        NangateOpenCellLibrary
                                                          1.064000  
U5772                     OAI21_X1        NangateOpenCellLibrary
                                                          1.064000  
U5773                     OAI21_X1        NangateOpenCellLibrary
                                                          1.064000  
U5774                     OAI21_X1        NangateOpenCellLibrary
                                                          1.064000  
U5775                     OAI21_X1        NangateOpenCellLibrary
                                                          1.064000  
U5776                     OAI21_X1        NangateOpenCellLibrary
                                                          1.064000  
U5777                     OAI21_X1        NangateOpenCellLibrary
                                                          1.064000  
U5778                     OAI21_X1        NangateOpenCellLibrary
                                                          1.064000  
U5779                     OAI21_X1        NangateOpenCellLibrary
                                                          1.064000  
U5780                     OAI21_X1        NangateOpenCellLibrary
                                                          1.064000  
U5781                     OAI21_X1        NangateOpenCellLibrary
                                                          1.064000  
U5782                     OAI21_X1        NangateOpenCellLibrary
                                                          1.064000  
U5783                     OAI21_X1        NangateOpenCellLibrary
                                                          1.064000  
U5784                     OAI21_X1        NangateOpenCellLibrary
                                                          1.064000  
U5785                     OAI21_X1        NangateOpenCellLibrary
                                                          1.064000  
U5786                     OAI21_X1        NangateOpenCellLibrary
                                                          1.064000  
U5787                     OAI21_X1        NangateOpenCellLibrary
                                                          1.064000  
U5788                     OAI21_X1        NangateOpenCellLibrary
                                                          1.064000  
U5789                     OAI21_X1        NangateOpenCellLibrary
                                                          1.064000  
U5790                     OAI21_X1        NangateOpenCellLibrary
                                                          1.064000  
U5791                     OAI21_X1        NangateOpenCellLibrary
                                                          1.064000  
U5792                     OAI21_X1        NangateOpenCellLibrary
                                                          1.064000  
U5793                     OAI21_X1        NangateOpenCellLibrary
                                                          1.064000  
U5794                     OAI21_X1        NangateOpenCellLibrary
                                                          1.064000  
U5795                     OAI21_X1        NangateOpenCellLibrary
                                                          1.064000  
U5796                     OAI21_X1        NangateOpenCellLibrary
                                                          1.064000  
U5797                     OAI21_X1        NangateOpenCellLibrary
                                                          1.064000  
U5798                     OAI21_X1        NangateOpenCellLibrary
                                                          1.064000  
U5799                     OAI21_X1        NangateOpenCellLibrary
                                                          1.064000  
U5800                     OAI21_X1        NangateOpenCellLibrary
                                                          1.064000  
U5801                     OAI21_X1        NangateOpenCellLibrary
                                                          1.064000  
U5802                     OAI21_X1        NangateOpenCellLibrary
                                                          1.064000  
U5803                     OAI21_X1        NangateOpenCellLibrary
                                                          1.064000  
U5804                     OAI21_X1        NangateOpenCellLibrary
                                                          1.064000  
U5805                     OAI21_X1        NangateOpenCellLibrary
                                                          1.064000  
U5806                     OAI21_X1        NangateOpenCellLibrary
                                                          1.064000  
U5807                     OAI21_X1        NangateOpenCellLibrary
                                                          1.064000  
U5808                     OAI21_X1        NangateOpenCellLibrary
                                                          1.064000  
U5809                     OAI21_X1        NangateOpenCellLibrary
                                                          1.064000  
U5810                     OAI21_X1        NangateOpenCellLibrary
                                                          1.064000  
U5811                     OAI21_X1        NangateOpenCellLibrary
                                                          1.064000  
U5812                     OAI21_X1        NangateOpenCellLibrary
                                                          1.064000  
U5813                     OAI21_X1        NangateOpenCellLibrary
                                                          1.064000  
U5814                     OAI21_X1        NangateOpenCellLibrary
                                                          1.064000  
U5815                     OAI21_X1        NangateOpenCellLibrary
                                                          1.064000  
U5816                     OAI21_X1        NangateOpenCellLibrary
                                                          1.064000  
U5817                     OAI21_X1        NangateOpenCellLibrary
                                                          1.064000  
U5818                     OAI21_X1        NangateOpenCellLibrary
                                                          1.064000  
U5819                     OAI21_X1        NangateOpenCellLibrary
                                                          1.064000  
U5820                     OAI21_X1        NangateOpenCellLibrary
                                                          1.064000  
U5821                     OAI21_X1        NangateOpenCellLibrary
                                                          1.064000  
U5822                     OAI21_X1        NangateOpenCellLibrary
                                                          1.064000  
U5823                     OAI21_X1        NangateOpenCellLibrary
                                                          1.064000  
U5824                     OAI21_X1        NangateOpenCellLibrary
                                                          1.064000  
U5825                     OAI21_X1        NangateOpenCellLibrary
                                                          1.064000  
U5826                     OAI21_X1        NangateOpenCellLibrary
                                                          1.064000  
U5827                     OAI21_X1        NangateOpenCellLibrary
                                                          1.064000  
U5828                     OAI21_X1        NangateOpenCellLibrary
                                                          1.064000  
U5829                     OAI21_X1        NangateOpenCellLibrary
                                                          1.064000  
U5830                     OAI21_X1        NangateOpenCellLibrary
                                                          1.064000  
U5831                     OAI21_X1        NangateOpenCellLibrary
                                                          1.064000  
U5832                     OAI21_X1        NangateOpenCellLibrary
                                                          1.064000  
U5833                     OAI21_X1        NangateOpenCellLibrary
                                                          1.064000  
U5834                     OAI21_X1        NangateOpenCellLibrary
                                                          1.064000  
U5835                     OAI21_X1        NangateOpenCellLibrary
                                                          1.064000  
U5836                     OAI21_X1        NangateOpenCellLibrary
                                                          1.064000  
U5837                     OAI21_X1        NangateOpenCellLibrary
                                                          1.064000  
U5838                     OAI21_X1        NangateOpenCellLibrary
                                                          1.064000  
U5839                     OAI21_X1        NangateOpenCellLibrary
                                                          1.064000  
U5840                     OAI21_X1        NangateOpenCellLibrary
                                                          1.064000  
U5841                     OAI21_X1        NangateOpenCellLibrary
                                                          1.064000  
U5842                     OAI21_X1        NangateOpenCellLibrary
                                                          1.064000  
U5843                     OAI21_X1        NangateOpenCellLibrary
                                                          1.064000  
U5844                     OAI21_X1        NangateOpenCellLibrary
                                                          1.064000  
U5845                     OAI21_X1        NangateOpenCellLibrary
                                                          1.064000  
U5846                     OAI21_X1        NangateOpenCellLibrary
                                                          1.064000  
U5847                     OAI21_X1        NangateOpenCellLibrary
                                                          1.064000  
U5848                     OAI21_X1        NangateOpenCellLibrary
                                                          1.064000  
U5849                     OAI21_X1        NangateOpenCellLibrary
                                                          1.064000  
U5850                     OAI21_X1        NangateOpenCellLibrary
                                                          1.064000  
U5851                     OAI21_X1        NangateOpenCellLibrary
                                                          1.064000  
U5852                     OAI21_X1        NangateOpenCellLibrary
                                                          1.064000  
U5853                     OAI21_X1        NangateOpenCellLibrary
                                                          1.064000  
U5854                     OAI21_X1        NangateOpenCellLibrary
                                                          1.064000  
U5855                     OAI21_X1        NangateOpenCellLibrary
                                                          1.064000  
U5856                     OAI21_X1        NangateOpenCellLibrary
                                                          1.064000  
U5857                     OAI21_X1        NangateOpenCellLibrary
                                                          1.064000  
U5858                     OAI21_X1        NangateOpenCellLibrary
                                                          1.064000  
U5859                     OAI21_X1        NangateOpenCellLibrary
                                                          1.064000  
U5860                     OAI21_X1        NangateOpenCellLibrary
                                                          1.064000  
U5861                     OAI21_X1        NangateOpenCellLibrary
                                                          1.064000  
U5862                     OAI21_X1        NangateOpenCellLibrary
                                                          1.064000  
U5863                     OAI21_X1        NangateOpenCellLibrary
                                                          1.064000  
U5864                     OAI21_X1        NangateOpenCellLibrary
                                                          1.064000  
U5865                     OAI21_X1        NangateOpenCellLibrary
                                                          1.064000  
U5866                     OAI21_X1        NangateOpenCellLibrary
                                                          1.064000  
U5867                     OAI21_X1        NangateOpenCellLibrary
                                                          1.064000  
U5868                     OAI21_X1        NangateOpenCellLibrary
                                                          1.064000  
U5869                     OAI21_X1        NangateOpenCellLibrary
                                                          1.064000  
U5870                     OAI21_X1        NangateOpenCellLibrary
                                                          1.064000  
U5871                     OAI21_X1        NangateOpenCellLibrary
                                                          1.064000  
U5872                     OAI21_X1        NangateOpenCellLibrary
                                                          1.064000  
U5873                     OAI21_X1        NangateOpenCellLibrary
                                                          1.064000  
U5874                     OAI21_X1        NangateOpenCellLibrary
                                                          1.064000  
U5875                     OAI21_X1        NangateOpenCellLibrary
                                                          1.064000  
U5876                     OAI21_X1        NangateOpenCellLibrary
                                                          1.064000  
U5877                     OAI21_X1        NangateOpenCellLibrary
                                                          1.064000  
U5878                     OAI21_X1        NangateOpenCellLibrary
                                                          1.064000  
U5879                     OAI21_X1        NangateOpenCellLibrary
                                                          1.064000  
U5880                     OAI21_X1        NangateOpenCellLibrary
                                                          1.064000  
U5881                     OAI21_X1        NangateOpenCellLibrary
                                                          1.064000  
U5882                     OAI21_X1        NangateOpenCellLibrary
                                                          1.064000  
U5883                     OAI21_X1        NangateOpenCellLibrary
                                                          1.064000  
U5884                     OAI21_X1        NangateOpenCellLibrary
                                                          1.064000  
U5885                     OAI21_X1        NangateOpenCellLibrary
                                                          1.064000  
U5886                     OAI21_X1        NangateOpenCellLibrary
                                                          1.064000  
U5887                     OAI21_X1        NangateOpenCellLibrary
                                                          1.064000  
U5888                     OAI21_X1        NangateOpenCellLibrary
                                                          1.064000  
U5889                     OAI21_X1        NangateOpenCellLibrary
                                                          1.064000  
U5890                     OAI21_X1        NangateOpenCellLibrary
                                                          1.064000  
U5891                     OAI21_X1        NangateOpenCellLibrary
                                                          1.064000  
U5892                     OAI21_X1        NangateOpenCellLibrary
                                                          1.064000  
U5893                     OAI21_X1        NangateOpenCellLibrary
                                                          1.064000  
U5894                     OAI21_X1        NangateOpenCellLibrary
                                                          1.064000  
U5895                     OAI21_X1        NangateOpenCellLibrary
                                                          1.064000  
U5896                     OAI21_X1        NangateOpenCellLibrary
                                                          1.064000  
U5897                     OAI21_X1        NangateOpenCellLibrary
                                                          1.064000  
U5898                     OAI21_X1        NangateOpenCellLibrary
                                                          1.064000  
U5899                     OAI21_X1        NangateOpenCellLibrary
                                                          1.064000  
U5900                     OAI21_X1        NangateOpenCellLibrary
                                                          1.064000  
U5901                     OAI21_X1        NangateOpenCellLibrary
                                                          1.064000  
U5902                     OAI21_X1        NangateOpenCellLibrary
                                                          1.064000  
U5903                     OAI21_X1        NangateOpenCellLibrary
                                                          1.064000  
U5904                     OAI21_X1        NangateOpenCellLibrary
                                                          1.064000  
U5905                     OAI21_X1        NangateOpenCellLibrary
                                                          1.064000  
U5906                     OAI21_X1        NangateOpenCellLibrary
                                                          1.064000  
U5907                     OAI21_X1        NangateOpenCellLibrary
                                                          1.064000  
U5908                     OAI21_X1        NangateOpenCellLibrary
                                                          1.064000  
U5909                     OAI21_X1        NangateOpenCellLibrary
                                                          1.064000  
U5910                     OAI21_X1        NangateOpenCellLibrary
                                                          1.064000  
U5911                     OAI21_X1        NangateOpenCellLibrary
                                                          1.064000  
U5912                     OAI21_X1        NangateOpenCellLibrary
                                                          1.064000  
U5913                     OAI21_X1        NangateOpenCellLibrary
                                                          1.064000  
U5914                     OAI21_X1        NangateOpenCellLibrary
                                                          1.064000  
U5915                     OAI21_X1        NangateOpenCellLibrary
                                                          1.064000  
U5916                     OAI21_X1        NangateOpenCellLibrary
                                                          1.064000  
U5917                     OAI21_X1        NangateOpenCellLibrary
                                                          1.064000  
U5918                     OAI21_X1        NangateOpenCellLibrary
                                                          1.064000  
U5919                     OAI21_X1        NangateOpenCellLibrary
                                                          1.064000  
U5920                     OAI21_X1        NangateOpenCellLibrary
                                                          1.064000  
U5921                     OAI21_X1        NangateOpenCellLibrary
                                                          1.064000  
U5922                     OAI21_X1        NangateOpenCellLibrary
                                                          1.064000  
U5923                     OAI21_X1        NangateOpenCellLibrary
                                                          1.064000  
U5924                     OAI21_X1        NangateOpenCellLibrary
                                                          1.064000  
U5925                     OAI21_X1        NangateOpenCellLibrary
                                                          1.064000  
U5926                     OAI21_X1        NangateOpenCellLibrary
                                                          1.064000  
U5927                     OAI21_X1        NangateOpenCellLibrary
                                                          1.064000  
U5928                     OAI21_X1        NangateOpenCellLibrary
                                                          1.064000  
U5929                     OAI21_X1        NangateOpenCellLibrary
                                                          1.064000  
U5930                     OAI21_X1        NangateOpenCellLibrary
                                                          1.064000  
U5931                     OAI21_X1        NangateOpenCellLibrary
                                                          1.064000  
U5932                     OAI21_X1        NangateOpenCellLibrary
                                                          1.064000  
U5933                     OAI21_X1        NangateOpenCellLibrary
                                                          1.064000  
U5934                     OAI21_X1        NangateOpenCellLibrary
                                                          1.064000  
U5935                     OAI21_X1        NangateOpenCellLibrary
                                                          1.064000  
U5936                     OAI21_X1        NangateOpenCellLibrary
                                                          1.064000  
U5937                     OAI21_X1        NangateOpenCellLibrary
                                                          1.064000  
U5938                     OAI21_X1        NangateOpenCellLibrary
                                                          1.064000  
U5939                     OAI21_X1        NangateOpenCellLibrary
                                                          1.064000  
U5940                     OAI21_X1        NangateOpenCellLibrary
                                                          1.064000  
U5941                     OAI21_X1        NangateOpenCellLibrary
                                                          1.064000  
U5942                     OAI21_X1        NangateOpenCellLibrary
                                                          1.064000  
U5943                     OAI21_X1        NangateOpenCellLibrary
                                                          1.064000  
U5944                     OAI21_X1        NangateOpenCellLibrary
                                                          1.064000  
U5945                     OAI21_X1        NangateOpenCellLibrary
                                                          1.064000  
U5946                     OAI21_X1        NangateOpenCellLibrary
                                                          1.064000  
U5947                     OAI21_X1        NangateOpenCellLibrary
                                                          1.064000  
U5948                     OAI21_X1        NangateOpenCellLibrary
                                                          1.064000  
U5949                     OAI21_X1        NangateOpenCellLibrary
                                                          1.064000  
U5950                     OAI21_X1        NangateOpenCellLibrary
                                                          1.064000  
U5951                     OAI21_X1        NangateOpenCellLibrary
                                                          1.064000  
U5952                     OAI21_X1        NangateOpenCellLibrary
                                                          1.064000  
U5953                     OAI21_X1        NangateOpenCellLibrary
                                                          1.064000  
U5954                     OAI21_X1        NangateOpenCellLibrary
                                                          1.064000  
U5955                     OAI21_X1        NangateOpenCellLibrary
                                                          1.064000  
U5956                     OAI21_X1        NangateOpenCellLibrary
                                                          1.064000  
U5957                     OAI21_X1        NangateOpenCellLibrary
                                                          1.064000  
U5958                     OAI21_X1        NangateOpenCellLibrary
                                                          1.064000  
U5959                     OAI21_X1        NangateOpenCellLibrary
                                                          1.064000  
U5960                     OAI21_X1        NangateOpenCellLibrary
                                                          1.064000  
U5961                     OAI21_X1        NangateOpenCellLibrary
                                                          1.064000  
U5962                     OAI21_X1        NangateOpenCellLibrary
                                                          1.064000  
U5963                     OAI21_X1        NangateOpenCellLibrary
                                                          1.064000  
U5964                     OAI21_X1        NangateOpenCellLibrary
                                                          1.064000  
U5965                     OAI21_X1        NangateOpenCellLibrary
                                                          1.064000  
U5966                     OAI21_X1        NangateOpenCellLibrary
                                                          1.064000  
U5967                     OAI21_X1        NangateOpenCellLibrary
                                                          1.064000  
U5968                     OAI21_X1        NangateOpenCellLibrary
                                                          1.064000  
U5969                     OAI21_X1        NangateOpenCellLibrary
                                                          1.064000  
U5970                     OAI21_X1        NangateOpenCellLibrary
                                                          1.064000  
U5971                     OAI21_X1        NangateOpenCellLibrary
                                                          1.064000  
U5972                     OAI21_X1        NangateOpenCellLibrary
                                                          1.064000  
U5973                     OAI21_X1        NangateOpenCellLibrary
                                                          1.064000  
U5974                     OAI21_X1        NangateOpenCellLibrary
                                                          1.064000  
U5975                     OAI21_X1        NangateOpenCellLibrary
                                                          1.064000  
U5976                     OAI21_X1        NangateOpenCellLibrary
                                                          1.064000  
U5977                     OAI21_X1        NangateOpenCellLibrary
                                                          1.064000  
U5978                     OAI21_X1        NangateOpenCellLibrary
                                                          1.064000  
U5979                     OAI21_X1        NangateOpenCellLibrary
                                                          1.064000  
U5980                     OAI21_X1        NangateOpenCellLibrary
                                                          1.064000  
U5981                     OAI21_X1        NangateOpenCellLibrary
                                                          1.064000  
U5982                     OAI21_X1        NangateOpenCellLibrary
                                                          1.064000  
U5983                     OAI21_X1        NangateOpenCellLibrary
                                                          1.064000  
U5984                     OAI21_X1        NangateOpenCellLibrary
                                                          1.064000  
U5985                     OAI21_X1        NangateOpenCellLibrary
                                                          1.064000  
U5986                     OAI21_X1        NangateOpenCellLibrary
                                                          1.064000  
U5987                     OAI21_X1        NangateOpenCellLibrary
                                                          1.064000  
U5988                     OAI21_X1        NangateOpenCellLibrary
                                                          1.064000  
U5989                     OAI21_X1        NangateOpenCellLibrary
                                                          1.064000  
U5990                     OAI21_X1        NangateOpenCellLibrary
                                                          1.064000  
U5991                     OAI21_X1        NangateOpenCellLibrary
                                                          1.064000  
U5992                     OAI21_X1        NangateOpenCellLibrary
                                                          1.064000  
U5993                     OAI21_X1        NangateOpenCellLibrary
                                                          1.064000  
U5994                     OAI21_X1        NangateOpenCellLibrary
                                                          1.064000  
U5995                     OAI21_X1        NangateOpenCellLibrary
                                                          1.064000  
U5996                     OAI21_X1        NangateOpenCellLibrary
                                                          1.064000  
U5997                     OAI21_X1        NangateOpenCellLibrary
                                                          1.064000  
U5998                     OAI21_X1        NangateOpenCellLibrary
                                                          1.064000  
U5999                     OAI21_X1        NangateOpenCellLibrary
                                                          1.064000  
U6000                     OAI21_X1        NangateOpenCellLibrary
                                                          1.064000  
U6001                     OAI21_X1        NangateOpenCellLibrary
                                                          1.064000  
U6002                     OAI21_X1        NangateOpenCellLibrary
                                                          1.064000  
U6003                     OAI21_X1        NangateOpenCellLibrary
                                                          1.064000  
U6004                     OAI21_X1        NangateOpenCellLibrary
                                                          1.064000  
U6005                     OAI21_X1        NangateOpenCellLibrary
                                                          1.064000  
U6006                     OAI21_X1        NangateOpenCellLibrary
                                                          1.064000  
U6007                     OAI21_X1        NangateOpenCellLibrary
                                                          1.064000  
U6008                     OAI21_X1        NangateOpenCellLibrary
                                                          1.064000  
U6009                     OAI21_X1        NangateOpenCellLibrary
                                                          1.064000  
U6010                     OAI21_X1        NangateOpenCellLibrary
                                                          1.064000  
U6011                     OAI21_X1        NangateOpenCellLibrary
                                                          1.064000  
U6012                     OAI21_X1        NangateOpenCellLibrary
                                                          1.064000  
U6013                     OAI21_X1        NangateOpenCellLibrary
                                                          1.064000  
U6014                     OAI21_X1        NangateOpenCellLibrary
                                                          1.064000  
U6015                     OAI21_X1        NangateOpenCellLibrary
                                                          1.064000  
U6016                     OAI21_X1        NangateOpenCellLibrary
                                                          1.064000  
U6017                     OAI21_X1        NangateOpenCellLibrary
                                                          1.064000  
U6018                     OAI21_X1        NangateOpenCellLibrary
                                                          1.064000  
U6019                     OAI21_X1        NangateOpenCellLibrary
                                                          1.064000  
U6020                     OAI21_X1        NangateOpenCellLibrary
                                                          1.064000  
U6021                     OAI21_X1        NangateOpenCellLibrary
                                                          1.064000  
U6022                     OAI21_X1        NangateOpenCellLibrary
                                                          1.064000  
U6023                     OAI21_X1        NangateOpenCellLibrary
                                                          1.064000  
U6024                     OAI21_X1        NangateOpenCellLibrary
                                                          1.064000  
U6025                     OAI21_X1        NangateOpenCellLibrary
                                                          1.064000  
U6026                     OAI21_X1        NangateOpenCellLibrary
                                                          1.064000  
U6027                     OAI21_X1        NangateOpenCellLibrary
                                                          1.064000  
U6028                     OAI21_X1        NangateOpenCellLibrary
                                                          1.064000  
U6029                     OAI21_X1        NangateOpenCellLibrary
                                                          1.064000  
U6030                     OAI21_X1        NangateOpenCellLibrary
                                                          1.064000  
U6031                     OAI21_X1        NangateOpenCellLibrary
                                                          1.064000  
U6032                     OAI21_X1        NangateOpenCellLibrary
                                                          1.064000  
U6033                     OAI21_X1        NangateOpenCellLibrary
                                                          1.064000  
U6034                     OAI21_X1        NangateOpenCellLibrary
                                                          1.064000  
U6035                     OAI21_X1        NangateOpenCellLibrary
                                                          1.064000  
U6036                     OAI21_X1        NangateOpenCellLibrary
                                                          1.064000  
U6037                     OAI21_X1        NangateOpenCellLibrary
                                                          1.064000  
U6038                     OAI21_X1        NangateOpenCellLibrary
                                                          1.064000  
U6039                     OAI21_X1        NangateOpenCellLibrary
                                                          1.064000  
U6040                     OAI21_X1        NangateOpenCellLibrary
                                                          1.064000  
U6041                     OAI21_X1        NangateOpenCellLibrary
                                                          1.064000  
U6042                     OAI21_X1        NangateOpenCellLibrary
                                                          1.064000  
U6043                     OAI21_X1        NangateOpenCellLibrary
                                                          1.064000  
U6044                     OAI21_X1        NangateOpenCellLibrary
                                                          1.064000  
U6045                     OAI21_X1        NangateOpenCellLibrary
                                                          1.064000  
U6046                     OAI21_X1        NangateOpenCellLibrary
                                                          1.064000  
U6047                     OAI21_X1        NangateOpenCellLibrary
                                                          1.064000  
U6048                     OAI21_X1        NangateOpenCellLibrary
                                                          1.064000  
U6049                     OAI21_X1        NangateOpenCellLibrary
                                                          1.064000  
U6050                     OAI21_X1        NangateOpenCellLibrary
                                                          1.064000  
U6051                     OAI21_X1        NangateOpenCellLibrary
                                                          1.064000  
U6052                     OAI21_X1        NangateOpenCellLibrary
                                                          1.064000  
U6053                     OAI21_X1        NangateOpenCellLibrary
                                                          1.064000  
U6054                     OAI21_X1        NangateOpenCellLibrary
                                                          1.064000  
U6055                     OAI21_X1        NangateOpenCellLibrary
                                                          1.064000  
U6056                     OAI21_X1        NangateOpenCellLibrary
                                                          1.064000  
U6057                     OAI21_X1        NangateOpenCellLibrary
                                                          1.064000  
U6058                     OAI21_X1        NangateOpenCellLibrary
                                                          1.064000  
U6059                     OAI21_X1        NangateOpenCellLibrary
                                                          1.064000  
U6060                     OAI21_X1        NangateOpenCellLibrary
                                                          1.064000  
U6061                     OAI21_X1        NangateOpenCellLibrary
                                                          1.064000  
U6062                     OAI21_X1        NangateOpenCellLibrary
                                                          1.064000  
U6063                     OAI21_X1        NangateOpenCellLibrary
                                                          1.064000  
U6064                     OAI21_X1        NangateOpenCellLibrary
                                                          1.064000  
U6065                     OAI21_X1        NangateOpenCellLibrary
                                                          1.064000  
U6066                     OAI21_X1        NangateOpenCellLibrary
                                                          1.064000  
U6067                     OAI21_X1        NangateOpenCellLibrary
                                                          1.064000  
U6068                     OAI21_X1        NangateOpenCellLibrary
                                                          1.064000  
U6069                     OAI21_X1        NangateOpenCellLibrary
                                                          1.064000  
U6070                     OAI21_X1        NangateOpenCellLibrary
                                                          1.064000  
U6071                     OAI21_X1        NangateOpenCellLibrary
                                                          1.064000  
U6072                     OAI21_X1        NangateOpenCellLibrary
                                                          1.064000  
U6073                     OAI21_X1        NangateOpenCellLibrary
                                                          1.064000  
U6074                     OAI21_X1        NangateOpenCellLibrary
                                                          1.064000  
U6075                     OAI21_X1        NangateOpenCellLibrary
                                                          1.064000  
U6076                     OAI21_X1        NangateOpenCellLibrary
                                                          1.064000  
U6077                     OAI21_X1        NangateOpenCellLibrary
                                                          1.064000  
U6078                     OAI21_X1        NangateOpenCellLibrary
                                                          1.064000  
U6079                     OAI21_X1        NangateOpenCellLibrary
                                                          1.064000  
U6080                     OAI21_X1        NangateOpenCellLibrary
                                                          1.064000  
U6081                     OAI21_X1        NangateOpenCellLibrary
                                                          1.064000  
U6082                     OAI21_X1        NangateOpenCellLibrary
                                                          1.064000  
U6083                     OAI21_X1        NangateOpenCellLibrary
                                                          1.064000  
U6084                     OAI21_X1        NangateOpenCellLibrary
                                                          1.064000  
U6085                     OAI21_X1        NangateOpenCellLibrary
                                                          1.064000  
U6086                     OAI21_X1        NangateOpenCellLibrary
                                                          1.064000  
U6087                     OAI21_X1        NangateOpenCellLibrary
                                                          1.064000  
U6088                     OAI21_X1        NangateOpenCellLibrary
                                                          1.064000  
U6089                     OAI21_X1        NangateOpenCellLibrary
                                                          1.064000  
U6090                     OAI21_X1        NangateOpenCellLibrary
                                                          1.064000  
U6091                     OAI21_X1        NangateOpenCellLibrary
                                                          1.064000  
U6092                     OAI21_X1        NangateOpenCellLibrary
                                                          1.064000  
U6093                     OAI21_X1        NangateOpenCellLibrary
                                                          1.064000  
U6094                     OAI21_X1        NangateOpenCellLibrary
                                                          1.064000  
U6095                     OAI21_X1        NangateOpenCellLibrary
                                                          1.064000  
U6096                     OAI21_X1        NangateOpenCellLibrary
                                                          1.064000  
U6097                     OAI21_X1        NangateOpenCellLibrary
                                                          1.064000  
U6098                     OAI21_X1        NangateOpenCellLibrary
                                                          1.064000  
U6099                     OAI21_X1        NangateOpenCellLibrary
                                                          1.064000  
U6100                     OAI21_X1        NangateOpenCellLibrary
                                                          1.064000  
U6101                     OAI21_X1        NangateOpenCellLibrary
                                                          1.064000  
U6102                     OAI21_X1        NangateOpenCellLibrary
                                                          1.064000  
U6103                     OAI21_X1        NangateOpenCellLibrary
                                                          1.064000  
U6104                     OAI21_X1        NangateOpenCellLibrary
                                                          1.064000  
U6105                     OAI21_X1        NangateOpenCellLibrary
                                                          1.064000  
U6106                     OAI21_X1        NangateOpenCellLibrary
                                                          1.064000  
U6107                     OAI21_X1        NangateOpenCellLibrary
                                                          1.064000  
U6108                     OAI21_X1        NangateOpenCellLibrary
                                                          1.064000  
U6109                     OAI21_X1        NangateOpenCellLibrary
                                                          1.064000  
U6110                     OAI21_X1        NangateOpenCellLibrary
                                                          1.064000  
U6111                     OAI21_X1        NangateOpenCellLibrary
                                                          1.064000  
U6112                     OAI21_X1        NangateOpenCellLibrary
                                                          1.064000  
U6113                     OAI21_X1        NangateOpenCellLibrary
                                                          1.064000  
U6114                     OAI21_X1        NangateOpenCellLibrary
                                                          1.064000  
U6115                     OAI21_X1        NangateOpenCellLibrary
                                                          1.064000  
U6116                     OAI21_X1        NangateOpenCellLibrary
                                                          1.064000  
U6117                     OAI21_X1        NangateOpenCellLibrary
                                                          1.064000  
U6118                     OAI21_X1        NangateOpenCellLibrary
                                                          1.064000  
U6119                     OAI21_X1        NangateOpenCellLibrary
                                                          1.064000  
U6120                     OAI21_X1        NangateOpenCellLibrary
                                                          1.064000  
U6121                     OAI21_X1        NangateOpenCellLibrary
                                                          1.064000  
U6122                     OAI21_X1        NangateOpenCellLibrary
                                                          1.064000  
U6123                     OAI21_X1        NangateOpenCellLibrary
                                                          1.064000  
U6124                     OAI21_X1        NangateOpenCellLibrary
                                                          1.064000  
U6125                     OAI21_X1        NangateOpenCellLibrary
                                                          1.064000  
U6126                     OAI21_X1        NangateOpenCellLibrary
                                                          1.064000  
U6127                     OAI21_X1        NangateOpenCellLibrary
                                                          1.064000  
U6128                     OAI21_X1        NangateOpenCellLibrary
                                                          1.064000  
U6129                     OAI21_X1        NangateOpenCellLibrary
                                                          1.064000  
U6130                     OAI21_X1        NangateOpenCellLibrary
                                                          1.064000  
U6131                     OAI21_X1        NangateOpenCellLibrary
                                                          1.064000  
U6132                     OAI21_X1        NangateOpenCellLibrary
                                                          1.064000  
U6133                     OAI21_X1        NangateOpenCellLibrary
                                                          1.064000  
U6134                     OAI21_X1        NangateOpenCellLibrary
                                                          1.064000  
U6135                     OAI21_X1        NangateOpenCellLibrary
                                                          1.064000  
U6136                     OAI21_X1        NangateOpenCellLibrary
                                                          1.064000  
U6137                     OAI21_X1        NangateOpenCellLibrary
                                                          1.064000  
U6138                     OAI21_X1        NangateOpenCellLibrary
                                                          1.064000  
U6139                     OAI21_X1        NangateOpenCellLibrary
                                                          1.064000  
U6140                     OAI21_X1        NangateOpenCellLibrary
                                                          1.064000  
U6141                     OAI21_X1        NangateOpenCellLibrary
                                                          1.064000  
U6142                     OAI21_X1        NangateOpenCellLibrary
                                                          1.064000  
U6143                     OAI21_X1        NangateOpenCellLibrary
                                                          1.064000  
U6144                     OAI21_X1        NangateOpenCellLibrary
                                                          1.064000  
U6145                     OAI21_X1        NangateOpenCellLibrary
                                                          1.064000  
U6146                     OAI21_X1        NangateOpenCellLibrary
                                                          1.064000  
U6147                     OAI21_X1        NangateOpenCellLibrary
                                                          1.064000  
U6148                     OAI21_X1        NangateOpenCellLibrary
                                                          1.064000  
U6149                     OAI21_X1        NangateOpenCellLibrary
                                                          1.064000  
U6150                     OAI21_X1        NangateOpenCellLibrary
                                                          1.064000  
U6151                     OAI21_X1        NangateOpenCellLibrary
                                                          1.064000  
U6152                     OAI21_X1        NangateOpenCellLibrary
                                                          1.064000  
U6153                     OAI21_X1        NangateOpenCellLibrary
                                                          1.064000  
U6154                     OAI21_X1        NangateOpenCellLibrary
                                                          1.064000  
U6155                     OAI21_X1        NangateOpenCellLibrary
                                                          1.064000  
U6156                     OAI21_X1        NangateOpenCellLibrary
                                                          1.064000  
U6157                     OAI21_X1        NangateOpenCellLibrary
                                                          1.064000  
U6158                     OAI21_X1        NangateOpenCellLibrary
                                                          1.064000  
U6159                     OAI21_X1        NangateOpenCellLibrary
                                                          1.064000  
U6160                     OAI21_X1        NangateOpenCellLibrary
                                                          1.064000  
U6161                     OAI21_X1        NangateOpenCellLibrary
                                                          1.064000  
U6162                     OAI21_X1        NangateOpenCellLibrary
                                                          1.064000  
U6163                     OAI21_X1        NangateOpenCellLibrary
                                                          1.064000  
U6164                     OAI21_X1        NangateOpenCellLibrary
                                                          1.064000  
U6165                     OAI21_X1        NangateOpenCellLibrary
                                                          1.064000  
U6166                     OAI21_X1        NangateOpenCellLibrary
                                                          1.064000  
U6167                     OAI21_X1        NangateOpenCellLibrary
                                                          1.064000  
U6168                     OAI21_X1        NangateOpenCellLibrary
                                                          1.064000  
U6169                     OAI21_X1        NangateOpenCellLibrary
                                                          1.064000  
U6170                     OAI21_X1        NangateOpenCellLibrary
                                                          1.064000  
U6171                     OAI21_X1        NangateOpenCellLibrary
                                                          1.064000  
U6172                     OAI21_X1        NangateOpenCellLibrary
                                                          1.064000  
U6173                     OAI21_X1        NangateOpenCellLibrary
                                                          1.064000  
U6174                     OAI21_X1        NangateOpenCellLibrary
                                                          1.064000  
U6175                     OAI21_X1        NangateOpenCellLibrary
                                                          1.064000  
U6176                     OAI21_X1        NangateOpenCellLibrary
                                                          1.064000  
U6177                     OAI21_X1        NangateOpenCellLibrary
                                                          1.064000  
U6178                     OAI21_X1        NangateOpenCellLibrary
                                                          1.064000  
U6179                     OAI21_X1        NangateOpenCellLibrary
                                                          1.064000  
U6180                     OAI21_X1        NangateOpenCellLibrary
                                                          1.064000  
U6181                     OAI21_X1        NangateOpenCellLibrary
                                                          1.064000  
U6182                     OAI21_X1        NangateOpenCellLibrary
                                                          1.064000  
U6183                     OAI21_X1        NangateOpenCellLibrary
                                                          1.064000  
U6184                     OAI21_X1        NangateOpenCellLibrary
                                                          1.064000  
U6185                     OAI21_X1        NangateOpenCellLibrary
                                                          1.064000  
U6186                     OAI21_X1        NangateOpenCellLibrary
                                                          1.064000  
U6187                     OAI21_X1        NangateOpenCellLibrary
                                                          1.064000  
U6188                     OAI21_X1        NangateOpenCellLibrary
                                                          1.064000  
U6189                     OAI21_X1        NangateOpenCellLibrary
                                                          1.064000  
U6190                     OAI21_X1        NangateOpenCellLibrary
                                                          1.064000  
U6191                     OAI21_X1        NangateOpenCellLibrary
                                                          1.064000  
U6192                     OAI21_X1        NangateOpenCellLibrary
                                                          1.064000  
U6193                     OAI21_X1        NangateOpenCellLibrary
                                                          1.064000  
U6194                     OAI21_X1        NangateOpenCellLibrary
                                                          1.064000  
U6195                     OAI21_X1        NangateOpenCellLibrary
                                                          1.064000  
U6196                     OAI21_X1        NangateOpenCellLibrary
                                                          1.064000  
U6197                     OAI21_X1        NangateOpenCellLibrary
                                                          1.064000  
U6198                     OAI21_X1        NangateOpenCellLibrary
                                                          1.064000  
U6199                     OAI21_X1        NangateOpenCellLibrary
                                                          1.064000  
U6200                     OAI21_X1        NangateOpenCellLibrary
                                                          1.064000  
U6201                     OAI21_X1        NangateOpenCellLibrary
                                                          1.064000  
U6202                     OAI21_X1        NangateOpenCellLibrary
                                                          1.064000  
U6203                     OAI21_X1        NangateOpenCellLibrary
                                                          1.064000  
U6204                     OAI21_X1        NangateOpenCellLibrary
                                                          1.064000  
U6205                     OAI21_X1        NangateOpenCellLibrary
                                                          1.064000  
U6206                     OAI21_X1        NangateOpenCellLibrary
                                                          1.064000  
U6207                     OAI21_X1        NangateOpenCellLibrary
                                                          1.064000  
U6208                     OAI21_X1        NangateOpenCellLibrary
                                                          1.064000  
U6209                     OAI21_X1        NangateOpenCellLibrary
                                                          1.064000  
U6210                     OAI21_X1        NangateOpenCellLibrary
                                                          1.064000  
U6211                     OAI21_X1        NangateOpenCellLibrary
                                                          1.064000  
U6212                     OAI21_X1        NangateOpenCellLibrary
                                                          1.064000  
U6213                     OAI21_X1        NangateOpenCellLibrary
                                                          1.064000  
U6214                     OAI21_X1        NangateOpenCellLibrary
                                                          1.064000  
U6215                     OAI21_X1        NangateOpenCellLibrary
                                                          1.064000  
U6216                     OAI21_X1        NangateOpenCellLibrary
                                                          1.064000  
U6217                     OAI21_X1        NangateOpenCellLibrary
                                                          1.064000  
U6218                     OAI21_X1        NangateOpenCellLibrary
                                                          1.064000  
U6219                     OAI21_X1        NangateOpenCellLibrary
                                                          1.064000  
U6220                     OAI21_X1        NangateOpenCellLibrary
                                                          1.064000  
U6221                     OAI21_X1        NangateOpenCellLibrary
                                                          1.064000  
U6222                     OAI21_X1        NangateOpenCellLibrary
                                                          1.064000  
U6223                     OAI21_X1        NangateOpenCellLibrary
                                                          1.064000  
U6224                     OAI21_X1        NangateOpenCellLibrary
                                                          1.064000  
U6225                     OAI21_X1        NangateOpenCellLibrary
                                                          1.064000  
U6226                     OAI21_X1        NangateOpenCellLibrary
                                                          1.064000  
U6227                     OAI21_X1        NangateOpenCellLibrary
                                                          1.064000  
U6228                     OAI21_X1        NangateOpenCellLibrary
                                                          1.064000  
U6229                     OAI21_X1        NangateOpenCellLibrary
                                                          1.064000  
U6230                     OAI21_X1        NangateOpenCellLibrary
                                                          1.064000  
U6231                     OAI21_X1        NangateOpenCellLibrary
                                                          1.064000  
U6232                     OAI21_X1        NangateOpenCellLibrary
                                                          1.064000  
U6233                     OAI21_X1        NangateOpenCellLibrary
                                                          1.064000  
U6234                     OAI21_X1        NangateOpenCellLibrary
                                                          1.064000  
U6235                     OAI21_X1        NangateOpenCellLibrary
                                                          1.064000  
U6236                     OAI21_X1        NangateOpenCellLibrary
                                                          1.064000  
U6237                     OAI21_X1        NangateOpenCellLibrary
                                                          1.064000  
U6238                     OAI21_X1        NangateOpenCellLibrary
                                                          1.064000  
U6239                     OAI21_X1        NangateOpenCellLibrary
                                                          1.064000  
U6240                     OAI21_X1        NangateOpenCellLibrary
                                                          1.064000  
U6241                     OAI21_X1        NangateOpenCellLibrary
                                                          1.064000  
U6242                     OAI21_X1        NangateOpenCellLibrary
                                                          1.064000  
U6243                     OAI21_X1        NangateOpenCellLibrary
                                                          1.064000  
U6244                     OAI21_X1        NangateOpenCellLibrary
                                                          1.064000  
U6245                     OAI21_X1        NangateOpenCellLibrary
                                                          1.064000  
U6246                     OAI21_X1        NangateOpenCellLibrary
                                                          1.064000  
U6247                     OAI21_X1        NangateOpenCellLibrary
                                                          1.064000  
U6248                     OAI21_X1        NangateOpenCellLibrary
                                                          1.064000  
U6249                     OAI21_X1        NangateOpenCellLibrary
                                                          1.064000  
U6250                     OAI21_X1        NangateOpenCellLibrary
                                                          1.064000  
U6251                     OAI21_X1        NangateOpenCellLibrary
                                                          1.064000  
U6252                     OAI21_X1        NangateOpenCellLibrary
                                                          1.064000  
U6253                     OAI21_X1        NangateOpenCellLibrary
                                                          1.064000  
U6254                     OAI21_X1        NangateOpenCellLibrary
                                                          1.064000  
U6255                     OAI21_X1        NangateOpenCellLibrary
                                                          1.064000  
U6256                     OAI21_X1        NangateOpenCellLibrary
                                                          1.064000  
U6257                     OAI21_X1        NangateOpenCellLibrary
                                                          1.064000  
U6258                     OAI21_X1        NangateOpenCellLibrary
                                                          1.064000  
U6259                     OAI21_X1        NangateOpenCellLibrary
                                                          1.064000  
U6260                     OAI21_X1        NangateOpenCellLibrary
                                                          1.064000  
U6261                     OAI21_X1        NangateOpenCellLibrary
                                                          1.064000  
U6262                     OAI21_X1        NangateOpenCellLibrary
                                                          1.064000  
U6263                     OAI21_X1        NangateOpenCellLibrary
                                                          1.064000  
U6264                     OAI21_X1        NangateOpenCellLibrary
                                                          1.064000  
U6265                     OAI21_X1        NangateOpenCellLibrary
                                                          1.064000  
U6266                     OAI21_X1        NangateOpenCellLibrary
                                                          1.064000  
U6267                     OAI21_X1        NangateOpenCellLibrary
                                                          1.064000  
U6268                     OAI21_X1        NangateOpenCellLibrary
                                                          1.064000  
U6269                     OAI21_X1        NangateOpenCellLibrary
                                                          1.064000  
U6270                     OAI21_X1        NangateOpenCellLibrary
                                                          1.064000  
U6271                     OAI21_X1        NangateOpenCellLibrary
                                                          1.064000  
U6272                     OAI21_X1        NangateOpenCellLibrary
                                                          1.064000  
U6273                     OAI21_X1        NangateOpenCellLibrary
                                                          1.064000  
U6274                     OAI21_X1        NangateOpenCellLibrary
                                                          1.064000  
U6275                     OAI21_X1        NangateOpenCellLibrary
                                                          1.064000  
U6276                     OAI21_X1        NangateOpenCellLibrary
                                                          1.064000  
U6277                     OAI21_X1        NangateOpenCellLibrary
                                                          1.064000  
U6278                     OAI21_X1        NangateOpenCellLibrary
                                                          1.064000  
U6279                     OAI21_X1        NangateOpenCellLibrary
                                                          1.064000  
U6280                     OAI21_X1        NangateOpenCellLibrary
                                                          1.064000  
U6281                     OAI21_X1        NangateOpenCellLibrary
                                                          1.064000  
U6282                     OAI21_X1        NangateOpenCellLibrary
                                                          1.064000  
U6283                     OAI21_X1        NangateOpenCellLibrary
                                                          1.064000  
U6284                     OAI21_X1        NangateOpenCellLibrary
                                                          1.064000  
U6285                     OAI21_X1        NangateOpenCellLibrary
                                                          1.064000  
U6286                     OAI21_X1        NangateOpenCellLibrary
                                                          1.064000  
U6287                     OAI21_X1        NangateOpenCellLibrary
                                                          1.064000  
U6288                     OAI21_X1        NangateOpenCellLibrary
                                                          1.064000  
U6289                     OAI21_X1        NangateOpenCellLibrary
                                                          1.064000  
U6290                     OAI21_X1        NangateOpenCellLibrary
                                                          1.064000  
U6291                     OAI21_X1        NangateOpenCellLibrary
                                                          1.064000  
U6292                     OAI21_X1        NangateOpenCellLibrary
                                                          1.064000  
U6293                     OAI21_X1        NangateOpenCellLibrary
                                                          1.064000  
U6294                     OAI21_X1        NangateOpenCellLibrary
                                                          1.064000  
U6295                     OAI21_X1        NangateOpenCellLibrary
                                                          1.064000  
U6296                     OAI21_X1        NangateOpenCellLibrary
                                                          1.064000  
U6297                     OAI21_X1        NangateOpenCellLibrary
                                                          1.064000  
U6298                     OAI21_X1        NangateOpenCellLibrary
                                                          1.064000  
rden_bias_reg             DFFR_X1         NangateOpenCellLibrary
                                                          5.320000  n
read_addr_bias_reg[0]     DFF_X1          NangateOpenCellLibrary
                                                          4.522000  n
read_addr_bias_reg[1]     DFF_X1          NangateOpenCellLibrary
                                                          4.522000  n
read_addr_bias_reg[2]     DFF_X1          NangateOpenCellLibrary
                                                          4.522000  n
stage3_input_reg[0][0]    DFFR_X1         NangateOpenCellLibrary
                                                          5.320000  n
stage3_input_reg[0][1]    DFFR_X1         NangateOpenCellLibrary
                                                          5.320000  n
stage3_input_reg[0][2]    DFFR_X1         NangateOpenCellLibrary
                                                          5.320000  n
stage3_input_reg[0][3]    DFFR_X1         NangateOpenCellLibrary
                                                          5.320000  n
stage3_input_reg[0][4]    DFFR_X1         NangateOpenCellLibrary
                                                          5.320000  n
stage3_input_reg[0][5]    DFFR_X1         NangateOpenCellLibrary
                                                          5.320000  n
stage3_input_reg[0][6]    DFFR_X1         NangateOpenCellLibrary
                                                          5.320000  n
stage3_input_reg[0][7]    DFFR_X1         NangateOpenCellLibrary
                                                          5.320000  n
stage3_input_reg[0][8]    DFFR_X1         NangateOpenCellLibrary
                                                          5.320000  n
stage3_input_reg[0][9]    DFFR_X1         NangateOpenCellLibrary
                                                          5.320000  n
stage3_input_reg[0][10]   DFFR_X1         NangateOpenCellLibrary
                                                          5.320000  n
stage3_input_reg[0][11]   DFFR_X1         NangateOpenCellLibrary
                                                          5.320000  n
stage3_input_reg[0][12]   DFFR_X1         NangateOpenCellLibrary
                                                          5.320000  n
stage3_input_reg[0][13]   DFFR_X1         NangateOpenCellLibrary
                                                          5.320000  n
stage3_input_reg[0][14]   DFFR_X1         NangateOpenCellLibrary
                                                          5.320000  n
stage3_input_reg[0][15]   DFFR_X1         NangateOpenCellLibrary
                                                          5.320000  n
stage3_input_reg[0][16]   DFFR_X1         NangateOpenCellLibrary
                                                          5.320000  n
stage3_input_reg[0][17]   DFFR_X1         NangateOpenCellLibrary
                                                          5.320000  n
stage3_input_reg[0][18]   DFFR_X1         NangateOpenCellLibrary
                                                          5.320000  n
stage3_input_reg[0][19]   DFFR_X1         NangateOpenCellLibrary
                                                          5.320000  n
stage3_input_reg[0][20]   DFFR_X1         NangateOpenCellLibrary
                                                          5.320000  n
stage3_input_reg[0][21]   DFFR_X1         NangateOpenCellLibrary
                                                          5.320000  n
stage3_input_reg[0][22]   DFFR_X1         NangateOpenCellLibrary
                                                          5.320000  n
stage3_input_reg[0][23]   DFFR_X1         NangateOpenCellLibrary
                                                          5.320000  n
stage3_input_reg[0][24]   DFFR_X1         NangateOpenCellLibrary
                                                          5.320000  n
stage3_input_reg[0][25]   DFFR_X1         NangateOpenCellLibrary
                                                          5.320000  n
stage3_input_reg[0][26]   DFFR_X1         NangateOpenCellLibrary
                                                          5.320000  n
stage3_input_reg[0][27]   DFFR_X1         NangateOpenCellLibrary
                                                          5.320000  n
stage3_input_reg[0][28]   DFFR_X1         NangateOpenCellLibrary
                                                          5.320000  n
stage3_input_reg[0][29]   DFFR_X1         NangateOpenCellLibrary
                                                          5.320000  n
stage3_input_reg[0][30]   DFFR_X1         NangateOpenCellLibrary
                                                          5.320000  n
stage3_input_reg[0][31]   DFFR_X1         NangateOpenCellLibrary
                                                          5.320000  n
stage3_input_reg[0][32]   DFFR_X1         NangateOpenCellLibrary
                                                          5.320000  n
stage3_input_reg[0][33]   DFFR_X1         NangateOpenCellLibrary
                                                          5.320000  n
stage3_input_reg[0][34]   DFFR_X1         NangateOpenCellLibrary
                                                          5.320000  n
stage3_input_reg[0][35]   DFFR_X1         NangateOpenCellLibrary
                                                          5.320000  n
stage3_input_reg[0][36]   DFFR_X1         NangateOpenCellLibrary
                                                          5.320000  n
stage3_input_reg[0][37]   DFFR_X1         NangateOpenCellLibrary
                                                          5.320000  n
stage3_input_reg[0][38]   DFFR_X1         NangateOpenCellLibrary
                                                          5.320000  n
stage3_input_reg[0][39]   DFFR_X1         NangateOpenCellLibrary
                                                          5.320000  n
stage3_input_reg[0][40]   DFFR_X1         NangateOpenCellLibrary
                                                          5.320000  n
stage3_input_reg[0][41]   DFFR_X1         NangateOpenCellLibrary
                                                          5.320000  n
stage3_input_reg[0][42]   DFFR_X1         NangateOpenCellLibrary
                                                          5.320000  n
stage3_input_reg[0][43]   DFFR_X1         NangateOpenCellLibrary
                                                          5.320000  n
stage3_input_reg[0][44]   DFFR_X1         NangateOpenCellLibrary
                                                          5.320000  n
stage3_input_reg[0][45]   DFFR_X1         NangateOpenCellLibrary
                                                          5.320000  n
stage3_input_reg[0][46]   DFFR_X1         NangateOpenCellLibrary
                                                          5.320000  n
stage3_input_reg[0][47]   DFFR_X1         NangateOpenCellLibrary
                                                          5.320000  n
stage3_input_reg[0][48]   DFFR_X1         NangateOpenCellLibrary
                                                          5.320000  n
stage3_input_reg[0][49]   DFFR_X1         NangateOpenCellLibrary
                                                          5.320000  n
stage3_input_reg[0][50]   DFFR_X1         NangateOpenCellLibrary
                                                          5.320000  n
stage3_input_reg[0][51]   DFFR_X1         NangateOpenCellLibrary
                                                          5.320000  n
stage3_input_reg[0][52]   DFFR_X1         NangateOpenCellLibrary
                                                          5.320000  n
stage3_input_reg[0][53]   DFFR_X1         NangateOpenCellLibrary
                                                          5.320000  n
stage3_input_reg[0][54]   DFFR_X1         NangateOpenCellLibrary
                                                          5.320000  n
stage3_input_reg[0][55]   DFFR_X1         NangateOpenCellLibrary
                                                          5.320000  n
stage3_input_reg[0][56]   DFFR_X1         NangateOpenCellLibrary
                                                          5.320000  n
stage3_input_reg[0][57]   DFFR_X1         NangateOpenCellLibrary
                                                          5.320000  n
stage3_input_reg[0][58]   DFFR_X1         NangateOpenCellLibrary
                                                          5.320000  n
stage3_input_reg[0][59]   DFFR_X1         NangateOpenCellLibrary
                                                          5.320000  n
stage3_input_reg[0][60]   DFFR_X1         NangateOpenCellLibrary
                                                          5.320000  n
stage3_input_reg[0][61]   DFFR_X1         NangateOpenCellLibrary
                                                          5.320000  n
stage3_input_reg[0][62]   DFFR_X1         NangateOpenCellLibrary
                                                          5.320000  n
stage3_input_reg[0][63]   DFFR_X1         NangateOpenCellLibrary
                                                          5.320000  n
stage3_input_reg[0][64]   DFFR_X1         NangateOpenCellLibrary
                                                          5.320000  n
stage3_input_reg[0][65]   DFFR_X1         NangateOpenCellLibrary
                                                          5.320000  n
stage3_input_reg[0][66]   DFFR_X1         NangateOpenCellLibrary
                                                          5.320000  n
stage3_input_reg[0][67]   DFFR_X1         NangateOpenCellLibrary
                                                          5.320000  n
stage3_input_reg[0][68]   DFFR_X1         NangateOpenCellLibrary
                                                          5.320000  n
stage3_input_reg[0][69]   DFFR_X1         NangateOpenCellLibrary
                                                          5.320000  n
stage3_input_reg[0][70]   DFFR_X1         NangateOpenCellLibrary
                                                          5.320000  n
stage3_input_reg[0][71]   DFFR_X1         NangateOpenCellLibrary
                                                          5.320000  n
stage3_input_reg[0][72]   DFFR_X1         NangateOpenCellLibrary
                                                          5.320000  n
stage3_input_reg[0][73]   DFFR_X1         NangateOpenCellLibrary
                                                          5.320000  n
stage3_input_reg[0][74]   DFFR_X1         NangateOpenCellLibrary
                                                          5.320000  n
stage3_input_reg[0][75]   DFFR_X1         NangateOpenCellLibrary
                                                          5.320000  n
stage3_input_reg[0][76]   DFFR_X1         NangateOpenCellLibrary
                                                          5.320000  n
stage3_input_reg[0][77]   DFFR_X1         NangateOpenCellLibrary
                                                          5.320000  n
stage3_input_reg[0][78]   DFFR_X1         NangateOpenCellLibrary
                                                          5.320000  n
stage3_input_reg[0][79]   DFFR_X1         NangateOpenCellLibrary
                                                          5.320000  n
stage3_input_reg[0][80]   DFFR_X1         NangateOpenCellLibrary
                                                          5.320000  n
stage3_input_reg[0][81]   DFFR_X1         NangateOpenCellLibrary
                                                          5.320000  n
stage3_input_reg[0][82]   DFFR_X1         NangateOpenCellLibrary
                                                          5.320000  n
stage3_input_reg[0][83]   DFFR_X1         NangateOpenCellLibrary
                                                          5.320000  n
stage3_input_reg[0][84]   DFFR_X1         NangateOpenCellLibrary
                                                          5.320000  n
stage3_input_reg[0][85]   DFFR_X1         NangateOpenCellLibrary
                                                          5.320000  n
stage3_input_reg[0][86]   DFFR_X1         NangateOpenCellLibrary
                                                          5.320000  n
stage3_input_reg[0][87]   DFFR_X1         NangateOpenCellLibrary
                                                          5.320000  n
stage3_input_reg[0][88]   DFFR_X1         NangateOpenCellLibrary
                                                          5.320000  n
stage3_input_reg[0][89]   DFFR_X1         NangateOpenCellLibrary
                                                          5.320000  n
stage3_input_reg[0][90]   DFFR_X1         NangateOpenCellLibrary
                                                          5.320000  n
stage3_input_reg[0][91]   DFFR_X1         NangateOpenCellLibrary
                                                          5.320000  n
stage3_input_reg[0][92]   DFFR_X1         NangateOpenCellLibrary
                                                          5.320000  n
stage3_input_reg[0][93]   DFFR_X1         NangateOpenCellLibrary
                                                          5.320000  n
stage3_input_reg[0][94]   DFFR_X1         NangateOpenCellLibrary
                                                          5.320000  n
stage3_input_reg[0][95]   DFFR_X1         NangateOpenCellLibrary
                                                          5.320000  n
stage3_input_reg[0][96]   DFFR_X1         NangateOpenCellLibrary
                                                          5.320000  n
stage3_input_reg[0][97]   DFFR_X1         NangateOpenCellLibrary
                                                          5.320000  n
stage3_input_reg[0][98]   DFFR_X1         NangateOpenCellLibrary
                                                          5.320000  n
stage3_input_reg[0][99]   DFFR_X1         NangateOpenCellLibrary
                                                          5.320000  n
stage3_input_reg[0][100]  DFFR_X1         NangateOpenCellLibrary
                                                          5.320000  n
stage3_input_reg[0][101]  DFFR_X1         NangateOpenCellLibrary
                                                          5.320000  n
stage3_input_reg[0][102]  DFFR_X1         NangateOpenCellLibrary
                                                          5.320000  n
stage3_input_reg[0][103]  DFFR_X1         NangateOpenCellLibrary
                                                          5.320000  n
stage3_input_reg[0][104]  DFFR_X1         NangateOpenCellLibrary
                                                          5.320000  n
stage3_input_reg[0][105]  DFFR_X1         NangateOpenCellLibrary
                                                          5.320000  n
stage3_input_reg[0][106]  DFFR_X1         NangateOpenCellLibrary
                                                          5.320000  n
stage3_input_reg[0][107]  DFFR_X1         NangateOpenCellLibrary
                                                          5.320000  n
stage3_input_reg[0][108]  DFFR_X1         NangateOpenCellLibrary
                                                          5.320000  n
stage3_input_reg[0][109]  DFFR_X1         NangateOpenCellLibrary
                                                          5.320000  n
stage3_input_reg[0][110]  DFFR_X1         NangateOpenCellLibrary
                                                          5.320000  n
stage3_input_reg[0][111]  DFFR_X1         NangateOpenCellLibrary
                                                          5.320000  n
stage3_input_reg[0][112]  DFFR_X1         NangateOpenCellLibrary
                                                          5.320000  n
stage3_input_reg[0][113]  DFFR_X1         NangateOpenCellLibrary
                                                          5.320000  n
stage3_input_reg[0][114]  DFFR_X1         NangateOpenCellLibrary
                                                          5.320000  n
stage3_input_reg[0][115]  DFFR_X1         NangateOpenCellLibrary
                                                          5.320000  n
stage3_input_reg[0][116]  DFFR_X1         NangateOpenCellLibrary
                                                          5.320000  n
stage3_input_reg[0][117]  DFFR_X1         NangateOpenCellLibrary
                                                          5.320000  n
stage3_input_reg[0][118]  DFFR_X1         NangateOpenCellLibrary
                                                          5.320000  n
stage3_input_reg[0][119]  DFFR_X1         NangateOpenCellLibrary
                                                          5.320000  n
stage3_input_reg[0][120]  DFFR_X1         NangateOpenCellLibrary
                                                          5.320000  n
stage3_input_reg[0][121]  DFFR_X1         NangateOpenCellLibrary
                                                          5.320000  n
stage3_input_reg[0][122]  DFFR_X1         NangateOpenCellLibrary
                                                          5.320000  n
stage3_input_reg[0][123]  DFFR_X1         NangateOpenCellLibrary
                                                          5.320000  n
stage3_input_reg[0][124]  DFFR_X1         NangateOpenCellLibrary
                                                          5.320000  n
stage3_input_reg[0][125]  DFFR_X1         NangateOpenCellLibrary
                                                          5.320000  n
stage3_input_reg[0][126]  DFFR_X1         NangateOpenCellLibrary
                                                          5.320000  n
stage3_input_reg[0][127]  DFFR_X1         NangateOpenCellLibrary
                                                          5.320000  n
stage3_input_reg[0][128]  DFFR_X1         NangateOpenCellLibrary
                                                          5.320000  n
stage3_input_reg[0][129]  DFFR_X1         NangateOpenCellLibrary
                                                          5.320000  n
stage3_input_reg[0][130]  DFFR_X1         NangateOpenCellLibrary
                                                          5.320000  n
stage3_input_reg[0][131]  DFFR_X1         NangateOpenCellLibrary
                                                          5.320000  n
stage3_input_reg[0][132]  DFFR_X1         NangateOpenCellLibrary
                                                          5.320000  n
stage3_input_reg[0][133]  DFFR_X1         NangateOpenCellLibrary
                                                          5.320000  n
stage3_input_reg[0][134]  DFFR_X1         NangateOpenCellLibrary
                                                          5.320000  n
stage3_input_reg[0][135]  DFFR_X1         NangateOpenCellLibrary
                                                          5.320000  n
stage3_input_reg[0][136]  DFFR_X1         NangateOpenCellLibrary
                                                          5.320000  n
stage3_input_reg[0][137]  DFFR_X1         NangateOpenCellLibrary
                                                          5.320000  n
stage3_input_reg[0][138]  DFFR_X1         NangateOpenCellLibrary
                                                          5.320000  n
stage3_input_reg[0][139]  DFFR_X1         NangateOpenCellLibrary
                                                          5.320000  n
stage3_input_reg[0][140]  DFFR_X1         NangateOpenCellLibrary
                                                          5.320000  n
stage3_input_reg[0][141]  DFFR_X1         NangateOpenCellLibrary
                                                          5.320000  n
stage3_input_reg[0][142]  DFFR_X1         NangateOpenCellLibrary
                                                          5.320000  n
stage3_input_reg[0][143]  DFFR_X1         NangateOpenCellLibrary
                                                          5.320000  n
stage3_input_reg[0][144]  DFFR_X1         NangateOpenCellLibrary
                                                          5.320000  n
stage3_input_reg[0][145]  DFFR_X1         NangateOpenCellLibrary
                                                          5.320000  n
stage3_input_reg[0][146]  DFFR_X1         NangateOpenCellLibrary
                                                          5.320000  n
stage3_input_reg[0][147]  DFFR_X1         NangateOpenCellLibrary
                                                          5.320000  n
stage3_input_reg[0][148]  DFFR_X1         NangateOpenCellLibrary
                                                          5.320000  n
stage3_input_reg[0][149]  DFFR_X1         NangateOpenCellLibrary
                                                          5.320000  n
stage3_input_reg[0][150]  DFFR_X1         NangateOpenCellLibrary
                                                          5.320000  n
stage3_input_reg[0][151]  DFFR_X1         NangateOpenCellLibrary
                                                          5.320000  n
stage3_input_reg[0][152]  DFFR_X1         NangateOpenCellLibrary
                                                          5.320000  n
stage3_input_reg[0][153]  DFFR_X1         NangateOpenCellLibrary
                                                          5.320000  n
stage3_input_reg[0][154]  DFFR_X1         NangateOpenCellLibrary
                                                          5.320000  n
stage3_input_reg[0][155]  DFFR_X1         NangateOpenCellLibrary
                                                          5.320000  n
stage3_input_reg[0][156]  DFFR_X1         NangateOpenCellLibrary
                                                          5.320000  n
stage3_input_reg[0][157]  DFFR_X1         NangateOpenCellLibrary
                                                          5.320000  n
stage3_input_reg[0][158]  DFFR_X1         NangateOpenCellLibrary
                                                          5.320000  n
stage3_input_reg[0][159]  DFFR_X1         NangateOpenCellLibrary
                                                          5.320000  n
stage3_input_reg[0][160]  DFFR_X1         NangateOpenCellLibrary
                                                          5.320000  n
stage3_input_reg[0][161]  DFFR_X1         NangateOpenCellLibrary
                                                          5.320000  n
stage3_input_reg[0][162]  DFFR_X1         NangateOpenCellLibrary
                                                          5.320000  n
stage3_input_reg[0][163]  DFFR_X1         NangateOpenCellLibrary
                                                          5.320000  n
stage3_input_reg[0][164]  DFFR_X1         NangateOpenCellLibrary
                                                          5.320000  n
stage3_input_reg[0][165]  DFFR_X1         NangateOpenCellLibrary
                                                          5.320000  n
stage3_input_reg[0][166]  DFFR_X1         NangateOpenCellLibrary
                                                          5.320000  n
stage3_input_reg[0][167]  DFFR_X1         NangateOpenCellLibrary
                                                          5.320000  n
stage3_input_reg[0][168]  DFFR_X1         NangateOpenCellLibrary
                                                          5.320000  n
stage3_input_reg[0][169]  DFFR_X1         NangateOpenCellLibrary
                                                          5.320000  n
stage3_input_reg[0][170]  DFFR_X1         NangateOpenCellLibrary
                                                          5.320000  n
stage3_input_reg[0][171]  DFFR_X1         NangateOpenCellLibrary
                                                          5.320000  n
stage3_input_reg[0][172]  DFFR_X1         NangateOpenCellLibrary
                                                          5.320000  n
stage3_input_reg[0][173]  DFFR_X1         NangateOpenCellLibrary
                                                          5.320000  n
stage3_input_reg[0][174]  DFFR_X1         NangateOpenCellLibrary
                                                          5.320000  n
stage3_input_reg[0][175]  DFFR_X1         NangateOpenCellLibrary
                                                          5.320000  n
stage3_input_reg[0][176]  DFFR_X1         NangateOpenCellLibrary
                                                          5.320000  n
stage3_input_reg[0][177]  DFFR_X1         NangateOpenCellLibrary
                                                          5.320000  n
stage3_input_reg[0][178]  DFFR_X1         NangateOpenCellLibrary
                                                          5.320000  n
stage3_input_reg[0][179]  DFFR_X1         NangateOpenCellLibrary
                                                          5.320000  n
stage3_input_reg[0][180]  DFFR_X1         NangateOpenCellLibrary
                                                          5.320000  n
stage3_input_reg[0][181]  DFFR_X1         NangateOpenCellLibrary
                                                          5.320000  n
stage3_input_reg[0][182]  DFFR_X1         NangateOpenCellLibrary
                                                          5.320000  n
stage3_input_reg[0][183]  DFFR_X1         NangateOpenCellLibrary
                                                          5.320000  n
stage3_input_reg[0][184]  DFFR_X1         NangateOpenCellLibrary
                                                          5.320000  n
stage3_input_reg[0][185]  DFFR_X1         NangateOpenCellLibrary
                                                          5.320000  n
stage3_input_reg[0][186]  DFFR_X1         NangateOpenCellLibrary
                                                          5.320000  n
stage3_input_reg[0][187]  DFFR_X1         NangateOpenCellLibrary
                                                          5.320000  n
stage3_input_reg[0][188]  DFFR_X1         NangateOpenCellLibrary
                                                          5.320000  n
stage3_input_reg[0][189]  DFFR_X1         NangateOpenCellLibrary
                                                          5.320000  n
stage3_input_reg[0][190]  DFFR_X1         NangateOpenCellLibrary
                                                          5.320000  n
stage3_input_reg[0][191]  DFFR_X1         NangateOpenCellLibrary
                                                          5.320000  n
stage3_input_reg[0][192]  DFFR_X1         NangateOpenCellLibrary
                                                          5.320000  n
stage3_input_reg[0][193]  DFFR_X1         NangateOpenCellLibrary
                                                          5.320000  n
stage3_input_reg[0][194]  DFFR_X1         NangateOpenCellLibrary
                                                          5.320000  n
stage3_input_reg[0][195]  DFFR_X1         NangateOpenCellLibrary
                                                          5.320000  n
stage3_input_reg[0][196]  DFFR_X1         NangateOpenCellLibrary
                                                          5.320000  n
stage3_input_reg[0][197]  DFFR_X1         NangateOpenCellLibrary
                                                          5.320000  n
stage3_input_reg[0][198]  DFFR_X1         NangateOpenCellLibrary
                                                          5.320000  n
stage3_input_reg[0][199]  DFFR_X1         NangateOpenCellLibrary
                                                          5.320000  n
stage3_input_reg[0][200]  DFFR_X1         NangateOpenCellLibrary
                                                          5.320000  n
stage3_input_reg[0][201]  DFFR_X1         NangateOpenCellLibrary
                                                          5.320000  n
stage3_input_reg[0][202]  DFFR_X1         NangateOpenCellLibrary
                                                          5.320000  n
stage3_input_reg[0][203]  DFFR_X1         NangateOpenCellLibrary
                                                          5.320000  n
stage3_input_reg[0][204]  DFFR_X1         NangateOpenCellLibrary
                                                          5.320000  n
stage3_input_reg[0][205]  DFFR_X1         NangateOpenCellLibrary
                                                          5.320000  n
stage3_input_reg[0][206]  DFFR_X1         NangateOpenCellLibrary
                                                          5.320000  n
stage3_input_reg[0][207]  DFFR_X1         NangateOpenCellLibrary
                                                          5.320000  n
stage3_input_reg[0][208]  DFFR_X1         NangateOpenCellLibrary
                                                          5.320000  n
stage3_input_reg[0][209]  DFFR_X1         NangateOpenCellLibrary
                                                          5.320000  n
stage3_input_reg[0][210]  DFFR_X1         NangateOpenCellLibrary
                                                          5.320000  n
stage3_input_reg[0][211]  DFFR_X1         NangateOpenCellLibrary
                                                          5.320000  n
stage3_input_reg[0][212]  DFFR_X1         NangateOpenCellLibrary
                                                          5.320000  n
stage3_input_reg[0][213]  DFFR_X1         NangateOpenCellLibrary
                                                          5.320000  n
stage3_input_reg[0][214]  DFFR_X1         NangateOpenCellLibrary
                                                          5.320000  n
stage3_input_reg[0][215]  DFFR_X1         NangateOpenCellLibrary
                                                          5.320000  n
stage3_input_reg[0][216]  DFFR_X1         NangateOpenCellLibrary
                                                          5.320000  n
stage3_input_reg[0][217]  DFFR_X1         NangateOpenCellLibrary
                                                          5.320000  n
stage3_input_reg[0][218]  DFFR_X1         NangateOpenCellLibrary
                                                          5.320000  n
stage3_input_reg[0][219]  DFFR_X1         NangateOpenCellLibrary
                                                          5.320000  n
stage3_input_reg[0][220]  DFFR_X1         NangateOpenCellLibrary
                                                          5.320000  n
stage3_input_reg[0][221]  DFFR_X1         NangateOpenCellLibrary
                                                          5.320000  n
stage3_input_reg[0][222]  DFFR_X1         NangateOpenCellLibrary
                                                          5.320000  n
stage3_input_reg[0][223]  DFFR_X1         NangateOpenCellLibrary
                                                          5.320000  n
stage3_input_reg[0][224]  DFFR_X1         NangateOpenCellLibrary
                                                          5.320000  n
stage3_input_reg[0][225]  DFFR_X1         NangateOpenCellLibrary
                                                          5.320000  n
stage3_input_reg[0][226]  DFFR_X1         NangateOpenCellLibrary
                                                          5.320000  n
stage3_input_reg[0][227]  DFFR_X1         NangateOpenCellLibrary
                                                          5.320000  n
stage3_input_reg[0][228]  DFFR_X1         NangateOpenCellLibrary
                                                          5.320000  n
stage3_input_reg[0][229]  DFFR_X1         NangateOpenCellLibrary
                                                          5.320000  n
stage3_input_reg[0][230]  DFFR_X1         NangateOpenCellLibrary
                                                          5.320000  n
stage3_input_reg[0][231]  DFFR_X1         NangateOpenCellLibrary
                                                          5.320000  n
stage3_input_reg[0][232]  DFFR_X1         NangateOpenCellLibrary
                                                          5.320000  n
stage3_input_reg[0][233]  DFFR_X1         NangateOpenCellLibrary
                                                          5.320000  n
stage3_input_reg[0][234]  DFFR_X1         NangateOpenCellLibrary
                                                          5.320000  n
stage3_input_reg[0][235]  DFFR_X1         NangateOpenCellLibrary
                                                          5.320000  n
stage3_input_reg[0][236]  DFFR_X1         NangateOpenCellLibrary
                                                          5.320000  n
stage3_input_reg[0][237]  DFFR_X1         NangateOpenCellLibrary
                                                          5.320000  n
stage3_input_reg[0][238]  DFFR_X1         NangateOpenCellLibrary
                                                          5.320000  n
stage3_input_reg[0][239]  DFFR_X1         NangateOpenCellLibrary
                                                          5.320000  n
stage3_input_reg[0][240]  DFFR_X1         NangateOpenCellLibrary
                                                          5.320000  n
stage3_input_reg[0][241]  DFFR_X1         NangateOpenCellLibrary
                                                          5.320000  n
stage3_input_reg[0][242]  DFFR_X1         NangateOpenCellLibrary
                                                          5.320000  n
stage3_input_reg[0][243]  DFFR_X1         NangateOpenCellLibrary
                                                          5.320000  n
stage3_input_reg[0][244]  DFFR_X1         NangateOpenCellLibrary
                                                          5.320000  n
stage3_input_reg[0][245]  DFFR_X1         NangateOpenCellLibrary
                                                          5.320000  n
stage3_input_reg[0][246]  DFFR_X1         NangateOpenCellLibrary
                                                          5.320000  n
stage3_input_reg[0][247]  DFFR_X1         NangateOpenCellLibrary
                                                          5.320000  n
stage3_input_reg[0][248]  DFFR_X1         NangateOpenCellLibrary
                                                          5.320000  n
stage3_input_reg[0][249]  DFFR_X1         NangateOpenCellLibrary
                                                          5.320000  n
stage3_input_reg[0][250]  DFFR_X1         NangateOpenCellLibrary
                                                          5.320000  n
stage3_input_reg[0][251]  DFFR_X1         NangateOpenCellLibrary
                                                          5.320000  n
stage3_input_reg[0][252]  DFFR_X1         NangateOpenCellLibrary
                                                          5.320000  n
stage3_input_reg[0][253]  DFFR_X1         NangateOpenCellLibrary
                                                          5.320000  n
stage3_input_reg[0][254]  DFFR_X1         NangateOpenCellLibrary
                                                          5.320000  n
stage3_input_reg[0][255]  DFFR_X1         NangateOpenCellLibrary
                                                          5.320000  n
stage3_input_reg[0][256]  DFFR_X1         NangateOpenCellLibrary
                                                          5.320000  n
stage3_input_reg[0][257]  DFFR_X1         NangateOpenCellLibrary
                                                          5.320000  n
stage3_input_reg[0][258]  DFFR_X1         NangateOpenCellLibrary
                                                          5.320000  n
stage3_input_reg[0][259]  DFFR_X1         NangateOpenCellLibrary
                                                          5.320000  n
stage3_input_reg[0][260]  DFFR_X1         NangateOpenCellLibrary
                                                          5.320000  n
stage3_input_reg[0][261]  DFFR_X1         NangateOpenCellLibrary
                                                          5.320000  n
stage3_input_reg[0][262]  DFFR_X1         NangateOpenCellLibrary
                                                          5.320000  n
stage3_input_reg[0][263]  DFFR_X1         NangateOpenCellLibrary
                                                          5.320000  n
stage3_input_reg[0][264]  DFFR_X1         NangateOpenCellLibrary
                                                          5.320000  n
stage3_input_reg[0][265]  DFFR_X1         NangateOpenCellLibrary
                                                          5.320000  n
stage3_input_reg[0][266]  DFFR_X1         NangateOpenCellLibrary
                                                          5.320000  n
stage3_input_reg[0][267]  DFFR_X1         NangateOpenCellLibrary
                                                          5.320000  n
stage3_input_reg[0][268]  DFFR_X1         NangateOpenCellLibrary
                                                          5.320000  n
stage3_input_reg[0][269]  DFFR_X1         NangateOpenCellLibrary
                                                          5.320000  n
stage3_input_reg[0][270]  DFFR_X1         NangateOpenCellLibrary
                                                          5.320000  n
stage3_input_reg[0][271]  DFFR_X1         NangateOpenCellLibrary
                                                          5.320000  n
stage3_input_reg[0][272]  DFFR_X1         NangateOpenCellLibrary
                                                          5.320000  n
stage3_input_reg[0][273]  DFFR_X1         NangateOpenCellLibrary
                                                          5.320000  n
stage3_input_reg[0][274]  DFFR_X1         NangateOpenCellLibrary
                                                          5.320000  n
stage3_input_reg[0][275]  DFFR_X1         NangateOpenCellLibrary
                                                          5.320000  n
stage3_input_reg[0][276]  DFFR_X1         NangateOpenCellLibrary
                                                          5.320000  n
stage3_input_reg[0][277]  DFFR_X1         NangateOpenCellLibrary
                                                          5.320000  n
stage3_input_reg[0][278]  DFFR_X1         NangateOpenCellLibrary
                                                          5.320000  n
stage3_input_reg[0][279]  DFFR_X1         NangateOpenCellLibrary
                                                          5.320000  n
stage3_input_reg[0][280]  DFFR_X1         NangateOpenCellLibrary
                                                          5.320000  n
stage3_input_reg[0][281]  DFFR_X1         NangateOpenCellLibrary
                                                          5.320000  n
stage3_input_reg[0][282]  DFFR_X1         NangateOpenCellLibrary
                                                          5.320000  n
stage3_input_reg[0][283]  DFFR_X1         NangateOpenCellLibrary
                                                          5.320000  n
stage3_input_reg[0][284]  DFFR_X1         NangateOpenCellLibrary
                                                          5.320000  n
stage3_input_reg[0][285]  DFFR_X1         NangateOpenCellLibrary
                                                          5.320000  n
stage3_input_reg[0][286]  DFFR_X1         NangateOpenCellLibrary
                                                          5.320000  n
stage3_input_reg[0][287]  DFFR_X1         NangateOpenCellLibrary
                                                          5.320000  n
stage3_input_reg[0][288]  DFFR_X1         NangateOpenCellLibrary
                                                          5.320000  n
stage3_input_reg[0][289]  DFFR_X1         NangateOpenCellLibrary
                                                          5.320000  n
stage3_input_reg[0][290]  DFFR_X1         NangateOpenCellLibrary
                                                          5.320000  n
stage3_input_reg[0][291]  DFFR_X1         NangateOpenCellLibrary
                                                          5.320000  n
stage3_input_reg[0][292]  DFFR_X1         NangateOpenCellLibrary
                                                          5.320000  n
stage3_input_reg[0][293]  DFFR_X1         NangateOpenCellLibrary
                                                          5.320000  n
stage3_input_reg[0][294]  DFFR_X1         NangateOpenCellLibrary
                                                          5.320000  n
stage3_input_reg[0][295]  DFFR_X1         NangateOpenCellLibrary
                                                          5.320000  n
stage3_input_reg[0][296]  DFFR_X1         NangateOpenCellLibrary
                                                          5.320000  n
stage3_input_reg[0][297]  DFFR_X1         NangateOpenCellLibrary
                                                          5.320000  n
stage3_input_reg[0][298]  DFFR_X1         NangateOpenCellLibrary
                                                          5.320000  n
stage3_input_reg[0][299]  DFFR_X1         NangateOpenCellLibrary
                                                          5.320000  n
stage3_input_reg[0][300]  DFFR_X1         NangateOpenCellLibrary
                                                          5.320000  n
stage3_input_reg[0][301]  DFFR_X1         NangateOpenCellLibrary
                                                          5.320000  n
stage3_input_reg[0][302]  DFFR_X1         NangateOpenCellLibrary
                                                          5.320000  n
stage3_input_reg[0][303]  DFFR_X1         NangateOpenCellLibrary
                                                          5.320000  n
stage3_input_reg[0][304]  DFFR_X1         NangateOpenCellLibrary
                                                          5.320000  n
stage3_input_reg[0][305]  DFFR_X1         NangateOpenCellLibrary
                                                          5.320000  n
stage3_input_reg[0][306]  DFFR_X1         NangateOpenCellLibrary
                                                          5.320000  n
stage3_input_reg[0][307]  DFFR_X1         NangateOpenCellLibrary
                                                          5.320000  n
stage3_input_reg[0][308]  DFFR_X1         NangateOpenCellLibrary
                                                          5.320000  n
stage3_input_reg[0][309]  DFFR_X1         NangateOpenCellLibrary
                                                          5.320000  n
stage3_input_reg[0][310]  DFFR_X1         NangateOpenCellLibrary
                                                          5.320000  n
stage3_input_reg[0][311]  DFFR_X1         NangateOpenCellLibrary
                                                          5.320000  n
stage3_input_reg[0][312]  DFFR_X1         NangateOpenCellLibrary
                                                          5.320000  n
stage3_input_reg[0][313]  DFFR_X1         NangateOpenCellLibrary
                                                          5.320000  n
stage3_input_reg[0][314]  DFFR_X1         NangateOpenCellLibrary
                                                          5.320000  n
stage3_input_reg[0][315]  DFFR_X1         NangateOpenCellLibrary
                                                          5.320000  n
stage3_input_reg[0][316]  DFFR_X1         NangateOpenCellLibrary
                                                          5.320000  n
stage3_input_reg[0][317]  DFFR_X1         NangateOpenCellLibrary
                                                          5.320000  n
stage3_input_reg[0][318]  DFFR_X1         NangateOpenCellLibrary
                                                          5.320000  n
stage3_input_reg[0][319]  DFFR_X1         NangateOpenCellLibrary
                                                          5.320000  n
stage3_input_reg[1][0]    DFFR_X1         NangateOpenCellLibrary
                                                          5.320000  n
stage3_input_reg[1][1]    DFFR_X1         NangateOpenCellLibrary
                                                          5.320000  n
stage3_input_reg[1][2]    DFFR_X1         NangateOpenCellLibrary
                                                          5.320000  n
stage3_input_reg[1][3]    DFFR_X1         NangateOpenCellLibrary
                                                          5.320000  n
stage3_input_reg[1][4]    DFFR_X1         NangateOpenCellLibrary
                                                          5.320000  n
stage3_input_reg[1][5]    DFFR_X1         NangateOpenCellLibrary
                                                          5.320000  n
stage3_input_reg[1][6]    DFFR_X1         NangateOpenCellLibrary
                                                          5.320000  n
stage3_input_reg[1][7]    DFFR_X1         NangateOpenCellLibrary
                                                          5.320000  n
stage3_input_reg[1][8]    DFFR_X1         NangateOpenCellLibrary
                                                          5.320000  n
stage3_input_reg[1][9]    DFFR_X1         NangateOpenCellLibrary
                                                          5.320000  n
stage3_input_reg[1][10]   DFFR_X1         NangateOpenCellLibrary
                                                          5.320000  n
stage3_input_reg[1][11]   DFFR_X1         NangateOpenCellLibrary
                                                          5.320000  n
stage3_input_reg[1][12]   DFFR_X1         NangateOpenCellLibrary
                                                          5.320000  n
stage3_input_reg[1][13]   DFFR_X1         NangateOpenCellLibrary
                                                          5.320000  n
stage3_input_reg[1][14]   DFFR_X1         NangateOpenCellLibrary
                                                          5.320000  n
stage3_input_reg[1][15]   DFFR_X1         NangateOpenCellLibrary
                                                          5.320000  n
stage3_input_reg[1][16]   DFFR_X1         NangateOpenCellLibrary
                                                          5.320000  n
stage3_input_reg[1][17]   DFFR_X1         NangateOpenCellLibrary
                                                          5.320000  n
stage3_input_reg[1][18]   DFFR_X1         NangateOpenCellLibrary
                                                          5.320000  n
stage3_input_reg[1][19]   DFFR_X1         NangateOpenCellLibrary
                                                          5.320000  n
stage3_input_reg[1][20]   DFFR_X1         NangateOpenCellLibrary
                                                          5.320000  n
stage3_input_reg[1][21]   DFFR_X1         NangateOpenCellLibrary
                                                          5.320000  n
stage3_input_reg[1][22]   DFFR_X1         NangateOpenCellLibrary
                                                          5.320000  n
stage3_input_reg[1][23]   DFFR_X1         NangateOpenCellLibrary
                                                          5.320000  n
stage3_input_reg[1][24]   DFFR_X1         NangateOpenCellLibrary
                                                          5.320000  n
stage3_input_reg[1][25]   DFFR_X1         NangateOpenCellLibrary
                                                          5.320000  n
stage3_input_reg[1][26]   DFFR_X1         NangateOpenCellLibrary
                                                          5.320000  n
stage3_input_reg[1][27]   DFFR_X1         NangateOpenCellLibrary
                                                          5.320000  n
stage3_input_reg[1][28]   DFFR_X1         NangateOpenCellLibrary
                                                          5.320000  n
stage3_input_reg[1][29]   DFFR_X1         NangateOpenCellLibrary
                                                          5.320000  n
stage3_input_reg[1][30]   DFFR_X1         NangateOpenCellLibrary
                                                          5.320000  n
stage3_input_reg[1][31]   DFFR_X1         NangateOpenCellLibrary
                                                          5.320000  n
stage3_input_reg[1][32]   DFFR_X1         NangateOpenCellLibrary
                                                          5.320000  n
stage3_input_reg[1][33]   DFFR_X1         NangateOpenCellLibrary
                                                          5.320000  n
stage3_input_reg[1][34]   DFFR_X1         NangateOpenCellLibrary
                                                          5.320000  n
stage3_input_reg[1][35]   DFFR_X1         NangateOpenCellLibrary
                                                          5.320000  n
stage3_input_reg[1][36]   DFFR_X1         NangateOpenCellLibrary
                                                          5.320000  n
stage3_input_reg[1][37]   DFFR_X1         NangateOpenCellLibrary
                                                          5.320000  n
stage3_input_reg[1][38]   DFFR_X1         NangateOpenCellLibrary
                                                          5.320000  n
stage3_input_reg[1][39]   DFFR_X1         NangateOpenCellLibrary
                                                          5.320000  n
stage3_input_reg[1][40]   DFFR_X1         NangateOpenCellLibrary
                                                          5.320000  n
stage3_input_reg[1][41]   DFFR_X1         NangateOpenCellLibrary
                                                          5.320000  n
stage3_input_reg[1][42]   DFFR_X1         NangateOpenCellLibrary
                                                          5.320000  n
stage3_input_reg[1][43]   DFFR_X1         NangateOpenCellLibrary
                                                          5.320000  n
stage3_input_reg[1][44]   DFFR_X1         NangateOpenCellLibrary
                                                          5.320000  n
stage3_input_reg[1][45]   DFFR_X1         NangateOpenCellLibrary
                                                          5.320000  n
stage3_input_reg[1][46]   DFFR_X1         NangateOpenCellLibrary
                                                          5.320000  n
stage3_input_reg[1][47]   DFFR_X1         NangateOpenCellLibrary
                                                          5.320000  n
stage3_input_reg[1][48]   DFFR_X1         NangateOpenCellLibrary
                                                          5.320000  n
stage3_input_reg[1][49]   DFFR_X1         NangateOpenCellLibrary
                                                          5.320000  n
stage3_input_reg[1][50]   DFFR_X1         NangateOpenCellLibrary
                                                          5.320000  n
stage3_input_reg[1][51]   DFFR_X1         NangateOpenCellLibrary
                                                          5.320000  n
stage3_input_reg[1][52]   DFFR_X1         NangateOpenCellLibrary
                                                          5.320000  n
stage3_input_reg[1][53]   DFFR_X1         NangateOpenCellLibrary
                                                          5.320000  n
stage3_input_reg[1][54]   DFFR_X1         NangateOpenCellLibrary
                                                          5.320000  n
stage3_input_reg[1][55]   DFFR_X1         NangateOpenCellLibrary
                                                          5.320000  n
stage3_input_reg[1][56]   DFFR_X1         NangateOpenCellLibrary
                                                          5.320000  n
stage3_input_reg[1][57]   DFFR_X1         NangateOpenCellLibrary
                                                          5.320000  n
stage3_input_reg[1][58]   DFFR_X1         NangateOpenCellLibrary
                                                          5.320000  n
stage3_input_reg[1][59]   DFFR_X1         NangateOpenCellLibrary
                                                          5.320000  n
stage3_input_reg[1][60]   DFFR_X1         NangateOpenCellLibrary
                                                          5.320000  n
stage3_input_reg[1][61]   DFFR_X1         NangateOpenCellLibrary
                                                          5.320000  n
stage3_input_reg[1][62]   DFFR_X1         NangateOpenCellLibrary
                                                          5.320000  n
stage3_input_reg[1][63]   DFFR_X1         NangateOpenCellLibrary
                                                          5.320000  n
stage3_input_reg[1][64]   DFFR_X1         NangateOpenCellLibrary
                                                          5.320000  n
stage3_input_reg[1][65]   DFFR_X1         NangateOpenCellLibrary
                                                          5.320000  n
stage3_input_reg[1][66]   DFFR_X1         NangateOpenCellLibrary
                                                          5.320000  n
stage3_input_reg[1][67]   DFFR_X1         NangateOpenCellLibrary
                                                          5.320000  n
stage3_input_reg[1][68]   DFFR_X1         NangateOpenCellLibrary
                                                          5.320000  n
stage3_input_reg[1][69]   DFFR_X1         NangateOpenCellLibrary
                                                          5.320000  n
stage3_input_reg[1][70]   DFFR_X1         NangateOpenCellLibrary
                                                          5.320000  n
stage3_input_reg[1][71]   DFFR_X1         NangateOpenCellLibrary
                                                          5.320000  n
stage3_input_reg[1][72]   DFFR_X1         NangateOpenCellLibrary
                                                          5.320000  n
stage3_input_reg[1][73]   DFFR_X1         NangateOpenCellLibrary
                                                          5.320000  n
stage3_input_reg[1][74]   DFFR_X1         NangateOpenCellLibrary
                                                          5.320000  n
stage3_input_reg[1][75]   DFFR_X1         NangateOpenCellLibrary
                                                          5.320000  n
stage3_input_reg[1][76]   DFFR_X1         NangateOpenCellLibrary
                                                          5.320000  n
stage3_input_reg[1][77]   DFFR_X1         NangateOpenCellLibrary
                                                          5.320000  n
stage3_input_reg[1][78]   DFFR_X1         NangateOpenCellLibrary
                                                          5.320000  n
stage3_input_reg[1][79]   DFFR_X1         NangateOpenCellLibrary
                                                          5.320000  n
stage3_input_reg[1][80]   DFFR_X1         NangateOpenCellLibrary
                                                          5.320000  n
stage3_input_reg[1][81]   DFFR_X1         NangateOpenCellLibrary
                                                          5.320000  n
stage3_input_reg[1][82]   DFFR_X1         NangateOpenCellLibrary
                                                          5.320000  n
stage3_input_reg[1][83]   DFFR_X1         NangateOpenCellLibrary
                                                          5.320000  n
stage3_input_reg[1][84]   DFFR_X1         NangateOpenCellLibrary
                                                          5.320000  n
stage3_input_reg[1][85]   DFFR_X1         NangateOpenCellLibrary
                                                          5.320000  n
stage3_input_reg[1][86]   DFFR_X1         NangateOpenCellLibrary
                                                          5.320000  n
stage3_input_reg[1][87]   DFFR_X1         NangateOpenCellLibrary
                                                          5.320000  n
stage3_input_reg[1][88]   DFFR_X1         NangateOpenCellLibrary
                                                          5.320000  n
stage3_input_reg[1][89]   DFFR_X1         NangateOpenCellLibrary
                                                          5.320000  n
stage3_input_reg[1][90]   DFFR_X1         NangateOpenCellLibrary
                                                          5.320000  n
stage3_input_reg[1][91]   DFFR_X1         NangateOpenCellLibrary
                                                          5.320000  n
stage3_input_reg[1][92]   DFFR_X1         NangateOpenCellLibrary
                                                          5.320000  n
stage3_input_reg[1][93]   DFFR_X1         NangateOpenCellLibrary
                                                          5.320000  n
stage3_input_reg[1][94]   DFFR_X1         NangateOpenCellLibrary
                                                          5.320000  n
stage3_input_reg[1][95]   DFFR_X1         NangateOpenCellLibrary
                                                          5.320000  n
stage3_input_reg[1][96]   DFFR_X1         NangateOpenCellLibrary
                                                          5.320000  n
stage3_input_reg[1][97]   DFFR_X1         NangateOpenCellLibrary
                                                          5.320000  n
stage3_input_reg[1][98]   DFFR_X1         NangateOpenCellLibrary
                                                          5.320000  n
stage3_input_reg[1][99]   DFFR_X1         NangateOpenCellLibrary
                                                          5.320000  n
stage3_input_reg[1][100]  DFFR_X1         NangateOpenCellLibrary
                                                          5.320000  n
stage3_input_reg[1][101]  DFFR_X1         NangateOpenCellLibrary
                                                          5.320000  n
stage3_input_reg[1][102]  DFFR_X1         NangateOpenCellLibrary
                                                          5.320000  n
stage3_input_reg[1][103]  DFFR_X1         NangateOpenCellLibrary
                                                          5.320000  n
stage3_input_reg[1][104]  DFFR_X1         NangateOpenCellLibrary
                                                          5.320000  n
stage3_input_reg[1][105]  DFFR_X1         NangateOpenCellLibrary
                                                          5.320000  n
stage3_input_reg[1][106]  DFFR_X1         NangateOpenCellLibrary
                                                          5.320000  n
stage3_input_reg[1][107]  DFFR_X1         NangateOpenCellLibrary
                                                          5.320000  n
stage3_input_reg[1][108]  DFFR_X1         NangateOpenCellLibrary
                                                          5.320000  n
stage3_input_reg[1][109]  DFFR_X1         NangateOpenCellLibrary
                                                          5.320000  n
stage3_input_reg[1][110]  DFFR_X1         NangateOpenCellLibrary
                                                          5.320000  n
stage3_input_reg[1][111]  DFFR_X1         NangateOpenCellLibrary
                                                          5.320000  n
stage3_input_reg[1][112]  DFFR_X1         NangateOpenCellLibrary
                                                          5.320000  n
stage3_input_reg[1][113]  DFFR_X1         NangateOpenCellLibrary
                                                          5.320000  n
stage3_input_reg[1][114]  DFFR_X1         NangateOpenCellLibrary
                                                          5.320000  n
stage3_input_reg[1][115]  DFFR_X1         NangateOpenCellLibrary
                                                          5.320000  n
stage3_input_reg[1][116]  DFFR_X1         NangateOpenCellLibrary
                                                          5.320000  n
stage3_input_reg[1][117]  DFFR_X1         NangateOpenCellLibrary
                                                          5.320000  n
stage3_input_reg[1][118]  DFFR_X1         NangateOpenCellLibrary
                                                          5.320000  n
stage3_input_reg[1][119]  DFFR_X1         NangateOpenCellLibrary
                                                          5.320000  n
stage3_input_reg[1][120]  DFFR_X1         NangateOpenCellLibrary
                                                          5.320000  n
stage3_input_reg[1][121]  DFFR_X1         NangateOpenCellLibrary
                                                          5.320000  n
stage3_input_reg[1][122]  DFFR_X1         NangateOpenCellLibrary
                                                          5.320000  n
stage3_input_reg[1][123]  DFFR_X1         NangateOpenCellLibrary
                                                          5.320000  n
stage3_input_reg[1][124]  DFFR_X1         NangateOpenCellLibrary
                                                          5.320000  n
stage3_input_reg[1][125]  DFFR_X1         NangateOpenCellLibrary
                                                          5.320000  n
stage3_input_reg[1][126]  DFFR_X1         NangateOpenCellLibrary
                                                          5.320000  n
stage3_input_reg[1][127]  DFFR_X1         NangateOpenCellLibrary
                                                          5.320000  n
stage3_input_reg[1][128]  DFFR_X1         NangateOpenCellLibrary
                                                          5.320000  n
stage3_input_reg[1][129]  DFFR_X1         NangateOpenCellLibrary
                                                          5.320000  n
stage3_input_reg[1][130]  DFFR_X1         NangateOpenCellLibrary
                                                          5.320000  n
stage3_input_reg[1][131]  DFFR_X1         NangateOpenCellLibrary
                                                          5.320000  n
stage3_input_reg[1][132]  DFFR_X1         NangateOpenCellLibrary
                                                          5.320000  n
stage3_input_reg[1][133]  DFFR_X1         NangateOpenCellLibrary
                                                          5.320000  n
stage3_input_reg[1][134]  DFFR_X1         NangateOpenCellLibrary
                                                          5.320000  n
stage3_input_reg[1][135]  DFFR_X1         NangateOpenCellLibrary
                                                          5.320000  n
stage3_input_reg[1][136]  DFFR_X1         NangateOpenCellLibrary
                                                          5.320000  n
stage3_input_reg[1][137]  DFFR_X1         NangateOpenCellLibrary
                                                          5.320000  n
stage3_input_reg[1][138]  DFFR_X1         NangateOpenCellLibrary
                                                          5.320000  n
stage3_input_reg[1][139]  DFFR_X1         NangateOpenCellLibrary
                                                          5.320000  n
stage3_input_reg[1][140]  DFFR_X1         NangateOpenCellLibrary
                                                          5.320000  n
stage3_input_reg[1][141]  DFFR_X1         NangateOpenCellLibrary
                                                          5.320000  n
stage3_input_reg[1][142]  DFFR_X1         NangateOpenCellLibrary
                                                          5.320000  n
stage3_input_reg[1][143]  DFFR_X1         NangateOpenCellLibrary
                                                          5.320000  n
stage3_input_reg[1][144]  DFFR_X1         NangateOpenCellLibrary
                                                          5.320000  n
stage3_input_reg[1][145]  DFFR_X1         NangateOpenCellLibrary
                                                          5.320000  n
stage3_input_reg[1][146]  DFFR_X1         NangateOpenCellLibrary
                                                          5.320000  n
stage3_input_reg[1][147]  DFFR_X1         NangateOpenCellLibrary
                                                          5.320000  n
stage3_input_reg[1][148]  DFFR_X1         NangateOpenCellLibrary
                                                          5.320000  n
stage3_input_reg[1][149]  DFFR_X1         NangateOpenCellLibrary
                                                          5.320000  n
stage3_input_reg[1][150]  DFFR_X1         NangateOpenCellLibrary
                                                          5.320000  n
stage3_input_reg[1][151]  DFFR_X1         NangateOpenCellLibrary
                                                          5.320000  n
stage3_input_reg[1][152]  DFFR_X1         NangateOpenCellLibrary
                                                          5.320000  n
stage3_input_reg[1][153]  DFFR_X1         NangateOpenCellLibrary
                                                          5.320000  n
stage3_input_reg[1][154]  DFFR_X1         NangateOpenCellLibrary
                                                          5.320000  n
stage3_input_reg[1][155]  DFFR_X1         NangateOpenCellLibrary
                                                          5.320000  n
stage3_input_reg[1][156]  DFFR_X1         NangateOpenCellLibrary
                                                          5.320000  n
stage3_input_reg[1][157]  DFFR_X1         NangateOpenCellLibrary
                                                          5.320000  n
stage3_input_reg[1][158]  DFFR_X1         NangateOpenCellLibrary
                                                          5.320000  n
stage3_input_reg[1][159]  DFFR_X1         NangateOpenCellLibrary
                                                          5.320000  n
stage3_input_reg[1][160]  DFFR_X1         NangateOpenCellLibrary
                                                          5.320000  n
stage3_input_reg[1][161]  DFFR_X1         NangateOpenCellLibrary
                                                          5.320000  n
stage3_input_reg[1][162]  DFFR_X1         NangateOpenCellLibrary
                                                          5.320000  n
stage3_input_reg[1][163]  DFFR_X1         NangateOpenCellLibrary
                                                          5.320000  n
stage3_input_reg[1][164]  DFFR_X1         NangateOpenCellLibrary
                                                          5.320000  n
stage3_input_reg[1][165]  DFFR_X1         NangateOpenCellLibrary
                                                          5.320000  n
stage3_input_reg[1][166]  DFFR_X1         NangateOpenCellLibrary
                                                          5.320000  n
stage3_input_reg[1][167]  DFFR_X1         NangateOpenCellLibrary
                                                          5.320000  n
stage3_input_reg[1][168]  DFFR_X1         NangateOpenCellLibrary
                                                          5.320000  n
stage3_input_reg[1][169]  DFFR_X1         NangateOpenCellLibrary
                                                          5.320000  n
stage3_input_reg[1][170]  DFFR_X1         NangateOpenCellLibrary
                                                          5.320000  n
stage3_input_reg[1][171]  DFFR_X1         NangateOpenCellLibrary
                                                          5.320000  n
stage3_input_reg[1][172]  DFFR_X1         NangateOpenCellLibrary
                                                          5.320000  n
stage3_input_reg[1][173]  DFFR_X1         NangateOpenCellLibrary
                                                          5.320000  n
stage3_input_reg[1][174]  DFFR_X1         NangateOpenCellLibrary
                                                          5.320000  n
stage3_input_reg[1][175]  DFFR_X1         NangateOpenCellLibrary
                                                          5.320000  n
stage3_input_reg[1][176]  DFFR_X1         NangateOpenCellLibrary
                                                          5.320000  n
stage3_input_reg[1][177]  DFFR_X1         NangateOpenCellLibrary
                                                          5.320000  n
stage3_input_reg[1][178]  DFFR_X1         NangateOpenCellLibrary
                                                          5.320000  n
stage3_input_reg[1][179]  DFFR_X1         NangateOpenCellLibrary
                                                          5.320000  n
stage3_input_reg[1][180]  DFFR_X1         NangateOpenCellLibrary
                                                          5.320000  n
stage3_input_reg[1][181]  DFFR_X1         NangateOpenCellLibrary
                                                          5.320000  n
stage3_input_reg[1][182]  DFFR_X1         NangateOpenCellLibrary
                                                          5.320000  n
stage3_input_reg[1][183]  DFFR_X1         NangateOpenCellLibrary
                                                          5.320000  n
stage3_input_reg[1][184]  DFFR_X1         NangateOpenCellLibrary
                                                          5.320000  n
stage3_input_reg[1][185]  DFFR_X1         NangateOpenCellLibrary
                                                          5.320000  n
stage3_input_reg[1][186]  DFFR_X1         NangateOpenCellLibrary
                                                          5.320000  n
stage3_input_reg[1][187]  DFFR_X1         NangateOpenCellLibrary
                                                          5.320000  n
stage3_input_reg[1][188]  DFFR_X1         NangateOpenCellLibrary
                                                          5.320000  n
stage3_input_reg[1][189]  DFFR_X1         NangateOpenCellLibrary
                                                          5.320000  n
stage3_input_reg[1][190]  DFFR_X1         NangateOpenCellLibrary
                                                          5.320000  n
stage3_input_reg[1][191]  DFFR_X1         NangateOpenCellLibrary
                                                          5.320000  n
stage3_input_reg[1][192]  DFFR_X1         NangateOpenCellLibrary
                                                          5.320000  n
stage3_input_reg[1][193]  DFFR_X1         NangateOpenCellLibrary
                                                          5.320000  n
stage3_input_reg[1][194]  DFFR_X1         NangateOpenCellLibrary
                                                          5.320000  n
stage3_input_reg[1][195]  DFFR_X1         NangateOpenCellLibrary
                                                          5.320000  n
stage3_input_reg[1][196]  DFFR_X1         NangateOpenCellLibrary
                                                          5.320000  n
stage3_input_reg[1][197]  DFFR_X1         NangateOpenCellLibrary
                                                          5.320000  n
stage3_input_reg[1][198]  DFFR_X1         NangateOpenCellLibrary
                                                          5.320000  n
stage3_input_reg[1][199]  DFFR_X1         NangateOpenCellLibrary
                                                          5.320000  n
stage3_input_reg[1][200]  DFFR_X1         NangateOpenCellLibrary
                                                          5.320000  n
stage3_input_reg[1][201]  DFFR_X1         NangateOpenCellLibrary
                                                          5.320000  n
stage3_input_reg[1][202]  DFFR_X1         NangateOpenCellLibrary
                                                          5.320000  n
stage3_input_reg[1][203]  DFFR_X1         NangateOpenCellLibrary
                                                          5.320000  n
stage3_input_reg[1][204]  DFFR_X1         NangateOpenCellLibrary
                                                          5.320000  n
stage3_input_reg[1][205]  DFFR_X1         NangateOpenCellLibrary
                                                          5.320000  n
stage3_input_reg[1][206]  DFFR_X1         NangateOpenCellLibrary
                                                          5.320000  n
stage3_input_reg[1][207]  DFFR_X1         NangateOpenCellLibrary
                                                          5.320000  n
stage3_input_reg[1][208]  DFFR_X1         NangateOpenCellLibrary
                                                          5.320000  n
stage3_input_reg[1][209]  DFFR_X1         NangateOpenCellLibrary
                                                          5.320000  n
stage3_input_reg[1][210]  DFFR_X1         NangateOpenCellLibrary
                                                          5.320000  n
stage3_input_reg[1][211]  DFFR_X1         NangateOpenCellLibrary
                                                          5.320000  n
stage3_input_reg[1][212]  DFFR_X1         NangateOpenCellLibrary
                                                          5.320000  n
stage3_input_reg[1][213]  DFFR_X1         NangateOpenCellLibrary
                                                          5.320000  n
stage3_input_reg[1][214]  DFFR_X1         NangateOpenCellLibrary
                                                          5.320000  n
stage3_input_reg[1][215]  DFFR_X1         NangateOpenCellLibrary
                                                          5.320000  n
stage3_input_reg[1][216]  DFFR_X1         NangateOpenCellLibrary
                                                          5.320000  n
stage3_input_reg[1][217]  DFFR_X1         NangateOpenCellLibrary
                                                          5.320000  n
stage3_input_reg[1][218]  DFFR_X1         NangateOpenCellLibrary
                                                          5.320000  n
stage3_input_reg[1][219]  DFFR_X1         NangateOpenCellLibrary
                                                          5.320000  n
stage3_input_reg[1][220]  DFFR_X1         NangateOpenCellLibrary
                                                          5.320000  n
stage3_input_reg[1][221]  DFFR_X1         NangateOpenCellLibrary
                                                          5.320000  n
stage3_input_reg[1][222]  DFFR_X1         NangateOpenCellLibrary
                                                          5.320000  n
stage3_input_reg[1][223]  DFFR_X1         NangateOpenCellLibrary
                                                          5.320000  n
stage3_input_reg[1][224]  DFFR_X1         NangateOpenCellLibrary
                                                          5.320000  n
stage3_input_reg[1][225]  DFFR_X1         NangateOpenCellLibrary
                                                          5.320000  n
stage3_input_reg[1][226]  DFFR_X1         NangateOpenCellLibrary
                                                          5.320000  n
stage3_input_reg[1][227]  DFFR_X1         NangateOpenCellLibrary
                                                          5.320000  n
stage3_input_reg[1][228]  DFFR_X1         NangateOpenCellLibrary
                                                          5.320000  n
stage3_input_reg[1][229]  DFFR_X1         NangateOpenCellLibrary
                                                          5.320000  n
stage3_input_reg[1][230]  DFFR_X1         NangateOpenCellLibrary
                                                          5.320000  n
stage3_input_reg[1][231]  DFFR_X1         NangateOpenCellLibrary
                                                          5.320000  n
stage3_input_reg[1][232]  DFFR_X1         NangateOpenCellLibrary
                                                          5.320000  n
stage3_input_reg[1][233]  DFFR_X1         NangateOpenCellLibrary
                                                          5.320000  n
stage3_input_reg[1][234]  DFFR_X1         NangateOpenCellLibrary
                                                          5.320000  n
stage3_input_reg[1][235]  DFFR_X1         NangateOpenCellLibrary
                                                          5.320000  n
stage3_input_reg[1][236]  DFFR_X1         NangateOpenCellLibrary
                                                          5.320000  n
stage3_input_reg[1][237]  DFFR_X1         NangateOpenCellLibrary
                                                          5.320000  n
stage3_input_reg[1][238]  DFFR_X1         NangateOpenCellLibrary
                                                          5.320000  n
stage3_input_reg[1][239]  DFFR_X1         NangateOpenCellLibrary
                                                          5.320000  n
stage3_input_reg[1][240]  DFFR_X1         NangateOpenCellLibrary
                                                          5.320000  n
stage3_input_reg[1][241]  DFFR_X1         NangateOpenCellLibrary
                                                          5.320000  n
stage3_input_reg[1][242]  DFFR_X1         NangateOpenCellLibrary
                                                          5.320000  n
stage3_input_reg[1][243]  DFFR_X1         NangateOpenCellLibrary
                                                          5.320000  n
stage3_input_reg[1][244]  DFFR_X1         NangateOpenCellLibrary
                                                          5.320000  n
stage3_input_reg[1][245]  DFFR_X1         NangateOpenCellLibrary
                                                          5.320000  n
stage3_input_reg[1][246]  DFFR_X1         NangateOpenCellLibrary
                                                          5.320000  n
stage3_input_reg[1][247]  DFFR_X1         NangateOpenCellLibrary
                                                          5.320000  n
stage3_input_reg[1][248]  DFFR_X1         NangateOpenCellLibrary
                                                          5.320000  n
stage3_input_reg[1][249]  DFFR_X1         NangateOpenCellLibrary
                                                          5.320000  n
stage3_input_reg[1][250]  DFFR_X1         NangateOpenCellLibrary
                                                          5.320000  n
stage3_input_reg[1][251]  DFFR_X1         NangateOpenCellLibrary
                                                          5.320000  n
stage3_input_reg[1][252]  DFFR_X1         NangateOpenCellLibrary
                                                          5.320000  n
stage3_input_reg[1][253]  DFFR_X1         NangateOpenCellLibrary
                                                          5.320000  n
stage3_input_reg[1][254]  DFFR_X1         NangateOpenCellLibrary
                                                          5.320000  n
stage3_input_reg[1][255]  DFFR_X1         NangateOpenCellLibrary
                                                          5.320000  n
stage3_input_reg[1][256]  DFFR_X1         NangateOpenCellLibrary
                                                          5.320000  n
stage3_input_reg[1][257]  DFFR_X1         NangateOpenCellLibrary
                                                          5.320000  n
stage3_input_reg[1][258]  DFFR_X1         NangateOpenCellLibrary
                                                          5.320000  n
stage3_input_reg[1][259]  DFFR_X1         NangateOpenCellLibrary
                                                          5.320000  n
stage3_input_reg[1][260]  DFFR_X1         NangateOpenCellLibrary
                                                          5.320000  n
stage3_input_reg[1][261]  DFFR_X1         NangateOpenCellLibrary
                                                          5.320000  n
stage3_input_reg[1][262]  DFFR_X1         NangateOpenCellLibrary
                                                          5.320000  n
stage3_input_reg[1][263]  DFFR_X1         NangateOpenCellLibrary
                                                          5.320000  n
stage3_input_reg[1][264]  DFFR_X1         NangateOpenCellLibrary
                                                          5.320000  n
stage3_input_reg[1][265]  DFFR_X1         NangateOpenCellLibrary
                                                          5.320000  n
stage3_input_reg[1][266]  DFFR_X1         NangateOpenCellLibrary
                                                          5.320000  n
stage3_input_reg[1][267]  DFFR_X1         NangateOpenCellLibrary
                                                          5.320000  n
stage3_input_reg[1][268]  DFFR_X1         NangateOpenCellLibrary
                                                          5.320000  n
stage3_input_reg[1][269]  DFFR_X1         NangateOpenCellLibrary
                                                          5.320000  n
stage3_input_reg[1][270]  DFFR_X1         NangateOpenCellLibrary
                                                          5.320000  n
stage3_input_reg[1][271]  DFFR_X1         NangateOpenCellLibrary
                                                          5.320000  n
stage3_input_reg[1][272]  DFFR_X1         NangateOpenCellLibrary
                                                          5.320000  n
stage3_input_reg[1][273]  DFFR_X1         NangateOpenCellLibrary
                                                          5.320000  n
stage3_input_reg[1][274]  DFFR_X1         NangateOpenCellLibrary
                                                          5.320000  n
stage3_input_reg[1][275]  DFFR_X1         NangateOpenCellLibrary
                                                          5.320000  n
stage3_input_reg[1][276]  DFFR_X1         NangateOpenCellLibrary
                                                          5.320000  n
stage3_input_reg[1][277]  DFFR_X1         NangateOpenCellLibrary
                                                          5.320000  n
stage3_input_reg[1][278]  DFFR_X1         NangateOpenCellLibrary
                                                          5.320000  n
stage3_input_reg[1][279]  DFFR_X1         NangateOpenCellLibrary
                                                          5.320000  n
stage3_input_reg[1][280]  DFFR_X1         NangateOpenCellLibrary
                                                          5.320000  n
stage3_input_reg[1][281]  DFFR_X1         NangateOpenCellLibrary
                                                          5.320000  n
stage3_input_reg[1][282]  DFFR_X1         NangateOpenCellLibrary
                                                          5.320000  n
stage3_input_reg[1][283]  DFFR_X1         NangateOpenCellLibrary
                                                          5.320000  n
stage3_input_reg[1][284]  DFFR_X1         NangateOpenCellLibrary
                                                          5.320000  n
stage3_input_reg[1][285]  DFFR_X1         NangateOpenCellLibrary
                                                          5.320000  n
stage3_input_reg[1][286]  DFFR_X1         NangateOpenCellLibrary
                                                          5.320000  n
stage3_input_reg[1][287]  DFFR_X1         NangateOpenCellLibrary
                                                          5.320000  n
stage3_input_reg[1][288]  DFFR_X1         NangateOpenCellLibrary
                                                          5.320000  n
stage3_input_reg[1][289]  DFFR_X1         NangateOpenCellLibrary
                                                          5.320000  n
stage3_input_reg[1][290]  DFFR_X1         NangateOpenCellLibrary
                                                          5.320000  n
stage3_input_reg[1][291]  DFFR_X1         NangateOpenCellLibrary
                                                          5.320000  n
stage3_input_reg[1][292]  DFFR_X1         NangateOpenCellLibrary
                                                          5.320000  n
stage3_input_reg[1][293]  DFFR_X1         NangateOpenCellLibrary
                                                          5.320000  n
stage3_input_reg[1][294]  DFFR_X1         NangateOpenCellLibrary
                                                          5.320000  n
stage3_input_reg[1][295]  DFFR_X1         NangateOpenCellLibrary
                                                          5.320000  n
stage3_input_reg[1][296]  DFFR_X1         NangateOpenCellLibrary
                                                          5.320000  n
stage3_input_reg[1][297]  DFFR_X1         NangateOpenCellLibrary
                                                          5.320000  n
stage3_input_reg[1][298]  DFFR_X1         NangateOpenCellLibrary
                                                          5.320000  n
stage3_input_reg[1][299]  DFFR_X1         NangateOpenCellLibrary
                                                          5.320000  n
stage3_input_reg[1][300]  DFFR_X1         NangateOpenCellLibrary
                                                          5.320000  n
stage3_input_reg[1][301]  DFFR_X1         NangateOpenCellLibrary
                                                          5.320000  n
stage3_input_reg[1][302]  DFFR_X1         NangateOpenCellLibrary
                                                          5.320000  n
stage3_input_reg[1][303]  DFFR_X1         NangateOpenCellLibrary
                                                          5.320000  n
stage3_input_reg[1][304]  DFFR_X1         NangateOpenCellLibrary
                                                          5.320000  n
stage3_input_reg[1][305]  DFFR_X1         NangateOpenCellLibrary
                                                          5.320000  n
stage3_input_reg[1][306]  DFFR_X1         NangateOpenCellLibrary
                                                          5.320000  n
stage3_input_reg[1][307]  DFFR_X1         NangateOpenCellLibrary
                                                          5.320000  n
stage3_input_reg[1][308]  DFFR_X1         NangateOpenCellLibrary
                                                          5.320000  n
stage3_input_reg[1][309]  DFFR_X1         NangateOpenCellLibrary
                                                          5.320000  n
stage3_input_reg[1][310]  DFFR_X1         NangateOpenCellLibrary
                                                          5.320000  n
stage3_input_reg[1][311]  DFFR_X1         NangateOpenCellLibrary
                                                          5.320000  n
stage3_input_reg[1][312]  DFFR_X1         NangateOpenCellLibrary
                                                          5.320000  n
stage3_input_reg[1][313]  DFFR_X1         NangateOpenCellLibrary
                                                          5.320000  n
stage3_input_reg[1][314]  DFFR_X1         NangateOpenCellLibrary
                                                          5.320000  n
stage3_input_reg[1][315]  DFFR_X1         NangateOpenCellLibrary
                                                          5.320000  n
stage3_input_reg[1][316]  DFFR_X1         NangateOpenCellLibrary
                                                          5.320000  n
stage3_input_reg[1][317]  DFFR_X1         NangateOpenCellLibrary
                                                          5.320000  n
stage3_input_reg[1][318]  DFFR_X1         NangateOpenCellLibrary
                                                          5.320000  n
stage3_input_reg[1][319]  DFFR_X1         NangateOpenCellLibrary
                                                          5.320000  n
stage3_input_reg[2][0]    DFFR_X1         NangateOpenCellLibrary
                                                          5.320000  n
stage3_input_reg[2][1]    DFFR_X1         NangateOpenCellLibrary
                                                          5.320000  n
stage3_input_reg[2][2]    DFFR_X1         NangateOpenCellLibrary
                                                          5.320000  n
stage3_input_reg[2][3]    DFFR_X1         NangateOpenCellLibrary
                                                          5.320000  n
stage3_input_reg[2][4]    DFFR_X1         NangateOpenCellLibrary
                                                          5.320000  n
stage3_input_reg[2][5]    DFFR_X1         NangateOpenCellLibrary
                                                          5.320000  n
stage3_input_reg[2][6]    DFFR_X1         NangateOpenCellLibrary
                                                          5.320000  n
stage3_input_reg[2][7]    DFFR_X1         NangateOpenCellLibrary
                                                          5.320000  n
stage3_input_reg[2][8]    DFFR_X1         NangateOpenCellLibrary
                                                          5.320000  n
stage3_input_reg[2][9]    DFFR_X1         NangateOpenCellLibrary
                                                          5.320000  n
stage3_input_reg[2][10]   DFFR_X1         NangateOpenCellLibrary
                                                          5.320000  n
stage3_input_reg[2][11]   DFFR_X1         NangateOpenCellLibrary
                                                          5.320000  n
stage3_input_reg[2][12]   DFFR_X1         NangateOpenCellLibrary
                                                          5.320000  n
stage3_input_reg[2][13]   DFFR_X1         NangateOpenCellLibrary
                                                          5.320000  n
stage3_input_reg[2][14]   DFFR_X1         NangateOpenCellLibrary
                                                          5.320000  n
stage3_input_reg[2][15]   DFFR_X1         NangateOpenCellLibrary
                                                          5.320000  n
stage3_input_reg[2][16]   DFFR_X1         NangateOpenCellLibrary
                                                          5.320000  n
stage3_input_reg[2][17]   DFFR_X1         NangateOpenCellLibrary
                                                          5.320000  n
stage3_input_reg[2][18]   DFFR_X1         NangateOpenCellLibrary
                                                          5.320000  n
stage3_input_reg[2][19]   DFFR_X1         NangateOpenCellLibrary
                                                          5.320000  n
stage3_input_reg[2][20]   DFFR_X1         NangateOpenCellLibrary
                                                          5.320000  n
stage3_input_reg[2][21]   DFFR_X1         NangateOpenCellLibrary
                                                          5.320000  n
stage3_input_reg[2][22]   DFFR_X1         NangateOpenCellLibrary
                                                          5.320000  n
stage3_input_reg[2][23]   DFFR_X1         NangateOpenCellLibrary
                                                          5.320000  n
stage3_input_reg[2][24]   DFFR_X1         NangateOpenCellLibrary
                                                          5.320000  n
stage3_input_reg[2][25]   DFFR_X1         NangateOpenCellLibrary
                                                          5.320000  n
stage3_input_reg[2][26]   DFFR_X1         NangateOpenCellLibrary
                                                          5.320000  n
stage3_input_reg[2][27]   DFFR_X1         NangateOpenCellLibrary
                                                          5.320000  n
stage3_input_reg[2][28]   DFFR_X1         NangateOpenCellLibrary
                                                          5.320000  n
stage3_input_reg[2][29]   DFFR_X1         NangateOpenCellLibrary
                                                          5.320000  n
stage3_input_reg[2][30]   DFFR_X1         NangateOpenCellLibrary
                                                          5.320000  n
stage3_input_reg[2][31]   DFFR_X1         NangateOpenCellLibrary
                                                          5.320000  n
stage3_input_reg[2][32]   DFFR_X1         NangateOpenCellLibrary
                                                          5.320000  n
stage3_input_reg[2][33]   DFFR_X1         NangateOpenCellLibrary
                                                          5.320000  n
stage3_input_reg[2][34]   DFFR_X1         NangateOpenCellLibrary
                                                          5.320000  n
stage3_input_reg[2][35]   DFFR_X1         NangateOpenCellLibrary
                                                          5.320000  n
stage3_input_reg[2][36]   DFFR_X1         NangateOpenCellLibrary
                                                          5.320000  n
stage3_input_reg[2][37]   DFFR_X1         NangateOpenCellLibrary
                                                          5.320000  n
stage3_input_reg[2][38]   DFFR_X1         NangateOpenCellLibrary
                                                          5.320000  n
stage3_input_reg[2][39]   DFFR_X1         NangateOpenCellLibrary
                                                          5.320000  n
stage3_input_reg[2][40]   DFFR_X1         NangateOpenCellLibrary
                                                          5.320000  n
stage3_input_reg[2][41]   DFFR_X1         NangateOpenCellLibrary
                                                          5.320000  n
stage3_input_reg[2][42]   DFFR_X1         NangateOpenCellLibrary
                                                          5.320000  n
stage3_input_reg[2][43]   DFFR_X1         NangateOpenCellLibrary
                                                          5.320000  n
stage3_input_reg[2][44]   DFFR_X1         NangateOpenCellLibrary
                                                          5.320000  n
stage3_input_reg[2][45]   DFFR_X1         NangateOpenCellLibrary
                                                          5.320000  n
stage3_input_reg[2][46]   DFFR_X1         NangateOpenCellLibrary
                                                          5.320000  n
stage3_input_reg[2][47]   DFFR_X1         NangateOpenCellLibrary
                                                          5.320000  n
stage3_input_reg[2][48]   DFFR_X1         NangateOpenCellLibrary
                                                          5.320000  n
stage3_input_reg[2][49]   DFFR_X1         NangateOpenCellLibrary
                                                          5.320000  n
stage3_input_reg[2][50]   DFFR_X1         NangateOpenCellLibrary
                                                          5.320000  n
stage3_input_reg[2][51]   DFFR_X1         NangateOpenCellLibrary
                                                          5.320000  n
stage3_input_reg[2][52]   DFFR_X1         NangateOpenCellLibrary
                                                          5.320000  n
stage3_input_reg[2][53]   DFFR_X1         NangateOpenCellLibrary
                                                          5.320000  n
stage3_input_reg[2][54]   DFFR_X1         NangateOpenCellLibrary
                                                          5.320000  n
stage3_input_reg[2][55]   DFFR_X1         NangateOpenCellLibrary
                                                          5.320000  n
stage3_input_reg[2][56]   DFFR_X1         NangateOpenCellLibrary
                                                          5.320000  n
stage3_input_reg[2][57]   DFFR_X1         NangateOpenCellLibrary
                                                          5.320000  n
stage3_input_reg[2][58]   DFFR_X1         NangateOpenCellLibrary
                                                          5.320000  n
stage3_input_reg[2][59]   DFFR_X1         NangateOpenCellLibrary
                                                          5.320000  n
stage3_input_reg[2][60]   DFFR_X1         NangateOpenCellLibrary
                                                          5.320000  n
stage3_input_reg[2][61]   DFFR_X1         NangateOpenCellLibrary
                                                          5.320000  n
stage3_input_reg[2][62]   DFFR_X1         NangateOpenCellLibrary
                                                          5.320000  n
stage3_input_reg[2][63]   DFFR_X1         NangateOpenCellLibrary
                                                          5.320000  n
stage3_input_reg[2][64]   DFFR_X1         NangateOpenCellLibrary
                                                          5.320000  n
stage3_input_reg[2][65]   DFFR_X1         NangateOpenCellLibrary
                                                          5.320000  n
stage3_input_reg[2][66]   DFFR_X1         NangateOpenCellLibrary
                                                          5.320000  n
stage3_input_reg[2][67]   DFFR_X1         NangateOpenCellLibrary
                                                          5.320000  n
stage3_input_reg[2][68]   DFFR_X1         NangateOpenCellLibrary
                                                          5.320000  n
stage3_input_reg[2][69]   DFFR_X1         NangateOpenCellLibrary
                                                          5.320000  n
stage3_input_reg[2][70]   DFFR_X1         NangateOpenCellLibrary
                                                          5.320000  n
stage3_input_reg[2][71]   DFFR_X1         NangateOpenCellLibrary
                                                          5.320000  n
stage3_input_reg[2][72]   DFFR_X1         NangateOpenCellLibrary
                                                          5.320000  n
stage3_input_reg[2][73]   DFFR_X1         NangateOpenCellLibrary
                                                          5.320000  n
stage3_input_reg[2][74]   DFFR_X1         NangateOpenCellLibrary
                                                          5.320000  n
stage3_input_reg[2][75]   DFFR_X1         NangateOpenCellLibrary
                                                          5.320000  n
stage3_input_reg[2][76]   DFFR_X1         NangateOpenCellLibrary
                                                          5.320000  n
stage3_input_reg[2][77]   DFFR_X1         NangateOpenCellLibrary
                                                          5.320000  n
stage3_input_reg[2][78]   DFFR_X1         NangateOpenCellLibrary
                                                          5.320000  n
stage3_input_reg[2][79]   DFFR_X1         NangateOpenCellLibrary
                                                          5.320000  n
stage3_input_reg[2][80]   DFFR_X1         NangateOpenCellLibrary
                                                          5.320000  n
stage3_input_reg[2][81]   DFFR_X1         NangateOpenCellLibrary
                                                          5.320000  n
stage3_input_reg[2][82]   DFFR_X1         NangateOpenCellLibrary
                                                          5.320000  n
stage3_input_reg[2][83]   DFFR_X1         NangateOpenCellLibrary
                                                          5.320000  n
stage3_input_reg[2][84]   DFFR_X1         NangateOpenCellLibrary
                                                          5.320000  n
stage3_input_reg[2][85]   DFFR_X1         NangateOpenCellLibrary
                                                          5.320000  n
stage3_input_reg[2][86]   DFFR_X1         NangateOpenCellLibrary
                                                          5.320000  n
stage3_input_reg[2][87]   DFFR_X1         NangateOpenCellLibrary
                                                          5.320000  n
stage3_input_reg[2][88]   DFFR_X1         NangateOpenCellLibrary
                                                          5.320000  n
stage3_input_reg[2][89]   DFFR_X1         NangateOpenCellLibrary
                                                          5.320000  n
stage3_input_reg[2][90]   DFFR_X1         NangateOpenCellLibrary
                                                          5.320000  n
stage3_input_reg[2][91]   DFFR_X1         NangateOpenCellLibrary
                                                          5.320000  n
stage3_input_reg[2][92]   DFFR_X1         NangateOpenCellLibrary
                                                          5.320000  n
stage3_input_reg[2][93]   DFFR_X1         NangateOpenCellLibrary
                                                          5.320000  n
stage3_input_reg[2][94]   DFFR_X1         NangateOpenCellLibrary
                                                          5.320000  n
stage3_input_reg[2][95]   DFFR_X1         NangateOpenCellLibrary
                                                          5.320000  n
stage3_input_reg[2][96]   DFFR_X1         NangateOpenCellLibrary
                                                          5.320000  n
stage3_input_reg[2][97]   DFFR_X1         NangateOpenCellLibrary
                                                          5.320000  n
stage3_input_reg[2][98]   DFFR_X1         NangateOpenCellLibrary
                                                          5.320000  n
stage3_input_reg[2][99]   DFFR_X1         NangateOpenCellLibrary
                                                          5.320000  n
stage3_input_reg[2][100]  DFFR_X1         NangateOpenCellLibrary
                                                          5.320000  n
stage3_input_reg[2][101]  DFFR_X1         NangateOpenCellLibrary
                                                          5.320000  n
stage3_input_reg[2][102]  DFFR_X1         NangateOpenCellLibrary
                                                          5.320000  n
stage3_input_reg[2][103]  DFFR_X1         NangateOpenCellLibrary
                                                          5.320000  n
stage3_input_reg[2][104]  DFFR_X1         NangateOpenCellLibrary
                                                          5.320000  n
stage3_input_reg[2][105]  DFFR_X1         NangateOpenCellLibrary
                                                          5.320000  n
stage3_input_reg[2][106]  DFFR_X1         NangateOpenCellLibrary
                                                          5.320000  n
stage3_input_reg[2][107]  DFFR_X1         NangateOpenCellLibrary
                                                          5.320000  n
stage3_input_reg[2][108]  DFFR_X1         NangateOpenCellLibrary
                                                          5.320000  n
stage3_input_reg[2][109]  DFFR_X1         NangateOpenCellLibrary
                                                          5.320000  n
stage3_input_reg[2][110]  DFFR_X1         NangateOpenCellLibrary
                                                          5.320000  n
stage3_input_reg[2][111]  DFFR_X1         NangateOpenCellLibrary
                                                          5.320000  n
stage3_input_reg[2][112]  DFFR_X1         NangateOpenCellLibrary
                                                          5.320000  n
stage3_input_reg[2][113]  DFFR_X1         NangateOpenCellLibrary
                                                          5.320000  n
stage3_input_reg[2][114]  DFFR_X1         NangateOpenCellLibrary
                                                          5.320000  n
stage3_input_reg[2][115]  DFFR_X1         NangateOpenCellLibrary
                                                          5.320000  n
stage3_input_reg[2][116]  DFFR_X1         NangateOpenCellLibrary
                                                          5.320000  n
stage3_input_reg[2][117]  DFFR_X1         NangateOpenCellLibrary
                                                          5.320000  n
stage3_input_reg[2][118]  DFFR_X1         NangateOpenCellLibrary
                                                          5.320000  n
stage3_input_reg[2][119]  DFFR_X1         NangateOpenCellLibrary
                                                          5.320000  n
stage3_input_reg[2][120]  DFFR_X1         NangateOpenCellLibrary
                                                          5.320000  n
stage3_input_reg[2][121]  DFFR_X1         NangateOpenCellLibrary
                                                          5.320000  n
stage3_input_reg[2][122]  DFFR_X1         NangateOpenCellLibrary
                                                          5.320000  n
stage3_input_reg[2][123]  DFFR_X1         NangateOpenCellLibrary
                                                          5.320000  n
stage3_input_reg[2][124]  DFFR_X1         NangateOpenCellLibrary
                                                          5.320000  n
stage3_input_reg[2][125]  DFFR_X1         NangateOpenCellLibrary
                                                          5.320000  n
stage3_input_reg[2][126]  DFFR_X1         NangateOpenCellLibrary
                                                          5.320000  n
stage3_input_reg[2][127]  DFFR_X1         NangateOpenCellLibrary
                                                          5.320000  n
stage3_input_reg[2][128]  DFFR_X1         NangateOpenCellLibrary
                                                          5.320000  n
stage3_input_reg[2][129]  DFFR_X1         NangateOpenCellLibrary
                                                          5.320000  n
stage3_input_reg[2][130]  DFFR_X1         NangateOpenCellLibrary
                                                          5.320000  n
stage3_input_reg[2][131]  DFFR_X1         NangateOpenCellLibrary
                                                          5.320000  n
stage3_input_reg[2][132]  DFFR_X1         NangateOpenCellLibrary
                                                          5.320000  n
stage3_input_reg[2][133]  DFFR_X1         NangateOpenCellLibrary
                                                          5.320000  n
stage3_input_reg[2][134]  DFFR_X1         NangateOpenCellLibrary
                                                          5.320000  n
stage3_input_reg[2][135]  DFFR_X1         NangateOpenCellLibrary
                                                          5.320000  n
stage3_input_reg[2][136]  DFFR_X1         NangateOpenCellLibrary
                                                          5.320000  n
stage3_input_reg[2][137]  DFFR_X1         NangateOpenCellLibrary
                                                          5.320000  n
stage3_input_reg[2][138]  DFFR_X1         NangateOpenCellLibrary
                                                          5.320000  n
stage3_input_reg[2][139]  DFFR_X1         NangateOpenCellLibrary
                                                          5.320000  n
stage3_input_reg[2][140]  DFFR_X1         NangateOpenCellLibrary
                                                          5.320000  n
stage3_input_reg[2][141]  DFFR_X1         NangateOpenCellLibrary
                                                          5.320000  n
stage3_input_reg[2][142]  DFFR_X1         NangateOpenCellLibrary
                                                          5.320000  n
stage3_input_reg[2][143]  DFFR_X1         NangateOpenCellLibrary
                                                          5.320000  n
stage3_input_reg[2][144]  DFFR_X1         NangateOpenCellLibrary
                                                          5.320000  n
stage3_input_reg[2][145]  DFFR_X1         NangateOpenCellLibrary
                                                          5.320000  n
stage3_input_reg[2][146]  DFFR_X1         NangateOpenCellLibrary
                                                          5.320000  n
stage3_input_reg[2][147]  DFFR_X1         NangateOpenCellLibrary
                                                          5.320000  n
stage3_input_reg[2][148]  DFFR_X1         NangateOpenCellLibrary
                                                          5.320000  n
stage3_input_reg[2][149]  DFFR_X1         NangateOpenCellLibrary
                                                          5.320000  n
stage3_input_reg[2][150]  DFFR_X1         NangateOpenCellLibrary
                                                          5.320000  n
stage3_input_reg[2][151]  DFFR_X1         NangateOpenCellLibrary
                                                          5.320000  n
stage3_input_reg[2][152]  DFFR_X1         NangateOpenCellLibrary
                                                          5.320000  n
stage3_input_reg[2][153]  DFFR_X1         NangateOpenCellLibrary
                                                          5.320000  n
stage3_input_reg[2][154]  DFFR_X1         NangateOpenCellLibrary
                                                          5.320000  n
stage3_input_reg[2][155]  DFFR_X1         NangateOpenCellLibrary
                                                          5.320000  n
stage3_input_reg[2][156]  DFFR_X1         NangateOpenCellLibrary
                                                          5.320000  n
stage3_input_reg[2][157]  DFFR_X1         NangateOpenCellLibrary
                                                          5.320000  n
stage3_input_reg[2][158]  DFFR_X1         NangateOpenCellLibrary
                                                          5.320000  n
stage3_input_reg[2][159]  DFFR_X1         NangateOpenCellLibrary
                                                          5.320000  n
stage3_input_reg[2][160]  DFFR_X1         NangateOpenCellLibrary
                                                          5.320000  n
stage3_input_reg[2][161]  DFFR_X1         NangateOpenCellLibrary
                                                          5.320000  n
stage3_input_reg[2][162]  DFFR_X1         NangateOpenCellLibrary
                                                          5.320000  n
stage3_input_reg[2][163]  DFFR_X1         NangateOpenCellLibrary
                                                          5.320000  n
stage3_input_reg[2][164]  DFFR_X1         NangateOpenCellLibrary
                                                          5.320000  n
stage3_input_reg[2][165]  DFFR_X1         NangateOpenCellLibrary
                                                          5.320000  n
stage3_input_reg[2][166]  DFFR_X1         NangateOpenCellLibrary
                                                          5.320000  n
stage3_input_reg[2][167]  DFFR_X1         NangateOpenCellLibrary
                                                          5.320000  n
stage3_input_reg[2][168]  DFFR_X1         NangateOpenCellLibrary
                                                          5.320000  n
stage3_input_reg[2][169]  DFFR_X1         NangateOpenCellLibrary
                                                          5.320000  n
stage3_input_reg[2][170]  DFFR_X1         NangateOpenCellLibrary
                                                          5.320000  n
stage3_input_reg[2][171]  DFFR_X1         NangateOpenCellLibrary
                                                          5.320000  n
stage3_input_reg[2][172]  DFFR_X1         NangateOpenCellLibrary
                                                          5.320000  n
stage3_input_reg[2][173]  DFFR_X1         NangateOpenCellLibrary
                                                          5.320000  n
stage3_input_reg[2][174]  DFFR_X1         NangateOpenCellLibrary
                                                          5.320000  n
stage3_input_reg[2][175]  DFFR_X1         NangateOpenCellLibrary
                                                          5.320000  n
stage3_input_reg[2][176]  DFFR_X1         NangateOpenCellLibrary
                                                          5.320000  n
stage3_input_reg[2][177]  DFFR_X1         NangateOpenCellLibrary
                                                          5.320000  n
stage3_input_reg[2][178]  DFFR_X1         NangateOpenCellLibrary
                                                          5.320000  n
stage3_input_reg[2][179]  DFFR_X1         NangateOpenCellLibrary
                                                          5.320000  n
stage3_input_reg[2][180]  DFFR_X1         NangateOpenCellLibrary
                                                          5.320000  n
stage3_input_reg[2][181]  DFFR_X1         NangateOpenCellLibrary
                                                          5.320000  n
stage3_input_reg[2][182]  DFFR_X1         NangateOpenCellLibrary
                                                          5.320000  n
stage3_input_reg[2][183]  DFFR_X1         NangateOpenCellLibrary
                                                          5.320000  n
stage3_input_reg[2][184]  DFFR_X1         NangateOpenCellLibrary
                                                          5.320000  n
stage3_input_reg[2][185]  DFFR_X1         NangateOpenCellLibrary
                                                          5.320000  n
stage3_input_reg[2][186]  DFFR_X1         NangateOpenCellLibrary
                                                          5.320000  n
stage3_input_reg[2][187]  DFFR_X1         NangateOpenCellLibrary
                                                          5.320000  n
stage3_input_reg[2][188]  DFFR_X1         NangateOpenCellLibrary
                                                          5.320000  n
stage3_input_reg[2][189]  DFFR_X1         NangateOpenCellLibrary
                                                          5.320000  n
stage3_input_reg[2][190]  DFFR_X1         NangateOpenCellLibrary
                                                          5.320000  n
stage3_input_reg[2][191]  DFFR_X1         NangateOpenCellLibrary
                                                          5.320000  n
stage3_input_reg[2][192]  DFFR_X1         NangateOpenCellLibrary
                                                          5.320000  n
stage3_input_reg[2][193]  DFFR_X1         NangateOpenCellLibrary
                                                          5.320000  n
stage3_input_reg[2][194]  DFFR_X1         NangateOpenCellLibrary
                                                          5.320000  n
stage3_input_reg[2][195]  DFFR_X1         NangateOpenCellLibrary
                                                          5.320000  n
stage3_input_reg[2][196]  DFFR_X1         NangateOpenCellLibrary
                                                          5.320000  n
stage3_input_reg[2][197]  DFFR_X1         NangateOpenCellLibrary
                                                          5.320000  n
stage3_input_reg[2][198]  DFFR_X1         NangateOpenCellLibrary
                                                          5.320000  n
stage3_input_reg[2][199]  DFFR_X1         NangateOpenCellLibrary
                                                          5.320000  n
stage3_input_reg[2][200]  DFFR_X1         NangateOpenCellLibrary
                                                          5.320000  n
stage3_input_reg[2][201]  DFFR_X1         NangateOpenCellLibrary
                                                          5.320000  n
stage3_input_reg[2][202]  DFFR_X1         NangateOpenCellLibrary
                                                          5.320000  n
stage3_input_reg[2][203]  DFFR_X1         NangateOpenCellLibrary
                                                          5.320000  n
stage3_input_reg[2][204]  DFFR_X1         NangateOpenCellLibrary
                                                          5.320000  n
stage3_input_reg[2][205]  DFFR_X1         NangateOpenCellLibrary
                                                          5.320000  n
stage3_input_reg[2][206]  DFFR_X1         NangateOpenCellLibrary
                                                          5.320000  n
stage3_input_reg[2][207]  DFFR_X1         NangateOpenCellLibrary
                                                          5.320000  n
stage3_input_reg[2][208]  DFFR_X1         NangateOpenCellLibrary
                                                          5.320000  n
stage3_input_reg[2][209]  DFFR_X1         NangateOpenCellLibrary
                                                          5.320000  n
stage3_input_reg[2][210]  DFFR_X1         NangateOpenCellLibrary
                                                          5.320000  n
stage3_input_reg[2][211]  DFFR_X1         NangateOpenCellLibrary
                                                          5.320000  n
stage3_input_reg[2][212]  DFFR_X1         NangateOpenCellLibrary
                                                          5.320000  n
stage3_input_reg[2][213]  DFFR_X1         NangateOpenCellLibrary
                                                          5.320000  n
stage3_input_reg[2][214]  DFFR_X1         NangateOpenCellLibrary
                                                          5.320000  n
stage3_input_reg[2][215]  DFFR_X1         NangateOpenCellLibrary
                                                          5.320000  n
stage3_input_reg[2][216]  DFFR_X1         NangateOpenCellLibrary
                                                          5.320000  n
stage3_input_reg[2][217]  DFFR_X1         NangateOpenCellLibrary
                                                          5.320000  n
stage3_input_reg[2][218]  DFFR_X1         NangateOpenCellLibrary
                                                          5.320000  n
stage3_input_reg[2][219]  DFFR_X1         NangateOpenCellLibrary
                                                          5.320000  n
stage3_input_reg[2][220]  DFFR_X1         NangateOpenCellLibrary
                                                          5.320000  n
stage3_input_reg[2][221]  DFFR_X1         NangateOpenCellLibrary
                                                          5.320000  n
stage3_input_reg[2][222]  DFFR_X1         NangateOpenCellLibrary
                                                          5.320000  n
stage3_input_reg[2][223]  DFFR_X1         NangateOpenCellLibrary
                                                          5.320000  n
stage3_input_reg[2][224]  DFFR_X1         NangateOpenCellLibrary
                                                          5.320000  n
stage3_input_reg[2][225]  DFFR_X1         NangateOpenCellLibrary
                                                          5.320000  n
stage3_input_reg[2][226]  DFFR_X1         NangateOpenCellLibrary
                                                          5.320000  n
stage3_input_reg[2][227]  DFFR_X1         NangateOpenCellLibrary
                                                          5.320000  n
stage3_input_reg[2][228]  DFFR_X1         NangateOpenCellLibrary
                                                          5.320000  n
stage3_input_reg[2][229]  DFFR_X1         NangateOpenCellLibrary
                                                          5.320000  n
stage3_input_reg[2][230]  DFFR_X1         NangateOpenCellLibrary
                                                          5.320000  n
stage3_input_reg[2][231]  DFFR_X1         NangateOpenCellLibrary
                                                          5.320000  n
stage3_input_reg[2][232]  DFFR_X1         NangateOpenCellLibrary
                                                          5.320000  n
stage3_input_reg[2][233]  DFFR_X1         NangateOpenCellLibrary
                                                          5.320000  n
stage3_input_reg[2][234]  DFFR_X1         NangateOpenCellLibrary
                                                          5.320000  n
stage3_input_reg[2][235]  DFFR_X1         NangateOpenCellLibrary
                                                          5.320000  n
stage3_input_reg[2][236]  DFFR_X1         NangateOpenCellLibrary
                                                          5.320000  n
stage3_input_reg[2][237]  DFFR_X1         NangateOpenCellLibrary
                                                          5.320000  n
stage3_input_reg[2][238]  DFFR_X1         NangateOpenCellLibrary
                                                          5.320000  n
stage3_input_reg[2][239]  DFFR_X1         NangateOpenCellLibrary
                                                          5.320000  n
stage3_input_reg[2][240]  DFFR_X1         NangateOpenCellLibrary
                                                          5.320000  n
stage3_input_reg[2][241]  DFFR_X1         NangateOpenCellLibrary
                                                          5.320000  n
stage3_input_reg[2][242]  DFFR_X1         NangateOpenCellLibrary
                                                          5.320000  n
stage3_input_reg[2][243]  DFFR_X1         NangateOpenCellLibrary
                                                          5.320000  n
stage3_input_reg[2][244]  DFFR_X1         NangateOpenCellLibrary
                                                          5.320000  n
stage3_input_reg[2][245]  DFFR_X1         NangateOpenCellLibrary
                                                          5.320000  n
stage3_input_reg[2][246]  DFFR_X1         NangateOpenCellLibrary
                                                          5.320000  n
stage3_input_reg[2][247]  DFFR_X1         NangateOpenCellLibrary
                                                          5.320000  n
stage3_input_reg[2][248]  DFFR_X1         NangateOpenCellLibrary
                                                          5.320000  n
stage3_input_reg[2][249]  DFFR_X1         NangateOpenCellLibrary
                                                          5.320000  n
stage3_input_reg[2][250]  DFFR_X1         NangateOpenCellLibrary
                                                          5.320000  n
stage3_input_reg[2][251]  DFFR_X1         NangateOpenCellLibrary
                                                          5.320000  n
stage3_input_reg[2][252]  DFFR_X1         NangateOpenCellLibrary
                                                          5.320000  n
stage3_input_reg[2][253]  DFFR_X1         NangateOpenCellLibrary
                                                          5.320000  n
stage3_input_reg[2][254]  DFFR_X1         NangateOpenCellLibrary
                                                          5.320000  n
stage3_input_reg[2][255]  DFFR_X1         NangateOpenCellLibrary
                                                          5.320000  n
stage3_input_reg[2][256]  DFFR_X1         NangateOpenCellLibrary
                                                          5.320000  n
stage3_input_reg[2][257]  DFFR_X1         NangateOpenCellLibrary
                                                          5.320000  n
stage3_input_reg[2][258]  DFFR_X1         NangateOpenCellLibrary
                                                          5.320000  n
stage3_input_reg[2][259]  DFFR_X1         NangateOpenCellLibrary
                                                          5.320000  n
stage3_input_reg[2][260]  DFFR_X1         NangateOpenCellLibrary
                                                          5.320000  n
stage3_input_reg[2][261]  DFFR_X1         NangateOpenCellLibrary
                                                          5.320000  n
stage3_input_reg[2][262]  DFFR_X1         NangateOpenCellLibrary
                                                          5.320000  n
stage3_input_reg[2][263]  DFFR_X1         NangateOpenCellLibrary
                                                          5.320000  n
stage3_input_reg[2][264]  DFFR_X1         NangateOpenCellLibrary
                                                          5.320000  n
stage3_input_reg[2][265]  DFFR_X1         NangateOpenCellLibrary
                                                          5.320000  n
stage3_input_reg[2][266]  DFFR_X1         NangateOpenCellLibrary
                                                          5.320000  n
stage3_input_reg[2][267]  DFFR_X1         NangateOpenCellLibrary
                                                          5.320000  n
stage3_input_reg[2][268]  DFFR_X1         NangateOpenCellLibrary
                                                          5.320000  n
stage3_input_reg[2][269]  DFFR_X1         NangateOpenCellLibrary
                                                          5.320000  n
stage3_input_reg[2][270]  DFFR_X1         NangateOpenCellLibrary
                                                          5.320000  n
stage3_input_reg[2][271]  DFFR_X1         NangateOpenCellLibrary
                                                          5.320000  n
stage3_input_reg[2][272]  DFFR_X1         NangateOpenCellLibrary
                                                          5.320000  n
stage3_input_reg[2][273]  DFFR_X1         NangateOpenCellLibrary
                                                          5.320000  n
stage3_input_reg[2][274]  DFFR_X1         NangateOpenCellLibrary
                                                          5.320000  n
stage3_input_reg[2][275]  DFFR_X1         NangateOpenCellLibrary
                                                          5.320000  n
stage3_input_reg[2][276]  DFFR_X1         NangateOpenCellLibrary
                                                          5.320000  n
stage3_input_reg[2][277]  DFFR_X1         NangateOpenCellLibrary
                                                          5.320000  n
stage3_input_reg[2][278]  DFFR_X1         NangateOpenCellLibrary
                                                          5.320000  n
stage3_input_reg[2][279]  DFFR_X1         NangateOpenCellLibrary
                                                          5.320000  n
stage3_input_reg[2][280]  DFFR_X1         NangateOpenCellLibrary
                                                          5.320000  n
stage3_input_reg[2][281]  DFFR_X1         NangateOpenCellLibrary
                                                          5.320000  n
stage3_input_reg[2][282]  DFFR_X1         NangateOpenCellLibrary
                                                          5.320000  n
stage3_input_reg[2][283]  DFFR_X1         NangateOpenCellLibrary
                                                          5.320000  n
stage3_input_reg[2][284]  DFFR_X1         NangateOpenCellLibrary
                                                          5.320000  n
stage3_input_reg[2][285]  DFFR_X1         NangateOpenCellLibrary
                                                          5.320000  n
stage3_input_reg[2][286]  DFFR_X1         NangateOpenCellLibrary
                                                          5.320000  n
stage3_input_reg[2][287]  DFFR_X1         NangateOpenCellLibrary
                                                          5.320000  n
stage3_input_reg[2][288]  DFFR_X1         NangateOpenCellLibrary
                                                          5.320000  n
stage3_input_reg[2][289]  DFFR_X1         NangateOpenCellLibrary
                                                          5.320000  n
stage3_input_reg[2][290]  DFFR_X1         NangateOpenCellLibrary
                                                          5.320000  n
stage3_input_reg[2][291]  DFFR_X1         NangateOpenCellLibrary
                                                          5.320000  n
stage3_input_reg[2][292]  DFFR_X1         NangateOpenCellLibrary
                                                          5.320000  n
stage3_input_reg[2][293]  DFFR_X1         NangateOpenCellLibrary
                                                          5.320000  n
stage3_input_reg[2][294]  DFFR_X1         NangateOpenCellLibrary
                                                          5.320000  n
stage3_input_reg[2][295]  DFFR_X1         NangateOpenCellLibrary
                                                          5.320000  n
stage3_input_reg[2][296]  DFFR_X1         NangateOpenCellLibrary
                                                          5.320000  n
stage3_input_reg[2][297]  DFFR_X1         NangateOpenCellLibrary
                                                          5.320000  n
stage3_input_reg[2][298]  DFFR_X1         NangateOpenCellLibrary
                                                          5.320000  n
stage3_input_reg[2][299]  DFFR_X1         NangateOpenCellLibrary
                                                          5.320000  n
stage3_input_reg[2][300]  DFFR_X1         NangateOpenCellLibrary
                                                          5.320000  n
stage3_input_reg[2][301]  DFFR_X1         NangateOpenCellLibrary
                                                          5.320000  n
stage3_input_reg[2][302]  DFFR_X1         NangateOpenCellLibrary
                                                          5.320000  n
stage3_input_reg[2][303]  DFFR_X1         NangateOpenCellLibrary
                                                          5.320000  n
stage3_input_reg[2][304]  DFFR_X1         NangateOpenCellLibrary
                                                          5.320000  n
stage3_input_reg[2][305]  DFFR_X1         NangateOpenCellLibrary
                                                          5.320000  n
stage3_input_reg[2][306]  DFFR_X1         NangateOpenCellLibrary
                                                          5.320000  n
stage3_input_reg[2][307]  DFFR_X1         NangateOpenCellLibrary
                                                          5.320000  n
stage3_input_reg[2][308]  DFFR_X1         NangateOpenCellLibrary
                                                          5.320000  n
stage3_input_reg[2][309]  DFFR_X1         NangateOpenCellLibrary
                                                          5.320000  n
stage3_input_reg[2][310]  DFFR_X1         NangateOpenCellLibrary
                                                          5.320000  n
stage3_input_reg[2][311]  DFFR_X1         NangateOpenCellLibrary
                                                          5.320000  n
stage3_input_reg[2][312]  DFFR_X1         NangateOpenCellLibrary
                                                          5.320000  n
stage3_input_reg[2][313]  DFFR_X1         NangateOpenCellLibrary
                                                          5.320000  n
stage3_input_reg[2][314]  DFFR_X1         NangateOpenCellLibrary
                                                          5.320000  n
stage3_input_reg[2][315]  DFFR_X1         NangateOpenCellLibrary
                                                          5.320000  n
stage3_input_reg[2][316]  DFFR_X1         NangateOpenCellLibrary
                                                          5.320000  n
stage3_input_reg[2][317]  DFFR_X1         NangateOpenCellLibrary
                                                          5.320000  n
stage3_input_reg[2][318]  DFFR_X1         NangateOpenCellLibrary
                                                          5.320000  n
stage3_input_reg[2][319]  DFFR_X1         NangateOpenCellLibrary
                                                          5.320000  n
stage4_input_reg[0][0]    DFFR_X1         NangateOpenCellLibrary
                                                          5.320000  n
stage4_input_reg[0][1]    DFFR_X1         NangateOpenCellLibrary
                                                          5.320000  n
stage4_input_reg[0][2]    DFFR_X1         NangateOpenCellLibrary
                                                          5.320000  n
stage4_input_reg[0][3]    DFFR_X1         NangateOpenCellLibrary
                                                          5.320000  n
stage4_input_reg[0][4]    DFFR_X1         NangateOpenCellLibrary
                                                          5.320000  n
stage4_input_reg[0][5]    DFFR_X1         NangateOpenCellLibrary
                                                          5.320000  n
stage4_input_reg[0][6]    DFFR_X1         NangateOpenCellLibrary
                                                          5.320000  n
stage4_input_reg[0][7]    DFFR_X1         NangateOpenCellLibrary
                                                          5.320000  n
stage4_input_reg[0][8]    DFFR_X1         NangateOpenCellLibrary
                                                          5.320000  n
stage4_input_reg[0][9]    DFFR_X1         NangateOpenCellLibrary
                                                          5.320000  n
stage4_input_reg[0][10]   DFFR_X1         NangateOpenCellLibrary
                                                          5.320000  n
stage4_input_reg[0][11]   DFFR_X1         NangateOpenCellLibrary
                                                          5.320000  n
stage4_input_reg[0][12]   DFFR_X1         NangateOpenCellLibrary
                                                          5.320000  n
stage4_input_reg[0][13]   DFFR_X1         NangateOpenCellLibrary
                                                          5.320000  n
stage4_input_reg[0][14]   DFFR_X1         NangateOpenCellLibrary
                                                          5.320000  n
stage4_input_reg[0][15]   DFFR_X1         NangateOpenCellLibrary
                                                          5.320000  n
stage4_input_reg[0][16]   DFFR_X1         NangateOpenCellLibrary
                                                          5.320000  n
stage4_input_reg[0][17]   DFFR_X1         NangateOpenCellLibrary
                                                          5.320000  n
stage4_input_reg[0][18]   DFFR_X1         NangateOpenCellLibrary
                                                          5.320000  n
stage4_input_reg[0][19]   DFFR_X1         NangateOpenCellLibrary
                                                          5.320000  n
stage4_input_reg[0][20]   DFFR_X1         NangateOpenCellLibrary
                                                          5.320000  n
stage4_input_reg[0][21]   DFFR_X1         NangateOpenCellLibrary
                                                          5.320000  n
stage4_input_reg[0][22]   DFFR_X1         NangateOpenCellLibrary
                                                          5.320000  n
stage4_input_reg[0][23]   DFFR_X1         NangateOpenCellLibrary
                                                          5.320000  n
stage4_input_reg[1][0]    DFFR_X1         NangateOpenCellLibrary
                                                          5.320000  n
stage4_input_reg[1][1]    DFFR_X1         NangateOpenCellLibrary
                                                          5.320000  n
stage4_input_reg[1][2]    DFFR_X1         NangateOpenCellLibrary
                                                          5.320000  n
stage4_input_reg[1][3]    DFFR_X1         NangateOpenCellLibrary
                                                          5.320000  n
stage4_input_reg[1][4]    DFFR_X1         NangateOpenCellLibrary
                                                          5.320000  n
stage4_input_reg[1][5]    DFFR_X1         NangateOpenCellLibrary
                                                          5.320000  n
stage4_input_reg[1][6]    DFFR_X1         NangateOpenCellLibrary
                                                          5.320000  n
stage4_input_reg[1][7]    DFFR_X1         NangateOpenCellLibrary
                                                          5.320000  n
stage4_input_reg[1][8]    DFFR_X1         NangateOpenCellLibrary
                                                          5.320000  n
stage4_input_reg[1][9]    DFFR_X1         NangateOpenCellLibrary
                                                          5.320000  n
stage4_input_reg[1][10]   DFFR_X1         NangateOpenCellLibrary
                                                          5.320000  n
stage4_input_reg[1][11]   DFFR_X1         NangateOpenCellLibrary
                                                          5.320000  n
stage4_input_reg[1][12]   DFFR_X1         NangateOpenCellLibrary
                                                          5.320000  n
stage4_input_reg[1][13]   DFFR_X1         NangateOpenCellLibrary
                                                          5.320000  n
stage4_input_reg[1][14]   DFFR_X1         NangateOpenCellLibrary
                                                          5.320000  n
stage4_input_reg[1][15]   DFFR_X1         NangateOpenCellLibrary
                                                          5.320000  n
stage4_input_reg[1][16]   DFFR_X1         NangateOpenCellLibrary
                                                          5.320000  n
stage4_input_reg[1][17]   DFFR_X1         NangateOpenCellLibrary
                                                          5.320000  n
stage4_input_reg[1][18]   DFFR_X1         NangateOpenCellLibrary
                                                          5.320000  n
stage4_input_reg[1][19]   DFFR_X1         NangateOpenCellLibrary
                                                          5.320000  n
stage4_input_reg[1][20]   DFFR_X1         NangateOpenCellLibrary
                                                          5.320000  n
stage4_input_reg[1][21]   DFFR_X1         NangateOpenCellLibrary
                                                          5.320000  n
stage4_input_reg[1][22]   DFFR_X1         NangateOpenCellLibrary
                                                          5.320000  n
stage4_input_reg[1][23]   DFFR_X1         NangateOpenCellLibrary
                                                          5.320000  n
stage4_input_reg[2][0]    DFFR_X1         NangateOpenCellLibrary
                                                          5.320000  n
stage4_input_reg[2][1]    DFFR_X1         NangateOpenCellLibrary
                                                          5.320000  n
stage4_input_reg[2][2]    DFFR_X1         NangateOpenCellLibrary
                                                          5.320000  n
stage4_input_reg[2][3]    DFFR_X1         NangateOpenCellLibrary
                                                          5.320000  n
stage4_input_reg[2][4]    DFFR_X1         NangateOpenCellLibrary
                                                          5.320000  n
stage4_input_reg[2][5]    DFFR_X1         NangateOpenCellLibrary
                                                          5.320000  n
stage4_input_reg[2][6]    DFFR_X1         NangateOpenCellLibrary
                                                          5.320000  n
stage4_input_reg[2][7]    DFFR_X1         NangateOpenCellLibrary
                                                          5.320000  n
stage4_input_reg[2][8]    DFFR_X1         NangateOpenCellLibrary
                                                          5.320000  n
stage4_input_reg[2][9]    DFFR_X1         NangateOpenCellLibrary
                                                          5.320000  n
stage4_input_reg[2][10]   DFFR_X1         NangateOpenCellLibrary
                                                          5.320000  n
stage4_input_reg[2][11]   DFFR_X1         NangateOpenCellLibrary
                                                          5.320000  n
stage4_input_reg[2][12]   DFFR_X1         NangateOpenCellLibrary
                                                          5.320000  n
stage4_input_reg[2][13]   DFFR_X1         NangateOpenCellLibrary
                                                          5.320000  n
stage4_input_reg[2][14]   DFFR_X1         NangateOpenCellLibrary
                                                          5.320000  n
stage4_input_reg[2][15]   DFFR_X1         NangateOpenCellLibrary
                                                          5.320000  n
stage4_input_reg[2][16]   DFFR_X1         NangateOpenCellLibrary
                                                          5.320000  n
stage4_input_reg[2][17]   DFFR_X1         NangateOpenCellLibrary
                                                          5.320000  n
stage4_input_reg[2][18]   DFFR_X1         NangateOpenCellLibrary
                                                          5.320000  n
stage4_input_reg[2][19]   DFFR_X1         NangateOpenCellLibrary
                                                          5.320000  n
stage4_input_reg[2][20]   DFFR_X1         NangateOpenCellLibrary
                                                          5.320000  n
stage4_input_reg[2][21]   DFFR_X1         NangateOpenCellLibrary
                                                          5.320000  n
stage4_input_reg[2][22]   DFFR_X1         NangateOpenCellLibrary
                                                          5.320000  n
stage4_input_reg[2][23]   DFFR_X1         NangateOpenCellLibrary
                                                          5.320000  n
stage5_input_reg[0][0]    DLH_X1          NangateOpenCellLibrary
                                                          2.660000  n
stage5_input_reg[0][1]    DLH_X1          NangateOpenCellLibrary
                                                          2.660000  n
stage5_input_reg[0][2]    DLH_X1          NangateOpenCellLibrary
                                                          2.660000  n
stage5_input_reg[0][3]    DLH_X1          NangateOpenCellLibrary
                                                          2.660000  n
stage5_input_reg[0][4]    DLH_X1          NangateOpenCellLibrary
                                                          2.660000  n
stage5_input_reg[0][5]    DLH_X1          NangateOpenCellLibrary
                                                          2.660000  n
stage5_input_reg[0][6]    DLH_X1          NangateOpenCellLibrary
                                                          2.660000  n
stage5_input_reg[0][7]    DLH_X1          NangateOpenCellLibrary
                                                          2.660000  n
stage5_input_reg[1][0]    DLH_X1          NangateOpenCellLibrary
                                                          2.660000  n
stage5_input_reg[1][1]    DLH_X1          NangateOpenCellLibrary
                                                          2.660000  n
stage5_input_reg[1][2]    DLH_X1          NangateOpenCellLibrary
                                                          2.660000  n
stage5_input_reg[1][3]    DLH_X1          NangateOpenCellLibrary
                                                          2.660000  n
stage5_input_reg[1][4]    DLH_X1          NangateOpenCellLibrary
                                                          2.660000  n
stage5_input_reg[1][5]    DLH_X1          NangateOpenCellLibrary
                                                          2.660000  n
stage5_input_reg[1][6]    DLH_X1          NangateOpenCellLibrary
                                                          2.660000  n
stage5_input_reg[1][7]    DLH_X1          NangateOpenCellLibrary
                                                          2.660000  n
stage5_input_reg[2][0]    DLH_X1          NangateOpenCellLibrary
                                                          2.660000  n
stage5_input_reg[2][1]    DLH_X1          NangateOpenCellLibrary
                                                          2.660000  n
stage5_input_reg[2][2]    DLH_X1          NangateOpenCellLibrary
                                                          2.660000  n
stage5_input_reg[2][3]    DLH_X1          NangateOpenCellLibrary
                                                          2.660000  n
stage5_input_reg[2][4]    DLH_X1          NangateOpenCellLibrary
                                                          2.660000  n
stage5_input_reg[2][5]    DLH_X1          NangateOpenCellLibrary
                                                          2.660000  n
stage5_input_reg[2][6]    DLH_X1          NangateOpenCellLibrary
                                                          2.660000  n
stage5_input_reg[2][7]    DLH_X1          NangateOpenCellLibrary
                                                          2.660000  n
u_adder_tree_b            adder_tree_0                    2089.962036
                                                                    h, n
u_adder_tree_g            adder_tree_1                    2089.962036
                                                                    h, n
u_adder_tree_r            adder_tree_2                    2089.962036
                                                                    h, n
u_bias_relu_B             bias_relu_0                     114.114001
                                                                    h
u_bias_relu_G             bias_relu_1                     114.114001
                                                                    h
u_bias_relu_R             bias_relu_2                     114.912001
                                                                    h
u_controller              Controller                      148.694003
                                                                    b, h, n
u_in_buf_blue             f_buffer_0                      13718.684333
                                                                    h, n
u_in_buf_green            f_buffer_1                      13718.684333
                                                                    h, n
u_in_buf_red              f_buffer_2                      13718.684333
                                                                    h, n
u_maxpool                 maxpool_16ch                    14391.664234
                                                                    h, n
u_memA                    memory_w_v0                     0.000000  b
u_memB                    memory_w_v0                     0.000000  b
u_memW                    memory_w_v0                     0.000000  b, p
u_mem_bias                regfile_sync                    33770.031049
                                                                    h, n
u_out_buf                 output_buffer                   3143.055970
                                                                    h, n
u_w_buf                   w_buffer                        10185.672229
                                                                    h, n
--------------------------------------------------------------------------------
Total 4438 cells                                          188558.359643
1
