 
****************************************
Report : cell
Design : mac_pipeline_shift
Version: Q-2019.12-SP5-5
Date   : Sun Jun 15 19:00:14 2025
****************************************

Attributes:
    b - black box (unknown)
    h - hierarchical
   mo - map_only
    n - noncombinational
    r - removable
    u - contains unmapped logic

Cell                      Reference       Library             Area  Attributes
--------------------------------------------------------------------------------
DP_OP_1318J1_122_250/U4   HADDX1_LVT      saed32lvt_ss0p75v125c
                                                          3.303872  mo, r
DP_OP_1318J1_122_250/U5   HADDX1_LVT      saed32lvt_ss0p75v125c
                                                          3.303872  mo, r
DP_OP_1318J1_122_250/U6   HADDX1_LVT      saed32lvt_ss0p75v125c
                                                          3.303872  mo, r
DP_OP_1318J1_122_250/U7   HADDX1_LVT      saed32lvt_ss0p75v125c
                                                          3.303872  mo, r
DP_OP_1318J1_122_250/U8   HADDX1_LVT      saed32lvt_ss0p75v125c
                                                          3.303872  mo, r
DP_OP_1318J1_122_250/U9   HADDX1_LVT      saed32lvt_ss0p75v125c
                                                          3.303872  mo, r
DP_OP_1318J1_122_250/U10  HADDX1_LVT      saed32lvt_ss0p75v125c
                                                          3.303872  mo, r
DP_OP_1318J1_122_250/U11  HADDX1_LVT      saed32lvt_ss0p75v125c
                                                          3.303872  mo, r
DP_OP_1318J1_122_250/U12  HADDX1_LVT      saed32lvt_ss0p75v125c
                                                          3.303872  mo, r
DP_OP_1318J1_122_250/U13  HADDX1_LVT      saed32lvt_ss0p75v125c
                                                          3.303872  mo, r
DP_OP_1318J1_122_250/U14  HADDX1_LVT      saed32lvt_ss0p75v125c
                                                          3.303872  mo, r
DP_OP_1318J1_122_250/U15  HADDX1_LVT      saed32lvt_ss0p75v125c
                                                          3.303872  mo, r
DP_OP_1323J1_130_3005/U4  HADDX1_LVT      saed32lvt_ss0p75v125c
                                                          3.303872  mo, r
DP_OP_1323J1_130_3005/U5  HADDX1_LVT      saed32lvt_ss0p75v125c
                                                          3.303872  mo, r
DP_OP_1323J1_130_3005/U6  HADDX1_LVT      saed32lvt_ss0p75v125c
                                                          3.303872  mo, r
DP_OP_1323J1_130_3005/U7  HADDX1_LVT      saed32lvt_ss0p75v125c
                                                          3.303872  mo, r
DP_OP_1323J1_130_3005/U8  HADDX1_LVT      saed32lvt_ss0p75v125c
                                                          3.303872  mo, r
DP_OP_1323J1_130_3005/U9  HADDX1_LVT      saed32lvt_ss0p75v125c
                                                          3.303872  mo, r
DP_OP_1323J1_130_3005/U10 HADDX1_LVT      saed32lvt_ss0p75v125c
                                                          3.303872  mo, r
DP_OP_1323J1_130_3005/U11 HADDX1_LVT      saed32lvt_ss0p75v125c
                                                          3.303872  mo, r
DP_OP_1323J1_130_3005/U12 HADDX1_LVT      saed32lvt_ss0p75v125c
                                                          3.303872  mo, r
DP_OP_1323J1_130_3005/U13 HADDX1_LVT      saed32lvt_ss0p75v125c
                                                          3.303872  mo, r
DP_OP_1323J1_130_3005/U14 HADDX1_LVT      saed32lvt_ss0p75v125c
                                                          3.303872  mo, r
DP_OP_1323J1_130_3005/U15 HADDX1_LVT      saed32lvt_ss0p75v125c
                                                          3.303872  mo, r
DP_OP_1328J1_138_5760/U4  HADDX1_LVT      saed32lvt_ss0p75v125c
                                                          3.303872  mo, r
DP_OP_1328J1_138_5760/U5  HADDX1_LVT      saed32lvt_ss0p75v125c
                                                          3.303872  mo, r
DP_OP_1328J1_138_5760/U6  HADDX1_LVT      saed32lvt_ss0p75v125c
                                                          3.303872  mo, r
DP_OP_1328J1_138_5760/U7  HADDX1_LVT      saed32lvt_ss0p75v125c
                                                          3.303872  mo, r
DP_OP_1328J1_138_5760/U8  HADDX1_LVT      saed32lvt_ss0p75v125c
                                                          3.303872  mo, r
DP_OP_1328J1_138_5760/U9  HADDX1_LVT      saed32lvt_ss0p75v125c
                                                          3.303872  mo, r
DP_OP_1328J1_138_5760/U10 HADDX1_LVT      saed32lvt_ss0p75v125c
                                                          3.303872  mo, r
DP_OP_1328J1_138_5760/U11 HADDX1_LVT      saed32lvt_ss0p75v125c
                                                          3.303872  mo, r
DP_OP_1328J1_138_5760/U12 HADDX1_LVT      saed32lvt_ss0p75v125c
                                                          3.303872  mo, r
DP_OP_1328J1_138_5760/U13 HADDX1_LVT      saed32lvt_ss0p75v125c
                                                          3.303872  mo, r
DP_OP_1328J1_138_5760/U14 HADDX1_LVT      saed32lvt_ss0p75v125c
                                                          3.303872  mo, r
DP_OP_1328J1_138_5760/U15 HADDX1_LVT      saed32lvt_ss0p75v125c
                                                          3.303872  mo, r
U1102                     INVX1_LVT       saed32lvt_ss0p75v125c
                                                          1.270720  
U1103                     INVX1_LVT       saed32lvt_ss0p75v125c
                                                          1.270720  
U1104                     INVX1_LVT       saed32lvt_ss0p75v125c
                                                          1.270720  
U1105                     INVX1_LVT       saed32lvt_ss0p75v125c
                                                          1.270720  
U1106                     INVX1_LVT       saed32lvt_ss0p75v125c
                                                          1.270720  
U1107                     INVX1_LVT       saed32lvt_ss0p75v125c
                                                          1.270720  
U1108                     INVX1_LVT       saed32lvt_ss0p75v125c
                                                          1.270720  
U1109                     INVX1_LVT       saed32lvt_ss0p75v125c
                                                          1.270720  
U1110                     INVX1_LVT       saed32lvt_ss0p75v125c
                                                          1.270720  
U1111                     INVX1_LVT       saed32lvt_ss0p75v125c
                                                          1.270720  
U1112                     INVX1_LVT       saed32lvt_ss0p75v125c
                                                          1.270720  
U1113                     INVX1_LVT       saed32lvt_ss0p75v125c
                                                          1.270720  
U1114                     INVX1_LVT       saed32lvt_ss0p75v125c
                                                          1.270720  
U1115                     INVX1_LVT       saed32lvt_ss0p75v125c
                                                          1.270720  
U1116                     INVX1_LVT       saed32lvt_ss0p75v125c
                                                          1.270720  
U1117                     INVX1_LVT       saed32lvt_ss0p75v125c
                                                          1.270720  
U1118                     INVX1_LVT       saed32lvt_ss0p75v125c
                                                          1.270720  
U1119                     INVX1_LVT       saed32lvt_ss0p75v125c
                                                          1.270720  
U1120                     INVX1_LVT       saed32lvt_ss0p75v125c
                                                          1.270720  
U1121                     INVX1_LVT       saed32lvt_ss0p75v125c
                                                          1.270720  
U1122                     INVX1_LVT       saed32lvt_ss0p75v125c
                                                          1.270720  
U1123                     INVX1_LVT       saed32lvt_ss0p75v125c
                                                          1.270720  
U1124                     INVX1_LVT       saed32lvt_ss0p75v125c
                                                          1.270720  
U1125                     INVX1_LVT       saed32lvt_ss0p75v125c
                                                          1.270720  
U1126                     INVX1_LVT       saed32lvt_ss0p75v125c
                                                          1.270720  
U1127                     INVX1_LVT       saed32lvt_ss0p75v125c
                                                          1.270720  
U1128                     INVX1_LVT       saed32lvt_ss0p75v125c
                                                          1.270720  
U1129                     AND3X1_LVT      saed32lvt_ss0p75v125c
                                                          2.287296  
U1130                     INVX1_LVT       saed32lvt_ss0p75v125c
                                                          1.270720  
U1131                     INVX1_LVT       saed32lvt_ss0p75v125c
                                                          1.270720  
U1132                     INVX1_LVT       saed32lvt_ss0p75v125c
                                                          1.270720  
U1133                     INVX1_LVT       saed32lvt_ss0p75v125c
                                                          1.270720  
U1134                     INVX1_LVT       saed32lvt_ss0p75v125c
                                                          1.270720  
U1135                     AND2X1_LVT      saed32lvt_ss0p75v125c
                                                          2.033152  
U1136                     INVX1_LVT       saed32lvt_ss0p75v125c
                                                          1.270720  
U1137                     INVX1_LVT       saed32lvt_ss0p75v125c
                                                          1.270720  
U1138                     INVX1_LVT       saed32lvt_ss0p75v125c
                                                          1.270720  
U1139                     AND3X1_LVT      saed32lvt_ss0p75v125c
                                                          2.287296  
U1140                     INVX1_LVT       saed32lvt_ss0p75v125c
                                                          1.270720  
U1141                     INVX1_LVT       saed32lvt_ss0p75v125c
                                                          1.270720  
U1142                     INVX1_LVT       saed32lvt_ss0p75v125c
                                                          1.270720  
U1143                     INVX1_LVT       saed32lvt_ss0p75v125c
                                                          1.270720  
U1144                     AND2X1_LVT      saed32lvt_ss0p75v125c
                                                          2.033152  
U1145                     INVX1_LVT       saed32lvt_ss0p75v125c
                                                          1.270720  
U1146                     INVX1_LVT       saed32lvt_ss0p75v125c
                                                          1.270720  
U1147                     INVX1_LVT       saed32lvt_ss0p75v125c
                                                          1.270720  
U1148                     INVX1_LVT       saed32lvt_ss0p75v125c
                                                          1.270720  
U1149                     INVX1_LVT       saed32lvt_ss0p75v125c
                                                          1.270720  
U1150                     INVX1_LVT       saed32lvt_ss0p75v125c
                                                          1.270720  
U1151                     INVX1_LVT       saed32lvt_ss0p75v125c
                                                          1.270720  
U1152                     INVX1_LVT       saed32lvt_ss0p75v125c
                                                          1.270720  
U1153                     XNOR2X1_LVT     saed32lvt_ss0p75v125c
                                                          4.320448  
U1154                     XNOR2X1_LVT     saed32lvt_ss0p75v125c
                                                          4.320448  
U1155                     INVX1_LVT       saed32lvt_ss0p75v125c
                                                          1.270720  
U1156                     AOI21X1_LVT     saed32lvt_ss0p75v125c
                                                          3.049728  
U1157                     AND2X1_LVT      saed32lvt_ss0p75v125c
                                                          2.033152  
U1158                     AND3X1_LVT      saed32lvt_ss0p75v125c
                                                          2.287296  
U1159                     XOR2X1_LVT      saed32lvt_ss0p75v125c
                                                          4.320448  
U1160                     XOR2X1_LVT      saed32lvt_ss0p75v125c
                                                          4.320448  
U1161                     XOR2X1_LVT      saed32lvt_ss0p75v125c
                                                          4.320448  
U1162                     AO222X1_LVT     saed32lvt_ss0p75v125c
                                                          3.303872  
U1163                     AO222X1_LVT     saed32lvt_ss0p75v125c
                                                          3.303872  
U1164                     AO222X1_LVT     saed32lvt_ss0p75v125c
                                                          3.303872  
U1165                     AND2X1_LVT      saed32lvt_ss0p75v125c
                                                          2.033152  
U1166                     INVX1_LVT       saed32lvt_ss0p75v125c
                                                          1.270720  
U1167                     INVX1_LVT       saed32lvt_ss0p75v125c
                                                          1.270720  
U1168                     INVX1_LVT       saed32lvt_ss0p75v125c
                                                          1.270720  
U1169                     INVX1_LVT       saed32lvt_ss0p75v125c
                                                          1.270720  
U1170                     INVX1_LVT       saed32lvt_ss0p75v125c
                                                          1.270720  
U1171                     INVX1_LVT       saed32lvt_ss0p75v125c
                                                          1.270720  
U1172                     NAND3X0_LVT     saed32lvt_ss0p75v125c
                                                          1.779008  
U1173                     NOR3X0_LVT      saed32lvt_ss0p75v125c
                                                          2.795584  
U1174                     INVX1_LVT       saed32lvt_ss0p75v125c
                                                          1.270720  
U1175                     NAND4X0_LVT     saed32lvt_ss0p75v125c
                                                          2.033152  
U1176                     NAND3X0_LVT     saed32lvt_ss0p75v125c
                                                          1.779008  
U1177                     NAND3X0_LVT     saed32lvt_ss0p75v125c
                                                          1.779008  
U1178                     INVX1_LVT       saed32lvt_ss0p75v125c
                                                          1.270720  
U1179                     NAND3X0_LVT     saed32lvt_ss0p75v125c
                                                          1.779008  
U1180                     INVX1_LVT       saed32lvt_ss0p75v125c
                                                          1.270720  
U1181                     NAND2X0_LVT     saed32lvt_ss0p75v125c
                                                          1.524864  
U1182                     NAND2X0_LVT     saed32lvt_ss0p75v125c
                                                          1.524864  
U1183                     NAND2X0_LVT     saed32lvt_ss0p75v125c
                                                          1.524864  
U1184                     NOR3X0_LVT      saed32lvt_ss0p75v125c
                                                          2.795584  
U1185                     AND2X1_LVT      saed32lvt_ss0p75v125c
                                                          2.033152  
U1186                     AND2X1_LVT      saed32lvt_ss0p75v125c
                                                          2.033152  
U1187                     AO221X1_LVT     saed32lvt_ss0p75v125c
                                                          3.049728  
U1188                     INVX1_LVT       saed32lvt_ss0p75v125c
                                                          1.270720  
U1189                     AO21X1_LVT      saed32lvt_ss0p75v125c
                                                          2.541440  
U1190                     AND2X1_LVT      saed32lvt_ss0p75v125c
                                                          2.033152  
U1191                     NAND2X0_LVT     saed32lvt_ss0p75v125c
                                                          1.524864  
U1192                     AO22X1_LVT      saed32lvt_ss0p75v125c
                                                          2.541440  
U1193                     AO21X1_LVT      saed32lvt_ss0p75v125c
                                                          2.541440  
U1194                     AO21X1_LVT      saed32lvt_ss0p75v125c
                                                          2.541440  
U1195                     NAND4X0_LVT     saed32lvt_ss0p75v125c
                                                          2.033152  
U1196                     INVX1_LVT       saed32lvt_ss0p75v125c
                                                          1.270720  
U1197                     AO22X1_LVT      saed32lvt_ss0p75v125c
                                                          2.541440  
U1198                     AND2X1_LVT      saed32lvt_ss0p75v125c
                                                          2.033152  
U1199                     AO22X1_LVT      saed32lvt_ss0p75v125c
                                                          2.541440  
U1200                     OR3X1_LVT       saed32lvt_ss0p75v125c
                                                          2.287296  
U1201                     INVX1_LVT       saed32lvt_ss0p75v125c
                                                          1.270720  
U1202                     OA22X1_LVT      saed32lvt_ss0p75v125c
                                                          2.541440  
U1203                     OA22X1_LVT      saed32lvt_ss0p75v125c
                                                          2.541440  
U1204                     INVX1_LVT       saed32lvt_ss0p75v125c
                                                          1.270720  
U1205                     AO221X1_LVT     saed32lvt_ss0p75v125c
                                                          3.049728  
U1206                     OR3X1_LVT       saed32lvt_ss0p75v125c
                                                          2.287296  
U1207                     INVX1_LVT       saed32lvt_ss0p75v125c
                                                          1.270720  
U1208                     NAND2X0_LVT     saed32lvt_ss0p75v125c
                                                          1.524864  
U1209                     NAND2X0_LVT     saed32lvt_ss0p75v125c
                                                          1.524864  
U1210                     NAND4X0_LVT     saed32lvt_ss0p75v125c
                                                          2.033152  
U1211                     INVX1_LVT       saed32lvt_ss0p75v125c
                                                          1.270720  
U1212                     OA22X1_LVT      saed32lvt_ss0p75v125c
                                                          2.541440  
U1213                     NAND2X0_LVT     saed32lvt_ss0p75v125c
                                                          1.524864  
U1214                     OA22X1_LVT      saed32lvt_ss0p75v125c
                                                          2.541440  
U1215                     NAND2X0_LVT     saed32lvt_ss0p75v125c
                                                          1.524864  
U1216                     INVX1_LVT       saed32lvt_ss0p75v125c
                                                          1.270720  
U1217                     NAND2X0_LVT     saed32lvt_ss0p75v125c
                                                          1.524864  
U1218                     INVX1_LVT       saed32lvt_ss0p75v125c
                                                          1.270720  
U1219                     NAND2X0_LVT     saed32lvt_ss0p75v125c
                                                          1.524864  
U1220                     NAND4X0_LVT     saed32lvt_ss0p75v125c
                                                          2.033152  
U1221                     INVX1_LVT       saed32lvt_ss0p75v125c
                                                          1.270720  
U1222                     AOI22X1_LVT     saed32lvt_ss0p75v125c
                                                          3.049728  
U1223                     NAND4X0_LVT     saed32lvt_ss0p75v125c
                                                          2.033152  
U1224                     INVX1_LVT       saed32lvt_ss0p75v125c
                                                          1.270720  
U1225                     OR3X1_LVT       saed32lvt_ss0p75v125c
                                                          2.287296  
U1226                     AND2X1_LVT      saed32lvt_ss0p75v125c
                                                          2.033152  
U1227                     AO21X1_LVT      saed32lvt_ss0p75v125c
                                                          2.541440  
U1228                     OA22X1_LVT      saed32lvt_ss0p75v125c
                                                          2.541440  
U1229                     OA22X1_LVT      saed32lvt_ss0p75v125c
                                                          2.541440  
U1230                     OA22X1_LVT      saed32lvt_ss0p75v125c
                                                          2.541440  
U1231                     NAND2X0_LVT     saed32lvt_ss0p75v125c
                                                          1.524864  
U1232                     NAND4X0_LVT     saed32lvt_ss0p75v125c
                                                          2.033152  
U1233                     AO21X1_LVT      saed32lvt_ss0p75v125c
                                                          2.541440  
U1234                     INVX1_LVT       saed32lvt_ss0p75v125c
                                                          1.270720  
U1235                     OA22X1_LVT      saed32lvt_ss0p75v125c
                                                          2.541440  
U1236                     OA22X1_LVT      saed32lvt_ss0p75v125c
                                                          2.541440  
U1237                     OA22X1_LVT      saed32lvt_ss0p75v125c
                                                          2.541440  
U1238                     NAND2X0_LVT     saed32lvt_ss0p75v125c
                                                          1.524864  
U1239                     NAND4X0_LVT     saed32lvt_ss0p75v125c
                                                          2.033152  
U1240                     AO21X1_LVT      saed32lvt_ss0p75v125c
                                                          2.541440  
U1241                     INVX1_LVT       saed32lvt_ss0p75v125c
                                                          1.270720  
U1242                     OA22X1_LVT      saed32lvt_ss0p75v125c
                                                          2.541440  
U1243                     OA22X1_LVT      saed32lvt_ss0p75v125c
                                                          2.541440  
U1244                     AND2X1_LVT      saed32lvt_ss0p75v125c
                                                          2.033152  
U1245                     INVX1_LVT       saed32lvt_ss0p75v125c
                                                          1.270720  
U1246                     OA22X1_LVT      saed32lvt_ss0p75v125c
                                                          2.541440  
U1247                     NAND2X0_LVT     saed32lvt_ss0p75v125c
                                                          1.524864  
U1248                     NAND4X0_LVT     saed32lvt_ss0p75v125c
                                                          2.033152  
U1249                     INVX1_LVT       saed32lvt_ss0p75v125c
                                                          1.270720  
U1250                     AND2X1_LVT      saed32lvt_ss0p75v125c
                                                          2.033152  
U1251                     OA22X1_LVT      saed32lvt_ss0p75v125c
                                                          2.541440  
U1252                     OA22X1_LVT      saed32lvt_ss0p75v125c
                                                          2.541440  
U1253                     NAND2X0_LVT     saed32lvt_ss0p75v125c
                                                          1.524864  
U1254                     NAND2X0_LVT     saed32lvt_ss0p75v125c
                                                          1.524864  
U1255                     NAND4X0_LVT     saed32lvt_ss0p75v125c
                                                          2.033152  
U1256                     AO22X1_LVT      saed32lvt_ss0p75v125c
                                                          2.541440  
U1257                     AND2X1_LVT      saed32lvt_ss0p75v125c
                                                          2.033152  
U1258                     NAND2X0_LVT     saed32lvt_ss0p75v125c
                                                          1.524864  
U1259                     AO22X1_LVT      saed32lvt_ss0p75v125c
                                                          2.541440  
U1260                     OR3X1_LVT       saed32lvt_ss0p75v125c
                                                          2.287296  
U1261                     INVX1_LVT       saed32lvt_ss0p75v125c
                                                          1.270720  
U1262                     NOR2X0_LVT      saed32lvt_ss0p75v125c
                                                          2.541440  
U1263                     OA22X1_LVT      saed32lvt_ss0p75v125c
                                                          2.541440  
U1264                     NAND2X0_LVT     saed32lvt_ss0p75v125c
                                                          1.524864  
U1265                     NAND2X0_LVT     saed32lvt_ss0p75v125c
                                                          1.524864  
U1266                     NAND3X0_LVT     saed32lvt_ss0p75v125c
                                                          1.779008  
U1267                     INVX1_LVT       saed32lvt_ss0p75v125c
                                                          1.270720  
U1268                     NAND2X0_LVT     saed32lvt_ss0p75v125c
                                                          1.524864  
U1269                     INVX1_LVT       saed32lvt_ss0p75v125c
                                                          1.270720  
U1270                     OR2X1_LVT       saed32lvt_ss0p75v125c
                                                          2.033152  
U1271                     AND2X1_LVT      saed32lvt_ss0p75v125c
                                                          2.033152  
U1272                     AO21X1_LVT      saed32lvt_ss0p75v125c
                                                          2.541440  
U1273                     INVX1_LVT       saed32lvt_ss0p75v125c
                                                          1.270720  
U1274                     AO21X1_LVT      saed32lvt_ss0p75v125c
                                                          2.541440  
U1275                     INVX1_LVT       saed32lvt_ss0p75v125c
                                                          1.270720  
U1276                     NAND2X0_LVT     saed32lvt_ss0p75v125c
                                                          1.524864  
U1277                     AO221X1_LVT     saed32lvt_ss0p75v125c
                                                          3.049728  
U1278                     INVX1_LVT       saed32lvt_ss0p75v125c
                                                          1.270720  
U1279                     AO22X1_LVT      saed32lvt_ss0p75v125c
                                                          2.541440  
U1280                     AO21X1_LVT      saed32lvt_ss0p75v125c
                                                          2.541440  
U1281                     AO21X1_LVT      saed32lvt_ss0p75v125c
                                                          2.541440  
U1282                     INVX1_LVT       saed32lvt_ss0p75v125c
                                                          1.270720  
U1283                     AO22X1_LVT      saed32lvt_ss0p75v125c
                                                          2.541440  
U1284                     AND2X1_LVT      saed32lvt_ss0p75v125c
                                                          2.033152  
U1285                     AO22X1_LVT      saed32lvt_ss0p75v125c
                                                          2.541440  
U1286                     OR3X1_LVT       saed32lvt_ss0p75v125c
                                                          2.287296  
U1287                     INVX1_LVT       saed32lvt_ss0p75v125c
                                                          1.270720  
U1288                     OA22X1_LVT      saed32lvt_ss0p75v125c
                                                          2.541440  
U1289                     OA22X1_LVT      saed32lvt_ss0p75v125c
                                                          2.541440  
U1290                     NAND2X0_LVT     saed32lvt_ss0p75v125c
                                                          1.524864  
U1291                     NAND2X0_LVT     saed32lvt_ss0p75v125c
                                                          1.524864  
U1292                     NAND4X0_LVT     saed32lvt_ss0p75v125c
                                                          2.033152  
U1293                     INVX1_LVT       saed32lvt_ss0p75v125c
                                                          1.270720  
U1294                     OA22X1_LVT      saed32lvt_ss0p75v125c
                                                          2.541440  
U1295                     NAND2X0_LVT     saed32lvt_ss0p75v125c
                                                          1.524864  
U1296                     OA22X1_LVT      saed32lvt_ss0p75v125c
                                                          2.541440  
U1297                     AOI22X1_LVT     saed32lvt_ss0p75v125c
                                                          3.049728  
U1298                     NAND4X0_LVT     saed32lvt_ss0p75v125c
                                                          2.033152  
U1299                     OA22X1_LVT      saed32lvt_ss0p75v125c
                                                          2.541440  
U1300                     OA22X1_LVT      saed32lvt_ss0p75v125c
                                                          2.541440  
U1301                     OA22X1_LVT      saed32lvt_ss0p75v125c
                                                          2.541440  
U1302                     NAND2X0_LVT     saed32lvt_ss0p75v125c
                                                          1.524864  
U1303                     NAND4X0_LVT     saed32lvt_ss0p75v125c
                                                          2.033152  
U1304                     AO21X1_LVT      saed32lvt_ss0p75v125c
                                                          2.541440  
U1305                     INVX1_LVT       saed32lvt_ss0p75v125c
                                                          1.270720  
U1306                     OA22X1_LVT      saed32lvt_ss0p75v125c
                                                          2.541440  
U1307                     OA22X1_LVT      saed32lvt_ss0p75v125c
                                                          2.541440  
U1308                     OA22X1_LVT      saed32lvt_ss0p75v125c
                                                          2.541440  
U1309                     NAND2X0_LVT     saed32lvt_ss0p75v125c
                                                          1.524864  
U1310                     NAND4X0_LVT     saed32lvt_ss0p75v125c
                                                          2.033152  
U1311                     AO21X1_LVT      saed32lvt_ss0p75v125c
                                                          2.541440  
U1312                     INVX1_LVT       saed32lvt_ss0p75v125c
                                                          1.270720  
U1313                     OA22X1_LVT      saed32lvt_ss0p75v125c
                                                          2.541440  
U1314                     OA22X1_LVT      saed32lvt_ss0p75v125c
                                                          2.541440  
U1315                     OA22X1_LVT      saed32lvt_ss0p75v125c
                                                          2.541440  
U1316                     NAND2X0_LVT     saed32lvt_ss0p75v125c
                                                          1.524864  
U1317                     NAND4X0_LVT     saed32lvt_ss0p75v125c
                                                          2.033152  
U1318                     INVX1_LVT       saed32lvt_ss0p75v125c
                                                          1.270720  
U1319                     OA22X1_LVT      saed32lvt_ss0p75v125c
                                                          2.541440  
U1320                     OA22X1_LVT      saed32lvt_ss0p75v125c
                                                          2.541440  
U1321                     NAND2X0_LVT     saed32lvt_ss0p75v125c
                                                          1.524864  
U1322                     NAND2X0_LVT     saed32lvt_ss0p75v125c
                                                          1.524864  
U1323                     NAND4X0_LVT     saed32lvt_ss0p75v125c
                                                          2.033152  
U1324                     INVX1_LVT       saed32lvt_ss0p75v125c
                                                          1.270720  
U1325                     AO22X1_LVT      saed32lvt_ss0p75v125c
                                                          2.541440  
U1326                     AND2X1_LVT      saed32lvt_ss0p75v125c
                                                          2.033152  
U1327                     AO22X1_LVT      saed32lvt_ss0p75v125c
                                                          2.541440  
U1328                     OR3X1_LVT       saed32lvt_ss0p75v125c
                                                          2.287296  
U1329                     INVX1_LVT       saed32lvt_ss0p75v125c
                                                          1.270720  
U1330                     OA22X1_LVT      saed32lvt_ss0p75v125c
                                                          2.541440  
U1331                     NAND2X0_LVT     saed32lvt_ss0p75v125c
                                                          1.524864  
U1332                     NAND2X0_LVT     saed32lvt_ss0p75v125c
                                                          1.524864  
U1333                     NAND3X0_LVT     saed32lvt_ss0p75v125c
                                                          1.779008  
U1334                     INVX1_LVT       saed32lvt_ss0p75v125c
                                                          1.270720  
U1335                     INVX1_LVT       saed32lvt_ss0p75v125c
                                                          1.270720  
U1336                     AND2X1_LVT      saed32lvt_ss0p75v125c
                                                          2.033152  
U1337                     AO21X1_LVT      saed32lvt_ss0p75v125c
                                                          2.541440  
U1338                     XNOR2X1_LVT     saed32lvt_ss0p75v125c
                                                          4.320448  
U1339                     AO21X1_LVT      saed32lvt_ss0p75v125c
                                                          2.541440  
U1340                     INVX1_LVT       saed32lvt_ss0p75v125c
                                                          1.270720  
U1341                     AND2X1_LVT      saed32lvt_ss0p75v125c
                                                          2.033152  
U1342                     AO221X1_LVT     saed32lvt_ss0p75v125c
                                                          3.049728  
U1343                     INVX1_LVT       saed32lvt_ss0p75v125c
                                                          1.270720  
U1344                     AO22X1_LVT      saed32lvt_ss0p75v125c
                                                          2.541440  
U1345                     AO21X1_LVT      saed32lvt_ss0p75v125c
                                                          2.541440  
U1346                     AO21X1_LVT      saed32lvt_ss0p75v125c
                                                          2.541440  
U1347                     INVX1_LVT       saed32lvt_ss0p75v125c
                                                          1.270720  
U1348                     AO22X1_LVT      saed32lvt_ss0p75v125c
                                                          2.541440  
U1349                     AND2X1_LVT      saed32lvt_ss0p75v125c
                                                          2.033152  
U1350                     AO22X1_LVT      saed32lvt_ss0p75v125c
                                                          2.541440  
U1351                     OR3X1_LVT       saed32lvt_ss0p75v125c
                                                          2.287296  
U1352                     INVX1_LVT       saed32lvt_ss0p75v125c
                                                          1.270720  
U1353                     OA22X1_LVT      saed32lvt_ss0p75v125c
                                                          2.541440  
U1354                     OA22X1_LVT      saed32lvt_ss0p75v125c
                                                          2.541440  
U1355                     NAND2X0_LVT     saed32lvt_ss0p75v125c
                                                          1.524864  
U1356                     NAND2X0_LVT     saed32lvt_ss0p75v125c
                                                          1.524864  
U1357                     NAND4X0_LVT     saed32lvt_ss0p75v125c
                                                          2.033152  
U1358                     INVX1_LVT       saed32lvt_ss0p75v125c
                                                          1.270720  
U1359                     OA22X1_LVT      saed32lvt_ss0p75v125c
                                                          2.541440  
U1360                     NAND2X0_LVT     saed32lvt_ss0p75v125c
                                                          1.524864  
U1361                     OA22X1_LVT      saed32lvt_ss0p75v125c
                                                          2.541440  
U1362                     AOI22X1_LVT     saed32lvt_ss0p75v125c
                                                          3.049728  
U1363                     NAND4X0_LVT     saed32lvt_ss0p75v125c
                                                          2.033152  
U1364                     INVX1_LVT       saed32lvt_ss0p75v125c
                                                          1.270720  
U1365                     OA22X1_LVT      saed32lvt_ss0p75v125c
                                                          2.541440  
U1366                     OA22X1_LVT      saed32lvt_ss0p75v125c
                                                          2.541440  
U1367                     OA22X1_LVT      saed32lvt_ss0p75v125c
                                                          2.541440  
U1368                     NAND2X0_LVT     saed32lvt_ss0p75v125c
                                                          1.524864  
U1369                     NAND4X0_LVT     saed32lvt_ss0p75v125c
                                                          2.033152  
U1370                     AO21X1_LVT      saed32lvt_ss0p75v125c
                                                          2.541440  
U1371                     OA22X1_LVT      saed32lvt_ss0p75v125c
                                                          2.541440  
U1372                     OA22X1_LVT      saed32lvt_ss0p75v125c
                                                          2.541440  
U1373                     OA22X1_LVT      saed32lvt_ss0p75v125c
                                                          2.541440  
U1374                     NAND2X0_LVT     saed32lvt_ss0p75v125c
                                                          1.524864  
U1375                     NAND4X0_LVT     saed32lvt_ss0p75v125c
                                                          2.033152  
U1376                     AO21X1_LVT      saed32lvt_ss0p75v125c
                                                          2.541440  
U1377                     INVX1_LVT       saed32lvt_ss0p75v125c
                                                          1.270720  
U1378                     OA22X1_LVT      saed32lvt_ss0p75v125c
                                                          2.541440  
U1379                     OA22X1_LVT      saed32lvt_ss0p75v125c
                                                          2.541440  
U1380                     OA22X1_LVT      saed32lvt_ss0p75v125c
                                                          2.541440  
U1381                     NAND2X0_LVT     saed32lvt_ss0p75v125c
                                                          1.524864  
U1382                     NAND4X0_LVT     saed32lvt_ss0p75v125c
                                                          2.033152  
U1383                     INVX1_LVT       saed32lvt_ss0p75v125c
                                                          1.270720  
U1384                     OA22X1_LVT      saed32lvt_ss0p75v125c
                                                          2.541440  
U1385                     OA22X1_LVT      saed32lvt_ss0p75v125c
                                                          2.541440  
U1386                     NAND2X0_LVT     saed32lvt_ss0p75v125c
                                                          1.524864  
U1387                     NAND2X0_LVT     saed32lvt_ss0p75v125c
                                                          1.524864  
U1388                     NAND4X0_LVT     saed32lvt_ss0p75v125c
                                                          2.033152  
U1389                     INVX1_LVT       saed32lvt_ss0p75v125c
                                                          1.270720  
U1390                     AO22X1_LVT      saed32lvt_ss0p75v125c
                                                          2.541440  
U1391                     AND2X1_LVT      saed32lvt_ss0p75v125c
                                                          2.033152  
U1392                     AO22X1_LVT      saed32lvt_ss0p75v125c
                                                          2.541440  
U1393                     OR3X1_LVT       saed32lvt_ss0p75v125c
                                                          2.287296  
U1394                     INVX1_LVT       saed32lvt_ss0p75v125c
                                                          1.270720  
U1395                     OA22X1_LVT      saed32lvt_ss0p75v125c
                                                          2.541440  
U1396                     NAND2X0_LVT     saed32lvt_ss0p75v125c
                                                          1.524864  
U1397                     NAND2X0_LVT     saed32lvt_ss0p75v125c
                                                          1.524864  
U1398                     NAND3X0_LVT     saed32lvt_ss0p75v125c
                                                          1.779008  
U1399                     INVX1_LVT       saed32lvt_ss0p75v125c
                                                          1.270720  
U1400                     INVX1_LVT       saed32lvt_ss0p75v125c
                                                          1.270720  
U1401                     AND2X1_LVT      saed32lvt_ss0p75v125c
                                                          2.033152  
U1402                     AO21X1_LVT      saed32lvt_ss0p75v125c
                                                          2.541440  
U1403                     AO21X1_LVT      saed32lvt_ss0p75v125c
                                                          2.541440  
U1404                     INVX1_LVT       saed32lvt_ss0p75v125c
                                                          1.270720  
U1405                     AND2X1_LVT      saed32lvt_ss0p75v125c
                                                          2.033152  
U1406                     AND3X1_LVT      saed32lvt_ss0p75v125c
                                                          2.287296  
U1407                     AND2X1_LVT      saed32lvt_ss0p75v125c
                                                          2.033152  
U1408                     NBUFFX2_LVT     saed32lvt_ss0p75v125c
                                                          2.033152  
U1409                     INVX1_LVT       saed32lvt_ss0p75v125c
                                                          1.270720  
U1410                     INVX1_LVT       saed32lvt_ss0p75v125c
                                                          1.270720  
U1411                     NOR2X0_LVT      saed32lvt_ss0p75v125c
                                                          2.541440  
U1412                     AO21X1_LVT      saed32lvt_ss0p75v125c
                                                          2.541440  
U1413                     NAND2X0_LVT     saed32lvt_ss0p75v125c
                                                          1.524864  
U1414                     NBUFFX2_LVT     saed32lvt_ss0p75v125c
                                                          2.033152  
U1415                     NBUFFX2_LVT     saed32lvt_ss0p75v125c
                                                          2.033152  
U1416                     AND3X1_LVT      saed32lvt_ss0p75v125c
                                                          2.287296  
U1417                     AO22X1_LVT      saed32lvt_ss0p75v125c
                                                          2.541440  
U1418                     AND4X1_LVT      saed32lvt_ss0p75v125c
                                                          2.541440  
U1419                     NBUFFX2_LVT     saed32lvt_ss0p75v125c
                                                          2.033152  
U1420                     AND4X1_LVT      saed32lvt_ss0p75v125c
                                                          2.541440  
U1421                     NBUFFX2_LVT     saed32lvt_ss0p75v125c
                                                          2.033152  
U1422                     AO22X1_LVT      saed32lvt_ss0p75v125c
                                                          2.541440  
U1423                     NAND3X0_LVT     saed32lvt_ss0p75v125c
                                                          1.779008  
U1424                     INVX1_LVT       saed32lvt_ss0p75v125c
                                                          1.270720  
U1425                     NAND2X0_LVT     saed32lvt_ss0p75v125c
                                                          1.524864  
U1426                     AO21X1_LVT      saed32lvt_ss0p75v125c
                                                          2.541440  
U1427                     NAND2X0_LVT     saed32lvt_ss0p75v125c
                                                          1.524864  
U1428                     NAND2X0_LVT     saed32lvt_ss0p75v125c
                                                          1.524864  
U1429                     AOI21X1_LVT     saed32lvt_ss0p75v125c
                                                          3.049728  
U1430                     AND4X1_LVT      saed32lvt_ss0p75v125c
                                                          2.541440  
U1431                     AND4X1_LVT      saed32lvt_ss0p75v125c
                                                          2.541440  
U1432                     AOI22X1_LVT     saed32lvt_ss0p75v125c
                                                          3.049728  
U1433                     NBUFFX2_LVT     saed32lvt_ss0p75v125c
                                                          2.033152  
U1434                     NAND2X0_LVT     saed32lvt_ss0p75v125c
                                                          1.524864  
U1435                     NAND3X0_LVT     saed32lvt_ss0p75v125c
                                                          1.779008  
U1436                     OR3X1_LVT       saed32lvt_ss0p75v125c
                                                          2.287296  
U1437                     XOR2X1_LVT      saed32lvt_ss0p75v125c
                                                          4.320448  
U1438                     AND2X1_LVT      saed32lvt_ss0p75v125c
                                                          2.033152  
U1439                     AO22X1_LVT      saed32lvt_ss0p75v125c
                                                          2.541440  
U1440                     AO22X1_LVT      saed32lvt_ss0p75v125c
                                                          2.541440  
U1441                     AO22X1_LVT      saed32lvt_ss0p75v125c
                                                          2.541440  
U1442                     NOR3X0_LVT      saed32lvt_ss0p75v125c
                                                          2.795584  
U1443                     NAND2X0_LVT     saed32lvt_ss0p75v125c
                                                          1.524864  
U1444                     NAND2X0_LVT     saed32lvt_ss0p75v125c
                                                          1.524864  
U1445                     NAND3X0_LVT     saed32lvt_ss0p75v125c
                                                          1.779008  
U1446                     XOR2X1_LVT      saed32lvt_ss0p75v125c
                                                          4.320448  
U1447                     INVX1_LVT       saed32lvt_ss0p75v125c
                                                          1.270720  
U1448                     INVX1_LVT       saed32lvt_ss0p75v125c
                                                          1.270720  
U1449                     INVX1_LVT       saed32lvt_ss0p75v125c
                                                          1.270720  
U1450                     INVX1_LVT       saed32lvt_ss0p75v125c
                                                          1.270720  
U1451                     AND2X1_LVT      saed32lvt_ss0p75v125c
                                                          2.033152  
U1452                     AO22X1_LVT      saed32lvt_ss0p75v125c
                                                          2.541440  
U1453                     AO22X1_LVT      saed32lvt_ss0p75v125c
                                                          2.541440  
U1454                     AO22X1_LVT      saed32lvt_ss0p75v125c
                                                          2.541440  
U1455                     NOR3X0_LVT      saed32lvt_ss0p75v125c
                                                          2.795584  
U1456                     NAND2X0_LVT     saed32lvt_ss0p75v125c
                                                          1.524864  
U1457                     NAND2X0_LVT     saed32lvt_ss0p75v125c
                                                          1.524864  
U1458                     NAND3X0_LVT     saed32lvt_ss0p75v125c
                                                          1.779008  
U1459                     XOR2X1_LVT      saed32lvt_ss0p75v125c
                                                          4.320448  
U1460                     INVX1_LVT       saed32lvt_ss0p75v125c
                                                          1.270720  
U1461                     INVX1_LVT       saed32lvt_ss0p75v125c
                                                          1.270720  
U1462                     INVX1_LVT       saed32lvt_ss0p75v125c
                                                          1.270720  
U1463                     INVX1_LVT       saed32lvt_ss0p75v125c
                                                          1.270720  
U1464                     NOR2X0_LVT      saed32lvt_ss0p75v125c
                                                          2.541440  
U1465                     AO21X1_LVT      saed32lvt_ss0p75v125c
                                                          2.541440  
U1466                     INVX1_LVT       saed32lvt_ss0p75v125c
                                                          1.270720  
U1467                     AO22X1_LVT      saed32lvt_ss0p75v125c
                                                          2.541440  
U1468                     AO22X1_LVT      saed32lvt_ss0p75v125c
                                                          2.541440  
U1469                     NAND2X0_LVT     saed32lvt_ss0p75v125c
                                                          1.524864  
U1470                     AOI21X1_LVT     saed32lvt_ss0p75v125c
                                                          3.049728  
U1471                     AOI22X1_LVT     saed32lvt_ss0p75v125c
                                                          3.049728  
U1472                     NAND2X0_LVT     saed32lvt_ss0p75v125c
                                                          1.524864  
U1473                     NAND3X0_LVT     saed32lvt_ss0p75v125c
                                                          1.779008  
U1474                     OR3X1_LVT       saed32lvt_ss0p75v125c
                                                          2.287296  
U1475                     XOR2X1_LVT      saed32lvt_ss0p75v125c
                                                          4.320448  
U1476                     INVX1_LVT       saed32lvt_ss0p75v125c
                                                          1.270720  
U1477                     NOR2X0_LVT      saed32lvt_ss0p75v125c
                                                          2.541440  
U1478                     AO21X1_LVT      saed32lvt_ss0p75v125c
                                                          2.541440  
U1479                     INVX1_LVT       saed32lvt_ss0p75v125c
                                                          1.270720  
U1480                     AO22X1_LVT      saed32lvt_ss0p75v125c
                                                          2.541440  
U1481                     AO22X1_LVT      saed32lvt_ss0p75v125c
                                                          2.541440  
U1482                     NAND2X0_LVT     saed32lvt_ss0p75v125c
                                                          1.524864  
U1483                     AOI21X1_LVT     saed32lvt_ss0p75v125c
                                                          3.049728  
U1484                     AOI22X1_LVT     saed32lvt_ss0p75v125c
                                                          3.049728  
U1485                     NAND2X0_LVT     saed32lvt_ss0p75v125c
                                                          1.524864  
U1486                     NAND3X0_LVT     saed32lvt_ss0p75v125c
                                                          1.779008  
U1487                     OR3X1_LVT       saed32lvt_ss0p75v125c
                                                          2.287296  
U1488                     XOR2X1_LVT      saed32lvt_ss0p75v125c
                                                          4.320448  
U1489                     INVX1_LVT       saed32lvt_ss0p75v125c
                                                          1.270720  
U1490                     INVX1_LVT       saed32lvt_ss0p75v125c
                                                          1.270720  
U1491                     INVX1_LVT       saed32lvt_ss0p75v125c
                                                          1.270720  
U1492                     INVX1_LVT       saed32lvt_ss0p75v125c
                                                          1.270720  
U1493                     INVX1_LVT       saed32lvt_ss0p75v125c
                                                          1.270720  
U1494                     INVX1_LVT       saed32lvt_ss0p75v125c
                                                          1.270720  
U1495                     INVX1_LVT       saed32lvt_ss0p75v125c
                                                          1.270720  
U1496                     INVX1_LVT       saed32lvt_ss0p75v125c
                                                          1.270720  
U1497                     INVX1_LVT       saed32lvt_ss0p75v125c
                                                          1.270720  
U1498                     INVX1_LVT       saed32lvt_ss0p75v125c
                                                          1.270720  
U1499                     INVX1_LVT       saed32lvt_ss0p75v125c
                                                          1.270720  
U1500                     INVX1_LVT       saed32lvt_ss0p75v125c
                                                          1.270720  
U1501                     INVX1_LVT       saed32lvt_ss0p75v125c
                                                          1.270720  
U1502                     INVX1_LVT       saed32lvt_ss0p75v125c
                                                          1.270720  
U1503                     INVX1_LVT       saed32lvt_ss0p75v125c
                                                          1.270720  
U1504                     AND2X1_LVT      saed32lvt_ss0p75v125c
                                                          2.033152  
U1505                     AO22X1_LVT      saed32lvt_ss0p75v125c
                                                          2.541440  
U1506                     AO22X1_LVT      saed32lvt_ss0p75v125c
                                                          2.541440  
U1507                     AO22X1_LVT      saed32lvt_ss0p75v125c
                                                          2.541440  
U1508                     NOR3X0_LVT      saed32lvt_ss0p75v125c
                                                          2.795584  
U1509                     NAND2X0_LVT     saed32lvt_ss0p75v125c
                                                          1.524864  
U1510                     NAND2X0_LVT     saed32lvt_ss0p75v125c
                                                          1.524864  
U1511                     NAND3X0_LVT     saed32lvt_ss0p75v125c
                                                          1.779008  
U1512                     XOR2X1_LVT      saed32lvt_ss0p75v125c
                                                          4.320448  
U1513                     INVX1_LVT       saed32lvt_ss0p75v125c
                                                          1.270720  
U1514                     INVX1_LVT       saed32lvt_ss0p75v125c
                                                          1.270720  
U1515                     INVX1_LVT       saed32lvt_ss0p75v125c
                                                          1.270720  
U1516                     INVX1_LVT       saed32lvt_ss0p75v125c
                                                          1.270720  
U1517                     INVX1_LVT       saed32lvt_ss0p75v125c
                                                          1.270720  
U1518                     INVX1_LVT       saed32lvt_ss0p75v125c
                                                          1.270720  
U1519                     INVX1_LVT       saed32lvt_ss0p75v125c
                                                          1.270720  
U1520                     INVX1_LVT       saed32lvt_ss0p75v125c
                                                          1.270720  
U1521                     INVX1_LVT       saed32lvt_ss0p75v125c
                                                          1.270720  
U1522                     INVX1_LVT       saed32lvt_ss0p75v125c
                                                          1.270720  
U1523                     INVX1_LVT       saed32lvt_ss0p75v125c
                                                          1.270720  
U1524                     INVX1_LVT       saed32lvt_ss0p75v125c
                                                          1.270720  
U1525                     INVX1_LVT       saed32lvt_ss0p75v125c
                                                          1.270720  
U1526                     INVX1_LVT       saed32lvt_ss0p75v125c
                                                          1.270720  
U1527                     INVX1_LVT       saed32lvt_ss0p75v125c
                                                          1.270720  
U1528                     INVX1_LVT       saed32lvt_ss0p75v125c
                                                          1.270720  
U1529                     INVX1_LVT       saed32lvt_ss0p75v125c
                                                          1.270720  
U1530                     INVX1_LVT       saed32lvt_ss0p75v125c
                                                          1.270720  
U1531                     INVX1_LVT       saed32lvt_ss0p75v125c
                                                          1.270720  
U1532                     INVX1_LVT       saed32lvt_ss0p75v125c
                                                          1.270720  
U1533                     INVX1_LVT       saed32lvt_ss0p75v125c
                                                          1.270720  
U1534                     INVX1_LVT       saed32lvt_ss0p75v125c
                                                          1.270720  
U1535                     INVX1_LVT       saed32lvt_ss0p75v125c
                                                          1.270720  
U1536                     INVX1_LVT       saed32lvt_ss0p75v125c
                                                          1.270720  
U1537                     AND2X1_LVT      saed32lvt_ss0p75v125c
                                                          2.033152  
U1538                     INVX1_LVT       saed32lvt_ss0p75v125c
                                                          1.270720  
U1539                     INVX1_LVT       saed32lvt_ss0p75v125c
                                                          1.270720  
U1540                     AND2X1_LVT      saed32lvt_ss0p75v125c
                                                          2.033152  
U1541                     AND2X1_LVT      saed32lvt_ss0p75v125c
                                                          2.033152  
U1542                     AND2X1_LVT      saed32lvt_ss0p75v125c
                                                          2.033152  
U1543                     AND2X1_LVT      saed32lvt_ss0p75v125c
                                                          2.033152  
U1544                     AND2X1_LVT      saed32lvt_ss0p75v125c
                                                          2.033152  
U1545                     INVX1_LVT       saed32lvt_ss0p75v125c
                                                          1.270720  
U1546                     AOI22X1_LVT     saed32lvt_ss0p75v125c
                                                          3.049728  
U1547                     NBUFFX2_LVT     saed32lvt_ss0p75v125c
                                                          2.033152  
U1548                     AOI22X1_LVT     saed32lvt_ss0p75v125c
                                                          3.049728  
U1549                     AND3X1_LVT      saed32lvt_ss0p75v125c
                                                          2.287296  
U1550                     AND4X1_LVT      saed32lvt_ss0p75v125c
                                                          2.541440  
U1551                     AOI22X1_LVT     saed32lvt_ss0p75v125c
                                                          3.049728  
U1552                     AND4X1_LVT      saed32lvt_ss0p75v125c
                                                          2.541440  
U1553                     NAND2X0_LVT     saed32lvt_ss0p75v125c
                                                          1.524864  
U1554                     AND3X1_LVT      saed32lvt_ss0p75v125c
                                                          2.287296  
U1555                     INVX1_LVT       saed32lvt_ss0p75v125c
                                                          1.270720  
U1556                     NAND2X0_LVT     saed32lvt_ss0p75v125c
                                                          1.524864  
U1557                     AND3X1_LVT      saed32lvt_ss0p75v125c
                                                          2.287296  
U1558                     AND4X1_LVT      saed32lvt_ss0p75v125c
                                                          2.541440  
U1559                     AND4X1_LVT      saed32lvt_ss0p75v125c
                                                          2.541440  
U1560                     AOI22X1_LVT     saed32lvt_ss0p75v125c
                                                          3.049728  
U1561                     NAND2X0_LVT     saed32lvt_ss0p75v125c
                                                          1.524864  
U1562                     NAND3X0_LVT     saed32lvt_ss0p75v125c
                                                          1.779008  
U1563                     AOI22X1_LVT     saed32lvt_ss0p75v125c
                                                          3.049728  
U1564                     AOI22X1_LVT     saed32lvt_ss0p75v125c
                                                          3.049728  
U1565                     AOI22X1_LVT     saed32lvt_ss0p75v125c
                                                          3.049728  
U1566                     NAND2X0_LVT     saed32lvt_ss0p75v125c
                                                          1.524864  
U1567                     AND3X1_LVT      saed32lvt_ss0p75v125c
                                                          2.287296  
U1568                     NAND2X0_LVT     saed32lvt_ss0p75v125c
                                                          1.524864  
U1569                     AND3X1_LVT      saed32lvt_ss0p75v125c
                                                          2.287296  
U1570                     AOI22X1_LVT     saed32lvt_ss0p75v125c
                                                          3.049728  
U1571                     NAND2X0_LVT     saed32lvt_ss0p75v125c
                                                          1.524864  
U1572                     NAND3X0_LVT     saed32lvt_ss0p75v125c
                                                          1.779008  
U1573                     AOI22X1_LVT     saed32lvt_ss0p75v125c
                                                          3.049728  
U1574                     AOI22X1_LVT     saed32lvt_ss0p75v125c
                                                          3.049728  
U1575                     AOI22X1_LVT     saed32lvt_ss0p75v125c
                                                          3.049728  
U1576                     NAND2X0_LVT     saed32lvt_ss0p75v125c
                                                          1.524864  
U1577                     AND3X1_LVT      saed32lvt_ss0p75v125c
                                                          2.287296  
U1578                     NAND2X0_LVT     saed32lvt_ss0p75v125c
                                                          1.524864  
U1579                     AND3X1_LVT      saed32lvt_ss0p75v125c
                                                          2.287296  
U1580                     AOI22X1_LVT     saed32lvt_ss0p75v125c
                                                          3.049728  
U1581                     NAND2X0_LVT     saed32lvt_ss0p75v125c
                                                          1.524864  
U1582                     NAND3X0_LVT     saed32lvt_ss0p75v125c
                                                          1.779008  
U1583                     AOI22X1_LVT     saed32lvt_ss0p75v125c
                                                          3.049728  
U1584                     AOI22X1_LVT     saed32lvt_ss0p75v125c
                                                          3.049728  
U1585                     AOI22X1_LVT     saed32lvt_ss0p75v125c
                                                          3.049728  
U1586                     NAND2X0_LVT     saed32lvt_ss0p75v125c
                                                          1.524864  
U1587                     AND3X1_LVT      saed32lvt_ss0p75v125c
                                                          2.287296  
U1588                     NAND2X0_LVT     saed32lvt_ss0p75v125c
                                                          1.524864  
U1589                     AND3X1_LVT      saed32lvt_ss0p75v125c
                                                          2.287296  
U1590                     AOI22X1_LVT     saed32lvt_ss0p75v125c
                                                          3.049728  
U1591                     NAND2X0_LVT     saed32lvt_ss0p75v125c
                                                          1.524864  
U1592                     NAND3X0_LVT     saed32lvt_ss0p75v125c
                                                          1.779008  
U1593                     AOI22X1_LVT     saed32lvt_ss0p75v125c
                                                          3.049728  
U1594                     AOI22X1_LVT     saed32lvt_ss0p75v125c
                                                          3.049728  
U1595                     AOI22X1_LVT     saed32lvt_ss0p75v125c
                                                          3.049728  
U1596                     NAND2X0_LVT     saed32lvt_ss0p75v125c
                                                          1.524864  
U1597                     AND3X1_LVT      saed32lvt_ss0p75v125c
                                                          2.287296  
U1598                     NAND2X0_LVT     saed32lvt_ss0p75v125c
                                                          1.524864  
U1599                     AND3X1_LVT      saed32lvt_ss0p75v125c
                                                          2.287296  
U1600                     AOI22X1_LVT     saed32lvt_ss0p75v125c
                                                          3.049728  
U1601                     NAND2X0_LVT     saed32lvt_ss0p75v125c
                                                          1.524864  
U1602                     NAND3X0_LVT     saed32lvt_ss0p75v125c
                                                          1.779008  
U1603                     AOI22X1_LVT     saed32lvt_ss0p75v125c
                                                          3.049728  
U1604                     AOI22X1_LVT     saed32lvt_ss0p75v125c
                                                          3.049728  
U1605                     AOI22X1_LVT     saed32lvt_ss0p75v125c
                                                          3.049728  
U1606                     NAND2X0_LVT     saed32lvt_ss0p75v125c
                                                          1.524864  
U1607                     AND3X1_LVT      saed32lvt_ss0p75v125c
                                                          2.287296  
U1608                     NAND2X0_LVT     saed32lvt_ss0p75v125c
                                                          1.524864  
U1609                     AND3X1_LVT      saed32lvt_ss0p75v125c
                                                          2.287296  
U1610                     AOI22X1_LVT     saed32lvt_ss0p75v125c
                                                          3.049728  
U1611                     NAND2X0_LVT     saed32lvt_ss0p75v125c
                                                          1.524864  
U1612                     NAND3X0_LVT     saed32lvt_ss0p75v125c
                                                          1.779008  
U1613                     AOI22X1_LVT     saed32lvt_ss0p75v125c
                                                          3.049728  
U1614                     AOI22X1_LVT     saed32lvt_ss0p75v125c
                                                          3.049728  
U1615                     AOI22X1_LVT     saed32lvt_ss0p75v125c
                                                          3.049728  
U1616                     NAND2X0_LVT     saed32lvt_ss0p75v125c
                                                          1.524864  
U1617                     AND3X1_LVT      saed32lvt_ss0p75v125c
                                                          2.287296  
U1618                     NAND2X0_LVT     saed32lvt_ss0p75v125c
                                                          1.524864  
U1619                     AND3X1_LVT      saed32lvt_ss0p75v125c
                                                          2.287296  
U1620                     AOI22X1_LVT     saed32lvt_ss0p75v125c
                                                          3.049728  
U1621                     NAND2X0_LVT     saed32lvt_ss0p75v125c
                                                          1.524864  
U1622                     NAND3X0_LVT     saed32lvt_ss0p75v125c
                                                          1.779008  
U1623                     NAND2X0_LVT     saed32lvt_ss0p75v125c
                                                          1.524864  
U1624                     NAND2X0_LVT     saed32lvt_ss0p75v125c
                                                          1.524864  
U1625                     AND2X1_LVT      saed32lvt_ss0p75v125c
                                                          2.033152  
U1626                     AOI22X1_LVT     saed32lvt_ss0p75v125c
                                                          3.049728  
U1627                     AOI22X1_LVT     saed32lvt_ss0p75v125c
                                                          3.049728  
U1628                     NAND2X0_LVT     saed32lvt_ss0p75v125c
                                                          1.524864  
U1629                     AND3X1_LVT      saed32lvt_ss0p75v125c
                                                          2.287296  
U1630                     NAND2X0_LVT     saed32lvt_ss0p75v125c
                                                          1.524864  
U1631                     AND3X1_LVT      saed32lvt_ss0p75v125c
                                                          2.287296  
U1632                     AOI22X1_LVT     saed32lvt_ss0p75v125c
                                                          3.049728  
U1633                     NAND2X0_LVT     saed32lvt_ss0p75v125c
                                                          1.524864  
U1634                     NAND3X0_LVT     saed32lvt_ss0p75v125c
                                                          1.779008  
U1635                     NAND2X0_LVT     saed32lvt_ss0p75v125c
                                                          1.524864  
U1636                     AND2X1_LVT      saed32lvt_ss0p75v125c
                                                          2.033152  
U1637                     AOI22X1_LVT     saed32lvt_ss0p75v125c
                                                          3.049728  
U1638                     AOI22X1_LVT     saed32lvt_ss0p75v125c
                                                          3.049728  
U1639                     NAND2X0_LVT     saed32lvt_ss0p75v125c
                                                          1.524864  
U1640                     AND3X1_LVT      saed32lvt_ss0p75v125c
                                                          2.287296  
U1641                     NAND2X0_LVT     saed32lvt_ss0p75v125c
                                                          1.524864  
U1642                     AND3X1_LVT      saed32lvt_ss0p75v125c
                                                          2.287296  
U1643                     AOI22X1_LVT     saed32lvt_ss0p75v125c
                                                          3.049728  
U1644                     NAND2X0_LVT     saed32lvt_ss0p75v125c
                                                          1.524864  
U1645                     NAND3X0_LVT     saed32lvt_ss0p75v125c
                                                          1.779008  
U1646                     AO22X1_LVT      saed32lvt_ss0p75v125c
                                                          2.541440  
U1647                     AO22X1_LVT      saed32lvt_ss0p75v125c
                                                          2.541440  
U1648                     AOI22X1_LVT     saed32lvt_ss0p75v125c
                                                          3.049728  
U1649                     AOI22X1_LVT     saed32lvt_ss0p75v125c
                                                          3.049728  
U1650                     NAND2X0_LVT     saed32lvt_ss0p75v125c
                                                          1.524864  
U1651                     NAND3X0_LVT     saed32lvt_ss0p75v125c
                                                          1.779008  
U1652                     OR3X1_LVT       saed32lvt_ss0p75v125c
                                                          2.287296  
U1653                     AO22X1_LVT      saed32lvt_ss0p75v125c
                                                          2.541440  
U1654                     AO22X1_LVT      saed32lvt_ss0p75v125c
                                                          2.541440  
U1655                     AO22X1_LVT      saed32lvt_ss0p75v125c
                                                          2.541440  
U1656                     AO22X1_LVT      saed32lvt_ss0p75v125c
                                                          2.541440  
U1657                     NOR4X1_LVT      saed32lvt_ss0p75v125c
                                                          3.049728  
U1658                     NAND2X0_LVT     saed32lvt_ss0p75v125c
                                                          1.524864  
U1659                     NAND2X0_LVT     saed32lvt_ss0p75v125c
                                                          1.524864  
U1660                     NAND4X0_LVT     saed32lvt_ss0p75v125c
                                                          2.033152  
U1661                     AO22X1_LVT      saed32lvt_ss0p75v125c
                                                          2.541440  
U1662                     AO22X1_LVT      saed32lvt_ss0p75v125c
                                                          2.541440  
U1663                     AO22X1_LVT      saed32lvt_ss0p75v125c
                                                          2.541440  
U1664                     AO22X1_LVT      saed32lvt_ss0p75v125c
                                                          2.541440  
U1665                     OR3X1_LVT       saed32lvt_ss0p75v125c
                                                          2.287296  
U1666                     NOR2X0_LVT      saed32lvt_ss0p75v125c
                                                          2.541440  
U1667                     NAND2X0_LVT     saed32lvt_ss0p75v125c
                                                          1.524864  
U1668                     NAND4X0_LVT     saed32lvt_ss0p75v125c
                                                          2.033152  
U1669                     AOI22X1_LVT     saed32lvt_ss0p75v125c
                                                          3.049728  
U1670                     AOI22X1_LVT     saed32lvt_ss0p75v125c
                                                          3.049728  
U1671                     AOI22X1_LVT     saed32lvt_ss0p75v125c
                                                          3.049728  
U1672                     NAND2X0_LVT     saed32lvt_ss0p75v125c
                                                          1.524864  
U1673                     AND4X1_LVT      saed32lvt_ss0p75v125c
                                                          2.541440  
U1674                     AOI22X1_LVT     saed32lvt_ss0p75v125c
                                                          3.049728  
U1675                     NAND2X0_LVT     saed32lvt_ss0p75v125c
                                                          1.524864  
U1676                     NAND3X0_LVT     saed32lvt_ss0p75v125c
                                                          1.779008  
U1677                     AOI22X1_LVT     saed32lvt_ss0p75v125c
                                                          3.049728  
U1678                     AOI22X1_LVT     saed32lvt_ss0p75v125c
                                                          3.049728  
U1679                     AOI22X1_LVT     saed32lvt_ss0p75v125c
                                                          3.049728  
U1680                     AND4X1_LVT      saed32lvt_ss0p75v125c
                                                          2.541440  
U1681                     AOI22X1_LVT     saed32lvt_ss0p75v125c
                                                          3.049728  
U1682                     NAND2X0_LVT     saed32lvt_ss0p75v125c
                                                          1.524864  
U1683                     NAND3X0_LVT     saed32lvt_ss0p75v125c
                                                          1.779008  
U1684                     AO22X1_LVT      saed32lvt_ss0p75v125c
                                                          2.541440  
U1685                     AO21X1_LVT      saed32lvt_ss0p75v125c
                                                          2.541440  
U1686                     AO22X1_LVT      saed32lvt_ss0p75v125c
                                                          2.541440  
U1687                     AO22X1_LVT      saed32lvt_ss0p75v125c
                                                          2.541440  
U1688                     AO22X1_LVT      saed32lvt_ss0p75v125c
                                                          2.541440  
U1689                     NOR4X1_LVT      saed32lvt_ss0p75v125c
                                                          3.049728  
U1690                     NAND2X0_LVT     saed32lvt_ss0p75v125c
                                                          1.524864  
U1691                     NAND3X0_LVT     saed32lvt_ss0p75v125c
                                                          1.779008  
U1692                     NAND2X0_LVT     saed32lvt_ss0p75v125c
                                                          1.524864  
U1693                     NAND2X0_LVT     saed32lvt_ss0p75v125c
                                                          1.524864  
U1694                     AND2X1_LVT      saed32lvt_ss0p75v125c
                                                          2.033152  
U1695                     AOI22X1_LVT     saed32lvt_ss0p75v125c
                                                          3.049728  
U1696                     AOI22X1_LVT     saed32lvt_ss0p75v125c
                                                          3.049728  
U1697                     NAND2X0_LVT     saed32lvt_ss0p75v125c
                                                          1.524864  
U1698                     AND3X1_LVT      saed32lvt_ss0p75v125c
                                                          2.287296  
U1699                     NAND2X0_LVT     saed32lvt_ss0p75v125c
                                                          1.524864  
U1700                     AND3X1_LVT      saed32lvt_ss0p75v125c
                                                          2.287296  
U1701                     AOI22X1_LVT     saed32lvt_ss0p75v125c
                                                          3.049728  
U1702                     NAND2X0_LVT     saed32lvt_ss0p75v125c
                                                          1.524864  
U1703                     NAND3X0_LVT     saed32lvt_ss0p75v125c
                                                          1.779008  
U1704                     NAND2X0_LVT     saed32lvt_ss0p75v125c
                                                          1.524864  
U1705                     NAND2X0_LVT     saed32lvt_ss0p75v125c
                                                          1.524864  
U1706                     AND2X1_LVT      saed32lvt_ss0p75v125c
                                                          2.033152  
U1707                     AOI22X1_LVT     saed32lvt_ss0p75v125c
                                                          3.049728  
U1708                     AOI22X1_LVT     saed32lvt_ss0p75v125c
                                                          3.049728  
U1709                     NAND2X0_LVT     saed32lvt_ss0p75v125c
                                                          1.524864  
U1710                     AND3X1_LVT      saed32lvt_ss0p75v125c
                                                          2.287296  
U1711                     NAND2X0_LVT     saed32lvt_ss0p75v125c
                                                          1.524864  
U1712                     AND3X1_LVT      saed32lvt_ss0p75v125c
                                                          2.287296  
U1713                     AOI22X1_LVT     saed32lvt_ss0p75v125c
                                                          3.049728  
U1714                     NAND2X0_LVT     saed32lvt_ss0p75v125c
                                                          1.524864  
U1715                     NAND3X0_LVT     saed32lvt_ss0p75v125c
                                                          1.779008  
U1716                     AOI22X1_LVT     saed32lvt_ss0p75v125c
                                                          3.049728  
U1717                     AOI22X1_LVT     saed32lvt_ss0p75v125c
                                                          3.049728  
U1718                     AOI22X1_LVT     saed32lvt_ss0p75v125c
                                                          3.049728  
U1719                     NAND2X0_LVT     saed32lvt_ss0p75v125c
                                                          1.524864  
U1720                     AND3X1_LVT      saed32lvt_ss0p75v125c
                                                          2.287296  
U1721                     NAND2X0_LVT     saed32lvt_ss0p75v125c
                                                          1.524864  
U1722                     AND3X1_LVT      saed32lvt_ss0p75v125c
                                                          2.287296  
U1723                     AOI22X1_LVT     saed32lvt_ss0p75v125c
                                                          3.049728  
U1724                     NAND2X0_LVT     saed32lvt_ss0p75v125c
                                                          1.524864  
U1725                     NAND3X0_LVT     saed32lvt_ss0p75v125c
                                                          1.779008  
U1726                     AOI22X1_LVT     saed32lvt_ss0p75v125c
                                                          3.049728  
U1727                     AOI22X1_LVT     saed32lvt_ss0p75v125c
                                                          3.049728  
U1728                     AOI22X1_LVT     saed32lvt_ss0p75v125c
                                                          3.049728  
U1729                     NAND2X0_LVT     saed32lvt_ss0p75v125c
                                                          1.524864  
U1730                     AND3X1_LVT      saed32lvt_ss0p75v125c
                                                          2.287296  
U1731                     NAND2X0_LVT     saed32lvt_ss0p75v125c
                                                          1.524864  
U1732                     AND3X1_LVT      saed32lvt_ss0p75v125c
                                                          2.287296  
U1733                     AOI22X1_LVT     saed32lvt_ss0p75v125c
                                                          3.049728  
U1734                     NAND2X0_LVT     saed32lvt_ss0p75v125c
                                                          1.524864  
U1735                     NAND3X0_LVT     saed32lvt_ss0p75v125c
                                                          1.779008  
U1736                     AOI22X1_LVT     saed32lvt_ss0p75v125c
                                                          3.049728  
U1737                     AOI22X1_LVT     saed32lvt_ss0p75v125c
                                                          3.049728  
U1738                     AOI22X1_LVT     saed32lvt_ss0p75v125c
                                                          3.049728  
U1739                     NAND2X0_LVT     saed32lvt_ss0p75v125c
                                                          1.524864  
U1740                     AND3X1_LVT      saed32lvt_ss0p75v125c
                                                          2.287296  
U1741                     NAND2X0_LVT     saed32lvt_ss0p75v125c
                                                          1.524864  
U1742                     AND3X1_LVT      saed32lvt_ss0p75v125c
                                                          2.287296  
U1743                     AOI22X1_LVT     saed32lvt_ss0p75v125c
                                                          3.049728  
U1744                     NAND2X0_LVT     saed32lvt_ss0p75v125c
                                                          1.524864  
U1745                     NAND3X0_LVT     saed32lvt_ss0p75v125c
                                                          1.779008  
U1746                     AOI22X1_LVT     saed32lvt_ss0p75v125c
                                                          3.049728  
U1747                     AOI22X1_LVT     saed32lvt_ss0p75v125c
                                                          3.049728  
U1748                     AOI22X1_LVT     saed32lvt_ss0p75v125c
                                                          3.049728  
U1749                     NAND2X0_LVT     saed32lvt_ss0p75v125c
                                                          1.524864  
U1750                     AND3X1_LVT      saed32lvt_ss0p75v125c
                                                          2.287296  
U1751                     NAND2X0_LVT     saed32lvt_ss0p75v125c
                                                          1.524864  
U1752                     AND3X1_LVT      saed32lvt_ss0p75v125c
                                                          2.287296  
U1753                     AOI22X1_LVT     saed32lvt_ss0p75v125c
                                                          3.049728  
U1754                     NAND2X0_LVT     saed32lvt_ss0p75v125c
                                                          1.524864  
U1755                     NAND3X0_LVT     saed32lvt_ss0p75v125c
                                                          1.779008  
U1756                     AOI22X1_LVT     saed32lvt_ss0p75v125c
                                                          3.049728  
U1757                     AOI22X1_LVT     saed32lvt_ss0p75v125c
                                                          3.049728  
U1758                     AOI22X1_LVT     saed32lvt_ss0p75v125c
                                                          3.049728  
U1759                     NAND2X0_LVT     saed32lvt_ss0p75v125c
                                                          1.524864  
U1760                     AND3X1_LVT      saed32lvt_ss0p75v125c
                                                          2.287296  
U1761                     NAND2X0_LVT     saed32lvt_ss0p75v125c
                                                          1.524864  
U1762                     AND3X1_LVT      saed32lvt_ss0p75v125c
                                                          2.287296  
U1763                     AOI22X1_LVT     saed32lvt_ss0p75v125c
                                                          3.049728  
U1764                     NAND2X0_LVT     saed32lvt_ss0p75v125c
                                                          1.524864  
U1765                     NAND3X0_LVT     saed32lvt_ss0p75v125c
                                                          1.779008  
U1766                     AOI22X1_LVT     saed32lvt_ss0p75v125c
                                                          3.049728  
U1767                     AOI22X1_LVT     saed32lvt_ss0p75v125c
                                                          3.049728  
U1768                     AOI22X1_LVT     saed32lvt_ss0p75v125c
                                                          3.049728  
U1769                     NAND2X0_LVT     saed32lvt_ss0p75v125c
                                                          1.524864  
U1770                     AND3X1_LVT      saed32lvt_ss0p75v125c
                                                          2.287296  
U1771                     NAND2X0_LVT     saed32lvt_ss0p75v125c
                                                          1.524864  
U1772                     AND3X1_LVT      saed32lvt_ss0p75v125c
                                                          2.287296  
U1773                     AOI22X1_LVT     saed32lvt_ss0p75v125c
                                                          3.049728  
U1774                     NAND2X0_LVT     saed32lvt_ss0p75v125c
                                                          1.524864  
U1775                     NAND3X0_LVT     saed32lvt_ss0p75v125c
                                                          1.779008  
U1776                     AOI22X1_LVT     saed32lvt_ss0p75v125c
                                                          3.049728  
U1777                     AOI22X1_LVT     saed32lvt_ss0p75v125c
                                                          3.049728  
U1778                     AOI22X1_LVT     saed32lvt_ss0p75v125c
                                                          3.049728  
U1779                     NAND2X0_LVT     saed32lvt_ss0p75v125c
                                                          1.524864  
U1780                     AND3X1_LVT      saed32lvt_ss0p75v125c
                                                          2.287296  
U1781                     NAND2X0_LVT     saed32lvt_ss0p75v125c
                                                          1.524864  
U1782                     AND3X1_LVT      saed32lvt_ss0p75v125c
                                                          2.287296  
U1783                     AOI22X1_LVT     saed32lvt_ss0p75v125c
                                                          3.049728  
U1784                     NAND2X0_LVT     saed32lvt_ss0p75v125c
                                                          1.524864  
U1785                     NAND3X0_LVT     saed32lvt_ss0p75v125c
                                                          1.779008  
U1786                     AOI22X1_LVT     saed32lvt_ss0p75v125c
                                                          3.049728  
U1787                     AOI22X1_LVT     saed32lvt_ss0p75v125c
                                                          3.049728  
U1788                     AOI22X1_LVT     saed32lvt_ss0p75v125c
                                                          3.049728  
U1789                     NAND2X0_LVT     saed32lvt_ss0p75v125c
                                                          1.524864  
U1790                     AND3X1_LVT      saed32lvt_ss0p75v125c
                                                          2.287296  
U1791                     NAND2X0_LVT     saed32lvt_ss0p75v125c
                                                          1.524864  
U1792                     AND3X1_LVT      saed32lvt_ss0p75v125c
                                                          2.287296  
U1793                     AOI22X1_LVT     saed32lvt_ss0p75v125c
                                                          3.049728  
U1794                     NAND2X0_LVT     saed32lvt_ss0p75v125c
                                                          1.524864  
U1795                     NAND3X0_LVT     saed32lvt_ss0p75v125c
                                                          1.779008  
U1796                     AOI22X1_LVT     saed32lvt_ss0p75v125c
                                                          3.049728  
U1797                     AOI22X1_LVT     saed32lvt_ss0p75v125c
                                                          3.049728  
U1798                     AOI22X1_LVT     saed32lvt_ss0p75v125c
                                                          3.049728  
U1799                     NAND2X0_LVT     saed32lvt_ss0p75v125c
                                                          1.524864  
U1800                     AND3X1_LVT      saed32lvt_ss0p75v125c
                                                          2.287296  
U1801                     NAND2X0_LVT     saed32lvt_ss0p75v125c
                                                          1.524864  
U1802                     AND3X1_LVT      saed32lvt_ss0p75v125c
                                                          2.287296  
U1803                     AOI22X1_LVT     saed32lvt_ss0p75v125c
                                                          3.049728  
U1804                     NAND2X0_LVT     saed32lvt_ss0p75v125c
                                                          1.524864  
U1805                     NAND3X0_LVT     saed32lvt_ss0p75v125c
                                                          1.779008  
U1806                     AOI22X1_LVT     saed32lvt_ss0p75v125c
                                                          3.049728  
U1807                     AOI22X1_LVT     saed32lvt_ss0p75v125c
                                                          3.049728  
U1808                     AOI22X1_LVT     saed32lvt_ss0p75v125c
                                                          3.049728  
U1809                     NAND2X0_LVT     saed32lvt_ss0p75v125c
                                                          1.524864  
U1810                     AND3X1_LVT      saed32lvt_ss0p75v125c
                                                          2.287296  
U1811                     NAND2X0_LVT     saed32lvt_ss0p75v125c
                                                          1.524864  
U1812                     AND3X1_LVT      saed32lvt_ss0p75v125c
                                                          2.287296  
U1813                     AOI22X1_LVT     saed32lvt_ss0p75v125c
                                                          3.049728  
U1814                     NAND2X0_LVT     saed32lvt_ss0p75v125c
                                                          1.524864  
U1815                     NAND3X0_LVT     saed32lvt_ss0p75v125c
                                                          1.779008  
U1816                     AOI22X1_LVT     saed32lvt_ss0p75v125c
                                                          3.049728  
U1817                     AOI22X1_LVT     saed32lvt_ss0p75v125c
                                                          3.049728  
U1818                     AOI22X1_LVT     saed32lvt_ss0p75v125c
                                                          3.049728  
U1819                     NAND2X0_LVT     saed32lvt_ss0p75v125c
                                                          1.524864  
U1820                     AND3X1_LVT      saed32lvt_ss0p75v125c
                                                          2.287296  
U1821                     NAND2X0_LVT     saed32lvt_ss0p75v125c
                                                          1.524864  
U1822                     AND3X1_LVT      saed32lvt_ss0p75v125c
                                                          2.287296  
U1823                     AOI22X1_LVT     saed32lvt_ss0p75v125c
                                                          3.049728  
U1824                     NAND2X0_LVT     saed32lvt_ss0p75v125c
                                                          1.524864  
U1825                     NAND3X0_LVT     saed32lvt_ss0p75v125c
                                                          1.779008  
U1826                     NAND2X0_LVT     saed32lvt_ss0p75v125c
                                                          1.524864  
U1827                     NAND2X0_LVT     saed32lvt_ss0p75v125c
                                                          1.524864  
U1828                     AND2X1_LVT      saed32lvt_ss0p75v125c
                                                          2.033152  
U1829                     AOI22X1_LVT     saed32lvt_ss0p75v125c
                                                          3.049728  
U1830                     AOI22X1_LVT     saed32lvt_ss0p75v125c
                                                          3.049728  
U1831                     NAND2X0_LVT     saed32lvt_ss0p75v125c
                                                          1.524864  
U1832                     AND3X1_LVT      saed32lvt_ss0p75v125c
                                                          2.287296  
U1833                     NAND2X0_LVT     saed32lvt_ss0p75v125c
                                                          1.524864  
U1834                     AND3X1_LVT      saed32lvt_ss0p75v125c
                                                          2.287296  
U1835                     AOI22X1_LVT     saed32lvt_ss0p75v125c
                                                          3.049728  
U1836                     NAND2X0_LVT     saed32lvt_ss0p75v125c
                                                          1.524864  
U1837                     NAND3X0_LVT     saed32lvt_ss0p75v125c
                                                          1.779008  
U1838                     AO22X1_LVT      saed32lvt_ss0p75v125c
                                                          2.541440  
U1839                     AO21X1_LVT      saed32lvt_ss0p75v125c
                                                          2.541440  
U1840                     AO22X1_LVT      saed32lvt_ss0p75v125c
                                                          2.541440  
U1841                     AO22X1_LVT      saed32lvt_ss0p75v125c
                                                          2.541440  
U1842                     NOR3X0_LVT      saed32lvt_ss0p75v125c
                                                          2.795584  
U1843                     NAND2X0_LVT     saed32lvt_ss0p75v125c
                                                          1.524864  
U1844                     AND3X1_LVT      saed32lvt_ss0p75v125c
                                                          2.287296  
U1845                     NAND2X0_LVT     saed32lvt_ss0p75v125c
                                                          1.524864  
U1846                     AND2X1_LVT      saed32lvt_ss0p75v125c
                                                          2.033152  
U1847                     AOI22X1_LVT     saed32lvt_ss0p75v125c
                                                          3.049728  
U1848                     AOI22X1_LVT     saed32lvt_ss0p75v125c
                                                          3.049728  
U1849                     NAND2X0_LVT     saed32lvt_ss0p75v125c
                                                          1.524864  
U1850                     AND3X1_LVT      saed32lvt_ss0p75v125c
                                                          2.287296  
U1851                     NAND2X0_LVT     saed32lvt_ss0p75v125c
                                                          1.524864  
U1852                     AND3X1_LVT      saed32lvt_ss0p75v125c
                                                          2.287296  
U1853                     AOI22X1_LVT     saed32lvt_ss0p75v125c
                                                          3.049728  
U1854                     NAND2X0_LVT     saed32lvt_ss0p75v125c
                                                          1.524864  
U1855                     NAND3X0_LVT     saed32lvt_ss0p75v125c
                                                          1.779008  
U1856                     AO22X1_LVT      saed32lvt_ss0p75v125c
                                                          2.541440  
U1857                     AO22X1_LVT      saed32lvt_ss0p75v125c
                                                          2.541440  
U1858                     AOI22X1_LVT     saed32lvt_ss0p75v125c
                                                          3.049728  
U1859                     AOI22X1_LVT     saed32lvt_ss0p75v125c
                                                          3.049728  
U1860                     NAND2X0_LVT     saed32lvt_ss0p75v125c
                                                          1.524864  
U1861                     NAND3X0_LVT     saed32lvt_ss0p75v125c
                                                          1.779008  
U1862                     OR3X1_LVT       saed32lvt_ss0p75v125c
                                                          2.287296  
U1863                     AO22X1_LVT      saed32lvt_ss0p75v125c
                                                          2.541440  
U1864                     AO22X1_LVT      saed32lvt_ss0p75v125c
                                                          2.541440  
U1865                     AO22X1_LVT      saed32lvt_ss0p75v125c
                                                          2.541440  
U1866                     AO22X1_LVT      saed32lvt_ss0p75v125c
                                                          2.541440  
U1867                     NOR4X1_LVT      saed32lvt_ss0p75v125c
                                                          3.049728  
U1868                     NAND2X0_LVT     saed32lvt_ss0p75v125c
                                                          1.524864  
U1869                     NAND2X0_LVT     saed32lvt_ss0p75v125c
                                                          1.524864  
U1870                     NAND4X0_LVT     saed32lvt_ss0p75v125c
                                                          2.033152  
U1871                     AO22X1_LVT      saed32lvt_ss0p75v125c
                                                          2.541440  
U1872                     AO22X1_LVT      saed32lvt_ss0p75v125c
                                                          2.541440  
U1873                     AO22X1_LVT      saed32lvt_ss0p75v125c
                                                          2.541440  
U1874                     AO22X1_LVT      saed32lvt_ss0p75v125c
                                                          2.541440  
U1875                     OR3X1_LVT       saed32lvt_ss0p75v125c
                                                          2.287296  
U1876                     NOR2X0_LVT      saed32lvt_ss0p75v125c
                                                          2.541440  
U1877                     NAND2X0_LVT     saed32lvt_ss0p75v125c
                                                          1.524864  
U1878                     NAND4X0_LVT     saed32lvt_ss0p75v125c
                                                          2.033152  
U1879                     AOI22X1_LVT     saed32lvt_ss0p75v125c
                                                          3.049728  
U1880                     AOI22X1_LVT     saed32lvt_ss0p75v125c
                                                          3.049728  
U1881                     AOI22X1_LVT     saed32lvt_ss0p75v125c
                                                          3.049728  
U1882                     NAND2X0_LVT     saed32lvt_ss0p75v125c
                                                          1.524864  
U1883                     AND4X1_LVT      saed32lvt_ss0p75v125c
                                                          2.541440  
U1884                     AOI22X1_LVT     saed32lvt_ss0p75v125c
                                                          3.049728  
U1885                     NAND2X0_LVT     saed32lvt_ss0p75v125c
                                                          1.524864  
U1886                     NAND3X0_LVT     saed32lvt_ss0p75v125c
                                                          1.779008  
U1887                     AOI22X1_LVT     saed32lvt_ss0p75v125c
                                                          3.049728  
U1888                     AOI22X1_LVT     saed32lvt_ss0p75v125c
                                                          3.049728  
U1889                     AOI22X1_LVT     saed32lvt_ss0p75v125c
                                                          3.049728  
U1890                     AND4X1_LVT      saed32lvt_ss0p75v125c
                                                          2.541440  
U1891                     AOI22X1_LVT     saed32lvt_ss0p75v125c
                                                          3.049728  
U1892                     NAND2X0_LVT     saed32lvt_ss0p75v125c
                                                          1.524864  
U1893                     NAND3X0_LVT     saed32lvt_ss0p75v125c
                                                          1.779008  
U1894                     AO22X1_LVT      saed32lvt_ss0p75v125c
                                                          2.541440  
U1895                     AO21X1_LVT      saed32lvt_ss0p75v125c
                                                          2.541440  
U1896                     AO22X1_LVT      saed32lvt_ss0p75v125c
                                                          2.541440  
U1897                     AO22X1_LVT      saed32lvt_ss0p75v125c
                                                          2.541440  
U1898                     AO22X1_LVT      saed32lvt_ss0p75v125c
                                                          2.541440  
U1899                     NOR4X1_LVT      saed32lvt_ss0p75v125c
                                                          3.049728  
U1900                     NAND2X0_LVT     saed32lvt_ss0p75v125c
                                                          1.524864  
U1901                     NAND3X0_LVT     saed32lvt_ss0p75v125c
                                                          1.779008  
U1902                     NAND2X0_LVT     saed32lvt_ss0p75v125c
                                                          1.524864  
U1903                     NAND2X0_LVT     saed32lvt_ss0p75v125c
                                                          1.524864  
U1904                     AND2X1_LVT      saed32lvt_ss0p75v125c
                                                          2.033152  
U1905                     AOI22X1_LVT     saed32lvt_ss0p75v125c
                                                          3.049728  
U1906                     AOI22X1_LVT     saed32lvt_ss0p75v125c
                                                          3.049728  
U1907                     NAND2X0_LVT     saed32lvt_ss0p75v125c
                                                          1.524864  
U1908                     AND3X1_LVT      saed32lvt_ss0p75v125c
                                                          2.287296  
U1909                     NAND2X0_LVT     saed32lvt_ss0p75v125c
                                                          1.524864  
U1910                     AND3X1_LVT      saed32lvt_ss0p75v125c
                                                          2.287296  
U1911                     AOI22X1_LVT     saed32lvt_ss0p75v125c
                                                          3.049728  
U1912                     NAND2X0_LVT     saed32lvt_ss0p75v125c
                                                          1.524864  
U1913                     NAND3X0_LVT     saed32lvt_ss0p75v125c
                                                          1.779008  
U1914                     NAND2X0_LVT     saed32lvt_ss0p75v125c
                                                          1.524864  
U1915                     NAND2X0_LVT     saed32lvt_ss0p75v125c
                                                          1.524864  
U1916                     AND2X1_LVT      saed32lvt_ss0p75v125c
                                                          2.033152  
U1917                     AOI22X1_LVT     saed32lvt_ss0p75v125c
                                                          3.049728  
U1918                     AOI22X1_LVT     saed32lvt_ss0p75v125c
                                                          3.049728  
U1919                     NAND2X0_LVT     saed32lvt_ss0p75v125c
                                                          1.524864  
U1920                     AND3X1_LVT      saed32lvt_ss0p75v125c
                                                          2.287296  
U1921                     NAND2X0_LVT     saed32lvt_ss0p75v125c
                                                          1.524864  
U1922                     AND3X1_LVT      saed32lvt_ss0p75v125c
                                                          2.287296  
U1923                     AOI22X1_LVT     saed32lvt_ss0p75v125c
                                                          3.049728  
U1924                     NAND2X0_LVT     saed32lvt_ss0p75v125c
                                                          1.524864  
U1925                     NAND3X0_LVT     saed32lvt_ss0p75v125c
                                                          1.779008  
U1926                     AOI22X1_LVT     saed32lvt_ss0p75v125c
                                                          3.049728  
U1927                     AOI22X1_LVT     saed32lvt_ss0p75v125c
                                                          3.049728  
U1928                     AOI22X1_LVT     saed32lvt_ss0p75v125c
                                                          3.049728  
U1929                     NAND2X0_LVT     saed32lvt_ss0p75v125c
                                                          1.524864  
U1930                     AND3X1_LVT      saed32lvt_ss0p75v125c
                                                          2.287296  
U1931                     NAND2X0_LVT     saed32lvt_ss0p75v125c
                                                          1.524864  
U1932                     AND3X1_LVT      saed32lvt_ss0p75v125c
                                                          2.287296  
U1933                     AOI22X1_LVT     saed32lvt_ss0p75v125c
                                                          3.049728  
U1934                     NAND2X0_LVT     saed32lvt_ss0p75v125c
                                                          1.524864  
U1935                     NAND3X0_LVT     saed32lvt_ss0p75v125c
                                                          1.779008  
U1936                     AOI22X1_LVT     saed32lvt_ss0p75v125c
                                                          3.049728  
U1937                     AOI22X1_LVT     saed32lvt_ss0p75v125c
                                                          3.049728  
U1938                     AOI22X1_LVT     saed32lvt_ss0p75v125c
                                                          3.049728  
U1939                     NAND2X0_LVT     saed32lvt_ss0p75v125c
                                                          1.524864  
U1940                     AND3X1_LVT      saed32lvt_ss0p75v125c
                                                          2.287296  
U1941                     NAND2X0_LVT     saed32lvt_ss0p75v125c
                                                          1.524864  
U1942                     AND3X1_LVT      saed32lvt_ss0p75v125c
                                                          2.287296  
U1943                     AOI22X1_LVT     saed32lvt_ss0p75v125c
                                                          3.049728  
U1944                     NAND2X0_LVT     saed32lvt_ss0p75v125c
                                                          1.524864  
U1945                     NAND3X0_LVT     saed32lvt_ss0p75v125c
                                                          1.779008  
U1946                     AOI22X1_LVT     saed32lvt_ss0p75v125c
                                                          3.049728  
U1947                     AOI22X1_LVT     saed32lvt_ss0p75v125c
                                                          3.049728  
U1948                     AOI22X1_LVT     saed32lvt_ss0p75v125c
                                                          3.049728  
U1949                     NAND2X0_LVT     saed32lvt_ss0p75v125c
                                                          1.524864  
U1950                     AND3X1_LVT      saed32lvt_ss0p75v125c
                                                          2.287296  
U1951                     NAND2X0_LVT     saed32lvt_ss0p75v125c
                                                          1.524864  
U1952                     AND3X1_LVT      saed32lvt_ss0p75v125c
                                                          2.287296  
U1953                     AOI22X1_LVT     saed32lvt_ss0p75v125c
                                                          3.049728  
U1954                     NAND2X0_LVT     saed32lvt_ss0p75v125c
                                                          1.524864  
U1955                     NAND3X0_LVT     saed32lvt_ss0p75v125c
                                                          1.779008  
U1956                     AOI22X1_LVT     saed32lvt_ss0p75v125c
                                                          3.049728  
U1957                     AOI22X1_LVT     saed32lvt_ss0p75v125c
                                                          3.049728  
U1958                     AOI22X1_LVT     saed32lvt_ss0p75v125c
                                                          3.049728  
U1959                     NAND2X0_LVT     saed32lvt_ss0p75v125c
                                                          1.524864  
U1960                     AND3X1_LVT      saed32lvt_ss0p75v125c
                                                          2.287296  
U1961                     NAND2X0_LVT     saed32lvt_ss0p75v125c
                                                          1.524864  
U1962                     AND3X1_LVT      saed32lvt_ss0p75v125c
                                                          2.287296  
U1963                     AOI22X1_LVT     saed32lvt_ss0p75v125c
                                                          3.049728  
U1964                     NAND2X0_LVT     saed32lvt_ss0p75v125c
                                                          1.524864  
U1965                     NAND3X0_LVT     saed32lvt_ss0p75v125c
                                                          1.779008  
U1966                     AOI22X1_LVT     saed32lvt_ss0p75v125c
                                                          3.049728  
U1967                     AOI22X1_LVT     saed32lvt_ss0p75v125c
                                                          3.049728  
U1968                     AOI22X1_LVT     saed32lvt_ss0p75v125c
                                                          3.049728  
U1969                     NAND2X0_LVT     saed32lvt_ss0p75v125c
                                                          1.524864  
U1970                     AND3X1_LVT      saed32lvt_ss0p75v125c
                                                          2.287296  
U1971                     NAND2X0_LVT     saed32lvt_ss0p75v125c
                                                          1.524864  
U1972                     AND3X1_LVT      saed32lvt_ss0p75v125c
                                                          2.287296  
U1973                     AOI22X1_LVT     saed32lvt_ss0p75v125c
                                                          3.049728  
U1974                     NAND2X0_LVT     saed32lvt_ss0p75v125c
                                                          1.524864  
U1975                     NAND3X0_LVT     saed32lvt_ss0p75v125c
                                                          1.779008  
U1976                     AOI22X1_LVT     saed32lvt_ss0p75v125c
                                                          3.049728  
U1977                     AOI22X1_LVT     saed32lvt_ss0p75v125c
                                                          3.049728  
U1978                     AOI22X1_LVT     saed32lvt_ss0p75v125c
                                                          3.049728  
U1979                     NAND2X0_LVT     saed32lvt_ss0p75v125c
                                                          1.524864  
U1980                     AND3X1_LVT      saed32lvt_ss0p75v125c
                                                          2.287296  
U1981                     NAND2X0_LVT     saed32lvt_ss0p75v125c
                                                          1.524864  
U1982                     AND3X1_LVT      saed32lvt_ss0p75v125c
                                                          2.287296  
U1983                     AOI22X1_LVT     saed32lvt_ss0p75v125c
                                                          3.049728  
U1984                     NAND2X0_LVT     saed32lvt_ss0p75v125c
                                                          1.524864  
U1985                     NAND3X0_LVT     saed32lvt_ss0p75v125c
                                                          1.779008  
U1986                     AOI22X1_LVT     saed32lvt_ss0p75v125c
                                                          3.049728  
U1987                     AOI22X1_LVT     saed32lvt_ss0p75v125c
                                                          3.049728  
U1988                     AOI22X1_LVT     saed32lvt_ss0p75v125c
                                                          3.049728  
U1989                     NAND2X0_LVT     saed32lvt_ss0p75v125c
                                                          1.524864  
U1990                     AND3X1_LVT      saed32lvt_ss0p75v125c
                                                          2.287296  
U1991                     NAND2X0_LVT     saed32lvt_ss0p75v125c
                                                          1.524864  
U1992                     AND3X1_LVT      saed32lvt_ss0p75v125c
                                                          2.287296  
U1993                     AOI22X1_LVT     saed32lvt_ss0p75v125c
                                                          3.049728  
U1994                     NAND2X0_LVT     saed32lvt_ss0p75v125c
                                                          1.524864  
U1995                     NAND3X0_LVT     saed32lvt_ss0p75v125c
                                                          1.779008  
U1996                     AOI22X1_LVT     saed32lvt_ss0p75v125c
                                                          3.049728  
U1997                     AOI22X1_LVT     saed32lvt_ss0p75v125c
                                                          3.049728  
U1998                     AOI22X1_LVT     saed32lvt_ss0p75v125c
                                                          3.049728  
U1999                     NAND2X0_LVT     saed32lvt_ss0p75v125c
                                                          1.524864  
U2000                     AND3X1_LVT      saed32lvt_ss0p75v125c
                                                          2.287296  
U2001                     NAND2X0_LVT     saed32lvt_ss0p75v125c
                                                          1.524864  
U2002                     AND3X1_LVT      saed32lvt_ss0p75v125c
                                                          2.287296  
U2003                     AOI22X1_LVT     saed32lvt_ss0p75v125c
                                                          3.049728  
U2004                     NAND2X0_LVT     saed32lvt_ss0p75v125c
                                                          1.524864  
U2005                     NAND3X0_LVT     saed32lvt_ss0p75v125c
                                                          1.779008  
U2006                     AOI22X1_LVT     saed32lvt_ss0p75v125c
                                                          3.049728  
U2007                     AOI22X1_LVT     saed32lvt_ss0p75v125c
                                                          3.049728  
U2008                     AOI22X1_LVT     saed32lvt_ss0p75v125c
                                                          3.049728  
U2009                     NAND2X0_LVT     saed32lvt_ss0p75v125c
                                                          1.524864  
U2010                     AND3X1_LVT      saed32lvt_ss0p75v125c
                                                          2.287296  
U2011                     NAND2X0_LVT     saed32lvt_ss0p75v125c
                                                          1.524864  
U2012                     AND3X1_LVT      saed32lvt_ss0p75v125c
                                                          2.287296  
U2013                     AOI22X1_LVT     saed32lvt_ss0p75v125c
                                                          3.049728  
U2014                     NAND2X0_LVT     saed32lvt_ss0p75v125c
                                                          1.524864  
U2015                     NAND3X0_LVT     saed32lvt_ss0p75v125c
                                                          1.779008  
U2016                     AOI22X1_LVT     saed32lvt_ss0p75v125c
                                                          3.049728  
U2017                     AOI22X1_LVT     saed32lvt_ss0p75v125c
                                                          3.049728  
U2018                     AOI22X1_LVT     saed32lvt_ss0p75v125c
                                                          3.049728  
U2019                     NAND2X0_LVT     saed32lvt_ss0p75v125c
                                                          1.524864  
U2020                     AND3X1_LVT      saed32lvt_ss0p75v125c
                                                          2.287296  
U2021                     NAND2X0_LVT     saed32lvt_ss0p75v125c
                                                          1.524864  
U2022                     AND3X1_LVT      saed32lvt_ss0p75v125c
                                                          2.287296  
U2023                     AOI22X1_LVT     saed32lvt_ss0p75v125c
                                                          3.049728  
U2024                     NAND2X0_LVT     saed32lvt_ss0p75v125c
                                                          1.524864  
U2025                     NAND3X0_LVT     saed32lvt_ss0p75v125c
                                                          1.779008  
U2026                     NAND2X0_LVT     saed32lvt_ss0p75v125c
                                                          1.524864  
U2027                     NAND2X0_LVT     saed32lvt_ss0p75v125c
                                                          1.524864  
U2028                     AND2X1_LVT      saed32lvt_ss0p75v125c
                                                          2.033152  
U2029                     AOI22X1_LVT     saed32lvt_ss0p75v125c
                                                          3.049728  
U2030                     AOI22X1_LVT     saed32lvt_ss0p75v125c
                                                          3.049728  
U2031                     NAND2X0_LVT     saed32lvt_ss0p75v125c
                                                          1.524864  
U2032                     AND3X1_LVT      saed32lvt_ss0p75v125c
                                                          2.287296  
U2033                     NAND2X0_LVT     saed32lvt_ss0p75v125c
                                                          1.524864  
U2034                     AND3X1_LVT      saed32lvt_ss0p75v125c
                                                          2.287296  
U2035                     AOI22X1_LVT     saed32lvt_ss0p75v125c
                                                          3.049728  
U2036                     NAND2X0_LVT     saed32lvt_ss0p75v125c
                                                          1.524864  
U2037                     NAND3X0_LVT     saed32lvt_ss0p75v125c
                                                          1.779008  
U2038                     NAND2X0_LVT     saed32lvt_ss0p75v125c
                                                          1.524864  
U2039                     AND2X1_LVT      saed32lvt_ss0p75v125c
                                                          2.033152  
U2040                     AOI22X1_LVT     saed32lvt_ss0p75v125c
                                                          3.049728  
U2041                     AOI22X1_LVT     saed32lvt_ss0p75v125c
                                                          3.049728  
U2042                     NAND2X0_LVT     saed32lvt_ss0p75v125c
                                                          1.524864  
U2043                     AND3X1_LVT      saed32lvt_ss0p75v125c
                                                          2.287296  
U2044                     NAND2X0_LVT     saed32lvt_ss0p75v125c
                                                          1.524864  
U2045                     AND3X1_LVT      saed32lvt_ss0p75v125c
                                                          2.287296  
U2046                     AOI22X1_LVT     saed32lvt_ss0p75v125c
                                                          3.049728  
U2047                     NAND2X0_LVT     saed32lvt_ss0p75v125c
                                                          1.524864  
U2048                     NAND3X0_LVT     saed32lvt_ss0p75v125c
                                                          1.779008  
U2049                     AO22X1_LVT      saed32lvt_ss0p75v125c
                                                          2.541440  
U2050                     AO22X1_LVT      saed32lvt_ss0p75v125c
                                                          2.541440  
U2051                     AOI22X1_LVT     saed32lvt_ss0p75v125c
                                                          3.049728  
U2052                     AOI22X1_LVT     saed32lvt_ss0p75v125c
                                                          3.049728  
U2053                     NAND2X0_LVT     saed32lvt_ss0p75v125c
                                                          1.524864  
U2054                     NAND3X0_LVT     saed32lvt_ss0p75v125c
                                                          1.779008  
U2055                     OR3X1_LVT       saed32lvt_ss0p75v125c
                                                          2.287296  
U2056                     AO22X1_LVT      saed32lvt_ss0p75v125c
                                                          2.541440  
U2057                     AO22X1_LVT      saed32lvt_ss0p75v125c
                                                          2.541440  
U2058                     AO22X1_LVT      saed32lvt_ss0p75v125c
                                                          2.541440  
U2059                     AO22X1_LVT      saed32lvt_ss0p75v125c
                                                          2.541440  
U2060                     NOR4X1_LVT      saed32lvt_ss0p75v125c
                                                          3.049728  
U2061                     NAND2X0_LVT     saed32lvt_ss0p75v125c
                                                          1.524864  
U2062                     NAND2X0_LVT     saed32lvt_ss0p75v125c
                                                          1.524864  
U2063                     NAND4X0_LVT     saed32lvt_ss0p75v125c
                                                          2.033152  
U2064                     AO22X1_LVT      saed32lvt_ss0p75v125c
                                                          2.541440  
U2065                     AO22X1_LVT      saed32lvt_ss0p75v125c
                                                          2.541440  
U2066                     AO22X1_LVT      saed32lvt_ss0p75v125c
                                                          2.541440  
U2067                     AO22X1_LVT      saed32lvt_ss0p75v125c
                                                          2.541440  
U2068                     OR3X1_LVT       saed32lvt_ss0p75v125c
                                                          2.287296  
U2069                     NOR2X0_LVT      saed32lvt_ss0p75v125c
                                                          2.541440  
U2070                     NAND2X0_LVT     saed32lvt_ss0p75v125c
                                                          1.524864  
U2071                     NAND4X0_LVT     saed32lvt_ss0p75v125c
                                                          2.033152  
U2072                     AO22X1_LVT      saed32lvt_ss0p75v125c
                                                          2.541440  
U2073                     AO21X1_LVT      saed32lvt_ss0p75v125c
                                                          2.541440  
U2074                     AO22X1_LVT      saed32lvt_ss0p75v125c
                                                          2.541440  
U2075                     AO22X1_LVT      saed32lvt_ss0p75v125c
                                                          2.541440  
U2076                     NOR3X0_LVT      saed32lvt_ss0p75v125c
                                                          2.795584  
U2077                     NAND2X0_LVT     saed32lvt_ss0p75v125c
                                                          1.524864  
U2078                     AND3X1_LVT      saed32lvt_ss0p75v125c
                                                          2.287296  
U2079                     AO22X1_LVT      saed32lvt_ss0p75v125c
                                                          2.541440  
U2080                     AO21X1_LVT      saed32lvt_ss0p75v125c
                                                          2.541440  
U2081                     AO22X1_LVT      saed32lvt_ss0p75v125c
                                                          2.541440  
U2082                     AO22X1_LVT      saed32lvt_ss0p75v125c
                                                          2.541440  
U2083                     NOR3X0_LVT      saed32lvt_ss0p75v125c
                                                          2.795584  
U2084                     NAND2X0_LVT     saed32lvt_ss0p75v125c
                                                          1.524864  
U2085                     AND3X1_LVT      saed32lvt_ss0p75v125c
                                                          2.287296  
U2086                     AOI22X1_LVT     saed32lvt_ss0p75v125c
                                                          3.049728  
U2087                     AOI22X1_LVT     saed32lvt_ss0p75v125c
                                                          3.049728  
U2088                     AOI22X1_LVT     saed32lvt_ss0p75v125c
                                                          3.049728  
U2089                     NAND2X0_LVT     saed32lvt_ss0p75v125c
                                                          1.524864  
U2090                     AND4X1_LVT      saed32lvt_ss0p75v125c
                                                          2.541440  
U2091                     AOI22X1_LVT     saed32lvt_ss0p75v125c
                                                          3.049728  
U2092                     NAND2X0_LVT     saed32lvt_ss0p75v125c
                                                          1.524864  
U2093                     NAND3X0_LVT     saed32lvt_ss0p75v125c
                                                          1.779008  
U2094                     AOI22X1_LVT     saed32lvt_ss0p75v125c
                                                          3.049728  
U2095                     AOI22X1_LVT     saed32lvt_ss0p75v125c
                                                          3.049728  
U2096                     AOI22X1_LVT     saed32lvt_ss0p75v125c
                                                          3.049728  
U2097                     AND4X1_LVT      saed32lvt_ss0p75v125c
                                                          2.541440  
U2098                     AOI22X1_LVT     saed32lvt_ss0p75v125c
                                                          3.049728  
U2099                     NAND2X0_LVT     saed32lvt_ss0p75v125c
                                                          1.524864  
U2100                     NAND3X0_LVT     saed32lvt_ss0p75v125c
                                                          1.779008  
U2101                     AOI22X1_LVT     saed32lvt_ss0p75v125c
                                                          3.049728  
U2102                     AOI22X1_LVT     saed32lvt_ss0p75v125c
                                                          3.049728  
U2103                     AOI22X1_LVT     saed32lvt_ss0p75v125c
                                                          3.049728  
U2104                     NAND2X0_LVT     saed32lvt_ss0p75v125c
                                                          1.524864  
U2105                     AND3X1_LVT      saed32lvt_ss0p75v125c
                                                          2.287296  
U2106                     NAND2X0_LVT     saed32lvt_ss0p75v125c
                                                          1.524864  
U2107                     AND3X1_LVT      saed32lvt_ss0p75v125c
                                                          2.287296  
U2108                     AOI22X1_LVT     saed32lvt_ss0p75v125c
                                                          3.049728  
U2109                     NAND2X0_LVT     saed32lvt_ss0p75v125c
                                                          1.524864  
U2110                     NAND3X0_LVT     saed32lvt_ss0p75v125c
                                                          1.779008  
U2111                     AO22X1_LVT      saed32lvt_ss0p75v125c
                                                          2.541440  
U2112                     AO21X1_LVT      saed32lvt_ss0p75v125c
                                                          2.541440  
U2113                     AO22X1_LVT      saed32lvt_ss0p75v125c
                                                          2.541440  
U2114                     AO22X1_LVT      saed32lvt_ss0p75v125c
                                                          2.541440  
U2115                     AO22X1_LVT      saed32lvt_ss0p75v125c
                                                          2.541440  
U2116                     NOR4X1_LVT      saed32lvt_ss0p75v125c
                                                          3.049728  
U2117                     NAND2X0_LVT     saed32lvt_ss0p75v125c
                                                          1.524864  
U2118                     NAND3X0_LVT     saed32lvt_ss0p75v125c
                                                          1.779008  
U2119                     NAND2X0_LVT     saed32lvt_ss0p75v125c
                                                          1.524864  
U2120                     NAND2X0_LVT     saed32lvt_ss0p75v125c
                                                          1.524864  
U2121                     AND2X1_LVT      saed32lvt_ss0p75v125c
                                                          2.033152  
U2122                     AOI22X1_LVT     saed32lvt_ss0p75v125c
                                                          3.049728  
U2123                     AOI22X1_LVT     saed32lvt_ss0p75v125c
                                                          3.049728  
U2124                     NAND2X0_LVT     saed32lvt_ss0p75v125c
                                                          1.524864  
U2125                     AND3X1_LVT      saed32lvt_ss0p75v125c
                                                          2.287296  
U2126                     NAND2X0_LVT     saed32lvt_ss0p75v125c
                                                          1.524864  
U2127                     AND3X1_LVT      saed32lvt_ss0p75v125c
                                                          2.287296  
U2128                     AOI22X1_LVT     saed32lvt_ss0p75v125c
                                                          3.049728  
U2129                     NAND2X0_LVT     saed32lvt_ss0p75v125c
                                                          1.524864  
U2130                     NAND3X0_LVT     saed32lvt_ss0p75v125c
                                                          1.779008  
U2131                     NAND2X0_LVT     saed32lvt_ss0p75v125c
                                                          1.524864  
U2132                     NAND2X0_LVT     saed32lvt_ss0p75v125c
                                                          1.524864  
U2133                     AND2X1_LVT      saed32lvt_ss0p75v125c
                                                          2.033152  
U2134                     AOI22X1_LVT     saed32lvt_ss0p75v125c
                                                          3.049728  
U2135                     AOI22X1_LVT     saed32lvt_ss0p75v125c
                                                          3.049728  
U2136                     NAND2X0_LVT     saed32lvt_ss0p75v125c
                                                          1.524864  
U2137                     AND3X1_LVT      saed32lvt_ss0p75v125c
                                                          2.287296  
U2138                     NAND2X0_LVT     saed32lvt_ss0p75v125c
                                                          1.524864  
U2139                     AND3X1_LVT      saed32lvt_ss0p75v125c
                                                          2.287296  
U2140                     AOI22X1_LVT     saed32lvt_ss0p75v125c
                                                          3.049728  
U2141                     NAND2X0_LVT     saed32lvt_ss0p75v125c
                                                          1.524864  
U2142                     NAND3X0_LVT     saed32lvt_ss0p75v125c
                                                          1.779008  
U2143                     AOI22X1_LVT     saed32lvt_ss0p75v125c
                                                          3.049728  
U2144                     AOI22X1_LVT     saed32lvt_ss0p75v125c
                                                          3.049728  
U2145                     AOI22X1_LVT     saed32lvt_ss0p75v125c
                                                          3.049728  
U2146                     NAND2X0_LVT     saed32lvt_ss0p75v125c
                                                          1.524864  
U2147                     AND3X1_LVT      saed32lvt_ss0p75v125c
                                                          2.287296  
U2148                     NAND2X0_LVT     saed32lvt_ss0p75v125c
                                                          1.524864  
U2149                     AND3X1_LVT      saed32lvt_ss0p75v125c
                                                          2.287296  
U2150                     AOI22X1_LVT     saed32lvt_ss0p75v125c
                                                          3.049728  
U2151                     NAND2X0_LVT     saed32lvt_ss0p75v125c
                                                          1.524864  
U2152                     NAND3X0_LVT     saed32lvt_ss0p75v125c
                                                          1.779008  
U2153                     NAND2X0_LVT     saed32lvt_ss0p75v125c
                                                          1.524864  
U2154                     AO22X1_LVT      saed32lvt_ss0p75v125c
                                                          2.541440  
U2155                     AO21X1_LVT      saed32lvt_ss0p75v125c
                                                          2.541440  
U2156                     AO22X1_LVT      saed32lvt_ss0p75v125c
                                                          2.541440  
U2157                     AO22X1_LVT      saed32lvt_ss0p75v125c
                                                          2.541440  
U2158                     NOR3X0_LVT      saed32lvt_ss0p75v125c
                                                          2.795584  
U2159                     NAND2X0_LVT     saed32lvt_ss0p75v125c
                                                          1.524864  
U2160                     AND3X1_LVT      saed32lvt_ss0p75v125c
                                                          2.287296  
U2161                     AO22X1_LVT      saed32lvt_ss0p75v125c
                                                          2.541440  
U2162                     AO21X1_LVT      saed32lvt_ss0p75v125c
                                                          2.541440  
U2163                     AO22X1_LVT      saed32lvt_ss0p75v125c
                                                          2.541440  
U2164                     AO22X1_LVT      saed32lvt_ss0p75v125c
                                                          2.541440  
U2165                     NOR3X0_LVT      saed32lvt_ss0p75v125c
                                                          2.795584  
U2166                     NAND2X0_LVT     saed32lvt_ss0p75v125c
                                                          1.524864  
U2167                     AND3X1_LVT      saed32lvt_ss0p75v125c
                                                          2.287296  
U2168                     AO22X1_LVT      saed32lvt_ss0p75v125c
                                                          2.541440  
U2169                     AO21X1_LVT      saed32lvt_ss0p75v125c
                                                          2.541440  
U2170                     AO22X1_LVT      saed32lvt_ss0p75v125c
                                                          2.541440  
U2171                     AO22X1_LVT      saed32lvt_ss0p75v125c
                                                          2.541440  
U2172                     NOR3X0_LVT      saed32lvt_ss0p75v125c
                                                          2.795584  
U2173                     NAND2X0_LVT     saed32lvt_ss0p75v125c
                                                          1.524864  
U2174                     AND3X1_LVT      saed32lvt_ss0p75v125c
                                                          2.287296  
U2175                     AO22X1_LVT      saed32lvt_ss0p75v125c
                                                          2.541440  
U2176                     AO21X1_LVT      saed32lvt_ss0p75v125c
                                                          2.541440  
U2177                     AO22X1_LVT      saed32lvt_ss0p75v125c
                                                          2.541440  
U2178                     AO22X1_LVT      saed32lvt_ss0p75v125c
                                                          2.541440  
U2179                     NOR3X0_LVT      saed32lvt_ss0p75v125c
                                                          2.795584  
U2180                     NAND2X0_LVT     saed32lvt_ss0p75v125c
                                                          1.524864  
U2181                     AND3X1_LVT      saed32lvt_ss0p75v125c
                                                          2.287296  
U2182                     NAND2X0_LVT     saed32lvt_ss0p75v125c
                                                          1.524864  
U2183                     AO22X1_LVT      saed32lvt_ss0p75v125c
                                                          2.541440  
U2184                     AO21X1_LVT      saed32lvt_ss0p75v125c
                                                          2.541440  
U2185                     AO22X1_LVT      saed32lvt_ss0p75v125c
                                                          2.541440  
U2186                     AO22X1_LVT      saed32lvt_ss0p75v125c
                                                          2.541440  
U2187                     NOR3X0_LVT      saed32lvt_ss0p75v125c
                                                          2.795584  
U2188                     NAND2X0_LVT     saed32lvt_ss0p75v125c
                                                          1.524864  
U2189                     AND3X1_LVT      saed32lvt_ss0p75v125c
                                                          2.287296  
U2190                     AO22X1_LVT      saed32lvt_ss0p75v125c
                                                          2.541440  
U2191                     AO21X1_LVT      saed32lvt_ss0p75v125c
                                                          2.541440  
U2192                     AO22X1_LVT      saed32lvt_ss0p75v125c
                                                          2.541440  
U2193                     AO22X1_LVT      saed32lvt_ss0p75v125c
                                                          2.541440  
U2194                     NOR3X0_LVT      saed32lvt_ss0p75v125c
                                                          2.795584  
U2195                     NAND2X0_LVT     saed32lvt_ss0p75v125c
                                                          1.524864  
U2196                     AND3X1_LVT      saed32lvt_ss0p75v125c
                                                          2.287296  
U2197                     AO22X1_LVT      saed32lvt_ss0p75v125c
                                                          2.541440  
U2198                     AO21X1_LVT      saed32lvt_ss0p75v125c
                                                          2.541440  
U2199                     AO22X1_LVT      saed32lvt_ss0p75v125c
                                                          2.541440  
U2200                     AO22X1_LVT      saed32lvt_ss0p75v125c
                                                          2.541440  
U2201                     NOR3X0_LVT      saed32lvt_ss0p75v125c
                                                          2.795584  
U2202                     NAND2X0_LVT     saed32lvt_ss0p75v125c
                                                          1.524864  
U2203                     AND3X1_LVT      saed32lvt_ss0p75v125c
                                                          2.287296  
U2204                     AO22X1_LVT      saed32lvt_ss0p75v125c
                                                          2.541440  
U2205                     AO21X1_LVT      saed32lvt_ss0p75v125c
                                                          2.541440  
U2206                     AO22X1_LVT      saed32lvt_ss0p75v125c
                                                          2.541440  
U2207                     AO22X1_LVT      saed32lvt_ss0p75v125c
                                                          2.541440  
U2208                     NOR3X0_LVT      saed32lvt_ss0p75v125c
                                                          2.795584  
U2209                     NAND2X0_LVT     saed32lvt_ss0p75v125c
                                                          1.524864  
U2210                     AND3X1_LVT      saed32lvt_ss0p75v125c
                                                          2.287296  
U2211                     NAND2X0_LVT     saed32lvt_ss0p75v125c
                                                          1.524864  
U2212                     AO22X1_LVT      saed32lvt_ss0p75v125c
                                                          2.541440  
U2213                     AO21X1_LVT      saed32lvt_ss0p75v125c
                                                          2.541440  
U2214                     AO22X1_LVT      saed32lvt_ss0p75v125c
                                                          2.541440  
U2215                     AO22X1_LVT      saed32lvt_ss0p75v125c
                                                          2.541440  
U2216                     NOR3X0_LVT      saed32lvt_ss0p75v125c
                                                          2.795584  
U2217                     NAND2X0_LVT     saed32lvt_ss0p75v125c
                                                          1.524864  
U2218                     AND3X1_LVT      saed32lvt_ss0p75v125c
                                                          2.287296  
U2219                     AO22X1_LVT      saed32lvt_ss0p75v125c
                                                          2.541440  
U2220                     AO21X1_LVT      saed32lvt_ss0p75v125c
                                                          2.541440  
U2221                     AO22X1_LVT      saed32lvt_ss0p75v125c
                                                          2.541440  
U2222                     AO22X1_LVT      saed32lvt_ss0p75v125c
                                                          2.541440  
U2223                     NOR3X0_LVT      saed32lvt_ss0p75v125c
                                                          2.795584  
U2224                     NAND2X0_LVT     saed32lvt_ss0p75v125c
                                                          1.524864  
U2225                     AND3X1_LVT      saed32lvt_ss0p75v125c
                                                          2.287296  
U2226                     AO22X1_LVT      saed32lvt_ss0p75v125c
                                                          2.541440  
U2227                     AO21X1_LVT      saed32lvt_ss0p75v125c
                                                          2.541440  
U2228                     AO22X1_LVT      saed32lvt_ss0p75v125c
                                                          2.541440  
U2229                     AO22X1_LVT      saed32lvt_ss0p75v125c
                                                          2.541440  
U2230                     NOR3X0_LVT      saed32lvt_ss0p75v125c
                                                          2.795584  
U2231                     NAND2X0_LVT     saed32lvt_ss0p75v125c
                                                          1.524864  
U2232                     AND3X1_LVT      saed32lvt_ss0p75v125c
                                                          2.287296  
U2233                     AO22X1_LVT      saed32lvt_ss0p75v125c
                                                          2.541440  
U2234                     AO21X1_LVT      saed32lvt_ss0p75v125c
                                                          2.541440  
U2235                     AO22X1_LVT      saed32lvt_ss0p75v125c
                                                          2.541440  
U2236                     AO22X1_LVT      saed32lvt_ss0p75v125c
                                                          2.541440  
U2237                     NOR3X0_LVT      saed32lvt_ss0p75v125c
                                                          2.795584  
U2238                     NAND2X0_LVT     saed32lvt_ss0p75v125c
                                                          1.524864  
U2239                     AND3X1_LVT      saed32lvt_ss0p75v125c
                                                          2.287296  
U2240                     OR3X1_LVT       saed32lvt_ss0p75v125c
                                                          2.287296  
U2241                     OAI22X1_LVT     saed32lvt_ss0p75v125c
                                                          3.049728  
U2242                     OA222X1_LVT     saed32lvt_ss0p75v125c
                                                          3.303872  
U2243                     INVX1_LVT       saed32lvt_ss0p75v125c
                                                          1.270720  
U2244                     AND2X1_LVT      saed32lvt_ss0p75v125c
                                                          2.033152  
U2245                     AOI22X1_LVT     saed32lvt_ss0p75v125c
                                                          3.049728  
U2246                     AND4X1_LVT      saed32lvt_ss0p75v125c
                                                          2.541440  
U2247                     AND2X1_LVT      saed32lvt_ss0p75v125c
                                                          2.033152  
U2248                     AOI222X1_LVT    saed32lvt_ss0p75v125c
                                                          3.812160  
U2249                     AOI222X1_LVT    saed32lvt_ss0p75v125c
                                                          3.812160  
U2250                     NAND2X0_LVT     saed32lvt_ss0p75v125c
                                                          1.524864  
U2251                     OA221X1_LVT     saed32lvt_ss0p75v125c
                                                          3.049728  
U2252                     OA21X1_LVT      saed32lvt_ss0p75v125c
                                                          2.541440  
U2253                     INVX1_LVT       saed32lvt_ss0p75v125c
                                                          1.270720  
U2254                     AND3X1_LVT      saed32lvt_ss0p75v125c
                                                          2.287296  
U2255                     INVX1_LVT       saed32lvt_ss0p75v125c
                                                          1.270720  
U2256                     INVX1_LVT       saed32lvt_ss0p75v125c
                                                          1.270720  
U2257                     INVX1_LVT       saed32lvt_ss0p75v125c
                                                          1.270720  
U2258                     NAND2X0_LVT     saed32lvt_ss0p75v125c
                                                          1.524864  
U2259                     OA21X1_LVT      saed32lvt_ss0p75v125c
                                                          2.541440  
U2260                     OA21X1_LVT      saed32lvt_ss0p75v125c
                                                          2.541440  
U2261                     OAI21X1_LVT     saed32lvt_ss0p75v125c
                                                          3.049728  
U2262                     NAND3X0_LVT     saed32lvt_ss0p75v125c
                                                          1.779008  
U2263                     NAND3X0_LVT     saed32lvt_ss0p75v125c
                                                          1.779008  
U2264                     NAND2X0_LVT     saed32lvt_ss0p75v125c
                                                          1.524864  
U2265                     OR3X1_LVT       saed32lvt_ss0p75v125c
                                                          2.287296  
U2266                     OA22X1_LVT      saed32lvt_ss0p75v125c
                                                          2.541440  
U2267                     INVX1_LVT       saed32lvt_ss0p75v125c
                                                          1.270720  
U2268                     AND2X1_LVT      saed32lvt_ss0p75v125c
                                                          2.033152  
U2269                     NAND2X0_LVT     saed32lvt_ss0p75v125c
                                                          1.524864  
U2270                     AND3X1_LVT      saed32lvt_ss0p75v125c
                                                          2.287296  
U2271                     NAND2X0_LVT     saed32lvt_ss0p75v125c
                                                          1.524864  
U2272                     OA21X1_LVT      saed32lvt_ss0p75v125c
                                                          2.541440  
U2273                     OA21X1_LVT      saed32lvt_ss0p75v125c
                                                          2.541440  
U2274                     OAI21X1_LVT     saed32lvt_ss0p75v125c
                                                          3.049728  
U2275                     OA22X1_LVT      saed32lvt_ss0p75v125c
                                                          2.541440  
U2276                     NAND2X0_LVT     saed32lvt_ss0p75v125c
                                                          1.524864  
U2277                     AND3X1_LVT      saed32lvt_ss0p75v125c
                                                          2.287296  
U2278                     NAND2X0_LVT     saed32lvt_ss0p75v125c
                                                          1.524864  
U2279                     OA21X1_LVT      saed32lvt_ss0p75v125c
                                                          2.541440  
U2280                     OA21X1_LVT      saed32lvt_ss0p75v125c
                                                          2.541440  
U2281                     OAI21X1_LVT     saed32lvt_ss0p75v125c
                                                          3.049728  
U2282                     OA22X1_LVT      saed32lvt_ss0p75v125c
                                                          2.541440  
U2283                     NAND2X0_LVT     saed32lvt_ss0p75v125c
                                                          1.524864  
U2284                     AND3X1_LVT      saed32lvt_ss0p75v125c
                                                          2.287296  
U2285                     INVX1_LVT       saed32lvt_ss0p75v125c
                                                          1.270720  
U2286                     OA22X1_LVT      saed32lvt_ss0p75v125c
                                                          2.541440  
U2287                     INVX1_LVT       saed32lvt_ss0p75v125c
                                                          1.270720  
U2288                     OA22X1_LVT      saed32lvt_ss0p75v125c
                                                          2.541440  
U2289                     NAND2X0_LVT     saed32lvt_ss0p75v125c
                                                          1.524864  
U2290                     AND3X1_LVT      saed32lvt_ss0p75v125c
                                                          2.287296  
U2291                     OA22X1_LVT      saed32lvt_ss0p75v125c
                                                          2.541440  
U2292                     INVX1_LVT       saed32lvt_ss0p75v125c
                                                          1.270720  
U2293                     OA22X1_LVT      saed32lvt_ss0p75v125c
                                                          2.541440  
U2294                     NAND2X0_LVT     saed32lvt_ss0p75v125c
                                                          1.524864  
U2295                     AND3X1_LVT      saed32lvt_ss0p75v125c
                                                          2.287296  
U2296                     OA22X1_LVT      saed32lvt_ss0p75v125c
                                                          2.541440  
U2297                     OA22X1_LVT      saed32lvt_ss0p75v125c
                                                          2.541440  
U2298                     NAND2X0_LVT     saed32lvt_ss0p75v125c
                                                          1.524864  
U2299                     AND3X1_LVT      saed32lvt_ss0p75v125c
                                                          2.287296  
U2300                     AOI22X1_LVT     saed32lvt_ss0p75v125c
                                                          3.049728  
U2301                     AOI22X1_LVT     saed32lvt_ss0p75v125c
                                                          3.049728  
U2302                     OA22X1_LVT      saed32lvt_ss0p75v125c
                                                          2.541440  
U2303                     NAND2X0_LVT     saed32lvt_ss0p75v125c
                                                          1.524864  
U2304                     NAND2X0_LVT     saed32lvt_ss0p75v125c
                                                          1.524864  
U2305                     AND4X1_LVT      saed32lvt_ss0p75v125c
                                                          2.541440  
U2306                     OA22X1_LVT      saed32lvt_ss0p75v125c
                                                          2.541440  
U2307                     NAND2X0_LVT     saed32lvt_ss0p75v125c
                                                          1.524864  
U2308                     NAND2X0_LVT     saed32lvt_ss0p75v125c
                                                          1.524864  
U2309                     AND4X1_LVT      saed32lvt_ss0p75v125c
                                                          2.541440  
U2310                     OA22X1_LVT      saed32lvt_ss0p75v125c
                                                          2.541440  
U2311                     NAND2X0_LVT     saed32lvt_ss0p75v125c
                                                          1.524864  
U2312                     NAND2X0_LVT     saed32lvt_ss0p75v125c
                                                          1.524864  
U2313                     AND4X1_LVT      saed32lvt_ss0p75v125c
                                                          2.541440  
U2314                     OA22X1_LVT      saed32lvt_ss0p75v125c
                                                          2.541440  
U2315                     OA22X1_LVT      saed32lvt_ss0p75v125c
                                                          2.541440  
U2316                     AND2X1_LVT      saed32lvt_ss0p75v125c
                                                          2.033152  
U2317                     OA22X1_LVT      saed32lvt_ss0p75v125c
                                                          2.541440  
U2318                     OA22X1_LVT      saed32lvt_ss0p75v125c
                                                          2.541440  
U2319                     AND2X1_LVT      saed32lvt_ss0p75v125c
                                                          2.033152  
U2320                     OA22X1_LVT      saed32lvt_ss0p75v125c
                                                          2.541440  
U2321                     OA22X1_LVT      saed32lvt_ss0p75v125c
                                                          2.541440  
U2322                     AND2X1_LVT      saed32lvt_ss0p75v125c
                                                          2.033152  
U2323                     OA22X1_LVT      saed32lvt_ss0p75v125c
                                                          2.541440  
U2324                     OA22X1_LVT      saed32lvt_ss0p75v125c
                                                          2.541440  
U2325                     OA21X1_LVT      saed32lvt_ss0p75v125c
                                                          2.541440  
U2326                     NAND2X0_LVT     saed32lvt_ss0p75v125c
                                                          1.524864  
U2327                     AND4X1_LVT      saed32lvt_ss0p75v125c
                                                          2.541440  
U2328                     OA22X1_LVT      saed32lvt_ss0p75v125c
                                                          2.541440  
U2329                     OA22X1_LVT      saed32lvt_ss0p75v125c
                                                          2.541440  
U2330                     OA21X1_LVT      saed32lvt_ss0p75v125c
                                                          2.541440  
U2331                     NAND2X0_LVT     saed32lvt_ss0p75v125c
                                                          1.524864  
U2332                     AND4X1_LVT      saed32lvt_ss0p75v125c
                                                          2.541440  
U2333                     OA22X1_LVT      saed32lvt_ss0p75v125c
                                                          2.541440  
U2334                     OA22X1_LVT      saed32lvt_ss0p75v125c
                                                          2.541440  
U2335                     OA21X1_LVT      saed32lvt_ss0p75v125c
                                                          2.541440  
U2336                     NAND2X0_LVT     saed32lvt_ss0p75v125c
                                                          1.524864  
U2337                     AND4X1_LVT      saed32lvt_ss0p75v125c
                                                          2.541440  
U2338                     OA22X1_LVT      saed32lvt_ss0p75v125c
                                                          2.541440  
U2339                     OA22X1_LVT      saed32lvt_ss0p75v125c
                                                          2.541440  
U2340                     NAND2X0_LVT     saed32lvt_ss0p75v125c
                                                          1.524864  
U2341                     AND4X1_LVT      saed32lvt_ss0p75v125c
                                                          2.541440  
U2342                     OA22X1_LVT      saed32lvt_ss0p75v125c
                                                          2.541440  
U2343                     OA22X1_LVT      saed32lvt_ss0p75v125c
                                                          2.541440  
U2344                     NAND2X0_LVT     saed32lvt_ss0p75v125c
                                                          1.524864  
U2345                     AND4X1_LVT      saed32lvt_ss0p75v125c
                                                          2.541440  
U2346                     OA22X1_LVT      saed32lvt_ss0p75v125c
                                                          2.541440  
U2347                     OA22X1_LVT      saed32lvt_ss0p75v125c
                                                          2.541440  
U2348                     NAND2X0_LVT     saed32lvt_ss0p75v125c
                                                          1.524864  
U2349                     AND4X1_LVT      saed32lvt_ss0p75v125c
                                                          2.541440  
U2350                     OA22X1_LVT      saed32lvt_ss0p75v125c
                                                          2.541440  
U2351                     OA22X1_LVT      saed32lvt_ss0p75v125c
                                                          2.541440  
U2352                     NAND2X0_LVT     saed32lvt_ss0p75v125c
                                                          1.524864  
U2353                     NAND2X0_LVT     saed32lvt_ss0p75v125c
                                                          1.524864  
U2354                     AND4X1_LVT      saed32lvt_ss0p75v125c
                                                          2.541440  
U2355                     OA22X1_LVT      saed32lvt_ss0p75v125c
                                                          2.541440  
U2356                     OA22X1_LVT      saed32lvt_ss0p75v125c
                                                          2.541440  
U2357                     NAND2X0_LVT     saed32lvt_ss0p75v125c
                                                          1.524864  
U2358                     NAND2X0_LVT     saed32lvt_ss0p75v125c
                                                          1.524864  
U2359                     AND4X1_LVT      saed32lvt_ss0p75v125c
                                                          2.541440  
U2360                     OA22X1_LVT      saed32lvt_ss0p75v125c
                                                          2.541440  
U2361                     OA22X1_LVT      saed32lvt_ss0p75v125c
                                                          2.541440  
U2362                     NAND2X0_LVT     saed32lvt_ss0p75v125c
                                                          1.524864  
U2363                     NAND2X0_LVT     saed32lvt_ss0p75v125c
                                                          1.524864  
U2364                     AND4X1_LVT      saed32lvt_ss0p75v125c
                                                          2.541440  
U2365                     OA22X1_LVT      saed32lvt_ss0p75v125c
                                                          2.541440  
U2366                     OA22X1_LVT      saed32lvt_ss0p75v125c
                                                          2.541440  
U2367                     OA22X1_LVT      saed32lvt_ss0p75v125c
                                                          2.541440  
U2368                     NAND2X0_LVT     saed32lvt_ss0p75v125c
                                                          1.524864  
U2369                     AND4X1_LVT      saed32lvt_ss0p75v125c
                                                          2.541440  
U2370                     OA22X1_LVT      saed32lvt_ss0p75v125c
                                                          2.541440  
U2371                     OA22X1_LVT      saed32lvt_ss0p75v125c
                                                          2.541440  
U2372                     OA22X1_LVT      saed32lvt_ss0p75v125c
                                                          2.541440  
U2373                     NAND2X0_LVT     saed32lvt_ss0p75v125c
                                                          1.524864  
U2374                     AND4X1_LVT      saed32lvt_ss0p75v125c
                                                          2.541440  
U2375                     OA22X1_LVT      saed32lvt_ss0p75v125c
                                                          2.541440  
U2376                     OA22X1_LVT      saed32lvt_ss0p75v125c
                                                          2.541440  
U2377                     OA22X1_LVT      saed32lvt_ss0p75v125c
                                                          2.541440  
U2378                     NAND2X0_LVT     saed32lvt_ss0p75v125c
                                                          1.524864  
U2379                     AND4X1_LVT      saed32lvt_ss0p75v125c
                                                          2.541440  
U2380                     AOI222X1_LVT    saed32lvt_ss0p75v125c
                                                          3.812160  
U2381                     INVX1_LVT       saed32lvt_ss0p75v125c
                                                          1.270720  
U2382                     AO21X1_LVT      saed32lvt_ss0p75v125c
                                                          2.541440  
U2383                     AO22X1_LVT      saed32lvt_ss0p75v125c
                                                          2.541440  
U2384                     NOR2X0_LVT      saed32lvt_ss0p75v125c
                                                          2.541440  
U2385                     AO21X1_LVT      saed32lvt_ss0p75v125c
                                                          2.541440  
U2386                     AO22X1_LVT      saed32lvt_ss0p75v125c
                                                          2.541440  
U2387                     NOR2X0_LVT      saed32lvt_ss0p75v125c
                                                          2.541440  
U2388                     AO21X1_LVT      saed32lvt_ss0p75v125c
                                                          2.541440  
U2389                     AO22X1_LVT      saed32lvt_ss0p75v125c
                                                          2.541440  
U2390                     NOR2X0_LVT      saed32lvt_ss0p75v125c
                                                          2.541440  
U2391                     AO21X1_LVT      saed32lvt_ss0p75v125c
                                                          2.541440  
U2392                     AOI21X1_LVT     saed32lvt_ss0p75v125c
                                                          3.049728  
U2393                     AO21X1_LVT      saed32lvt_ss0p75v125c
                                                          2.541440  
U2394                     AOI21X1_LVT     saed32lvt_ss0p75v125c
                                                          3.049728  
U2395                     AO21X1_LVT      saed32lvt_ss0p75v125c
                                                          2.541440  
U2396                     AOI21X1_LVT     saed32lvt_ss0p75v125c
                                                          3.049728  
U2397                     NAND3X0_LVT     saed32lvt_ss0p75v125c
                                                          1.779008  
U2398                     NAND2X0_LVT     saed32lvt_ss0p75v125c
                                                          1.524864  
U2399                     AO22X1_LVT      saed32lvt_ss0p75v125c
                                                          2.541440  
U2400                     AOI22X1_LVT     saed32lvt_ss0p75v125c
                                                          3.049728  
U2401                     AOI22X1_LVT     saed32lvt_ss0p75v125c
                                                          3.049728  
U2402                     NAND2X0_LVT     saed32lvt_ss0p75v125c
                                                          1.524864  
U2403                     NAND3X0_LVT     saed32lvt_ss0p75v125c
                                                          1.779008  
U2404                     AO22X1_LVT      saed32lvt_ss0p75v125c
                                                          2.541440  
U2405                     AND2X1_LVT      saed32lvt_ss0p75v125c
                                                          2.033152  
U2406                     NOR4X1_LVT      saed32lvt_ss0p75v125c
                                                          3.049728  
U2407                     AOI22X1_LVT     saed32lvt_ss0p75v125c
                                                          3.049728  
U2408                     AOI22X1_LVT     saed32lvt_ss0p75v125c
                                                          3.049728  
U2409                     NAND2X0_LVT     saed32lvt_ss0p75v125c
                                                          1.524864  
U2410                     NAND3X0_LVT     saed32lvt_ss0p75v125c
                                                          1.779008  
U2411                     AO22X1_LVT      saed32lvt_ss0p75v125c
                                                          2.541440  
U2412                     AND2X1_LVT      saed32lvt_ss0p75v125c
                                                          2.033152  
U2413                     NOR4X1_LVT      saed32lvt_ss0p75v125c
                                                          3.049728  
U2414                     AOI22X1_LVT     saed32lvt_ss0p75v125c
                                                          3.049728  
U2415                     AOI22X1_LVT     saed32lvt_ss0p75v125c
                                                          3.049728  
U2416                     NAND2X0_LVT     saed32lvt_ss0p75v125c
                                                          1.524864  
U2417                     NAND3X0_LVT     saed32lvt_ss0p75v125c
                                                          1.779008  
U2418                     AO22X1_LVT      saed32lvt_ss0p75v125c
                                                          2.541440  
U2419                     AND2X1_LVT      saed32lvt_ss0p75v125c
                                                          2.033152  
U2420                     NOR4X1_LVT      saed32lvt_ss0p75v125c
                                                          3.049728  
U2421                     AOI22X1_LVT     saed32lvt_ss0p75v125c
                                                          3.049728  
U2422                     AOI22X1_LVT     saed32lvt_ss0p75v125c
                                                          3.049728  
U2423                     NAND2X0_LVT     saed32lvt_ss0p75v125c
                                                          1.524864  
U2424                     NAND3X0_LVT     saed32lvt_ss0p75v125c
                                                          1.779008  
U2425                     AO22X1_LVT      saed32lvt_ss0p75v125c
                                                          2.541440  
U2426                     AND2X1_LVT      saed32lvt_ss0p75v125c
                                                          2.033152  
U2427                     NOR4X1_LVT      saed32lvt_ss0p75v125c
                                                          3.049728  
U2428                     AOI22X1_LVT     saed32lvt_ss0p75v125c
                                                          3.049728  
U2429                     AOI22X1_LVT     saed32lvt_ss0p75v125c
                                                          3.049728  
U2430                     NAND2X0_LVT     saed32lvt_ss0p75v125c
                                                          1.524864  
U2431                     NAND3X0_LVT     saed32lvt_ss0p75v125c
                                                          1.779008  
U2432                     AO22X1_LVT      saed32lvt_ss0p75v125c
                                                          2.541440  
U2433                     AND2X1_LVT      saed32lvt_ss0p75v125c
                                                          2.033152  
U2434                     NOR4X1_LVT      saed32lvt_ss0p75v125c
                                                          3.049728  
U2435                     AOI22X1_LVT     saed32lvt_ss0p75v125c
                                                          3.049728  
U2436                     AOI22X1_LVT     saed32lvt_ss0p75v125c
                                                          3.049728  
U2437                     NAND2X0_LVT     saed32lvt_ss0p75v125c
                                                          1.524864  
U2438                     NAND3X0_LVT     saed32lvt_ss0p75v125c
                                                          1.779008  
U2439                     AO22X1_LVT      saed32lvt_ss0p75v125c
                                                          2.541440  
U2440                     AND2X1_LVT      saed32lvt_ss0p75v125c
                                                          2.033152  
U2441                     NOR4X1_LVT      saed32lvt_ss0p75v125c
                                                          3.049728  
U2442                     AOI22X1_LVT     saed32lvt_ss0p75v125c
                                                          3.049728  
U2443                     AOI22X1_LVT     saed32lvt_ss0p75v125c
                                                          3.049728  
U2444                     NAND2X0_LVT     saed32lvt_ss0p75v125c
                                                          1.524864  
U2445                     NAND3X0_LVT     saed32lvt_ss0p75v125c
                                                          1.779008  
U2446                     AO22X1_LVT      saed32lvt_ss0p75v125c
                                                          2.541440  
U2447                     AND2X1_LVT      saed32lvt_ss0p75v125c
                                                          2.033152  
U2448                     NOR4X1_LVT      saed32lvt_ss0p75v125c
                                                          3.049728  
U2449                     AOI22X1_LVT     saed32lvt_ss0p75v125c
                                                          3.049728  
U2450                     AOI22X1_LVT     saed32lvt_ss0p75v125c
                                                          3.049728  
U2451                     NAND2X0_LVT     saed32lvt_ss0p75v125c
                                                          1.524864  
U2452                     NAND3X0_LVT     saed32lvt_ss0p75v125c
                                                          1.779008  
U2453                     AO22X1_LVT      saed32lvt_ss0p75v125c
                                                          2.541440  
U2454                     AND2X1_LVT      saed32lvt_ss0p75v125c
                                                          2.033152  
U2455                     NOR4X1_LVT      saed32lvt_ss0p75v125c
                                                          3.049728  
U2456                     AOI22X1_LVT     saed32lvt_ss0p75v125c
                                                          3.049728  
U2457                     AOI22X1_LVT     saed32lvt_ss0p75v125c
                                                          3.049728  
U2458                     NAND2X0_LVT     saed32lvt_ss0p75v125c
                                                          1.524864  
U2459                     NAND3X0_LVT     saed32lvt_ss0p75v125c
                                                          1.779008  
U2460                     AO22X1_LVT      saed32lvt_ss0p75v125c
                                                          2.541440  
U2461                     AND2X1_LVT      saed32lvt_ss0p75v125c
                                                          2.033152  
U2462                     NOR4X1_LVT      saed32lvt_ss0p75v125c
                                                          3.049728  
U2463                     AO22X1_LVT      saed32lvt_ss0p75v125c
                                                          2.541440  
U2464                     AO21X1_LVT      saed32lvt_ss0p75v125c
                                                          2.541440  
U2465                     AO22X1_LVT      saed32lvt_ss0p75v125c
                                                          2.541440  
U2466                     AO22X1_LVT      saed32lvt_ss0p75v125c
                                                          2.541440  
U2467                     AO22X1_LVT      saed32lvt_ss0p75v125c
                                                          2.541440  
U2468                     NOR4X1_LVT      saed32lvt_ss0p75v125c
                                                          3.049728  
U2469                     AO22X1_LVT      saed32lvt_ss0p75v125c
                                                          2.541440  
U2470                     AO21X1_LVT      saed32lvt_ss0p75v125c
                                                          2.541440  
U2471                     AO22X1_LVT      saed32lvt_ss0p75v125c
                                                          2.541440  
U2472                     AO22X1_LVT      saed32lvt_ss0p75v125c
                                                          2.541440  
U2473                     AO22X1_LVT      saed32lvt_ss0p75v125c
                                                          2.541440  
U2474                     NOR4X1_LVT      saed32lvt_ss0p75v125c
                                                          3.049728  
U2475                     AO22X1_LVT      saed32lvt_ss0p75v125c
                                                          2.541440  
U2476                     AO21X1_LVT      saed32lvt_ss0p75v125c
                                                          2.541440  
U2477                     AO22X1_LVT      saed32lvt_ss0p75v125c
                                                          2.541440  
U2478                     AO22X1_LVT      saed32lvt_ss0p75v125c
                                                          2.541440  
U2479                     AO22X1_LVT      saed32lvt_ss0p75v125c
                                                          2.541440  
U2480                     NOR4X1_LVT      saed32lvt_ss0p75v125c
                                                          3.049728  
U2481                     AO22X1_LVT      saed32lvt_ss0p75v125c
                                                          2.541440  
U2482                     AO21X1_LVT      saed32lvt_ss0p75v125c
                                                          2.541440  
U2483                     AO22X1_LVT      saed32lvt_ss0p75v125c
                                                          2.541440  
U2484                     AO22X1_LVT      saed32lvt_ss0p75v125c
                                                          2.541440  
U2485                     AO22X1_LVT      saed32lvt_ss0p75v125c
                                                          2.541440  
U2486                     NOR4X1_LVT      saed32lvt_ss0p75v125c
                                                          3.049728  
U2487                     AO22X1_LVT      saed32lvt_ss0p75v125c
                                                          2.541440  
U2488                     AO21X1_LVT      saed32lvt_ss0p75v125c
                                                          2.541440  
U2489                     AO22X1_LVT      saed32lvt_ss0p75v125c
                                                          2.541440  
U2490                     AO22X1_LVT      saed32lvt_ss0p75v125c
                                                          2.541440  
U2491                     AO22X1_LVT      saed32lvt_ss0p75v125c
                                                          2.541440  
U2492                     NOR4X1_LVT      saed32lvt_ss0p75v125c
                                                          3.049728  
U2493                     AO22X1_LVT      saed32lvt_ss0p75v125c
                                                          2.541440  
U2494                     AO21X1_LVT      saed32lvt_ss0p75v125c
                                                          2.541440  
U2495                     AO22X1_LVT      saed32lvt_ss0p75v125c
                                                          2.541440  
U2496                     AO22X1_LVT      saed32lvt_ss0p75v125c
                                                          2.541440  
U2497                     AO22X1_LVT      saed32lvt_ss0p75v125c
                                                          2.541440  
U2498                     NOR4X1_LVT      saed32lvt_ss0p75v125c
                                                          3.049728  
U2499                     AO22X1_LVT      saed32lvt_ss0p75v125c
                                                          2.541440  
U2500                     AO21X1_LVT      saed32lvt_ss0p75v125c
                                                          2.541440  
U2501                     AO22X1_LVT      saed32lvt_ss0p75v125c
                                                          2.541440  
U2502                     AO22X1_LVT      saed32lvt_ss0p75v125c
                                                          2.541440  
U2503                     AO22X1_LVT      saed32lvt_ss0p75v125c
                                                          2.541440  
U2504                     NOR4X1_LVT      saed32lvt_ss0p75v125c
                                                          3.049728  
U2505                     AO22X1_LVT      saed32lvt_ss0p75v125c
                                                          2.541440  
U2506                     AO21X1_LVT      saed32lvt_ss0p75v125c
                                                          2.541440  
U2507                     AO22X1_LVT      saed32lvt_ss0p75v125c
                                                          2.541440  
U2508                     AO22X1_LVT      saed32lvt_ss0p75v125c
                                                          2.541440  
U2509                     AO22X1_LVT      saed32lvt_ss0p75v125c
                                                          2.541440  
U2510                     NOR4X1_LVT      saed32lvt_ss0p75v125c
                                                          3.049728  
U2511                     AO22X1_LVT      saed32lvt_ss0p75v125c
                                                          2.541440  
U2512                     AO21X1_LVT      saed32lvt_ss0p75v125c
                                                          2.541440  
U2513                     AO22X1_LVT      saed32lvt_ss0p75v125c
                                                          2.541440  
U2514                     AO22X1_LVT      saed32lvt_ss0p75v125c
                                                          2.541440  
U2515                     AO22X1_LVT      saed32lvt_ss0p75v125c
                                                          2.541440  
U2516                     NOR4X1_LVT      saed32lvt_ss0p75v125c
                                                          3.049728  
U2517                     AO22X1_LVT      saed32lvt_ss0p75v125c
                                                          2.541440  
U2518                     AO21X1_LVT      saed32lvt_ss0p75v125c
                                                          2.541440  
U2519                     AO22X1_LVT      saed32lvt_ss0p75v125c
                                                          2.541440  
U2520                     AO22X1_LVT      saed32lvt_ss0p75v125c
                                                          2.541440  
U2521                     AO22X1_LVT      saed32lvt_ss0p75v125c
                                                          2.541440  
U2522                     NOR4X1_LVT      saed32lvt_ss0p75v125c
                                                          3.049728  
U2523                     AO22X1_LVT      saed32lvt_ss0p75v125c
                                                          2.541440  
U2524                     AO21X1_LVT      saed32lvt_ss0p75v125c
                                                          2.541440  
U2525                     AO22X1_LVT      saed32lvt_ss0p75v125c
                                                          2.541440  
U2526                     AO22X1_LVT      saed32lvt_ss0p75v125c
                                                          2.541440  
U2527                     AO22X1_LVT      saed32lvt_ss0p75v125c
                                                          2.541440  
U2528                     NOR4X1_LVT      saed32lvt_ss0p75v125c
                                                          3.049728  
U2529                     AO22X1_LVT      saed32lvt_ss0p75v125c
                                                          2.541440  
U2530                     AO21X1_LVT      saed32lvt_ss0p75v125c
                                                          2.541440  
U2531                     AO22X1_LVT      saed32lvt_ss0p75v125c
                                                          2.541440  
U2532                     AO22X1_LVT      saed32lvt_ss0p75v125c
                                                          2.541440  
U2533                     AO22X1_LVT      saed32lvt_ss0p75v125c
                                                          2.541440  
U2534                     NOR4X1_LVT      saed32lvt_ss0p75v125c
                                                          3.049728  
U2535                     AO22X1_LVT      saed32lvt_ss0p75v125c
                                                          2.541440  
U2536                     AO21X1_LVT      saed32lvt_ss0p75v125c
                                                          2.541440  
U2537                     AO22X1_LVT      saed32lvt_ss0p75v125c
                                                          2.541440  
U2538                     AO22X1_LVT      saed32lvt_ss0p75v125c
                                                          2.541440  
U2539                     AO22X1_LVT      saed32lvt_ss0p75v125c
                                                          2.541440  
U2540                     NOR4X1_LVT      saed32lvt_ss0p75v125c
                                                          3.049728  
U2541                     AO22X1_LVT      saed32lvt_ss0p75v125c
                                                          2.541440  
U2542                     AO21X1_LVT      saed32lvt_ss0p75v125c
                                                          2.541440  
U2543                     AO22X1_LVT      saed32lvt_ss0p75v125c
                                                          2.541440  
U2544                     AO22X1_LVT      saed32lvt_ss0p75v125c
                                                          2.541440  
U2545                     AO22X1_LVT      saed32lvt_ss0p75v125c
                                                          2.541440  
U2546                     NOR4X1_LVT      saed32lvt_ss0p75v125c
                                                          3.049728  
U2547                     AO22X1_LVT      saed32lvt_ss0p75v125c
                                                          2.541440  
U2548                     AO21X1_LVT      saed32lvt_ss0p75v125c
                                                          2.541440  
U2549                     AO22X1_LVT      saed32lvt_ss0p75v125c
                                                          2.541440  
U2550                     AO22X1_LVT      saed32lvt_ss0p75v125c
                                                          2.541440  
U2551                     AO22X1_LVT      saed32lvt_ss0p75v125c
                                                          2.541440  
U2552                     NOR4X1_LVT      saed32lvt_ss0p75v125c
                                                          3.049728  
U2553                     AO22X1_LVT      saed32lvt_ss0p75v125c
                                                          2.541440  
U2554                     AO21X1_LVT      saed32lvt_ss0p75v125c
                                                          2.541440  
U2555                     AO22X1_LVT      saed32lvt_ss0p75v125c
                                                          2.541440  
U2556                     AO22X1_LVT      saed32lvt_ss0p75v125c
                                                          2.541440  
U2557                     AO22X1_LVT      saed32lvt_ss0p75v125c
                                                          2.541440  
U2558                     NOR4X1_LVT      saed32lvt_ss0p75v125c
                                                          3.049728  
U2559                     AO22X1_LVT      saed32lvt_ss0p75v125c
                                                          2.541440  
U2560                     AO21X1_LVT      saed32lvt_ss0p75v125c
                                                          2.541440  
U2561                     AO22X1_LVT      saed32lvt_ss0p75v125c
                                                          2.541440  
U2562                     AO22X1_LVT      saed32lvt_ss0p75v125c
                                                          2.541440  
U2563                     AO22X1_LVT      saed32lvt_ss0p75v125c
                                                          2.541440  
U2564                     NOR4X1_LVT      saed32lvt_ss0p75v125c
                                                          3.049728  
U2565                     AO22X1_LVT      saed32lvt_ss0p75v125c
                                                          2.541440  
U2566                     AO21X1_LVT      saed32lvt_ss0p75v125c
                                                          2.541440  
U2567                     AO22X1_LVT      saed32lvt_ss0p75v125c
                                                          2.541440  
U2568                     AO22X1_LVT      saed32lvt_ss0p75v125c
                                                          2.541440  
U2569                     AO22X1_LVT      saed32lvt_ss0p75v125c
                                                          2.541440  
U2570                     NOR4X1_LVT      saed32lvt_ss0p75v125c
                                                          3.049728  
U2571                     AO22X1_LVT      saed32lvt_ss0p75v125c
                                                          2.541440  
U2572                     AO21X1_LVT      saed32lvt_ss0p75v125c
                                                          2.541440  
U2573                     AO22X1_LVT      saed32lvt_ss0p75v125c
                                                          2.541440  
U2574                     AO22X1_LVT      saed32lvt_ss0p75v125c
                                                          2.541440  
U2575                     AO22X1_LVT      saed32lvt_ss0p75v125c
                                                          2.541440  
U2576                     NOR4X1_LVT      saed32lvt_ss0p75v125c
                                                          3.049728  
U2577                     AO22X1_LVT      saed32lvt_ss0p75v125c
                                                          2.541440  
U2578                     AO21X1_LVT      saed32lvt_ss0p75v125c
                                                          2.541440  
U2579                     AO22X1_LVT      saed32lvt_ss0p75v125c
                                                          2.541440  
U2580                     AO22X1_LVT      saed32lvt_ss0p75v125c
                                                          2.541440  
U2581                     AO22X1_LVT      saed32lvt_ss0p75v125c
                                                          2.541440  
U2582                     NOR4X1_LVT      saed32lvt_ss0p75v125c
                                                          3.049728  
U2583                     AO22X1_LVT      saed32lvt_ss0p75v125c
                                                          2.541440  
U2584                     AO21X1_LVT      saed32lvt_ss0p75v125c
                                                          2.541440  
U2585                     AO22X1_LVT      saed32lvt_ss0p75v125c
                                                          2.541440  
U2586                     AO22X1_LVT      saed32lvt_ss0p75v125c
                                                          2.541440  
U2587                     AO22X1_LVT      saed32lvt_ss0p75v125c
                                                          2.541440  
U2588                     NOR4X1_LVT      saed32lvt_ss0p75v125c
                                                          3.049728  
U2589                     AO22X1_LVT      saed32lvt_ss0p75v125c
                                                          2.541440  
U2590                     AO21X1_LVT      saed32lvt_ss0p75v125c
                                                          2.541440  
U2591                     AO22X1_LVT      saed32lvt_ss0p75v125c
                                                          2.541440  
U2592                     AO22X1_LVT      saed32lvt_ss0p75v125c
                                                          2.541440  
U2593                     AO22X1_LVT      saed32lvt_ss0p75v125c
                                                          2.541440  
U2594                     NOR4X1_LVT      saed32lvt_ss0p75v125c
                                                          3.049728  
U2595                     AO22X1_LVT      saed32lvt_ss0p75v125c
                                                          2.541440  
U2596                     AO21X1_LVT      saed32lvt_ss0p75v125c
                                                          2.541440  
U2597                     AO22X1_LVT      saed32lvt_ss0p75v125c
                                                          2.541440  
U2598                     AO22X1_LVT      saed32lvt_ss0p75v125c
                                                          2.541440  
U2599                     AO22X1_LVT      saed32lvt_ss0p75v125c
                                                          2.541440  
U2600                     NOR4X1_LVT      saed32lvt_ss0p75v125c
                                                          3.049728  
U2601                     AO22X1_LVT      saed32lvt_ss0p75v125c
                                                          2.541440  
U2602                     AO21X1_LVT      saed32lvt_ss0p75v125c
                                                          2.541440  
U2603                     AO22X1_LVT      saed32lvt_ss0p75v125c
                                                          2.541440  
U2604                     AO22X1_LVT      saed32lvt_ss0p75v125c
                                                          2.541440  
U2605                     AO22X1_LVT      saed32lvt_ss0p75v125c
                                                          2.541440  
U2606                     NOR4X1_LVT      saed32lvt_ss0p75v125c
                                                          3.049728  
U2607                     AO22X1_LVT      saed32lvt_ss0p75v125c
                                                          2.541440  
U2608                     AO21X1_LVT      saed32lvt_ss0p75v125c
                                                          2.541440  
U2609                     AO22X1_LVT      saed32lvt_ss0p75v125c
                                                          2.541440  
U2610                     AO22X1_LVT      saed32lvt_ss0p75v125c
                                                          2.541440  
U2611                     AO22X1_LVT      saed32lvt_ss0p75v125c
                                                          2.541440  
U2612                     NOR4X1_LVT      saed32lvt_ss0p75v125c
                                                          3.049728  
U2613                     AO22X1_LVT      saed32lvt_ss0p75v125c
                                                          2.541440  
U2614                     AO21X1_LVT      saed32lvt_ss0p75v125c
                                                          2.541440  
U2615                     AO22X1_LVT      saed32lvt_ss0p75v125c
                                                          2.541440  
U2616                     AO22X1_LVT      saed32lvt_ss0p75v125c
                                                          2.541440  
U2617                     AO22X1_LVT      saed32lvt_ss0p75v125c
                                                          2.541440  
U2618                     NOR4X1_LVT      saed32lvt_ss0p75v125c
                                                          3.049728  
U2619                     AO22X1_LVT      saed32lvt_ss0p75v125c
                                                          2.541440  
U2620                     AO21X1_LVT      saed32lvt_ss0p75v125c
                                                          2.541440  
U2621                     AO22X1_LVT      saed32lvt_ss0p75v125c
                                                          2.541440  
U2622                     AO22X1_LVT      saed32lvt_ss0p75v125c
                                                          2.541440  
U2623                     AO22X1_LVT      saed32lvt_ss0p75v125c
                                                          2.541440  
U2624                     NOR4X1_LVT      saed32lvt_ss0p75v125c
                                                          3.049728  
U2625                     AO22X1_LVT      saed32lvt_ss0p75v125c
                                                          2.541440  
U2626                     AO21X1_LVT      saed32lvt_ss0p75v125c
                                                          2.541440  
U2627                     AO22X1_LVT      saed32lvt_ss0p75v125c
                                                          2.541440  
U2628                     AO22X1_LVT      saed32lvt_ss0p75v125c
                                                          2.541440  
U2629                     AO22X1_LVT      saed32lvt_ss0p75v125c
                                                          2.541440  
U2630                     NOR4X1_LVT      saed32lvt_ss0p75v125c
                                                          3.049728  
U2631                     AO22X1_LVT      saed32lvt_ss0p75v125c
                                                          2.541440  
U2632                     AO21X1_LVT      saed32lvt_ss0p75v125c
                                                          2.541440  
U2633                     AO22X1_LVT      saed32lvt_ss0p75v125c
                                                          2.541440  
U2634                     AO22X1_LVT      saed32lvt_ss0p75v125c
                                                          2.541440  
U2635                     AO22X1_LVT      saed32lvt_ss0p75v125c
                                                          2.541440  
U2636                     NOR4X1_LVT      saed32lvt_ss0p75v125c
                                                          3.049728  
U2637                     AO22X1_LVT      saed32lvt_ss0p75v125c
                                                          2.541440  
U2638                     AO21X1_LVT      saed32lvt_ss0p75v125c
                                                          2.541440  
U2639                     AO22X1_LVT      saed32lvt_ss0p75v125c
                                                          2.541440  
U2640                     AO22X1_LVT      saed32lvt_ss0p75v125c
                                                          2.541440  
U2641                     AO22X1_LVT      saed32lvt_ss0p75v125c
                                                          2.541440  
U2642                     NOR4X1_LVT      saed32lvt_ss0p75v125c
                                                          3.049728  
U2643                     NOR2X0_LVT      saed32lvt_ss0p75v125c
                                                          2.541440  
U2644                     AO22X1_LVT      saed32lvt_ss0p75v125c
                                                          2.541440  
U2645                     NAND2X0_LVT     saed32lvt_ss0p75v125c
                                                          1.524864  
U2646                     AO21X1_LVT      saed32lvt_ss0p75v125c
                                                          2.541440  
U2647                     AO22X1_LVT      saed32lvt_ss0p75v125c
                                                          2.541440  
cnt_reg[0]                DFFARX1_LVT     saed32lvt_ss0p75v125c
                                                          7.116032  n
cnt_reg[1]                DFFARX1_LVT     saed32lvt_ss0p75v125c
                                                          7.116032  n
cnt_reg[2]                DFFARX1_LVT     saed32lvt_ss0p75v125c
                                                          7.116032  n
cnt_reg[3]                DFFARX1_LVT     saed32lvt_ss0p75v125c
                                                          7.116032  n
intadd_0/U3               FADDX1_LVT      saed32lvt_ss0p75v125c
                                                          4.828736  mo, r
intadd_0/U4               FADDX1_LVT      saed32lvt_ss0p75v125c
                                                          4.828736  mo, r
intadd_0/U5               FADDX1_LVT      saed32lvt_ss0p75v125c
                                                          4.828736  mo, r
intadd_0/U6               FADDX1_LVT      saed32lvt_ss0p75v125c
                                                          4.828736  mo, r
intadd_0/U7               FADDX1_LVT      saed32lvt_ss0p75v125c
                                                          4.828736  mo, r
intadd_0/U8               FADDX1_LVT      saed32lvt_ss0p75v125c
                                                          4.828736  mo, r
intadd_0/U9               FADDX1_LVT      saed32lvt_ss0p75v125c
                                                          4.828736  mo, r
intadd_0/U10              FADDX1_LVT      saed32lvt_ss0p75v125c
                                                          4.828736  mo, r
intadd_0/U11              FADDX1_LVT      saed32lvt_ss0p75v125c
                                                          4.828736  mo, r
intadd_0/U12              FADDX1_LVT      saed32lvt_ss0p75v125c
                                                          4.828736  mo, r
intadd_0/U13              FADDX1_LVT      saed32lvt_ss0p75v125c
                                                          4.828736  mo, r
intadd_0/U14              FADDX1_LVT      saed32lvt_ss0p75v125c
                                                          4.828736  mo, r
intadd_0/U15              FADDX1_LVT      saed32lvt_ss0p75v125c
                                                          4.828736  mo, r
intadd_0/U16              FADDX1_LVT      saed32lvt_ss0p75v125c
                                                          4.828736  mo, r
intadd_0/U17              FADDX1_LVT      saed32lvt_ss0p75v125c
                                                          4.828736  mo, r
intadd_0/U18              FADDX1_LVT      saed32lvt_ss0p75v125c
                                                          4.828736  mo, r
intadd_0/U19              FADDX1_LVT      saed32lvt_ss0p75v125c
                                                          4.828736  mo, r
intadd_0/U20              FADDX1_LVT      saed32lvt_ss0p75v125c
                                                          4.828736  mo, r
intadd_1/U3               FADDX1_LVT      saed32lvt_ss0p75v125c
                                                          4.828736  mo, r
intadd_1/U4               FADDX1_LVT      saed32lvt_ss0p75v125c
                                                          4.828736  mo, r
intadd_1/U5               FADDX1_LVT      saed32lvt_ss0p75v125c
                                                          4.828736  mo, r
intadd_1/U6               FADDX1_LVT      saed32lvt_ss0p75v125c
                                                          4.828736  mo, r
intadd_1/U7               FADDX1_LVT      saed32lvt_ss0p75v125c
                                                          4.828736  mo, r
intadd_1/U8               FADDX1_LVT      saed32lvt_ss0p75v125c
                                                          4.828736  mo, r
intadd_1/U9               FADDX1_LVT      saed32lvt_ss0p75v125c
                                                          4.828736  mo, r
intadd_1/U10              FADDX1_LVT      saed32lvt_ss0p75v125c
                                                          4.828736  mo, r
intadd_1/U11              FADDX1_LVT      saed32lvt_ss0p75v125c
                                                          4.828736  mo, r
intadd_1/U12              FADDX1_LVT      saed32lvt_ss0p75v125c
                                                          4.828736  mo, r
intadd_1/U13              FADDX1_LVT      saed32lvt_ss0p75v125c
                                                          4.828736  mo, r
intadd_1/U14              FADDX1_LVT      saed32lvt_ss0p75v125c
                                                          4.828736  mo, r
intadd_1/U15              FADDX1_LVT      saed32lvt_ss0p75v125c
                                                          4.828736  mo, r
intadd_1/U16              FADDX1_LVT      saed32lvt_ss0p75v125c
                                                          4.828736  mo, r
intadd_1/U17              FADDX1_LVT      saed32lvt_ss0p75v125c
                                                          4.828736  mo, r
intadd_1/U18              FADDX1_LVT      saed32lvt_ss0p75v125c
                                                          4.828736  mo, r
intadd_1/U19              FADDX1_LVT      saed32lvt_ss0p75v125c
                                                          4.828736  mo, r
intadd_1/U20              FADDX1_LVT      saed32lvt_ss0p75v125c
                                                          4.828736  mo, r
intadd_2/U3               FADDX1_LVT      saed32lvt_ss0p75v125c
                                                          4.828736  mo, r
intadd_2/U4               FADDX1_LVT      saed32lvt_ss0p75v125c
                                                          4.828736  mo, r
intadd_2/U5               FADDX1_LVT      saed32lvt_ss0p75v125c
                                                          4.828736  mo, r
intadd_2/U6               FADDX1_LVT      saed32lvt_ss0p75v125c
                                                          4.828736  mo, r
intadd_2/U7               FADDX1_LVT      saed32lvt_ss0p75v125c
                                                          4.828736  mo, r
intadd_2/U8               FADDX1_LVT      saed32lvt_ss0p75v125c
                                                          4.828736  mo, r
intadd_2/U9               FADDX1_LVT      saed32lvt_ss0p75v125c
                                                          4.828736  mo, r
intadd_2/U10              FADDX1_LVT      saed32lvt_ss0p75v125c
                                                          4.828736  mo, r
intadd_2/U11              FADDX1_LVT      saed32lvt_ss0p75v125c
                                                          4.828736  mo, r
intadd_2/U12              FADDX1_LVT      saed32lvt_ss0p75v125c
                                                          4.828736  mo, r
intadd_2/U13              FADDX1_LVT      saed32lvt_ss0p75v125c
                                                          4.828736  mo, r
intadd_2/U14              FADDX1_LVT      saed32lvt_ss0p75v125c
                                                          4.828736  mo, r
intadd_2/U15              FADDX1_LVT      saed32lvt_ss0p75v125c
                                                          4.828736  mo, r
intadd_2/U16              FADDX1_LVT      saed32lvt_ss0p75v125c
                                                          4.828736  mo, r
intadd_2/U17              FADDX1_LVT      saed32lvt_ss0p75v125c
                                                          4.828736  mo, r
intadd_2/U18              FADDX1_LVT      saed32lvt_ss0p75v125c
                                                          4.828736  mo, r
intadd_2/U19              FADDX1_LVT      saed32lvt_ss0p75v125c
                                                          4.828736  mo, r
intadd_2/U20              FADDX1_LVT      saed32lvt_ss0p75v125c
                                                          4.828736  mo, r
pipe_reg[1][0][1]         LATCHX1_LVT     saed32lvt_ss0p75v125c
                                                          5.082880  n
pipe_reg[1][0][2]         LATCHX1_LVT     saed32lvt_ss0p75v125c
                                                          5.082880  n
pipe_reg[1][0][3]         LATCHX1_LVT     saed32lvt_ss0p75v125c
                                                          5.082880  n
pipe_reg[1][0][4]         LATCHX1_LVT     saed32lvt_ss0p75v125c
                                                          5.082880  n
pipe_reg[1][0][5]         LATCHX1_LVT     saed32lvt_ss0p75v125c
                                                          5.082880  n
pipe_reg[1][0][6]         LATCHX1_LVT     saed32lvt_ss0p75v125c
                                                          5.082880  n
pipe_reg[1][0][7]         LATCHX1_LVT     saed32lvt_ss0p75v125c
                                                          5.082880  n
pipe_reg[1][0][8]         LATCHX1_LVT     saed32lvt_ss0p75v125c
                                                          5.082880  n
pipe_reg[1][0][9]         LATCHX1_LVT     saed32lvt_ss0p75v125c
                                                          5.082880  n
pipe_reg[1][0][10]        LATCHX1_LVT     saed32lvt_ss0p75v125c
                                                          5.082880  n
pipe_reg[1][0][11]        LATCHX1_LVT     saed32lvt_ss0p75v125c
                                                          5.082880  n
pipe_reg[1][0][12]        LATCHX1_LVT     saed32lvt_ss0p75v125c
                                                          5.082880  n
pipe_reg[1][0][13]        LATCHX1_LVT     saed32lvt_ss0p75v125c
                                                          5.082880  n
pipe_reg[1][0][14]        LATCHX1_LVT     saed32lvt_ss0p75v125c
                                                          5.082880  n
pipe_reg[1][0][15]        LATCHX1_LVT     saed32lvt_ss0p75v125c
                                                          5.082880  n
pipe_reg[1][0][16]        LATCHX1_LVT     saed32lvt_ss0p75v125c
                                                          5.082880  n
pipe_reg[1][0][17]        LATCHX1_LVT     saed32lvt_ss0p75v125c
                                                          5.082880  n
pipe_reg[1][0][18]        LATCHX1_LVT     saed32lvt_ss0p75v125c
                                                          5.082880  n
pipe_reg[1][0][19]        LATCHX1_LVT     saed32lvt_ss0p75v125c
                                                          5.082880  n
pipe_reg[1][1][1]         LATCHX1_LVT     saed32lvt_ss0p75v125c
                                                          5.082880  n
pipe_reg[1][1][2]         LATCHX1_LVT     saed32lvt_ss0p75v125c
                                                          5.082880  n
pipe_reg[1][1][3]         LATCHX1_LVT     saed32lvt_ss0p75v125c
                                                          5.082880  n
pipe_reg[1][1][4]         LATCHX1_LVT     saed32lvt_ss0p75v125c
                                                          5.082880  n
pipe_reg[1][1][5]         LATCHX1_LVT     saed32lvt_ss0p75v125c
                                                          5.082880  n
pipe_reg[1][1][6]         LATCHX1_LVT     saed32lvt_ss0p75v125c
                                                          5.082880  n
pipe_reg[1][1][7]         LATCHX1_LVT     saed32lvt_ss0p75v125c
                                                          5.082880  n
pipe_reg[1][1][8]         LATCHX1_LVT     saed32lvt_ss0p75v125c
                                                          5.082880  n
pipe_reg[1][1][9]         LATCHX1_LVT     saed32lvt_ss0p75v125c
                                                          5.082880  n
pipe_reg[1][1][10]        LATCHX1_LVT     saed32lvt_ss0p75v125c
                                                          5.082880  n
pipe_reg[1][1][11]        LATCHX1_LVT     saed32lvt_ss0p75v125c
                                                          5.082880  n
pipe_reg[1][1][12]        LATCHX1_LVT     saed32lvt_ss0p75v125c
                                                          5.082880  n
pipe_reg[1][1][13]        LATCHX1_LVT     saed32lvt_ss0p75v125c
                                                          5.082880  n
pipe_reg[1][1][14]        LATCHX1_LVT     saed32lvt_ss0p75v125c
                                                          5.082880  n
pipe_reg[1][1][15]        LATCHX1_LVT     saed32lvt_ss0p75v125c
                                                          5.082880  n
pipe_reg[1][1][16]        LATCHX1_LVT     saed32lvt_ss0p75v125c
                                                          5.082880  n
pipe_reg[1][1][17]        LATCHX1_LVT     saed32lvt_ss0p75v125c
                                                          5.082880  n
pipe_reg[1][1][18]        LATCHX1_LVT     saed32lvt_ss0p75v125c
                                                          5.082880  n
pipe_reg[1][1][19]        LATCHX1_LVT     saed32lvt_ss0p75v125c
                                                          5.082880  n
pipe_reg[1][2][1]         LATCHX1_LVT     saed32lvt_ss0p75v125c
                                                          5.082880  n
pipe_reg[1][2][2]         LATCHX1_LVT     saed32lvt_ss0p75v125c
                                                          5.082880  n
pipe_reg[1][2][3]         LATCHX1_LVT     saed32lvt_ss0p75v125c
                                                          5.082880  n
pipe_reg[1][2][4]         LATCHX1_LVT     saed32lvt_ss0p75v125c
                                                          5.082880  n
pipe_reg[1][2][5]         LATCHX1_LVT     saed32lvt_ss0p75v125c
                                                          5.082880  n
pipe_reg[1][2][6]         LATCHX1_LVT     saed32lvt_ss0p75v125c
                                                          5.082880  n
pipe_reg[1][2][7]         LATCHX1_LVT     saed32lvt_ss0p75v125c
                                                          5.082880  n
pipe_reg[1][2][8]         LATCHX1_LVT     saed32lvt_ss0p75v125c
                                                          5.082880  n
pipe_reg[1][2][9]         LATCHX1_LVT     saed32lvt_ss0p75v125c
                                                          5.082880  n
pipe_reg[1][2][10]        LATCHX1_LVT     saed32lvt_ss0p75v125c
                                                          5.082880  n
pipe_reg[1][2][11]        LATCHX1_LVT     saed32lvt_ss0p75v125c
                                                          5.082880  n
pipe_reg[1][2][12]        LATCHX1_LVT     saed32lvt_ss0p75v125c
                                                          5.082880  n
pipe_reg[1][2][13]        LATCHX1_LVT     saed32lvt_ss0p75v125c
                                                          5.082880  n
pipe_reg[1][2][14]        LATCHX1_LVT     saed32lvt_ss0p75v125c
                                                          5.082880  n
pipe_reg[1][2][15]        LATCHX1_LVT     saed32lvt_ss0p75v125c
                                                          5.082880  n
pipe_reg[1][2][16]        LATCHX1_LVT     saed32lvt_ss0p75v125c
                                                          5.082880  n
pipe_reg[1][2][17]        LATCHX1_LVT     saed32lvt_ss0p75v125c
                                                          5.082880  n
pipe_reg[1][2][18]        LATCHX1_LVT     saed32lvt_ss0p75v125c
                                                          5.082880  n
pipe_reg[1][2][19]        LATCHX1_LVT     saed32lvt_ss0p75v125c
                                                          5.082880  n
pipe_reg[2][0][0]         LATCHX1_LVT     saed32lvt_ss0p75v125c
                                                          5.082880  n
pipe_reg[2][0][1]         LATCHX1_LVT     saed32lvt_ss0p75v125c
                                                          5.082880  n
pipe_reg[2][0][2]         LATCHX1_LVT     saed32lvt_ss0p75v125c
                                                          5.082880  n
pipe_reg[2][0][3]         LATCHX1_LVT     saed32lvt_ss0p75v125c
                                                          5.082880  n
pipe_reg[2][0][4]         LATCHX1_LVT     saed32lvt_ss0p75v125c
                                                          5.082880  n
pipe_reg[2][0][5]         LATCHX1_LVT     saed32lvt_ss0p75v125c
                                                          5.082880  n
pipe_reg[2][0][6]         LATCHX1_LVT     saed32lvt_ss0p75v125c
                                                          5.082880  n
pipe_reg[2][0][7]         LATCHX1_LVT     saed32lvt_ss0p75v125c
                                                          5.082880  n
pipe_reg[2][0][8]         LATCHX1_LVT     saed32lvt_ss0p75v125c
                                                          5.082880  n
pipe_reg[2][0][9]         LATCHX1_LVT     saed32lvt_ss0p75v125c
                                                          5.082880  n
pipe_reg[2][0][10]        LATCHX1_LVT     saed32lvt_ss0p75v125c
                                                          5.082880  n
pipe_reg[2][0][11]        LATCHX1_LVT     saed32lvt_ss0p75v125c
                                                          5.082880  n
pipe_reg[2][0][12]        LATCHX1_LVT     saed32lvt_ss0p75v125c
                                                          5.082880  n
pipe_reg[2][0][13]        LATCHX1_LVT     saed32lvt_ss0p75v125c
                                                          5.082880  n
pipe_reg[2][0][14]        LATCHX1_LVT     saed32lvt_ss0p75v125c
                                                          5.082880  n
pipe_reg[2][0][15]        LATCHX1_LVT     saed32lvt_ss0p75v125c
                                                          5.082880  n
pipe_reg[2][0][16]        LATCHX1_LVT     saed32lvt_ss0p75v125c
                                                          5.082880  n
pipe_reg[2][0][17]        LATCHX1_LVT     saed32lvt_ss0p75v125c
                                                          5.082880  n
pipe_reg[2][0][18]        LATCHX1_LVT     saed32lvt_ss0p75v125c
                                                          5.082880  n
pipe_reg[2][0][19]        LATCHX1_LVT     saed32lvt_ss0p75v125c
                                                          5.082880  n
pipe_reg[2][1][0]         LATCHX1_LVT     saed32lvt_ss0p75v125c
                                                          5.082880  n
pipe_reg[2][1][1]         LATCHX1_LVT     saed32lvt_ss0p75v125c
                                                          5.082880  n
pipe_reg[2][1][2]         LATCHX1_LVT     saed32lvt_ss0p75v125c
                                                          5.082880  n
pipe_reg[2][1][3]         LATCHX1_LVT     saed32lvt_ss0p75v125c
                                                          5.082880  n
pipe_reg[2][1][4]         LATCHX1_LVT     saed32lvt_ss0p75v125c
                                                          5.082880  n
pipe_reg[2][1][5]         LATCHX1_LVT     saed32lvt_ss0p75v125c
                                                          5.082880  n
pipe_reg[2][1][6]         LATCHX1_LVT     saed32lvt_ss0p75v125c
                                                          5.082880  n
pipe_reg[2][1][7]         LATCHX1_LVT     saed32lvt_ss0p75v125c
                                                          5.082880  n
pipe_reg[2][1][8]         LATCHX1_LVT     saed32lvt_ss0p75v125c
                                                          5.082880  n
pipe_reg[2][1][9]         LATCHX1_LVT     saed32lvt_ss0p75v125c
                                                          5.082880  n
pipe_reg[2][1][10]        LATCHX1_LVT     saed32lvt_ss0p75v125c
                                                          5.082880  n
pipe_reg[2][1][11]        LATCHX1_LVT     saed32lvt_ss0p75v125c
                                                          5.082880  n
pipe_reg[2][1][12]        LATCHX1_LVT     saed32lvt_ss0p75v125c
                                                          5.082880  n
pipe_reg[2][1][13]        LATCHX1_LVT     saed32lvt_ss0p75v125c
                                                          5.082880  n
pipe_reg[2][1][14]        LATCHX1_LVT     saed32lvt_ss0p75v125c
                                                          5.082880  n
pipe_reg[2][1][15]        LATCHX1_LVT     saed32lvt_ss0p75v125c
                                                          5.082880  n
pipe_reg[2][1][16]        LATCHX1_LVT     saed32lvt_ss0p75v125c
                                                          5.082880  n
pipe_reg[2][1][17]        LATCHX1_LVT     saed32lvt_ss0p75v125c
                                                          5.082880  n
pipe_reg[2][1][18]        LATCHX1_LVT     saed32lvt_ss0p75v125c
                                                          5.082880  n
pipe_reg[2][1][19]        LATCHX1_LVT     saed32lvt_ss0p75v125c
                                                          5.082880  n
pipe_reg[2][2][0]         LATCHX1_LVT     saed32lvt_ss0p75v125c
                                                          5.082880  n
pipe_reg[2][2][1]         LATCHX1_LVT     saed32lvt_ss0p75v125c
                                                          5.082880  n
pipe_reg[2][2][2]         LATCHX1_LVT     saed32lvt_ss0p75v125c
                                                          5.082880  n
pipe_reg[2][2][3]         LATCHX1_LVT     saed32lvt_ss0p75v125c
                                                          5.082880  n
pipe_reg[2][2][4]         LATCHX1_LVT     saed32lvt_ss0p75v125c
                                                          5.082880  n
pipe_reg[2][2][5]         LATCHX1_LVT     saed32lvt_ss0p75v125c
                                                          5.082880  n
pipe_reg[2][2][6]         LATCHX1_LVT     saed32lvt_ss0p75v125c
                                                          5.082880  n
pipe_reg[2][2][7]         LATCHX1_LVT     saed32lvt_ss0p75v125c
                                                          5.082880  n
pipe_reg[2][2][8]         LATCHX1_LVT     saed32lvt_ss0p75v125c
                                                          5.082880  n
pipe_reg[2][2][9]         LATCHX1_LVT     saed32lvt_ss0p75v125c
                                                          5.082880  n
pipe_reg[2][2][10]        LATCHX1_LVT     saed32lvt_ss0p75v125c
                                                          5.082880  n
pipe_reg[2][2][11]        LATCHX1_LVT     saed32lvt_ss0p75v125c
                                                          5.082880  n
pipe_reg[2][2][12]        LATCHX1_LVT     saed32lvt_ss0p75v125c
                                                          5.082880  n
pipe_reg[2][2][13]        LATCHX1_LVT     saed32lvt_ss0p75v125c
                                                          5.082880  n
pipe_reg[2][2][14]        LATCHX1_LVT     saed32lvt_ss0p75v125c
                                                          5.082880  n
pipe_reg[2][2][15]        LATCHX1_LVT     saed32lvt_ss0p75v125c
                                                          5.082880  n
pipe_reg[2][2][16]        LATCHX1_LVT     saed32lvt_ss0p75v125c
                                                          5.082880  n
pipe_reg[2][2][17]        LATCHX1_LVT     saed32lvt_ss0p75v125c
                                                          5.082880  n
pipe_reg[2][2][18]        LATCHX1_LVT     saed32lvt_ss0p75v125c
                                                          5.082880  n
pipe_reg[2][2][19]        LATCHX1_LVT     saed32lvt_ss0p75v125c
                                                          5.082880  n
pipe_reg[3][0][0]         LATCHX1_LVT     saed32lvt_ss0p75v125c
                                                          5.082880  n
pipe_reg[3][0][1]         LATCHX1_LVT     saed32lvt_ss0p75v125c
                                                          5.082880  n
pipe_reg[3][0][2]         LATCHX1_LVT     saed32lvt_ss0p75v125c
                                                          5.082880  n
pipe_reg[3][0][3]         LATCHX1_LVT     saed32lvt_ss0p75v125c
                                                          5.082880  n
pipe_reg[3][0][4]         LATCHX1_LVT     saed32lvt_ss0p75v125c
                                                          5.082880  n
pipe_reg[3][0][5]         LATCHX1_LVT     saed32lvt_ss0p75v125c
                                                          5.082880  n
pipe_reg[3][0][6]         LATCHX1_LVT     saed32lvt_ss0p75v125c
                                                          5.082880  n
pipe_reg[3][0][7]         LATCHX1_LVT     saed32lvt_ss0p75v125c
                                                          5.082880  n
pipe_reg[3][0][8]         LATCHX1_LVT     saed32lvt_ss0p75v125c
                                                          5.082880  n
pipe_reg[3][0][9]         LATCHX1_LVT     saed32lvt_ss0p75v125c
                                                          5.082880  n
pipe_reg[3][0][10]        LATCHX1_LVT     saed32lvt_ss0p75v125c
                                                          5.082880  n
pipe_reg[3][0][11]        LATCHX1_LVT     saed32lvt_ss0p75v125c
                                                          5.082880  n
pipe_reg[3][0][12]        LATCHX1_LVT     saed32lvt_ss0p75v125c
                                                          5.082880  n
pipe_reg[3][0][13]        LATCHX1_LVT     saed32lvt_ss0p75v125c
                                                          5.082880  n
pipe_reg[3][0][14]        LATCHX1_LVT     saed32lvt_ss0p75v125c
                                                          5.082880  n
pipe_reg[3][0][15]        LATCHX1_LVT     saed32lvt_ss0p75v125c
                                                          5.082880  n
pipe_reg[3][0][16]        LATCHX1_LVT     saed32lvt_ss0p75v125c
                                                          5.082880  n
pipe_reg[3][0][17]        LATCHX1_LVT     saed32lvt_ss0p75v125c
                                                          5.082880  n
pipe_reg[3][0][18]        LATCHX1_LVT     saed32lvt_ss0p75v125c
                                                          5.082880  n
pipe_reg[3][0][19]        LATCHX1_LVT     saed32lvt_ss0p75v125c
                                                          5.082880  n
pipe_reg[3][1][0]         LATCHX1_LVT     saed32lvt_ss0p75v125c
                                                          5.082880  n
pipe_reg[3][1][1]         LATCHX1_LVT     saed32lvt_ss0p75v125c
                                                          5.082880  n
pipe_reg[3][1][2]         LATCHX1_LVT     saed32lvt_ss0p75v125c
                                                          5.082880  n
pipe_reg[3][1][3]         LATCHX1_LVT     saed32lvt_ss0p75v125c
                                                          5.082880  n
pipe_reg[3][1][4]         LATCHX1_LVT     saed32lvt_ss0p75v125c
                                                          5.082880  n
pipe_reg[3][1][5]         LATCHX1_LVT     saed32lvt_ss0p75v125c
                                                          5.082880  n
pipe_reg[3][1][6]         LATCHX1_LVT     saed32lvt_ss0p75v125c
                                                          5.082880  n
pipe_reg[3][1][7]         LATCHX1_LVT     saed32lvt_ss0p75v125c
                                                          5.082880  n
pipe_reg[3][1][8]         LATCHX1_LVT     saed32lvt_ss0p75v125c
                                                          5.082880  n
pipe_reg[3][1][9]         LATCHX1_LVT     saed32lvt_ss0p75v125c
                                                          5.082880  n
pipe_reg[3][1][10]        LATCHX1_LVT     saed32lvt_ss0p75v125c
                                                          5.082880  n
pipe_reg[3][1][11]        LATCHX1_LVT     saed32lvt_ss0p75v125c
                                                          5.082880  n
pipe_reg[3][1][12]        LATCHX1_LVT     saed32lvt_ss0p75v125c
                                                          5.082880  n
pipe_reg[3][1][13]        LATCHX1_LVT     saed32lvt_ss0p75v125c
                                                          5.082880  n
pipe_reg[3][1][14]        LATCHX1_LVT     saed32lvt_ss0p75v125c
                                                          5.082880  n
pipe_reg[3][1][15]        LATCHX1_LVT     saed32lvt_ss0p75v125c
                                                          5.082880  n
pipe_reg[3][1][16]        LATCHX1_LVT     saed32lvt_ss0p75v125c
                                                          5.082880  n
pipe_reg[3][1][17]        LATCHX1_LVT     saed32lvt_ss0p75v125c
                                                          5.082880  n
pipe_reg[3][1][18]        LATCHX1_LVT     saed32lvt_ss0p75v125c
                                                          5.082880  n
pipe_reg[3][1][19]        LATCHX1_LVT     saed32lvt_ss0p75v125c
                                                          5.082880  n
pipe_reg[3][2][0]         LATCHX1_LVT     saed32lvt_ss0p75v125c
                                                          5.082880  n
pipe_reg[3][2][1]         LATCHX1_LVT     saed32lvt_ss0p75v125c
                                                          5.082880  n
pipe_reg[3][2][2]         LATCHX1_LVT     saed32lvt_ss0p75v125c
                                                          5.082880  n
pipe_reg[3][2][3]         LATCHX1_LVT     saed32lvt_ss0p75v125c
                                                          5.082880  n
pipe_reg[3][2][4]         LATCHX1_LVT     saed32lvt_ss0p75v125c
                                                          5.082880  n
pipe_reg[3][2][5]         LATCHX1_LVT     saed32lvt_ss0p75v125c
                                                          5.082880  n
pipe_reg[3][2][6]         LATCHX1_LVT     saed32lvt_ss0p75v125c
                                                          5.082880  n
pipe_reg[3][2][7]         LATCHX1_LVT     saed32lvt_ss0p75v125c
                                                          5.082880  n
pipe_reg[3][2][8]         LATCHX1_LVT     saed32lvt_ss0p75v125c
                                                          5.082880  n
pipe_reg[3][2][9]         LATCHX1_LVT     saed32lvt_ss0p75v125c
                                                          5.082880  n
pipe_reg[3][2][10]        LATCHX1_LVT     saed32lvt_ss0p75v125c
                                                          5.082880  n
pipe_reg[3][2][11]        LATCHX1_LVT     saed32lvt_ss0p75v125c
                                                          5.082880  n
pipe_reg[3][2][12]        LATCHX1_LVT     saed32lvt_ss0p75v125c
                                                          5.082880  n
pipe_reg[3][2][13]        LATCHX1_LVT     saed32lvt_ss0p75v125c
                                                          5.082880  n
pipe_reg[3][2][14]        LATCHX1_LVT     saed32lvt_ss0p75v125c
                                                          5.082880  n
pipe_reg[3][2][15]        LATCHX1_LVT     saed32lvt_ss0p75v125c
                                                          5.082880  n
pipe_reg[3][2][16]        LATCHX1_LVT     saed32lvt_ss0p75v125c
                                                          5.082880  n
pipe_reg[3][2][17]        LATCHX1_LVT     saed32lvt_ss0p75v125c
                                                          5.082880  n
pipe_reg[3][2][18]        LATCHX1_LVT     saed32lvt_ss0p75v125c
                                                          5.082880  n
pipe_reg[3][2][19]        LATCHX1_LVT     saed32lvt_ss0p75v125c
                                                          5.082880  n
pipe_reg[4][0][0]         LATCHX1_LVT     saed32lvt_ss0p75v125c
                                                          5.082880  n
pipe_reg[4][0][1]         LATCHX1_LVT     saed32lvt_ss0p75v125c
                                                          5.082880  n
pipe_reg[4][0][2]         LATCHX1_LVT     saed32lvt_ss0p75v125c
                                                          5.082880  n
pipe_reg[4][0][3]         LATCHX1_LVT     saed32lvt_ss0p75v125c
                                                          5.082880  n
pipe_reg[4][0][4]         LATCHX1_LVT     saed32lvt_ss0p75v125c
                                                          5.082880  n
pipe_reg[4][0][5]         LATCHX1_LVT     saed32lvt_ss0p75v125c
                                                          5.082880  n
pipe_reg[4][0][6]         LATCHX1_LVT     saed32lvt_ss0p75v125c
                                                          5.082880  n
pipe_reg[4][0][7]         LATCHX1_LVT     saed32lvt_ss0p75v125c
                                                          5.082880  n
pipe_reg[4][0][8]         LATCHX1_LVT     saed32lvt_ss0p75v125c
                                                          5.082880  n
pipe_reg[4][0][9]         LATCHX1_LVT     saed32lvt_ss0p75v125c
                                                          5.082880  n
pipe_reg[4][0][10]        LATCHX1_LVT     saed32lvt_ss0p75v125c
                                                          5.082880  n
pipe_reg[4][0][11]        LATCHX1_LVT     saed32lvt_ss0p75v125c
                                                          5.082880  n
pipe_reg[4][0][12]        LATCHX1_LVT     saed32lvt_ss0p75v125c
                                                          5.082880  n
pipe_reg[4][0][13]        LATCHX1_LVT     saed32lvt_ss0p75v125c
                                                          5.082880  n
pipe_reg[4][0][14]        LATCHX1_LVT     saed32lvt_ss0p75v125c
                                                          5.082880  n
pipe_reg[4][0][15]        LATCHX1_LVT     saed32lvt_ss0p75v125c
                                                          5.082880  n
pipe_reg[4][0][16]        LATCHX1_LVT     saed32lvt_ss0p75v125c
                                                          5.082880  n
pipe_reg[4][0][17]        LATCHX1_LVT     saed32lvt_ss0p75v125c
                                                          5.082880  n
pipe_reg[4][0][18]        LATCHX1_LVT     saed32lvt_ss0p75v125c
                                                          5.082880  n
pipe_reg[4][0][19]        LATCHX1_LVT     saed32lvt_ss0p75v125c
                                                          5.082880  n
pipe_reg[4][1][0]         LATCHX1_LVT     saed32lvt_ss0p75v125c
                                                          5.082880  n
pipe_reg[4][1][1]         LATCHX1_LVT     saed32lvt_ss0p75v125c
                                                          5.082880  n
pipe_reg[4][1][2]         LATCHX1_LVT     saed32lvt_ss0p75v125c
                                                          5.082880  n
pipe_reg[4][1][3]         LATCHX1_LVT     saed32lvt_ss0p75v125c
                                                          5.082880  n
pipe_reg[4][1][4]         LATCHX1_LVT     saed32lvt_ss0p75v125c
                                                          5.082880  n
pipe_reg[4][1][5]         LATCHX1_LVT     saed32lvt_ss0p75v125c
                                                          5.082880  n
pipe_reg[4][1][6]         LATCHX1_LVT     saed32lvt_ss0p75v125c
                                                          5.082880  n
pipe_reg[4][1][7]         LATCHX1_LVT     saed32lvt_ss0p75v125c
                                                          5.082880  n
pipe_reg[4][1][8]         LATCHX1_LVT     saed32lvt_ss0p75v125c
                                                          5.082880  n
pipe_reg[4][1][9]         LATCHX1_LVT     saed32lvt_ss0p75v125c
                                                          5.082880  n
pipe_reg[4][1][10]        LATCHX1_LVT     saed32lvt_ss0p75v125c
                                                          5.082880  n
pipe_reg[4][1][11]        LATCHX1_LVT     saed32lvt_ss0p75v125c
                                                          5.082880  n
pipe_reg[4][1][12]        LATCHX1_LVT     saed32lvt_ss0p75v125c
                                                          5.082880  n
pipe_reg[4][1][13]        LATCHX1_LVT     saed32lvt_ss0p75v125c
                                                          5.082880  n
pipe_reg[4][1][14]        LATCHX1_LVT     saed32lvt_ss0p75v125c
                                                          5.082880  n
pipe_reg[4][1][15]        LATCHX1_LVT     saed32lvt_ss0p75v125c
                                                          5.082880  n
pipe_reg[4][1][16]        LATCHX1_LVT     saed32lvt_ss0p75v125c
                                                          5.082880  n
pipe_reg[4][1][17]        LATCHX1_LVT     saed32lvt_ss0p75v125c
                                                          5.082880  n
pipe_reg[4][1][18]        LATCHX1_LVT     saed32lvt_ss0p75v125c
                                                          5.082880  n
pipe_reg[4][1][19]        LATCHX1_LVT     saed32lvt_ss0p75v125c
                                                          5.082880  n
pipe_reg[4][2][0]         LATCHX1_LVT     saed32lvt_ss0p75v125c
                                                          5.082880  n
pipe_reg[4][2][1]         LATCHX1_LVT     saed32lvt_ss0p75v125c
                                                          5.082880  n
pipe_reg[4][2][2]         LATCHX1_LVT     saed32lvt_ss0p75v125c
                                                          5.082880  n
pipe_reg[4][2][3]         LATCHX1_LVT     saed32lvt_ss0p75v125c
                                                          5.082880  n
pipe_reg[4][2][4]         LATCHX1_LVT     saed32lvt_ss0p75v125c
                                                          5.082880  n
pipe_reg[4][2][5]         LATCHX1_LVT     saed32lvt_ss0p75v125c
                                                          5.082880  n
pipe_reg[4][2][6]         LATCHX1_LVT     saed32lvt_ss0p75v125c
                                                          5.082880  n
pipe_reg[4][2][7]         LATCHX1_LVT     saed32lvt_ss0p75v125c
                                                          5.082880  n
pipe_reg[4][2][8]         LATCHX1_LVT     saed32lvt_ss0p75v125c
                                                          5.082880  n
pipe_reg[4][2][9]         LATCHX1_LVT     saed32lvt_ss0p75v125c
                                                          5.082880  n
pipe_reg[4][2][10]        LATCHX1_LVT     saed32lvt_ss0p75v125c
                                                          5.082880  n
pipe_reg[4][2][11]        LATCHX1_LVT     saed32lvt_ss0p75v125c
                                                          5.082880  n
pipe_reg[4][2][12]        LATCHX1_LVT     saed32lvt_ss0p75v125c
                                                          5.082880  n
pipe_reg[4][2][13]        LATCHX1_LVT     saed32lvt_ss0p75v125c
                                                          5.082880  n
pipe_reg[4][2][14]        LATCHX1_LVT     saed32lvt_ss0p75v125c
                                                          5.082880  n
pipe_reg[4][2][15]        LATCHX1_LVT     saed32lvt_ss0p75v125c
                                                          5.082880  n
pipe_reg[4][2][16]        LATCHX1_LVT     saed32lvt_ss0p75v125c
                                                          5.082880  n
pipe_reg[4][2][17]        LATCHX1_LVT     saed32lvt_ss0p75v125c
                                                          5.082880  n
pipe_reg[4][2][18]        LATCHX1_LVT     saed32lvt_ss0p75v125c
                                                          5.082880  n
pipe_reg[4][2][19]        LATCHX1_LVT     saed32lvt_ss0p75v125c
                                                          5.082880  n
pipe_reg[5][0][0]         LATCHX1_LVT     saed32lvt_ss0p75v125c
                                                          5.082880  n
pipe_reg[5][0][1]         LATCHX1_LVT     saed32lvt_ss0p75v125c
                                                          5.082880  n
pipe_reg[5][0][2]         LATCHX1_LVT     saed32lvt_ss0p75v125c
                                                          5.082880  n
pipe_reg[5][0][3]         LATCHX1_LVT     saed32lvt_ss0p75v125c
                                                          5.082880  n
pipe_reg[5][0][4]         LATCHX1_LVT     saed32lvt_ss0p75v125c
                                                          5.082880  n
pipe_reg[5][0][5]         LATCHX1_LVT     saed32lvt_ss0p75v125c
                                                          5.082880  n
pipe_reg[5][0][6]         LATCHX1_LVT     saed32lvt_ss0p75v125c
                                                          5.082880  n
pipe_reg[5][0][7]         LATCHX1_LVT     saed32lvt_ss0p75v125c
                                                          5.082880  n
pipe_reg[5][0][8]         LATCHX1_LVT     saed32lvt_ss0p75v125c
                                                          5.082880  n
pipe_reg[5][0][9]         LATCHX1_LVT     saed32lvt_ss0p75v125c
                                                          5.082880  n
pipe_reg[5][0][10]        LATCHX1_LVT     saed32lvt_ss0p75v125c
                                                          5.082880  n
pipe_reg[5][0][11]        LATCHX1_LVT     saed32lvt_ss0p75v125c
                                                          5.082880  n
pipe_reg[5][0][12]        LATCHX1_LVT     saed32lvt_ss0p75v125c
                                                          5.082880  n
pipe_reg[5][0][13]        LATCHX1_LVT     saed32lvt_ss0p75v125c
                                                          5.082880  n
pipe_reg[5][0][14]        LATCHX1_LVT     saed32lvt_ss0p75v125c
                                                          5.082880  n
pipe_reg[5][0][15]        LATCHX1_LVT     saed32lvt_ss0p75v125c
                                                          5.082880  n
pipe_reg[5][0][16]        LATCHX1_LVT     saed32lvt_ss0p75v125c
                                                          5.082880  n
pipe_reg[5][0][17]        LATCHX1_LVT     saed32lvt_ss0p75v125c
                                                          5.082880  n
pipe_reg[5][0][18]        LATCHX1_LVT     saed32lvt_ss0p75v125c
                                                          5.082880  n
pipe_reg[5][0][19]        LATCHX1_LVT     saed32lvt_ss0p75v125c
                                                          5.082880  n
pipe_reg[5][1][0]         LATCHX1_LVT     saed32lvt_ss0p75v125c
                                                          5.082880  n
pipe_reg[5][1][1]         LATCHX1_LVT     saed32lvt_ss0p75v125c
                                                          5.082880  n
pipe_reg[5][1][2]         LATCHX1_LVT     saed32lvt_ss0p75v125c
                                                          5.082880  n
pipe_reg[5][1][3]         LATCHX1_LVT     saed32lvt_ss0p75v125c
                                                          5.082880  n
pipe_reg[5][1][4]         LATCHX1_LVT     saed32lvt_ss0p75v125c
                                                          5.082880  n
pipe_reg[5][1][5]         LATCHX1_LVT     saed32lvt_ss0p75v125c
                                                          5.082880  n
pipe_reg[5][1][6]         LATCHX1_LVT     saed32lvt_ss0p75v125c
                                                          5.082880  n
pipe_reg[5][1][7]         LATCHX1_LVT     saed32lvt_ss0p75v125c
                                                          5.082880  n
pipe_reg[5][1][8]         LATCHX1_LVT     saed32lvt_ss0p75v125c
                                                          5.082880  n
pipe_reg[5][1][9]         LATCHX1_LVT     saed32lvt_ss0p75v125c
                                                          5.082880  n
pipe_reg[5][1][10]        LATCHX1_LVT     saed32lvt_ss0p75v125c
                                                          5.082880  n
pipe_reg[5][1][11]        LATCHX1_LVT     saed32lvt_ss0p75v125c
                                                          5.082880  n
pipe_reg[5][1][12]        LATCHX1_LVT     saed32lvt_ss0p75v125c
                                                          5.082880  n
pipe_reg[5][1][13]        LATCHX1_LVT     saed32lvt_ss0p75v125c
                                                          5.082880  n
pipe_reg[5][1][14]        LATCHX1_LVT     saed32lvt_ss0p75v125c
                                                          5.082880  n
pipe_reg[5][1][15]        LATCHX1_LVT     saed32lvt_ss0p75v125c
                                                          5.082880  n
pipe_reg[5][1][16]        LATCHX1_LVT     saed32lvt_ss0p75v125c
                                                          5.082880  n
pipe_reg[5][1][17]        LATCHX1_LVT     saed32lvt_ss0p75v125c
                                                          5.082880  n
pipe_reg[5][1][18]        LATCHX1_LVT     saed32lvt_ss0p75v125c
                                                          5.082880  n
pipe_reg[5][1][19]        LATCHX1_LVT     saed32lvt_ss0p75v125c
                                                          5.082880  n
pipe_reg[5][2][0]         LATCHX1_LVT     saed32lvt_ss0p75v125c
                                                          5.082880  n
pipe_reg[5][2][1]         LATCHX1_LVT     saed32lvt_ss0p75v125c
                                                          5.082880  n
pipe_reg[5][2][2]         LATCHX1_LVT     saed32lvt_ss0p75v125c
                                                          5.082880  n
pipe_reg[5][2][3]         LATCHX1_LVT     saed32lvt_ss0p75v125c
                                                          5.082880  n
pipe_reg[5][2][4]         LATCHX1_LVT     saed32lvt_ss0p75v125c
                                                          5.082880  n
pipe_reg[5][2][5]         LATCHX1_LVT     saed32lvt_ss0p75v125c
                                                          5.082880  n
pipe_reg[5][2][6]         LATCHX1_LVT     saed32lvt_ss0p75v125c
                                                          5.082880  n
pipe_reg[5][2][7]         LATCHX1_LVT     saed32lvt_ss0p75v125c
                                                          5.082880  n
pipe_reg[5][2][8]         LATCHX1_LVT     saed32lvt_ss0p75v125c
                                                          5.082880  n
pipe_reg[5][2][9]         LATCHX1_LVT     saed32lvt_ss0p75v125c
                                                          5.082880  n
pipe_reg[5][2][10]        LATCHX1_LVT     saed32lvt_ss0p75v125c
                                                          5.082880  n
pipe_reg[5][2][11]        LATCHX1_LVT     saed32lvt_ss0p75v125c
                                                          5.082880  n
pipe_reg[5][2][12]        LATCHX1_LVT     saed32lvt_ss0p75v125c
                                                          5.082880  n
pipe_reg[5][2][13]        LATCHX1_LVT     saed32lvt_ss0p75v125c
                                                          5.082880  n
pipe_reg[5][2][14]        LATCHX1_LVT     saed32lvt_ss0p75v125c
                                                          5.082880  n
pipe_reg[5][2][15]        LATCHX1_LVT     saed32lvt_ss0p75v125c
                                                          5.082880  n
pipe_reg[5][2][16]        LATCHX1_LVT     saed32lvt_ss0p75v125c
                                                          5.082880  n
pipe_reg[5][2][17]        LATCHX1_LVT     saed32lvt_ss0p75v125c
                                                          5.082880  n
pipe_reg[5][2][18]        LATCHX1_LVT     saed32lvt_ss0p75v125c
                                                          5.082880  n
pipe_reg[5][2][19]        LATCHX1_LVT     saed32lvt_ss0p75v125c
                                                          5.082880  n
pipe_reg[6][0][0]         LATCHX1_LVT     saed32lvt_ss0p75v125c
                                                          5.082880  n
pipe_reg[6][0][1]         LATCHX1_LVT     saed32lvt_ss0p75v125c
                                                          5.082880  n
pipe_reg[6][0][2]         LATCHX1_LVT     saed32lvt_ss0p75v125c
                                                          5.082880  n
pipe_reg[6][0][3]         LATCHX1_LVT     saed32lvt_ss0p75v125c
                                                          5.082880  n
pipe_reg[6][0][4]         LATCHX1_LVT     saed32lvt_ss0p75v125c
                                                          5.082880  n
pipe_reg[6][0][5]         LATCHX1_LVT     saed32lvt_ss0p75v125c
                                                          5.082880  n
pipe_reg[6][0][6]         LATCHX1_LVT     saed32lvt_ss0p75v125c
                                                          5.082880  n
pipe_reg[6][0][7]         LATCHX1_LVT     saed32lvt_ss0p75v125c
                                                          5.082880  n
pipe_reg[6][0][8]         LATCHX1_LVT     saed32lvt_ss0p75v125c
                                                          5.082880  n
pipe_reg[6][0][9]         LATCHX1_LVT     saed32lvt_ss0p75v125c
                                                          5.082880  n
pipe_reg[6][0][10]        LATCHX1_LVT     saed32lvt_ss0p75v125c
                                                          5.082880  n
pipe_reg[6][0][11]        LATCHX1_LVT     saed32lvt_ss0p75v125c
                                                          5.082880  n
pipe_reg[6][0][12]        LATCHX1_LVT     saed32lvt_ss0p75v125c
                                                          5.082880  n
pipe_reg[6][0][13]        LATCHX1_LVT     saed32lvt_ss0p75v125c
                                                          5.082880  n
pipe_reg[6][0][14]        LATCHX1_LVT     saed32lvt_ss0p75v125c
                                                          5.082880  n
pipe_reg[6][0][15]        LATCHX1_LVT     saed32lvt_ss0p75v125c
                                                          5.082880  n
pipe_reg[6][0][16]        LATCHX1_LVT     saed32lvt_ss0p75v125c
                                                          5.082880  n
pipe_reg[6][0][17]        LATCHX1_LVT     saed32lvt_ss0p75v125c
                                                          5.082880  n
pipe_reg[6][0][18]        LATCHX1_LVT     saed32lvt_ss0p75v125c
                                                          5.082880  n
pipe_reg[6][0][19]        LATCHX1_LVT     saed32lvt_ss0p75v125c
                                                          5.082880  n
pipe_reg[6][1][0]         LATCHX1_LVT     saed32lvt_ss0p75v125c
                                                          5.082880  n
pipe_reg[6][1][1]         LATCHX1_LVT     saed32lvt_ss0p75v125c
                                                          5.082880  n
pipe_reg[6][1][2]         LATCHX1_LVT     saed32lvt_ss0p75v125c
                                                          5.082880  n
pipe_reg[6][1][3]         LATCHX1_LVT     saed32lvt_ss0p75v125c
                                                          5.082880  n
pipe_reg[6][1][4]         LATCHX1_LVT     saed32lvt_ss0p75v125c
                                                          5.082880  n
pipe_reg[6][1][5]         LATCHX1_LVT     saed32lvt_ss0p75v125c
                                                          5.082880  n
pipe_reg[6][1][6]         LATCHX1_LVT     saed32lvt_ss0p75v125c
                                                          5.082880  n
pipe_reg[6][1][7]         LATCHX1_LVT     saed32lvt_ss0p75v125c
                                                          5.082880  n
pipe_reg[6][1][8]         LATCHX1_LVT     saed32lvt_ss0p75v125c
                                                          5.082880  n
pipe_reg[6][1][9]         LATCHX1_LVT     saed32lvt_ss0p75v125c
                                                          5.082880  n
pipe_reg[6][1][10]        LATCHX1_LVT     saed32lvt_ss0p75v125c
                                                          5.082880  n
pipe_reg[6][1][11]        LATCHX1_LVT     saed32lvt_ss0p75v125c
                                                          5.082880  n
pipe_reg[6][1][12]        LATCHX1_LVT     saed32lvt_ss0p75v125c
                                                          5.082880  n
pipe_reg[6][1][13]        LATCHX1_LVT     saed32lvt_ss0p75v125c
                                                          5.082880  n
pipe_reg[6][1][14]        LATCHX1_LVT     saed32lvt_ss0p75v125c
                                                          5.082880  n
pipe_reg[6][1][15]        LATCHX1_LVT     saed32lvt_ss0p75v125c
                                                          5.082880  n
pipe_reg[6][1][16]        LATCHX1_LVT     saed32lvt_ss0p75v125c
                                                          5.082880  n
pipe_reg[6][1][17]        LATCHX1_LVT     saed32lvt_ss0p75v125c
                                                          5.082880  n
pipe_reg[6][1][18]        LATCHX1_LVT     saed32lvt_ss0p75v125c
                                                          5.082880  n
pipe_reg[6][1][19]        LATCHX1_LVT     saed32lvt_ss0p75v125c
                                                          5.082880  n
pipe_reg[6][2][0]         LATCHX1_LVT     saed32lvt_ss0p75v125c
                                                          5.082880  n
pipe_reg[6][2][1]         LATCHX1_LVT     saed32lvt_ss0p75v125c
                                                          5.082880  n
pipe_reg[6][2][2]         LATCHX1_LVT     saed32lvt_ss0p75v125c
                                                          5.082880  n
pipe_reg[6][2][3]         LATCHX1_LVT     saed32lvt_ss0p75v125c
                                                          5.082880  n
pipe_reg[6][2][4]         LATCHX1_LVT     saed32lvt_ss0p75v125c
                                                          5.082880  n
pipe_reg[6][2][5]         LATCHX1_LVT     saed32lvt_ss0p75v125c
                                                          5.082880  n
pipe_reg[6][2][6]         LATCHX1_LVT     saed32lvt_ss0p75v125c
                                                          5.082880  n
pipe_reg[6][2][7]         LATCHX1_LVT     saed32lvt_ss0p75v125c
                                                          5.082880  n
pipe_reg[6][2][8]         LATCHX1_LVT     saed32lvt_ss0p75v125c
                                                          5.082880  n
pipe_reg[6][2][9]         LATCHX1_LVT     saed32lvt_ss0p75v125c
                                                          5.082880  n
pipe_reg[6][2][10]        LATCHX1_LVT     saed32lvt_ss0p75v125c
                                                          5.082880  n
pipe_reg[6][2][11]        LATCHX1_LVT     saed32lvt_ss0p75v125c
                                                          5.082880  n
pipe_reg[6][2][12]        LATCHX1_LVT     saed32lvt_ss0p75v125c
                                                          5.082880  n
pipe_reg[6][2][13]        LATCHX1_LVT     saed32lvt_ss0p75v125c
                                                          5.082880  n
pipe_reg[6][2][14]        LATCHX1_LVT     saed32lvt_ss0p75v125c
                                                          5.082880  n
pipe_reg[6][2][15]        LATCHX1_LVT     saed32lvt_ss0p75v125c
                                                          5.082880  n
pipe_reg[6][2][16]        LATCHX1_LVT     saed32lvt_ss0p75v125c
                                                          5.082880  n
pipe_reg[6][2][17]        LATCHX1_LVT     saed32lvt_ss0p75v125c
                                                          5.082880  n
pipe_reg[6][2][18]        LATCHX1_LVT     saed32lvt_ss0p75v125c
                                                          5.082880  n
pipe_reg[6][2][19]        LATCHX1_LVT     saed32lvt_ss0p75v125c
                                                          5.082880  n
pipe_reg[7][0][0]         LATCHX1_LVT     saed32lvt_ss0p75v125c
                                                          5.082880  n
pipe_reg[7][0][1]         LATCHX1_LVT     saed32lvt_ss0p75v125c
                                                          5.082880  n
pipe_reg[7][0][2]         LATCHX1_LVT     saed32lvt_ss0p75v125c
                                                          5.082880  n
pipe_reg[7][0][3]         LATCHX1_LVT     saed32lvt_ss0p75v125c
                                                          5.082880  n
pipe_reg[7][0][4]         LATCHX1_LVT     saed32lvt_ss0p75v125c
                                                          5.082880  n
pipe_reg[7][0][5]         LATCHX1_LVT     saed32lvt_ss0p75v125c
                                                          5.082880  n
pipe_reg[7][0][6]         LATCHX1_LVT     saed32lvt_ss0p75v125c
                                                          5.082880  n
pipe_reg[7][0][7]         LATCHX1_LVT     saed32lvt_ss0p75v125c
                                                          5.082880  n
pipe_reg[7][0][8]         LATCHX1_LVT     saed32lvt_ss0p75v125c
                                                          5.082880  n
pipe_reg[7][0][9]         LATCHX1_LVT     saed32lvt_ss0p75v125c
                                                          5.082880  n
pipe_reg[7][0][10]        LATCHX1_LVT     saed32lvt_ss0p75v125c
                                                          5.082880  n
pipe_reg[7][0][11]        LATCHX1_LVT     saed32lvt_ss0p75v125c
                                                          5.082880  n
pipe_reg[7][0][12]        LATCHX1_LVT     saed32lvt_ss0p75v125c
                                                          5.082880  n
pipe_reg[7][0][13]        LATCHX1_LVT     saed32lvt_ss0p75v125c
                                                          5.082880  n
pipe_reg[7][0][14]        LATCHX1_LVT     saed32lvt_ss0p75v125c
                                                          5.082880  n
pipe_reg[7][0][15]        LATCHX1_LVT     saed32lvt_ss0p75v125c
                                                          5.082880  n
pipe_reg[7][0][16]        LATCHX1_LVT     saed32lvt_ss0p75v125c
                                                          5.082880  n
pipe_reg[7][0][17]        LATCHX1_LVT     saed32lvt_ss0p75v125c
                                                          5.082880  n
pipe_reg[7][0][18]        LATCHX1_LVT     saed32lvt_ss0p75v125c
                                                          5.082880  n
pipe_reg[7][0][19]        LATCHX1_LVT     saed32lvt_ss0p75v125c
                                                          5.082880  n
pipe_reg[7][1][0]         LATCHX1_LVT     saed32lvt_ss0p75v125c
                                                          5.082880  n
pipe_reg[7][1][1]         LATCHX1_LVT     saed32lvt_ss0p75v125c
                                                          5.082880  n
pipe_reg[7][1][2]         LATCHX1_LVT     saed32lvt_ss0p75v125c
                                                          5.082880  n
pipe_reg[7][1][3]         LATCHX1_LVT     saed32lvt_ss0p75v125c
                                                          5.082880  n
pipe_reg[7][1][4]         LATCHX1_LVT     saed32lvt_ss0p75v125c
                                                          5.082880  n
pipe_reg[7][1][5]         LATCHX1_LVT     saed32lvt_ss0p75v125c
                                                          5.082880  n
pipe_reg[7][1][6]         LATCHX1_LVT     saed32lvt_ss0p75v125c
                                                          5.082880  n
pipe_reg[7][1][7]         LATCHX1_LVT     saed32lvt_ss0p75v125c
                                                          5.082880  n
pipe_reg[7][1][8]         LATCHX1_LVT     saed32lvt_ss0p75v125c
                                                          5.082880  n
pipe_reg[7][1][9]         LATCHX1_LVT     saed32lvt_ss0p75v125c
                                                          5.082880  n
pipe_reg[7][1][10]        LATCHX1_LVT     saed32lvt_ss0p75v125c
                                                          5.082880  n
pipe_reg[7][1][11]        LATCHX1_LVT     saed32lvt_ss0p75v125c
                                                          5.082880  n
pipe_reg[7][1][12]        LATCHX1_LVT     saed32lvt_ss0p75v125c
                                                          5.082880  n
pipe_reg[7][1][13]        LATCHX1_LVT     saed32lvt_ss0p75v125c
                                                          5.082880  n
pipe_reg[7][1][14]        LATCHX1_LVT     saed32lvt_ss0p75v125c
                                                          5.082880  n
pipe_reg[7][1][15]        LATCHX1_LVT     saed32lvt_ss0p75v125c
                                                          5.082880  n
pipe_reg[7][1][16]        LATCHX1_LVT     saed32lvt_ss0p75v125c
                                                          5.082880  n
pipe_reg[7][1][17]        LATCHX1_LVT     saed32lvt_ss0p75v125c
                                                          5.082880  n
pipe_reg[7][1][18]        LATCHX1_LVT     saed32lvt_ss0p75v125c
                                                          5.082880  n
pipe_reg[7][1][19]        LATCHX1_LVT     saed32lvt_ss0p75v125c
                                                          5.082880  n
pipe_reg[7][2][0]         LATCHX1_LVT     saed32lvt_ss0p75v125c
                                                          5.082880  n
pipe_reg[7][2][1]         LATCHX1_LVT     saed32lvt_ss0p75v125c
                                                          5.082880  n
pipe_reg[7][2][2]         LATCHX1_LVT     saed32lvt_ss0p75v125c
                                                          5.082880  n
pipe_reg[7][2][3]         LATCHX1_LVT     saed32lvt_ss0p75v125c
                                                          5.082880  n
pipe_reg[7][2][4]         LATCHX1_LVT     saed32lvt_ss0p75v125c
                                                          5.082880  n
pipe_reg[7][2][5]         LATCHX1_LVT     saed32lvt_ss0p75v125c
                                                          5.082880  n
pipe_reg[7][2][6]         LATCHX1_LVT     saed32lvt_ss0p75v125c
                                                          5.082880  n
pipe_reg[7][2][7]         LATCHX1_LVT     saed32lvt_ss0p75v125c
                                                          5.082880  n
pipe_reg[7][2][8]         LATCHX1_LVT     saed32lvt_ss0p75v125c
                                                          5.082880  n
pipe_reg[7][2][9]         LATCHX1_LVT     saed32lvt_ss0p75v125c
                                                          5.082880  n
pipe_reg[7][2][10]        LATCHX1_LVT     saed32lvt_ss0p75v125c
                                                          5.082880  n
pipe_reg[7][2][11]        LATCHX1_LVT     saed32lvt_ss0p75v125c
                                                          5.082880  n
pipe_reg[7][2][12]        LATCHX1_LVT     saed32lvt_ss0p75v125c
                                                          5.082880  n
pipe_reg[7][2][13]        LATCHX1_LVT     saed32lvt_ss0p75v125c
                                                          5.082880  n
pipe_reg[7][2][14]        LATCHX1_LVT     saed32lvt_ss0p75v125c
                                                          5.082880  n
pipe_reg[7][2][15]        LATCHX1_LVT     saed32lvt_ss0p75v125c
                                                          5.082880  n
pipe_reg[7][2][16]        LATCHX1_LVT     saed32lvt_ss0p75v125c
                                                          5.082880  n
pipe_reg[7][2][17]        LATCHX1_LVT     saed32lvt_ss0p75v125c
                                                          5.082880  n
pipe_reg[7][2][18]        LATCHX1_LVT     saed32lvt_ss0p75v125c
                                                          5.082880  n
pipe_reg[7][2][19]        LATCHX1_LVT     saed32lvt_ss0p75v125c
                                                          5.082880  n
pipe_reg[8][0][0]         LATCHX1_LVT     saed32lvt_ss0p75v125c
                                                          5.082880  n
pipe_reg[8][0][1]         LATCHX1_LVT     saed32lvt_ss0p75v125c
                                                          5.082880  n
pipe_reg[8][0][2]         LATCHX1_LVT     saed32lvt_ss0p75v125c
                                                          5.082880  n
pipe_reg[8][0][3]         LATCHX1_LVT     saed32lvt_ss0p75v125c
                                                          5.082880  n
pipe_reg[8][0][4]         LATCHX1_LVT     saed32lvt_ss0p75v125c
                                                          5.082880  n
pipe_reg[8][0][5]         LATCHX1_LVT     saed32lvt_ss0p75v125c
                                                          5.082880  n
pipe_reg[8][0][6]         LATCHX1_LVT     saed32lvt_ss0p75v125c
                                                          5.082880  n
pipe_reg[8][0][7]         LATCHX1_LVT     saed32lvt_ss0p75v125c
                                                          5.082880  n
pipe_reg[8][0][8]         LATCHX1_LVT     saed32lvt_ss0p75v125c
                                                          5.082880  n
pipe_reg[8][0][9]         LATCHX1_LVT     saed32lvt_ss0p75v125c
                                                          5.082880  n
pipe_reg[8][0][10]        LATCHX1_LVT     saed32lvt_ss0p75v125c
                                                          5.082880  n
pipe_reg[8][0][11]        LATCHX1_LVT     saed32lvt_ss0p75v125c
                                                          5.082880  n
pipe_reg[8][0][12]        LATCHX1_LVT     saed32lvt_ss0p75v125c
                                                          5.082880  n
pipe_reg[8][0][13]        LATCHX1_LVT     saed32lvt_ss0p75v125c
                                                          5.082880  n
pipe_reg[8][0][14]        LATCHX1_LVT     saed32lvt_ss0p75v125c
                                                          5.082880  n
pipe_reg[8][0][15]        LATCHX1_LVT     saed32lvt_ss0p75v125c
                                                          5.082880  n
pipe_reg[8][0][16]        LATCHX1_LVT     saed32lvt_ss0p75v125c
                                                          5.082880  n
pipe_reg[8][0][17]        LATCHX1_LVT     saed32lvt_ss0p75v125c
                                                          5.082880  n
pipe_reg[8][0][18]        LATCHX1_LVT     saed32lvt_ss0p75v125c
                                                          5.082880  n
pipe_reg[8][0][19]        LATCHX1_LVT     saed32lvt_ss0p75v125c
                                                          5.082880  n
pipe_reg[8][1][0]         LATCHX1_LVT     saed32lvt_ss0p75v125c
                                                          5.082880  n
pipe_reg[8][1][1]         LATCHX1_LVT     saed32lvt_ss0p75v125c
                                                          5.082880  n
pipe_reg[8][1][2]         LATCHX1_LVT     saed32lvt_ss0p75v125c
                                                          5.082880  n
pipe_reg[8][1][3]         LATCHX1_LVT     saed32lvt_ss0p75v125c
                                                          5.082880  n
pipe_reg[8][1][4]         LATCHX1_LVT     saed32lvt_ss0p75v125c
                                                          5.082880  n
pipe_reg[8][1][5]         LATCHX1_LVT     saed32lvt_ss0p75v125c
                                                          5.082880  n
pipe_reg[8][1][6]         LATCHX1_LVT     saed32lvt_ss0p75v125c
                                                          5.082880  n
pipe_reg[8][1][7]         LATCHX1_LVT     saed32lvt_ss0p75v125c
                                                          5.082880  n
pipe_reg[8][1][8]         LATCHX1_LVT     saed32lvt_ss0p75v125c
                                                          5.082880  n
pipe_reg[8][1][9]         LATCHX1_LVT     saed32lvt_ss0p75v125c
                                                          5.082880  n
pipe_reg[8][1][10]        LATCHX1_LVT     saed32lvt_ss0p75v125c
                                                          5.082880  n
pipe_reg[8][1][11]        LATCHX1_LVT     saed32lvt_ss0p75v125c
                                                          5.082880  n
pipe_reg[8][1][12]        LATCHX1_LVT     saed32lvt_ss0p75v125c
                                                          5.082880  n
pipe_reg[8][1][13]        LATCHX1_LVT     saed32lvt_ss0p75v125c
                                                          5.082880  n
pipe_reg[8][1][14]        LATCHX1_LVT     saed32lvt_ss0p75v125c
                                                          5.082880  n
pipe_reg[8][1][15]        LATCHX1_LVT     saed32lvt_ss0p75v125c
                                                          5.082880  n
pipe_reg[8][1][16]        LATCHX1_LVT     saed32lvt_ss0p75v125c
                                                          5.082880  n
pipe_reg[8][1][17]        LATCHX1_LVT     saed32lvt_ss0p75v125c
                                                          5.082880  n
pipe_reg[8][1][18]        LATCHX1_LVT     saed32lvt_ss0p75v125c
                                                          5.082880  n
pipe_reg[8][1][19]        LATCHX1_LVT     saed32lvt_ss0p75v125c
                                                          5.082880  n
pipe_reg[8][2][0]         LATCHX1_LVT     saed32lvt_ss0p75v125c
                                                          5.082880  n
pipe_reg[8][2][1]         LATCHX1_LVT     saed32lvt_ss0p75v125c
                                                          5.082880  n
pipe_reg[8][2][2]         LATCHX1_LVT     saed32lvt_ss0p75v125c
                                                          5.082880  n
pipe_reg[8][2][3]         LATCHX1_LVT     saed32lvt_ss0p75v125c
                                                          5.082880  n
pipe_reg[8][2][4]         LATCHX1_LVT     saed32lvt_ss0p75v125c
                                                          5.082880  n
pipe_reg[8][2][5]         LATCHX1_LVT     saed32lvt_ss0p75v125c
                                                          5.082880  n
pipe_reg[8][2][6]         LATCHX1_LVT     saed32lvt_ss0p75v125c
                                                          5.082880  n
pipe_reg[8][2][7]         LATCHX1_LVT     saed32lvt_ss0p75v125c
                                                          5.082880  n
pipe_reg[8][2][8]         LATCHX1_LVT     saed32lvt_ss0p75v125c
                                                          5.082880  n
pipe_reg[8][2][9]         LATCHX1_LVT     saed32lvt_ss0p75v125c
                                                          5.082880  n
pipe_reg[8][2][10]        LATCHX1_LVT     saed32lvt_ss0p75v125c
                                                          5.082880  n
pipe_reg[8][2][11]        LATCHX1_LVT     saed32lvt_ss0p75v125c
                                                          5.082880  n
pipe_reg[8][2][12]        LATCHX1_LVT     saed32lvt_ss0p75v125c
                                                          5.082880  n
pipe_reg[8][2][13]        LATCHX1_LVT     saed32lvt_ss0p75v125c
                                                          5.082880  n
pipe_reg[8][2][14]        LATCHX1_LVT     saed32lvt_ss0p75v125c
                                                          5.082880  n
pipe_reg[8][2][15]        LATCHX1_LVT     saed32lvt_ss0p75v125c
                                                          5.082880  n
pipe_reg[8][2][16]        LATCHX1_LVT     saed32lvt_ss0p75v125c
                                                          5.082880  n
pipe_reg[8][2][17]        LATCHX1_LVT     saed32lvt_ss0p75v125c
                                                          5.082880  n
pipe_reg[8][2][18]        LATCHX1_LVT     saed32lvt_ss0p75v125c
                                                          5.082880  n
pipe_reg[8][2][19]        LATCHX1_LVT     saed32lvt_ss0p75v125c
                                                          5.082880  n
result_out_flat_reg[0][0] LATCHX1_LVT     saed32lvt_ss0p75v125c
                                                          5.082880  n
result_out_flat_reg[0][1] LATCHX1_LVT     saed32lvt_ss0p75v125c
                                                          5.082880  n
result_out_flat_reg[0][2] LATCHX1_LVT     saed32lvt_ss0p75v125c
                                                          5.082880  n
result_out_flat_reg[0][3] LATCHX1_LVT     saed32lvt_ss0p75v125c
                                                          5.082880  n
result_out_flat_reg[0][4] LATCHX1_LVT     saed32lvt_ss0p75v125c
                                                          5.082880  n
result_out_flat_reg[0][5] LATCHX1_LVT     saed32lvt_ss0p75v125c
                                                          5.082880  n
result_out_flat_reg[0][6] LATCHX1_LVT     saed32lvt_ss0p75v125c
                                                          5.082880  n
result_out_flat_reg[0][7] LATCHX1_LVT     saed32lvt_ss0p75v125c
                                                          5.082880  n
result_out_flat_reg[0][8] LATCHX1_LVT     saed32lvt_ss0p75v125c
                                                          5.082880  n
result_out_flat_reg[0][9] LATCHX1_LVT     saed32lvt_ss0p75v125c
                                                          5.082880  n
result_out_flat_reg[0][10]
                          LATCHX1_LVT     saed32lvt_ss0p75v125c
                                                          5.082880  n
result_out_flat_reg[0][11]
                          LATCHX1_LVT     saed32lvt_ss0p75v125c
                                                          5.082880  n
result_out_flat_reg[0][12]
                          LATCHX1_LVT     saed32lvt_ss0p75v125c
                                                          5.082880  n
result_out_flat_reg[0][13]
                          LATCHX1_LVT     saed32lvt_ss0p75v125c
                                                          5.082880  n
result_out_flat_reg[0][14]
                          LATCHX1_LVT     saed32lvt_ss0p75v125c
                                                          5.082880  n
result_out_flat_reg[0][15]
                          LATCHX1_LVT     saed32lvt_ss0p75v125c
                                                          5.082880  n
result_out_flat_reg[0][16]
                          LATCHX1_LVT     saed32lvt_ss0p75v125c
                                                          5.082880  n
result_out_flat_reg[0][17]
                          LATCHX1_LVT     saed32lvt_ss0p75v125c
                                                          5.082880  n
result_out_flat_reg[0][18]
                          LATCHX1_LVT     saed32lvt_ss0p75v125c
                                                          5.082880  n
result_out_flat_reg[0][19]
                          LATCHX1_LVT     saed32lvt_ss0p75v125c
                                                          5.082880  n
result_out_flat_reg[1][0] LATCHX1_LVT     saed32lvt_ss0p75v125c
                                                          5.082880  n
result_out_flat_reg[1][1] LATCHX1_LVT     saed32lvt_ss0p75v125c
                                                          5.082880  n
result_out_flat_reg[1][2] LATCHX1_LVT     saed32lvt_ss0p75v125c
                                                          5.082880  n
result_out_flat_reg[1][3] LATCHX1_LVT     saed32lvt_ss0p75v125c
                                                          5.082880  n
result_out_flat_reg[1][4] LATCHX1_LVT     saed32lvt_ss0p75v125c
                                                          5.082880  n
result_out_flat_reg[1][5] LATCHX1_LVT     saed32lvt_ss0p75v125c
                                                          5.082880  n
result_out_flat_reg[1][6] LATCHX1_LVT     saed32lvt_ss0p75v125c
                                                          5.082880  n
result_out_flat_reg[1][7] LATCHX1_LVT     saed32lvt_ss0p75v125c
                                                          5.082880  n
result_out_flat_reg[1][8] LATCHX1_LVT     saed32lvt_ss0p75v125c
                                                          5.082880  n
result_out_flat_reg[1][9] LATCHX1_LVT     saed32lvt_ss0p75v125c
                                                          5.082880  n
result_out_flat_reg[1][10]
                          LATCHX1_LVT     saed32lvt_ss0p75v125c
                                                          5.082880  n
result_out_flat_reg[1][11]
                          LATCHX1_LVT     saed32lvt_ss0p75v125c
                                                          5.082880  n
result_out_flat_reg[1][12]
                          LATCHX1_LVT     saed32lvt_ss0p75v125c
                                                          5.082880  n
result_out_flat_reg[1][13]
                          LATCHX1_LVT     saed32lvt_ss0p75v125c
                                                          5.082880  n
result_out_flat_reg[1][14]
                          LATCHX1_LVT     saed32lvt_ss0p75v125c
                                                          5.082880  n
result_out_flat_reg[1][15]
                          LATCHX1_LVT     saed32lvt_ss0p75v125c
                                                          5.082880  n
result_out_flat_reg[1][16]
                          LATCHX1_LVT     saed32lvt_ss0p75v125c
                                                          5.082880  n
result_out_flat_reg[1][17]
                          LATCHX1_LVT     saed32lvt_ss0p75v125c
                                                          5.082880  n
result_out_flat_reg[1][18]
                          LATCHX1_LVT     saed32lvt_ss0p75v125c
                                                          5.082880  n
result_out_flat_reg[1][19]
                          LATCHX1_LVT     saed32lvt_ss0p75v125c
                                                          5.082880  n
result_out_flat_reg[2][0] LATCHX1_LVT     saed32lvt_ss0p75v125c
                                                          5.082880  n
result_out_flat_reg[2][1] LATCHX1_LVT     saed32lvt_ss0p75v125c
                                                          5.082880  n
result_out_flat_reg[2][2] LATCHX1_LVT     saed32lvt_ss0p75v125c
                                                          5.082880  n
result_out_flat_reg[2][3] LATCHX1_LVT     saed32lvt_ss0p75v125c
                                                          5.082880  n
result_out_flat_reg[2][4] LATCHX1_LVT     saed32lvt_ss0p75v125c
                                                          5.082880  n
result_out_flat_reg[2][5] LATCHX1_LVT     saed32lvt_ss0p75v125c
                                                          5.082880  n
result_out_flat_reg[2][6] LATCHX1_LVT     saed32lvt_ss0p75v125c
                                                          5.082880  n
result_out_flat_reg[2][7] LATCHX1_LVT     saed32lvt_ss0p75v125c
                                                          5.082880  n
result_out_flat_reg[2][8] LATCHX1_LVT     saed32lvt_ss0p75v125c
                                                          5.082880  n
result_out_flat_reg[2][9] LATCHX1_LVT     saed32lvt_ss0p75v125c
                                                          5.082880  n
result_out_flat_reg[2][10]
                          LATCHX1_LVT     saed32lvt_ss0p75v125c
                                                          5.082880  n
result_out_flat_reg[2][11]
                          LATCHX1_LVT     saed32lvt_ss0p75v125c
                                                          5.082880  n
result_out_flat_reg[2][12]
                          LATCHX1_LVT     saed32lvt_ss0p75v125c
                                                          5.082880  n
result_out_flat_reg[2][13]
                          LATCHX1_LVT     saed32lvt_ss0p75v125c
                                                          5.082880  n
result_out_flat_reg[2][14]
                          LATCHX1_LVT     saed32lvt_ss0p75v125c
                                                          5.082880  n
result_out_flat_reg[2][15]
                          LATCHX1_LVT     saed32lvt_ss0p75v125c
                                                          5.082880  n
result_out_flat_reg[2][16]
                          LATCHX1_LVT     saed32lvt_ss0p75v125c
                                                          5.082880  n
result_out_flat_reg[2][17]
                          LATCHX1_LVT     saed32lvt_ss0p75v125c
                                                          5.082880  n
result_out_flat_reg[2][18]
                          LATCHX1_LVT     saed32lvt_ss0p75v125c
                                                          5.082880  n
result_out_flat_reg[2][19]
                          LATCHX1_LVT     saed32lvt_ss0p75v125c
                                                          5.082880  n
--------------------------------------------------------------------------------
Total 2177 cells                                          6593.766075
1
