 
****************************************
Report : cell
Design : mac_pipeline_superscalar
Version: Q-2019.12-SP5-5
Date   : Sun Jun 15 18:58:02 2025
****************************************

Attributes:
    b - black box (unknown)
    h - hierarchical
   mo - map_only
    n - noncombinational
    r - removable
    u - contains unmapped logic

Cell                      Reference       Library             Area  Attributes
--------------------------------------------------------------------------------
U884                      AND2X1_LVT      saed32lvt_ss0p75v125c
                                                          2.033152  
U885                      AND3X1_LVT      saed32lvt_ss0p75v125c
                                                          2.287296  
U886                      AO21X1_LVT      saed32lvt_ss0p75v125c
                                                          2.541440  
U887                      INVX1_LVT       saed32lvt_ss0p75v125c
                                                          1.270720  
U888                      INVX1_LVT       saed32lvt_ss0p75v125c
                                                          1.270720  
U889                      INVX1_LVT       saed32lvt_ss0p75v125c
                                                          1.270720  
U890                      INVX1_LVT       saed32lvt_ss0p75v125c
                                                          1.270720  
U891                      INVX1_LVT       saed32lvt_ss0p75v125c
                                                          1.270720  
U892                      INVX1_LVT       saed32lvt_ss0p75v125c
                                                          1.270720  
U893                      INVX1_LVT       saed32lvt_ss0p75v125c
                                                          1.270720  
U894                      AO222X1_LVT     saed32lvt_ss0p75v125c
                                                          3.303872  
U895                      INVX1_LVT       saed32lvt_ss0p75v125c
                                                          1.270720  
U896                      AO222X1_LVT     saed32lvt_ss0p75v125c
                                                          3.303872  
U897                      INVX1_LVT       saed32lvt_ss0p75v125c
                                                          1.270720  
U898                      AO222X1_LVT     saed32lvt_ss0p75v125c
                                                          3.303872  
U899                      INVX1_LVT       saed32lvt_ss0p75v125c
                                                          1.270720  
U900                      INVX1_LVT       saed32lvt_ss0p75v125c
                                                          1.270720  
U901                      INVX1_LVT       saed32lvt_ss0p75v125c
                                                          1.270720  
U902                      INVX1_LVT       saed32lvt_ss0p75v125c
                                                          1.270720  
U903                      INVX1_LVT       saed32lvt_ss0p75v125c
                                                          1.270720  
U904                      INVX1_LVT       saed32lvt_ss0p75v125c
                                                          1.270720  
U905                      INVX1_LVT       saed32lvt_ss0p75v125c
                                                          1.270720  
U906                      INVX1_LVT       saed32lvt_ss0p75v125c
                                                          1.270720  
U907                      INVX1_LVT       saed32lvt_ss0p75v125c
                                                          1.270720  
U908                      INVX1_LVT       saed32lvt_ss0p75v125c
                                                          1.270720  
U909                      INVX1_LVT       saed32lvt_ss0p75v125c
                                                          1.270720  
U910                      INVX1_LVT       saed32lvt_ss0p75v125c
                                                          1.270720  
U911                      INVX1_LVT       saed32lvt_ss0p75v125c
                                                          1.270720  
U912                      INVX1_LVT       saed32lvt_ss0p75v125c
                                                          1.270720  
U913                      AND2X1_LVT      saed32lvt_ss0p75v125c
                                                          2.033152  
U914                      INVX1_LVT       saed32lvt_ss0p75v125c
                                                          1.270720  
U915                      INVX1_LVT       saed32lvt_ss0p75v125c
                                                          1.270720  
U916                      INVX1_LVT       saed32lvt_ss0p75v125c
                                                          1.270720  
U917                      AND3X1_LVT      saed32lvt_ss0p75v125c
                                                          2.287296  
U918                      INVX1_LVT       saed32lvt_ss0p75v125c
                                                          1.270720  
U919                      INVX1_LVT       saed32lvt_ss0p75v125c
                                                          1.270720  
U920                      INVX1_LVT       saed32lvt_ss0p75v125c
                                                          1.270720  
U921                      INVX1_LVT       saed32lvt_ss0p75v125c
                                                          1.270720  
U922                      INVX1_LVT       saed32lvt_ss0p75v125c
                                                          1.270720  
U923                      INVX1_LVT       saed32lvt_ss0p75v125c
                                                          1.270720  
U924                      INVX1_LVT       saed32lvt_ss0p75v125c
                                                          1.270720  
U925                      INVX1_LVT       saed32lvt_ss0p75v125c
                                                          1.270720  
U926                      INVX1_LVT       saed32lvt_ss0p75v125c
                                                          1.270720  
U927                      INVX1_LVT       saed32lvt_ss0p75v125c
                                                          1.270720  
U928                      INVX1_LVT       saed32lvt_ss0p75v125c
                                                          1.270720  
U929                      INVX1_LVT       saed32lvt_ss0p75v125c
                                                          1.270720  
U930                      AND3X1_LVT      saed32lvt_ss0p75v125c
                                                          2.287296  
U931                      XOR2X1_LVT      saed32lvt_ss0p75v125c
                                                          4.320448  
U932                      XOR2X1_LVT      saed32lvt_ss0p75v125c
                                                          4.320448  
U933                      XOR2X1_LVT      saed32lvt_ss0p75v125c
                                                          4.320448  
U934                      INVX1_LVT       saed32lvt_ss0p75v125c
                                                          1.270720  
U935                      INVX1_LVT       saed32lvt_ss0p75v125c
                                                          1.270720  
U936                      INVX1_LVT       saed32lvt_ss0p75v125c
                                                          1.270720  
U937                      INVX1_LVT       saed32lvt_ss0p75v125c
                                                          1.270720  
U938                      XOR2X1_LVT      saed32lvt_ss0p75v125c
                                                          4.320448  
U939                      INVX1_LVT       saed32lvt_ss0p75v125c
                                                          1.270720  
U940                      INVX1_LVT       saed32lvt_ss0p75v125c
                                                          1.270720  
U941                      INVX1_LVT       saed32lvt_ss0p75v125c
                                                          1.270720  
U942                      INVX1_LVT       saed32lvt_ss0p75v125c
                                                          1.270720  
U943                      AND2X1_LVT      saed32lvt_ss0p75v125c
                                                          2.033152  
U944                      NBUFFX2_LVT     saed32lvt_ss0p75v125c
                                                          2.033152  
U945                      NAND3X0_LVT     saed32lvt_ss0p75v125c
                                                          1.779008  
U946                      NBUFFX2_LVT     saed32lvt_ss0p75v125c
                                                          2.033152  
U947                      INVX1_LVT       saed32lvt_ss0p75v125c
                                                          1.270720  
U948                      NBUFFX2_LVT     saed32lvt_ss0p75v125c
                                                          2.033152  
U949                      NAND2X0_LVT     saed32lvt_ss0p75v125c
                                                          1.524864  
U950                      NAND3X0_LVT     saed32lvt_ss0p75v125c
                                                          1.779008  
U951                      OAI22X1_LVT     saed32lvt_ss0p75v125c
                                                          3.049728  
U952                      NBUFFX2_LVT     saed32lvt_ss0p75v125c
                                                          2.033152  
U953                      AND4X1_LVT      saed32lvt_ss0p75v125c
                                                          2.541440  
U954                      AO22X1_LVT      saed32lvt_ss0p75v125c
                                                          2.541440  
U955                      INVX0_LVT       saed32lvt_ss0p75v125c
                                                          1.270720  
U956                      AND2X1_LVT      saed32lvt_ss0p75v125c
                                                          2.033152  
U957                      AND2X1_LVT      saed32lvt_ss0p75v125c
                                                          2.033152  
U958                      NAND2X0_LVT     saed32lvt_ss0p75v125c
                                                          1.524864  
U959                      INVX1_LVT       saed32lvt_ss0p75v125c
                                                          1.270720  
U960                      INVX1_LVT       saed32lvt_ss0p75v125c
                                                          1.270720  
U961                      INVX1_LVT       saed32lvt_ss0p75v125c
                                                          1.270720  
U962                      INVX1_LVT       saed32lvt_ss0p75v125c
                                                          1.270720  
U963                      INVX1_LVT       saed32lvt_ss0p75v125c
                                                          1.270720  
U964                      INVX1_LVT       saed32lvt_ss0p75v125c
                                                          1.270720  
U965                      INVX1_LVT       saed32lvt_ss0p75v125c
                                                          1.270720  
U966                      INVX1_LVT       saed32lvt_ss0p75v125c
                                                          1.270720  
U967                      INVX1_LVT       saed32lvt_ss0p75v125c
                                                          1.270720  
U968                      INVX1_LVT       saed32lvt_ss0p75v125c
                                                          1.270720  
U969                      INVX1_LVT       saed32lvt_ss0p75v125c
                                                          1.270720  
U970                      INVX1_LVT       saed32lvt_ss0p75v125c
                                                          1.270720  
U971                      INVX1_LVT       saed32lvt_ss0p75v125c
                                                          1.270720  
U972                      INVX1_LVT       saed32lvt_ss0p75v125c
                                                          1.270720  
U973                      INVX1_LVT       saed32lvt_ss0p75v125c
                                                          1.270720  
U974                      INVX1_LVT       saed32lvt_ss0p75v125c
                                                          1.270720  
U975                      INVX1_LVT       saed32lvt_ss0p75v125c
                                                          1.270720  
U976                      AND2X1_LVT      saed32lvt_ss0p75v125c
                                                          2.033152  
U977                      NAND2X0_LVT     saed32lvt_ss0p75v125c
                                                          1.524864  
U978                      INVX1_LVT       saed32lvt_ss0p75v125c
                                                          1.270720  
U979                      INVX1_LVT       saed32lvt_ss0p75v125c
                                                          1.270720  
U980                      INVX1_LVT       saed32lvt_ss0p75v125c
                                                          1.270720  
U981                      INVX1_LVT       saed32lvt_ss0p75v125c
                                                          1.270720  
U982                      INVX1_LVT       saed32lvt_ss0p75v125c
                                                          1.270720  
U983                      INVX1_LVT       saed32lvt_ss0p75v125c
                                                          1.270720  
U984                      INVX1_LVT       saed32lvt_ss0p75v125c
                                                          1.270720  
U985                      INVX1_LVT       saed32lvt_ss0p75v125c
                                                          1.270720  
U986                      INVX1_LVT       saed32lvt_ss0p75v125c
                                                          1.270720  
U987                      INVX1_LVT       saed32lvt_ss0p75v125c
                                                          1.270720  
U988                      INVX1_LVT       saed32lvt_ss0p75v125c
                                                          1.270720  
U989                      INVX1_LVT       saed32lvt_ss0p75v125c
                                                          1.270720  
U990                      INVX1_LVT       saed32lvt_ss0p75v125c
                                                          1.270720  
U991                      INVX1_LVT       saed32lvt_ss0p75v125c
                                                          1.270720  
U992                      INVX1_LVT       saed32lvt_ss0p75v125c
                                                          1.270720  
U993                      AND2X1_LVT      saed32lvt_ss0p75v125c
                                                          2.033152  
U994                      NAND2X0_LVT     saed32lvt_ss0p75v125c
                                                          1.524864  
U995                      NBUFFX2_LVT     saed32lvt_ss0p75v125c
                                                          2.033152  
U996                      XOR2X1_LVT      saed32lvt_ss0p75v125c
                                                          4.320448  
U997                      INVX1_LVT       saed32lvt_ss0p75v125c
                                                          1.270720  
U998                      INVX1_LVT       saed32lvt_ss0p75v125c
                                                          1.270720  
U999                      INVX1_LVT       saed32lvt_ss0p75v125c
                                                          1.270720  
U1000                     INVX1_LVT       saed32lvt_ss0p75v125c
                                                          1.270720  
U1001                     XOR2X1_LVT      saed32lvt_ss0p75v125c
                                                          4.320448  
U1002                     XOR2X1_LVT      saed32lvt_ss0p75v125c
                                                          4.320448  
U1003                     INVX1_LVT       saed32lvt_ss0p75v125c
                                                          1.270720  
U1004                     INVX1_LVT       saed32lvt_ss0p75v125c
                                                          1.270720  
U1005                     INVX1_LVT       saed32lvt_ss0p75v125c
                                                          1.270720  
U1006                     INVX1_LVT       saed32lvt_ss0p75v125c
                                                          1.270720  
U1007                     INVX1_LVT       saed32lvt_ss0p75v125c
                                                          1.270720  
U1008                     INVX1_LVT       saed32lvt_ss0p75v125c
                                                          1.270720  
U1009                     INVX1_LVT       saed32lvt_ss0p75v125c
                                                          1.270720  
U1010                     INVX1_LVT       saed32lvt_ss0p75v125c
                                                          1.270720  
U1011                     INVX1_LVT       saed32lvt_ss0p75v125c
                                                          1.270720  
U1012                     INVX1_LVT       saed32lvt_ss0p75v125c
                                                          1.270720  
U1013                     INVX1_LVT       saed32lvt_ss0p75v125c
                                                          1.270720  
U1014                     INVX1_LVT       saed32lvt_ss0p75v125c
                                                          1.270720  
U1015                     INVX1_LVT       saed32lvt_ss0p75v125c
                                                          1.270720  
U1016                     INVX1_LVT       saed32lvt_ss0p75v125c
                                                          1.270720  
U1017                     INVX1_LVT       saed32lvt_ss0p75v125c
                                                          1.270720  
U1018                     AND2X1_LVT      saed32lvt_ss0p75v125c
                                                          2.033152  
U1019                     AND3X1_LVT      saed32lvt_ss0p75v125c
                                                          2.287296  
U1020                     NBUFFX2_LVT     saed32lvt_ss0p75v125c
                                                          2.033152  
U1021                     AOI22X1_LVT     saed32lvt_ss0p75v125c
                                                          3.049728  
U1022                     AND2X1_LVT      saed32lvt_ss0p75v125c
                                                          2.033152  
U1023                     AND3X1_LVT      saed32lvt_ss0p75v125c
                                                          2.287296  
U1024                     AND4X1_LVT      saed32lvt_ss0p75v125c
                                                          2.541440  
U1025                     AOI22X1_LVT     saed32lvt_ss0p75v125c
                                                          3.049728  
U1026                     NAND3X0_LVT     saed32lvt_ss0p75v125c
                                                          1.779008  
U1027                     AND2X1_LVT      saed32lvt_ss0p75v125c
                                                          2.033152  
U1028                     NAND2X0_LVT     saed32lvt_ss0p75v125c
                                                          1.524864  
U1029                     NBUFFX2_LVT     saed32lvt_ss0p75v125c
                                                          2.033152  
U1030                     NAND2X0_LVT     saed32lvt_ss0p75v125c
                                                          1.524864  
U1031                     AND4X1_LVT      saed32lvt_ss0p75v125c
                                                          2.541440  
U1032                     NBUFFX2_LVT     saed32lvt_ss0p75v125c
                                                          2.033152  
U1033                     AND3X1_LVT      saed32lvt_ss0p75v125c
                                                          2.287296  
U1034                     AOI22X1_LVT     saed32lvt_ss0p75v125c
                                                          3.049728  
U1035                     AO21X1_LVT      saed32lvt_ss0p75v125c
                                                          2.541440  
U1036                     NAND2X0_LVT     saed32lvt_ss0p75v125c
                                                          1.524864  
U1037                     NAND2X0_LVT     saed32lvt_ss0p75v125c
                                                          1.524864  
U1038                     NAND2X0_LVT     saed32lvt_ss0p75v125c
                                                          1.524864  
U1039                     NAND3X0_LVT     saed32lvt_ss0p75v125c
                                                          1.779008  
U1040                     XOR2X1_LVT      saed32lvt_ss0p75v125c
                                                          4.320448  
U1041                     INVX1_LVT       saed32lvt_ss0p75v125c
                                                          1.270720  
U1042                     INVX1_LVT       saed32lvt_ss0p75v125c
                                                          1.270720  
U1043                     INVX1_LVT       saed32lvt_ss0p75v125c
                                                          1.270720  
U1044                     INVX1_LVT       saed32lvt_ss0p75v125c
                                                          1.270720  
U1045                     INVX1_LVT       saed32lvt_ss0p75v125c
                                                          1.270720  
U1046                     XOR2X1_LVT      saed32lvt_ss0p75v125c
                                                          4.320448  
U1047                     XOR2X1_LVT      saed32lvt_ss0p75v125c
                                                          4.320448  
U1048                     INVX1_LVT       saed32lvt_ss0p75v125c
                                                          1.270720  
U1049                     INVX1_LVT       saed32lvt_ss0p75v125c
                                                          1.270720  
U1050                     INVX1_LVT       saed32lvt_ss0p75v125c
                                                          1.270720  
U1051                     INVX1_LVT       saed32lvt_ss0p75v125c
                                                          1.270720  
U1052                     INVX1_LVT       saed32lvt_ss0p75v125c
                                                          1.270720  
U1053                     AOI22X1_LVT     saed32lvt_ss0p75v125c
                                                          3.049728  
U1054                     AOI22X1_LVT     saed32lvt_ss0p75v125c
                                                          3.049728  
U1055                     INVX1_LVT       saed32lvt_ss0p75v125c
                                                          1.270720  
U1056                     NAND2X0_LVT     saed32lvt_ss0p75v125c
                                                          1.524864  
U1057                     NAND2X0_LVT     saed32lvt_ss0p75v125c
                                                          1.524864  
U1058                     AND4X1_LVT      saed32lvt_ss0p75v125c
                                                          2.541440  
U1059                     AOI22X1_LVT     saed32lvt_ss0p75v125c
                                                          3.049728  
U1060                     NAND2X0_LVT     saed32lvt_ss0p75v125c
                                                          1.524864  
U1061                     NAND3X0_LVT     saed32lvt_ss0p75v125c
                                                          1.779008  
U1062                     XOR2X1_LVT      saed32lvt_ss0p75v125c
                                                          4.320448  
U1063                     INVX1_LVT       saed32lvt_ss0p75v125c
                                                          1.270720  
U1064                     INVX1_LVT       saed32lvt_ss0p75v125c
                                                          1.270720  
U1065                     INVX1_LVT       saed32lvt_ss0p75v125c
                                                          1.270720  
U1066                     INVX1_LVT       saed32lvt_ss0p75v125c
                                                          1.270720  
U1067                     INVX1_LVT       saed32lvt_ss0p75v125c
                                                          1.270720  
U1068                     INVX1_LVT       saed32lvt_ss0p75v125c
                                                          1.270720  
U1069                     INVX1_LVT       saed32lvt_ss0p75v125c
                                                          1.270720  
U1070                     INVX1_LVT       saed32lvt_ss0p75v125c
                                                          1.270720  
U1071                     INVX1_LVT       saed32lvt_ss0p75v125c
                                                          1.270720  
U1072                     INVX1_LVT       saed32lvt_ss0p75v125c
                                                          1.270720  
U1073                     INVX1_LVT       saed32lvt_ss0p75v125c
                                                          1.270720  
U1074                     INVX1_LVT       saed32lvt_ss0p75v125c
                                                          1.270720  
U1075                     INVX1_LVT       saed32lvt_ss0p75v125c
                                                          1.270720  
U1076                     INVX1_LVT       saed32lvt_ss0p75v125c
                                                          1.270720  
U1077                     INVX1_LVT       saed32lvt_ss0p75v125c
                                                          1.270720  
U1078                     INVX1_LVT       saed32lvt_ss0p75v125c
                                                          1.270720  
U1079                     INVX1_LVT       saed32lvt_ss0p75v125c
                                                          1.270720  
U1080                     INVX1_LVT       saed32lvt_ss0p75v125c
                                                          1.270720  
U1081                     AND4X1_LVT      saed32lvt_ss0p75v125c
                                                          2.541440  
U1082                     NAND2X0_LVT     saed32lvt_ss0p75v125c
                                                          1.524864  
U1083                     NAND2X0_LVT     saed32lvt_ss0p75v125c
                                                          1.524864  
U1084                     AO21X1_LVT      saed32lvt_ss0p75v125c
                                                          2.541440  
U1085                     INVX1_LVT       saed32lvt_ss0p75v125c
                                                          1.270720  
U1086                     NAND2X0_LVT     saed32lvt_ss0p75v125c
                                                          1.524864  
U1087                     INVX1_LVT       saed32lvt_ss0p75v125c
                                                          1.270720  
U1088                     AND4X1_LVT      saed32lvt_ss0p75v125c
                                                          2.541440  
U1089                     AO221X1_LVT     saed32lvt_ss0p75v125c
                                                          3.049728  
U1090                     NAND2X0_LVT     saed32lvt_ss0p75v125c
                                                          1.524864  
U1091                     NAND2X0_LVT     saed32lvt_ss0p75v125c
                                                          1.524864  
U1092                     NAND4X0_LVT     saed32lvt_ss0p75v125c
                                                          2.033152  
U1093                     OA21X1_LVT      saed32lvt_ss0p75v125c
                                                          2.541440  
U1094                     NAND4X0_LVT     saed32lvt_ss0p75v125c
                                                          2.033152  
U1095                     AO22X1_LVT      saed32lvt_ss0p75v125c
                                                          2.541440  
U1096                     NAND2X0_LVT     saed32lvt_ss0p75v125c
                                                          1.524864  
U1097                     INVX1_LVT       saed32lvt_ss0p75v125c
                                                          1.270720  
U1098                     AND2X1_LVT      saed32lvt_ss0p75v125c
                                                          2.033152  
U1099                     AND2X1_LVT      saed32lvt_ss0p75v125c
                                                          2.033152  
U1100                     NAND2X0_LVT     saed32lvt_ss0p75v125c
                                                          1.524864  
U1101                     NAND2X0_LVT     saed32lvt_ss0p75v125c
                                                          1.524864  
U1102                     FADDX1_LVT      saed32lvt_ss0p75v125c
                                                          4.828736  r
U1103                     NAND2X0_LVT     saed32lvt_ss0p75v125c
                                                          1.524864  
U1104                     INVX1_LVT       saed32lvt_ss0p75v125c
                                                          1.270720  
U1105                     INVX1_LVT       saed32lvt_ss0p75v125c
                                                          1.270720  
U1106                     INVX1_LVT       saed32lvt_ss0p75v125c
                                                          1.270720  
U1107                     FADDX1_LVT      saed32lvt_ss0p75v125c
                                                          4.828736  r
U1108                     INVX1_LVT       saed32lvt_ss0p75v125c
                                                          1.270720  
U1109                     AND2X1_LVT      saed32lvt_ss0p75v125c
                                                          2.033152  
U1110                     AND2X1_LVT      saed32lvt_ss0p75v125c
                                                          2.033152  
U1111                     AND2X1_LVT      saed32lvt_ss0p75v125c
                                                          2.033152  
U1112                     AND2X1_LVT      saed32lvt_ss0p75v125c
                                                          2.033152  
U1113                     NAND2X0_LVT     saed32lvt_ss0p75v125c
                                                          1.524864  
U1114                     INVX1_LVT       saed32lvt_ss0p75v125c
                                                          1.270720  
U1115                     INVX1_LVT       saed32lvt_ss0p75v125c
                                                          1.270720  
U1116                     FADDX1_LVT      saed32lvt_ss0p75v125c
                                                          4.828736  r
U1117                     INVX1_LVT       saed32lvt_ss0p75v125c
                                                          1.270720  
U1118                     AOI22X1_LVT     saed32lvt_ss0p75v125c
                                                          3.049728  
U1119                     AOI22X1_LVT     saed32lvt_ss0p75v125c
                                                          3.049728  
U1120                     INVX1_LVT       saed32lvt_ss0p75v125c
                                                          1.270720  
U1121                     NAND2X0_LVT     saed32lvt_ss0p75v125c
                                                          1.524864  
U1122                     NAND2X0_LVT     saed32lvt_ss0p75v125c
                                                          1.524864  
U1123                     AND4X1_LVT      saed32lvt_ss0p75v125c
                                                          2.541440  
U1124                     AOI22X1_LVT     saed32lvt_ss0p75v125c
                                                          3.049728  
U1125                     NAND2X0_LVT     saed32lvt_ss0p75v125c
                                                          1.524864  
U1126                     NAND3X0_LVT     saed32lvt_ss0p75v125c
                                                          1.779008  
U1127                     XOR2X1_LVT      saed32lvt_ss0p75v125c
                                                          4.320448  
U1128                     INVX1_LVT       saed32lvt_ss0p75v125c
                                                          1.270720  
U1129                     AND2X1_LVT      saed32lvt_ss0p75v125c
                                                          2.033152  
U1130                     AND2X1_LVT      saed32lvt_ss0p75v125c
                                                          2.033152  
U1131                     AND2X1_LVT      saed32lvt_ss0p75v125c
                                                          2.033152  
U1132                     AND2X1_LVT      saed32lvt_ss0p75v125c
                                                          2.033152  
U1133                     NAND2X0_LVT     saed32lvt_ss0p75v125c
                                                          1.524864  
U1134                     INVX1_LVT       saed32lvt_ss0p75v125c
                                                          1.270720  
U1135                     INVX1_LVT       saed32lvt_ss0p75v125c
                                                          1.270720  
U1136                     INVX1_LVT       saed32lvt_ss0p75v125c
                                                          1.270720  
U1137                     INVX1_LVT       saed32lvt_ss0p75v125c
                                                          1.270720  
U1138                     INVX1_LVT       saed32lvt_ss0p75v125c
                                                          1.270720  
U1139                     INVX1_LVT       saed32lvt_ss0p75v125c
                                                          1.270720  
U1140                     INVX1_LVT       saed32lvt_ss0p75v125c
                                                          1.270720  
U1141                     AND2X1_LVT      saed32lvt_ss0p75v125c
                                                          2.033152  
U1142                     AND2X1_LVT      saed32lvt_ss0p75v125c
                                                          2.033152  
U1143                     NAND2X0_LVT     saed32lvt_ss0p75v125c
                                                          1.524864  
U1144                     NAND2X0_LVT     saed32lvt_ss0p75v125c
                                                          1.524864  
U1145                     FADDX1_LVT      saed32lvt_ss0p75v125c
                                                          4.828736  r
U1146                     NAND2X0_LVT     saed32lvt_ss0p75v125c
                                                          1.524864  
U1147                     INVX1_LVT       saed32lvt_ss0p75v125c
                                                          1.270720  
U1148                     INVX1_LVT       saed32lvt_ss0p75v125c
                                                          1.270720  
U1149                     FADDX1_LVT      saed32lvt_ss0p75v125c
                                                          4.828736  r
U1150                     INVX1_LVT       saed32lvt_ss0p75v125c
                                                          1.270720  
U1151                     FADDX1_LVT      saed32lvt_ss0p75v125c
                                                          4.828736  r
U1152                     INVX1_LVT       saed32lvt_ss0p75v125c
                                                          1.270720  
U1153                     INVX1_LVT       saed32lvt_ss0p75v125c
                                                          1.270720  
U1154                     INVX1_LVT       saed32lvt_ss0p75v125c
                                                          1.270720  
U1155                     INVX1_LVT       saed32lvt_ss0p75v125c
                                                          1.270720  
U1156                     AO22X1_LVT      saed32lvt_ss0p75v125c
                                                          2.541440  
U1157                     NAND2X0_LVT     saed32lvt_ss0p75v125c
                                                          1.524864  
U1158                     INVX1_LVT       saed32lvt_ss0p75v125c
                                                          1.270720  
U1159                     AND4X1_LVT      saed32lvt_ss0p75v125c
                                                          2.541440  
U1160                     NAND2X0_LVT     saed32lvt_ss0p75v125c
                                                          1.524864  
U1161                     NAND2X0_LVT     saed32lvt_ss0p75v125c
                                                          1.524864  
U1162                     AO21X1_LVT      saed32lvt_ss0p75v125c
                                                          2.541440  
U1163                     INVX1_LVT       saed32lvt_ss0p75v125c
                                                          1.270720  
U1164                     NAND2X0_LVT     saed32lvt_ss0p75v125c
                                                          1.524864  
U1165                     AND4X1_LVT      saed32lvt_ss0p75v125c
                                                          2.541440  
U1166                     AO221X1_LVT     saed32lvt_ss0p75v125c
                                                          3.049728  
U1167                     NAND2X0_LVT     saed32lvt_ss0p75v125c
                                                          1.524864  
U1168                     NAND2X0_LVT     saed32lvt_ss0p75v125c
                                                          1.524864  
U1169                     NAND4X0_LVT     saed32lvt_ss0p75v125c
                                                          2.033152  
U1170                     OA21X1_LVT      saed32lvt_ss0p75v125c
                                                          2.541440  
U1171                     NAND4X0_LVT     saed32lvt_ss0p75v125c
                                                          2.033152  
U1172                     AO22X1_LVT      saed32lvt_ss0p75v125c
                                                          2.541440  
U1173                     NAND2X0_LVT     saed32lvt_ss0p75v125c
                                                          1.524864  
U1174                     INVX1_LVT       saed32lvt_ss0p75v125c
                                                          1.270720  
U1175                     AND2X1_LVT      saed32lvt_ss0p75v125c
                                                          2.033152  
U1176                     AND2X1_LVT      saed32lvt_ss0p75v125c
                                                          2.033152  
U1177                     NAND2X0_LVT     saed32lvt_ss0p75v125c
                                                          1.524864  
U1178                     NAND2X0_LVT     saed32lvt_ss0p75v125c
                                                          1.524864  
U1179                     FADDX1_LVT      saed32lvt_ss0p75v125c
                                                          4.828736  r
U1180                     NAND2X0_LVT     saed32lvt_ss0p75v125c
                                                          1.524864  
U1181                     INVX1_LVT       saed32lvt_ss0p75v125c
                                                          1.270720  
U1182                     INVX1_LVT       saed32lvt_ss0p75v125c
                                                          1.270720  
U1183                     FADDX1_LVT      saed32lvt_ss0p75v125c
                                                          4.828736  r
U1184                     INVX1_LVT       saed32lvt_ss0p75v125c
                                                          1.270720  
U1185                     AND2X1_LVT      saed32lvt_ss0p75v125c
                                                          2.033152  
U1186                     AND2X1_LVT      saed32lvt_ss0p75v125c
                                                          2.033152  
U1187                     AND2X1_LVT      saed32lvt_ss0p75v125c
                                                          2.033152  
U1188                     AND2X1_LVT      saed32lvt_ss0p75v125c
                                                          2.033152  
U1189                     NAND2X0_LVT     saed32lvt_ss0p75v125c
                                                          1.524864  
U1190                     INVX1_LVT       saed32lvt_ss0p75v125c
                                                          1.270720  
U1191                     FADDX1_LVT      saed32lvt_ss0p75v125c
                                                          4.828736  r
U1192                     INVX1_LVT       saed32lvt_ss0p75v125c
                                                          1.270720  
U1193                     INVX1_LVT       saed32lvt_ss0p75v125c
                                                          1.270720  
U1194                     INVX1_LVT       saed32lvt_ss0p75v125c
                                                          1.270720  
U1195                     AND4X1_LVT      saed32lvt_ss0p75v125c
                                                          2.541440  
U1196                     NAND2X0_LVT     saed32lvt_ss0p75v125c
                                                          1.524864  
U1197                     NAND2X0_LVT     saed32lvt_ss0p75v125c
                                                          1.524864  
U1198                     AO21X1_LVT      saed32lvt_ss0p75v125c
                                                          2.541440  
U1199                     INVX1_LVT       saed32lvt_ss0p75v125c
                                                          1.270720  
U1200                     NAND2X0_LVT     saed32lvt_ss0p75v125c
                                                          1.524864  
U1201                     AND4X1_LVT      saed32lvt_ss0p75v125c
                                                          2.541440  
U1202                     AO221X1_LVT     saed32lvt_ss0p75v125c
                                                          3.049728  
U1203                     NAND2X0_LVT     saed32lvt_ss0p75v125c
                                                          1.524864  
U1204                     NAND2X0_LVT     saed32lvt_ss0p75v125c
                                                          1.524864  
U1205                     NAND4X0_LVT     saed32lvt_ss0p75v125c
                                                          2.033152  
U1206                     OA21X1_LVT      saed32lvt_ss0p75v125c
                                                          2.541440  
U1207                     NAND4X0_LVT     saed32lvt_ss0p75v125c
                                                          2.033152  
U1208                     AND2X1_LVT      saed32lvt_ss0p75v125c
                                                          2.033152  
U1209                     AND2X1_LVT      saed32lvt_ss0p75v125c
                                                          2.033152  
U1210                     AND2X1_LVT      saed32lvt_ss0p75v125c
                                                          2.033152  
U1211                     NBUFFX2_LVT     saed32lvt_ss0p75v125c
                                                          2.033152  
U1212                     AND2X1_LVT      saed32lvt_ss0p75v125c
                                                          2.033152  
U1213                     AND2X1_LVT      saed32lvt_ss0p75v125c
                                                          2.033152  
U1214                     AND2X1_LVT      saed32lvt_ss0p75v125c
                                                          2.033152  
U1215                     AND2X1_LVT      saed32lvt_ss0p75v125c
                                                          2.033152  
U1216                     AND2X1_LVT      saed32lvt_ss0p75v125c
                                                          2.033152  
U1217                     FADDX1_LVT      saed32lvt_ss0p75v125c
                                                          4.828736  r
U1218                     AND2X1_LVT      saed32lvt_ss0p75v125c
                                                          2.033152  
U1219                     AND2X1_LVT      saed32lvt_ss0p75v125c
                                                          2.033152  
U1220                     FADDX1_LVT      saed32lvt_ss0p75v125c
                                                          4.828736  r
U1221                     AND2X1_LVT      saed32lvt_ss0p75v125c
                                                          2.033152  
U1222                     AND2X1_LVT      saed32lvt_ss0p75v125c
                                                          2.033152  
U1223                     FADDX1_LVT      saed32lvt_ss0p75v125c
                                                          4.828736  r
U1224                     AND2X1_LVT      saed32lvt_ss0p75v125c
                                                          2.033152  
U1225                     AND2X1_LVT      saed32lvt_ss0p75v125c
                                                          2.033152  
U1226                     AND2X1_LVT      saed32lvt_ss0p75v125c
                                                          2.033152  
U1227                     FADDX1_LVT      saed32lvt_ss0p75v125c
                                                          4.828736  r
U1228                     FADDX1_LVT      saed32lvt_ss0p75v125c
                                                          4.828736  r
U1229                     AND4X1_LVT      saed32lvt_ss0p75v125c
                                                          2.541440  
U1230                     AND3X1_LVT      saed32lvt_ss0p75v125c
                                                          2.287296  
U1231                     AO22X1_LVT      saed32lvt_ss0p75v125c
                                                          2.541440  
U1232                     AND3X1_LVT      saed32lvt_ss0p75v125c
                                                          2.287296  
U1233                     AND3X1_LVT      saed32lvt_ss0p75v125c
                                                          2.287296  
U1234                     AO22X1_LVT      saed32lvt_ss0p75v125c
                                                          2.541440  
U1235                     AOI22X1_LVT     saed32lvt_ss0p75v125c
                                                          3.049728  
U1236                     INVX1_LVT       saed32lvt_ss0p75v125c
                                                          1.270720  
U1237                     NAND2X0_LVT     saed32lvt_ss0p75v125c
                                                          1.524864  
U1238                     NAND2X0_LVT     saed32lvt_ss0p75v125c
                                                          1.524864  
U1239                     AND3X1_LVT      saed32lvt_ss0p75v125c
                                                          2.287296  
U1240                     AND3X1_LVT      saed32lvt_ss0p75v125c
                                                          2.287296  
U1241                     AND4X1_LVT      saed32lvt_ss0p75v125c
                                                          2.541440  
U1242                     AOI22X1_LVT     saed32lvt_ss0p75v125c
                                                          3.049728  
U1243                     INVX1_LVT       saed32lvt_ss0p75v125c
                                                          1.270720  
U1244                     NAND2X0_LVT     saed32lvt_ss0p75v125c
                                                          1.524864  
U1245                     NAND3X0_LVT     saed32lvt_ss0p75v125c
                                                          1.779008  
U1246                     OR3X1_LVT       saed32lvt_ss0p75v125c
                                                          2.287296  
U1247                     AO22X1_LVT      saed32lvt_ss0p75v125c
                                                          2.541440  
U1248                     AO22X1_LVT      saed32lvt_ss0p75v125c
                                                          2.541440  
U1249                     AOI22X1_LVT     saed32lvt_ss0p75v125c
                                                          3.049728  
U1250                     AOI22X1_LVT     saed32lvt_ss0p75v125c
                                                          3.049728  
U1251                     NAND2X0_LVT     saed32lvt_ss0p75v125c
                                                          1.524864  
U1252                     AND3X1_LVT      saed32lvt_ss0p75v125c
                                                          2.287296  
U1253                     NAND2X0_LVT     saed32lvt_ss0p75v125c
                                                          1.524864  
U1254                     NAND3X0_LVT     saed32lvt_ss0p75v125c
                                                          1.779008  
U1255                     OR3X1_LVT       saed32lvt_ss0p75v125c
                                                          2.287296  
U1256                     AO22X1_LVT      saed32lvt_ss0p75v125c
                                                          2.541440  
U1257                     AO22X1_LVT      saed32lvt_ss0p75v125c
                                                          2.541440  
U1258                     AOI22X1_LVT     saed32lvt_ss0p75v125c
                                                          3.049728  
U1259                     AOI22X1_LVT     saed32lvt_ss0p75v125c
                                                          3.049728  
U1260                     NAND2X0_LVT     saed32lvt_ss0p75v125c
                                                          1.524864  
U1261                     AND3X1_LVT      saed32lvt_ss0p75v125c
                                                          2.287296  
U1262                     NAND2X0_LVT     saed32lvt_ss0p75v125c
                                                          1.524864  
U1263                     NAND3X0_LVT     saed32lvt_ss0p75v125c
                                                          1.779008  
U1264                     OR3X1_LVT       saed32lvt_ss0p75v125c
                                                          2.287296  
U1265                     AO22X1_LVT      saed32lvt_ss0p75v125c
                                                          2.541440  
U1266                     AO22X1_LVT      saed32lvt_ss0p75v125c
                                                          2.541440  
U1267                     AOI22X1_LVT     saed32lvt_ss0p75v125c
                                                          3.049728  
U1268                     AOI22X1_LVT     saed32lvt_ss0p75v125c
                                                          3.049728  
U1269                     NAND2X0_LVT     saed32lvt_ss0p75v125c
                                                          1.524864  
U1270                     AND3X1_LVT      saed32lvt_ss0p75v125c
                                                          2.287296  
U1271                     NAND2X0_LVT     saed32lvt_ss0p75v125c
                                                          1.524864  
U1272                     NAND3X0_LVT     saed32lvt_ss0p75v125c
                                                          1.779008  
U1273                     OR3X1_LVT       saed32lvt_ss0p75v125c
                                                          2.287296  
U1274                     AO22X1_LVT      saed32lvt_ss0p75v125c
                                                          2.541440  
U1275                     AO22X1_LVT      saed32lvt_ss0p75v125c
                                                          2.541440  
U1276                     AOI22X1_LVT     saed32lvt_ss0p75v125c
                                                          3.049728  
U1277                     AOI22X1_LVT     saed32lvt_ss0p75v125c
                                                          3.049728  
U1278                     NAND2X0_LVT     saed32lvt_ss0p75v125c
                                                          1.524864  
U1279                     AND3X1_LVT      saed32lvt_ss0p75v125c
                                                          2.287296  
U1280                     NAND2X0_LVT     saed32lvt_ss0p75v125c
                                                          1.524864  
U1281                     NAND3X0_LVT     saed32lvt_ss0p75v125c
                                                          1.779008  
U1282                     OR3X1_LVT       saed32lvt_ss0p75v125c
                                                          2.287296  
U1283                     AO22X1_LVT      saed32lvt_ss0p75v125c
                                                          2.541440  
U1284                     AO22X1_LVT      saed32lvt_ss0p75v125c
                                                          2.541440  
U1285                     AO22X1_LVT      saed32lvt_ss0p75v125c
                                                          2.541440  
U1286                     AOI22X1_LVT     saed32lvt_ss0p75v125c
                                                          3.049728  
U1287                     AOI22X1_LVT     saed32lvt_ss0p75v125c
                                                          3.049728  
U1288                     NAND2X0_LVT     saed32lvt_ss0p75v125c
                                                          1.524864  
U1289                     NAND3X0_LVT     saed32lvt_ss0p75v125c
                                                          1.779008  
U1290                     OR4X1_LVT       saed32lvt_ss0p75v125c
                                                          3.558016  
U1291                     AO22X1_LVT      saed32lvt_ss0p75v125c
                                                          2.541440  
U1292                     AO22X1_LVT      saed32lvt_ss0p75v125c
                                                          2.541440  
U1293                     AO22X1_LVT      saed32lvt_ss0p75v125c
                                                          2.541440  
U1294                     AOI22X1_LVT     saed32lvt_ss0p75v125c
                                                          3.049728  
U1295                     AOI22X1_LVT     saed32lvt_ss0p75v125c
                                                          3.049728  
U1296                     NAND2X0_LVT     saed32lvt_ss0p75v125c
                                                          1.524864  
U1297                     NAND3X0_LVT     saed32lvt_ss0p75v125c
                                                          1.779008  
U1298                     OR4X1_LVT       saed32lvt_ss0p75v125c
                                                          3.558016  
U1299                     AO22X1_LVT      saed32lvt_ss0p75v125c
                                                          2.541440  
U1300                     AO22X1_LVT      saed32lvt_ss0p75v125c
                                                          2.541440  
U1301                     AO22X1_LVT      saed32lvt_ss0p75v125c
                                                          2.541440  
U1302                     AOI22X1_LVT     saed32lvt_ss0p75v125c
                                                          3.049728  
U1303                     AOI22X1_LVT     saed32lvt_ss0p75v125c
                                                          3.049728  
U1304                     NAND2X0_LVT     saed32lvt_ss0p75v125c
                                                          1.524864  
U1305                     NAND3X0_LVT     saed32lvt_ss0p75v125c
                                                          1.779008  
U1306                     OR4X1_LVT       saed32lvt_ss0p75v125c
                                                          3.558016  
U1307                     OA21X1_LVT      saed32lvt_ss0p75v125c
                                                          2.541440  
U1308                     AO22X1_LVT      saed32lvt_ss0p75v125c
                                                          2.541440  
U1309                     AO22X1_LVT      saed32lvt_ss0p75v125c
                                                          2.541440  
U1310                     AOI22X1_LVT     saed32lvt_ss0p75v125c
                                                          3.049728  
U1311                     AOI22X1_LVT     saed32lvt_ss0p75v125c
                                                          3.049728  
U1312                     NAND2X0_LVT     saed32lvt_ss0p75v125c
                                                          1.524864  
U1313                     NAND3X0_LVT     saed32lvt_ss0p75v125c
                                                          1.779008  
U1314                     OR3X1_LVT       saed32lvt_ss0p75v125c
                                                          2.287296  
U1315                     NAND3X0_LVT     saed32lvt_ss0p75v125c
                                                          1.779008  
U1316                     OA21X1_LVT      saed32lvt_ss0p75v125c
                                                          2.541440  
U1317                     AO22X1_LVT      saed32lvt_ss0p75v125c
                                                          2.541440  
U1318                     AO22X1_LVT      saed32lvt_ss0p75v125c
                                                          2.541440  
U1319                     AO22X1_LVT      saed32lvt_ss0p75v125c
                                                          2.541440  
U1320                     AO22X1_LVT      saed32lvt_ss0p75v125c
                                                          2.541440  
U1321                     NOR4X1_LVT      saed32lvt_ss0p75v125c
                                                          3.049728  
U1322                     AOI22X1_LVT     saed32lvt_ss0p75v125c
                                                          3.049728  
U1323                     NAND2X0_LVT     saed32lvt_ss0p75v125c
                                                          1.524864  
U1324                     NAND3X0_LVT     saed32lvt_ss0p75v125c
                                                          1.779008  
U1325                     AO22X1_LVT      saed32lvt_ss0p75v125c
                                                          2.541440  
U1326                     AO22X1_LVT      saed32lvt_ss0p75v125c
                                                          2.541440  
U1327                     AOI22X1_LVT     saed32lvt_ss0p75v125c
                                                          3.049728  
U1328                     NAND2X0_LVT     saed32lvt_ss0p75v125c
                                                          1.524864  
U1329                     NAND2X0_LVT     saed32lvt_ss0p75v125c
                                                          1.524864  
U1330                     AND3X1_LVT      saed32lvt_ss0p75v125c
                                                          2.287296  
U1331                     AOI22X1_LVT     saed32lvt_ss0p75v125c
                                                          3.049728  
U1332                     NAND2X0_LVT     saed32lvt_ss0p75v125c
                                                          1.524864  
U1333                     NAND3X0_LVT     saed32lvt_ss0p75v125c
                                                          1.779008  
U1334                     OR3X1_LVT       saed32lvt_ss0p75v125c
                                                          2.287296  
U1335                     AO22X1_LVT      saed32lvt_ss0p75v125c
                                                          2.541440  
U1336                     AO22X1_LVT      saed32lvt_ss0p75v125c
                                                          2.541440  
U1337                     AOI22X1_LVT     saed32lvt_ss0p75v125c
                                                          3.049728  
U1338                     AOI22X1_LVT     saed32lvt_ss0p75v125c
                                                          3.049728  
U1339                     NAND2X0_LVT     saed32lvt_ss0p75v125c
                                                          1.524864  
U1340                     AND3X1_LVT      saed32lvt_ss0p75v125c
                                                          2.287296  
U1341                     NAND2X0_LVT     saed32lvt_ss0p75v125c
                                                          1.524864  
U1342                     NAND3X0_LVT     saed32lvt_ss0p75v125c
                                                          1.779008  
U1343                     OR3X1_LVT       saed32lvt_ss0p75v125c
                                                          2.287296  
U1344                     AO22X1_LVT      saed32lvt_ss0p75v125c
                                                          2.541440  
U1345                     AO22X1_LVT      saed32lvt_ss0p75v125c
                                                          2.541440  
U1346                     AOI22X1_LVT     saed32lvt_ss0p75v125c
                                                          3.049728  
U1347                     AOI22X1_LVT     saed32lvt_ss0p75v125c
                                                          3.049728  
U1348                     NAND2X0_LVT     saed32lvt_ss0p75v125c
                                                          1.524864  
U1349                     AND3X1_LVT      saed32lvt_ss0p75v125c
                                                          2.287296  
U1350                     NAND2X0_LVT     saed32lvt_ss0p75v125c
                                                          1.524864  
U1351                     NAND3X0_LVT     saed32lvt_ss0p75v125c
                                                          1.779008  
U1352                     OR3X1_LVT       saed32lvt_ss0p75v125c
                                                          2.287296  
U1353                     AO22X1_LVT      saed32lvt_ss0p75v125c
                                                          2.541440  
U1354                     AO22X1_LVT      saed32lvt_ss0p75v125c
                                                          2.541440  
U1355                     AOI22X1_LVT     saed32lvt_ss0p75v125c
                                                          3.049728  
U1356                     AOI22X1_LVT     saed32lvt_ss0p75v125c
                                                          3.049728  
U1357                     NAND2X0_LVT     saed32lvt_ss0p75v125c
                                                          1.524864  
U1358                     AND3X1_LVT      saed32lvt_ss0p75v125c
                                                          2.287296  
U1359                     NAND2X0_LVT     saed32lvt_ss0p75v125c
                                                          1.524864  
U1360                     NAND3X0_LVT     saed32lvt_ss0p75v125c
                                                          1.779008  
U1361                     OR3X1_LVT       saed32lvt_ss0p75v125c
                                                          2.287296  
U1362                     AO22X1_LVT      saed32lvt_ss0p75v125c
                                                          2.541440  
U1363                     AO22X1_LVT      saed32lvt_ss0p75v125c
                                                          2.541440  
U1364                     AOI22X1_LVT     saed32lvt_ss0p75v125c
                                                          3.049728  
U1365                     AOI22X1_LVT     saed32lvt_ss0p75v125c
                                                          3.049728  
U1366                     NAND2X0_LVT     saed32lvt_ss0p75v125c
                                                          1.524864  
U1367                     AND3X1_LVT      saed32lvt_ss0p75v125c
                                                          2.287296  
U1368                     NAND2X0_LVT     saed32lvt_ss0p75v125c
                                                          1.524864  
U1369                     NAND3X0_LVT     saed32lvt_ss0p75v125c
                                                          1.779008  
U1370                     OR3X1_LVT       saed32lvt_ss0p75v125c
                                                          2.287296  
U1371                     AO22X1_LVT      saed32lvt_ss0p75v125c
                                                          2.541440  
U1372                     AO22X1_LVT      saed32lvt_ss0p75v125c
                                                          2.541440  
U1373                     AO22X1_LVT      saed32lvt_ss0p75v125c
                                                          2.541440  
U1374                     AOI22X1_LVT     saed32lvt_ss0p75v125c
                                                          3.049728  
U1375                     AOI22X1_LVT     saed32lvt_ss0p75v125c
                                                          3.049728  
U1376                     NAND2X0_LVT     saed32lvt_ss0p75v125c
                                                          1.524864  
U1377                     NAND3X0_LVT     saed32lvt_ss0p75v125c
                                                          1.779008  
U1378                     OR4X1_LVT       saed32lvt_ss0p75v125c
                                                          3.558016  
U1379                     AO22X1_LVT      saed32lvt_ss0p75v125c
                                                          2.541440  
U1380                     AO22X1_LVT      saed32lvt_ss0p75v125c
                                                          2.541440  
U1381                     AO22X1_LVT      saed32lvt_ss0p75v125c
                                                          2.541440  
U1382                     AOI22X1_LVT     saed32lvt_ss0p75v125c
                                                          3.049728  
U1383                     AOI22X1_LVT     saed32lvt_ss0p75v125c
                                                          3.049728  
U1384                     NAND2X0_LVT     saed32lvt_ss0p75v125c
                                                          1.524864  
U1385                     NAND3X0_LVT     saed32lvt_ss0p75v125c
                                                          1.779008  
U1386                     OR4X1_LVT       saed32lvt_ss0p75v125c
                                                          3.558016  
U1387                     AO22X1_LVT      saed32lvt_ss0p75v125c
                                                          2.541440  
U1388                     AO22X1_LVT      saed32lvt_ss0p75v125c
                                                          2.541440  
U1389                     AO22X1_LVT      saed32lvt_ss0p75v125c
                                                          2.541440  
U1390                     AOI22X1_LVT     saed32lvt_ss0p75v125c
                                                          3.049728  
U1391                     AOI22X1_LVT     saed32lvt_ss0p75v125c
                                                          3.049728  
U1392                     NAND2X0_LVT     saed32lvt_ss0p75v125c
                                                          1.524864  
U1393                     NAND3X0_LVT     saed32lvt_ss0p75v125c
                                                          1.779008  
U1394                     OR4X1_LVT       saed32lvt_ss0p75v125c
                                                          3.558016  
U1395                     AO22X1_LVT      saed32lvt_ss0p75v125c
                                                          2.541440  
U1396                     AO22X1_LVT      saed32lvt_ss0p75v125c
                                                          2.541440  
U1397                     AO22X1_LVT      saed32lvt_ss0p75v125c
                                                          2.541440  
U1398                     AOI22X1_LVT     saed32lvt_ss0p75v125c
                                                          3.049728  
U1399                     AOI22X1_LVT     saed32lvt_ss0p75v125c
                                                          3.049728  
U1400                     NAND2X0_LVT     saed32lvt_ss0p75v125c
                                                          1.524864  
U1401                     NAND3X0_LVT     saed32lvt_ss0p75v125c
                                                          1.779008  
U1402                     OR4X1_LVT       saed32lvt_ss0p75v125c
                                                          3.558016  
U1403                     AO22X1_LVT      saed32lvt_ss0p75v125c
                                                          2.541440  
U1404                     AO22X1_LVT      saed32lvt_ss0p75v125c
                                                          2.541440  
U1405                     AO22X1_LVT      saed32lvt_ss0p75v125c
                                                          2.541440  
U1406                     AOI22X1_LVT     saed32lvt_ss0p75v125c
                                                          3.049728  
U1407                     AOI22X1_LVT     saed32lvt_ss0p75v125c
                                                          3.049728  
U1408                     NAND2X0_LVT     saed32lvt_ss0p75v125c
                                                          1.524864  
U1409                     NAND3X0_LVT     saed32lvt_ss0p75v125c
                                                          1.779008  
U1410                     OR4X1_LVT       saed32lvt_ss0p75v125c
                                                          3.558016  
U1411                     AO22X1_LVT      saed32lvt_ss0p75v125c
                                                          2.541440  
U1412                     AO22X1_LVT      saed32lvt_ss0p75v125c
                                                          2.541440  
U1413                     AO22X1_LVT      saed32lvt_ss0p75v125c
                                                          2.541440  
U1414                     AOI22X1_LVT     saed32lvt_ss0p75v125c
                                                          3.049728  
U1415                     AOI22X1_LVT     saed32lvt_ss0p75v125c
                                                          3.049728  
U1416                     NAND2X0_LVT     saed32lvt_ss0p75v125c
                                                          1.524864  
U1417                     NAND3X0_LVT     saed32lvt_ss0p75v125c
                                                          1.779008  
U1418                     OR4X1_LVT       saed32lvt_ss0p75v125c
                                                          3.558016  
U1419                     AO22X1_LVT      saed32lvt_ss0p75v125c
                                                          2.541440  
U1420                     AO22X1_LVT      saed32lvt_ss0p75v125c
                                                          2.541440  
U1421                     AO22X1_LVT      saed32lvt_ss0p75v125c
                                                          2.541440  
U1422                     AOI22X1_LVT     saed32lvt_ss0p75v125c
                                                          3.049728  
U1423                     AOI22X1_LVT     saed32lvt_ss0p75v125c
                                                          3.049728  
U1424                     NAND2X0_LVT     saed32lvt_ss0p75v125c
                                                          1.524864  
U1425                     NAND3X0_LVT     saed32lvt_ss0p75v125c
                                                          1.779008  
U1426                     OR4X1_LVT       saed32lvt_ss0p75v125c
                                                          3.558016  
U1427                     AO22X1_LVT      saed32lvt_ss0p75v125c
                                                          2.541440  
U1428                     AO22X1_LVT      saed32lvt_ss0p75v125c
                                                          2.541440  
U1429                     AO22X1_LVT      saed32lvt_ss0p75v125c
                                                          2.541440  
U1430                     AOI22X1_LVT     saed32lvt_ss0p75v125c
                                                          3.049728  
U1431                     AOI22X1_LVT     saed32lvt_ss0p75v125c
                                                          3.049728  
U1432                     NAND2X0_LVT     saed32lvt_ss0p75v125c
                                                          1.524864  
U1433                     NAND3X0_LVT     saed32lvt_ss0p75v125c
                                                          1.779008  
U1434                     OR4X1_LVT       saed32lvt_ss0p75v125c
                                                          3.558016  
U1435                     AO22X1_LVT      saed32lvt_ss0p75v125c
                                                          2.541440  
U1436                     AO22X1_LVT      saed32lvt_ss0p75v125c
                                                          2.541440  
U1437                     AO22X1_LVT      saed32lvt_ss0p75v125c
                                                          2.541440  
U1438                     AOI22X1_LVT     saed32lvt_ss0p75v125c
                                                          3.049728  
U1439                     AOI22X1_LVT     saed32lvt_ss0p75v125c
                                                          3.049728  
U1440                     NAND2X0_LVT     saed32lvt_ss0p75v125c
                                                          1.524864  
U1441                     NAND3X0_LVT     saed32lvt_ss0p75v125c
                                                          1.779008  
U1442                     OR4X1_LVT       saed32lvt_ss0p75v125c
                                                          3.558016  
U1443                     AO22X1_LVT      saed32lvt_ss0p75v125c
                                                          2.541440  
U1444                     AO22X1_LVT      saed32lvt_ss0p75v125c
                                                          2.541440  
U1445                     AO22X1_LVT      saed32lvt_ss0p75v125c
                                                          2.541440  
U1446                     AOI22X1_LVT     saed32lvt_ss0p75v125c
                                                          3.049728  
U1447                     AOI22X1_LVT     saed32lvt_ss0p75v125c
                                                          3.049728  
U1448                     NAND2X0_LVT     saed32lvt_ss0p75v125c
                                                          1.524864  
U1449                     NAND3X0_LVT     saed32lvt_ss0p75v125c
                                                          1.779008  
U1450                     OR4X1_LVT       saed32lvt_ss0p75v125c
                                                          3.558016  
U1451                     AO22X1_LVT      saed32lvt_ss0p75v125c
                                                          2.541440  
U1452                     AO22X1_LVT      saed32lvt_ss0p75v125c
                                                          2.541440  
U1453                     AO22X1_LVT      saed32lvt_ss0p75v125c
                                                          2.541440  
U1454                     AOI22X1_LVT     saed32lvt_ss0p75v125c
                                                          3.049728  
U1455                     AOI22X1_LVT     saed32lvt_ss0p75v125c
                                                          3.049728  
U1456                     NAND2X0_LVT     saed32lvt_ss0p75v125c
                                                          1.524864  
U1457                     NAND3X0_LVT     saed32lvt_ss0p75v125c
                                                          1.779008  
U1458                     OR4X1_LVT       saed32lvt_ss0p75v125c
                                                          3.558016  
U1459                     AO22X1_LVT      saed32lvt_ss0p75v125c
                                                          2.541440  
U1460                     AO22X1_LVT      saed32lvt_ss0p75v125c
                                                          2.541440  
U1461                     AO22X1_LVT      saed32lvt_ss0p75v125c
                                                          2.541440  
U1462                     AOI22X1_LVT     saed32lvt_ss0p75v125c
                                                          3.049728  
U1463                     AOI22X1_LVT     saed32lvt_ss0p75v125c
                                                          3.049728  
U1464                     NAND2X0_LVT     saed32lvt_ss0p75v125c
                                                          1.524864  
U1465                     NAND3X0_LVT     saed32lvt_ss0p75v125c
                                                          1.779008  
U1466                     OR4X1_LVT       saed32lvt_ss0p75v125c
                                                          3.558016  
U1467                     AO22X1_LVT      saed32lvt_ss0p75v125c
                                                          2.541440  
U1468                     AO22X1_LVT      saed32lvt_ss0p75v125c
                                                          2.541440  
U1469                     AO22X1_LVT      saed32lvt_ss0p75v125c
                                                          2.541440  
U1470                     AOI22X1_LVT     saed32lvt_ss0p75v125c
                                                          3.049728  
U1471                     AOI22X1_LVT     saed32lvt_ss0p75v125c
                                                          3.049728  
U1472                     NAND2X0_LVT     saed32lvt_ss0p75v125c
                                                          1.524864  
U1473                     NAND3X0_LVT     saed32lvt_ss0p75v125c
                                                          1.779008  
U1474                     OR4X1_LVT       saed32lvt_ss0p75v125c
                                                          3.558016  
U1475                     AO22X1_LVT      saed32lvt_ss0p75v125c
                                                          2.541440  
U1476                     AO22X1_LVT      saed32lvt_ss0p75v125c
                                                          2.541440  
U1477                     AO22X1_LVT      saed32lvt_ss0p75v125c
                                                          2.541440  
U1478                     AOI22X1_LVT     saed32lvt_ss0p75v125c
                                                          3.049728  
U1479                     AOI22X1_LVT     saed32lvt_ss0p75v125c
                                                          3.049728  
U1480                     NAND2X0_LVT     saed32lvt_ss0p75v125c
                                                          1.524864  
U1481                     NAND3X0_LVT     saed32lvt_ss0p75v125c
                                                          1.779008  
U1482                     OR4X1_LVT       saed32lvt_ss0p75v125c
                                                          3.558016  
U1483                     OA21X1_LVT      saed32lvt_ss0p75v125c
                                                          2.541440  
U1484                     AO22X1_LVT      saed32lvt_ss0p75v125c
                                                          2.541440  
U1485                     AO22X1_LVT      saed32lvt_ss0p75v125c
                                                          2.541440  
U1486                     AOI22X1_LVT     saed32lvt_ss0p75v125c
                                                          3.049728  
U1487                     AOI22X1_LVT     saed32lvt_ss0p75v125c
                                                          3.049728  
U1488                     NAND2X0_LVT     saed32lvt_ss0p75v125c
                                                          1.524864  
U1489                     NAND3X0_LVT     saed32lvt_ss0p75v125c
                                                          1.779008  
U1490                     OR3X1_LVT       saed32lvt_ss0p75v125c
                                                          2.287296  
U1491                     NAND3X0_LVT     saed32lvt_ss0p75v125c
                                                          1.779008  
U1492                     OA21X1_LVT      saed32lvt_ss0p75v125c
                                                          2.541440  
U1493                     AO22X1_LVT      saed32lvt_ss0p75v125c
                                                          2.541440  
U1494                     AO22X1_LVT      saed32lvt_ss0p75v125c
                                                          2.541440  
U1495                     AO22X1_LVT      saed32lvt_ss0p75v125c
                                                          2.541440  
U1496                     AO22X1_LVT      saed32lvt_ss0p75v125c
                                                          2.541440  
U1497                     NOR4X1_LVT      saed32lvt_ss0p75v125c
                                                          3.049728  
U1498                     AOI22X1_LVT     saed32lvt_ss0p75v125c
                                                          3.049728  
U1499                     NAND2X0_LVT     saed32lvt_ss0p75v125c
                                                          1.524864  
U1500                     NAND3X0_LVT     saed32lvt_ss0p75v125c
                                                          1.779008  
U1501                     NBUFFX2_LVT     saed32lvt_ss0p75v125c
                                                          2.033152  
U1502                     AND2X1_LVT      saed32lvt_ss0p75v125c
                                                          2.033152  
U1503                     AND2X1_LVT      saed32lvt_ss0p75v125c
                                                          2.033152  
U1504                     AND2X1_LVT      saed32lvt_ss0p75v125c
                                                          2.033152  
U1505                     AND2X1_LVT      saed32lvt_ss0p75v125c
                                                          2.033152  
U1506                     AND2X1_LVT      saed32lvt_ss0p75v125c
                                                          2.033152  
U1507                     AND2X1_LVT      saed32lvt_ss0p75v125c
                                                          2.033152  
U1508                     AND2X1_LVT      saed32lvt_ss0p75v125c
                                                          2.033152  
U1509                     AND2X1_LVT      saed32lvt_ss0p75v125c
                                                          2.033152  
U1510                     AND2X1_LVT      saed32lvt_ss0p75v125c
                                                          2.033152  
U1511                     AND2X1_LVT      saed32lvt_ss0p75v125c
                                                          2.033152  
U1512                     AND2X1_LVT      saed32lvt_ss0p75v125c
                                                          2.033152  
U1513                     AND2X1_LVT      saed32lvt_ss0p75v125c
                                                          2.033152  
U1514                     AND2X1_LVT      saed32lvt_ss0p75v125c
                                                          2.033152  
U1515                     AND2X1_LVT      saed32lvt_ss0p75v125c
                                                          2.033152  
U1516                     AND2X1_LVT      saed32lvt_ss0p75v125c
                                                          2.033152  
U1517                     AND2X1_LVT      saed32lvt_ss0p75v125c
                                                          2.033152  
U1518                     AND2X1_LVT      saed32lvt_ss0p75v125c
                                                          2.033152  
U1519                     AND2X1_LVT      saed32lvt_ss0p75v125c
                                                          2.033152  
U1520                     AND2X1_LVT      saed32lvt_ss0p75v125c
                                                          2.033152  
U1521                     AND2X1_LVT      saed32lvt_ss0p75v125c
                                                          2.033152  
U1522                     AND2X1_LVT      saed32lvt_ss0p75v125c
                                                          2.033152  
U1523                     AND2X1_LVT      saed32lvt_ss0p75v125c
                                                          2.033152  
U1524                     AND2X1_LVT      saed32lvt_ss0p75v125c
                                                          2.033152  
U1525                     AND2X1_LVT      saed32lvt_ss0p75v125c
                                                          2.033152  
U1526                     AND2X1_LVT      saed32lvt_ss0p75v125c
                                                          2.033152  
U1527                     AND2X1_LVT      saed32lvt_ss0p75v125c
                                                          2.033152  
U1528                     AND2X1_LVT      saed32lvt_ss0p75v125c
                                                          2.033152  
U1529                     AND2X1_LVT      saed32lvt_ss0p75v125c
                                                          2.033152  
U1530                     AND2X1_LVT      saed32lvt_ss0p75v125c
                                                          2.033152  
U1531                     AND2X1_LVT      saed32lvt_ss0p75v125c
                                                          2.033152  
U1532                     AND2X1_LVT      saed32lvt_ss0p75v125c
                                                          2.033152  
U1533                     AND2X1_LVT      saed32lvt_ss0p75v125c
                                                          2.033152  
U1534                     AND2X1_LVT      saed32lvt_ss0p75v125c
                                                          2.033152  
U1535                     AND2X1_LVT      saed32lvt_ss0p75v125c
                                                          2.033152  
U1536                     AO22X1_LVT      saed32lvt_ss0p75v125c
                                                          2.541440  
U1537                     AO22X1_LVT      saed32lvt_ss0p75v125c
                                                          2.541440  
U1538                     AO22X1_LVT      saed32lvt_ss0p75v125c
                                                          2.541440  
U1539                     AOI22X1_LVT     saed32lvt_ss0p75v125c
                                                          3.049728  
U1540                     AOI22X1_LVT     saed32lvt_ss0p75v125c
                                                          3.049728  
U1541                     NAND2X0_LVT     saed32lvt_ss0p75v125c
                                                          1.524864  
U1542                     NAND3X0_LVT     saed32lvt_ss0p75v125c
                                                          1.779008  
U1543                     OR4X1_LVT       saed32lvt_ss0p75v125c
                                                          3.558016  
U1544                     OA21X1_LVT      saed32lvt_ss0p75v125c
                                                          2.541440  
U1545                     AO22X1_LVT      saed32lvt_ss0p75v125c
                                                          2.541440  
U1546                     AO22X1_LVT      saed32lvt_ss0p75v125c
                                                          2.541440  
U1547                     AOI22X1_LVT     saed32lvt_ss0p75v125c
                                                          3.049728  
U1548                     AOI22X1_LVT     saed32lvt_ss0p75v125c
                                                          3.049728  
U1549                     NAND2X0_LVT     saed32lvt_ss0p75v125c
                                                          1.524864  
U1550                     NAND3X0_LVT     saed32lvt_ss0p75v125c
                                                          1.779008  
U1551                     OR3X1_LVT       saed32lvt_ss0p75v125c
                                                          2.287296  
U1552                     NAND3X0_LVT     saed32lvt_ss0p75v125c
                                                          1.779008  
U1553                     OA21X1_LVT      saed32lvt_ss0p75v125c
                                                          2.541440  
U1554                     AO22X1_LVT      saed32lvt_ss0p75v125c
                                                          2.541440  
U1555                     AO22X1_LVT      saed32lvt_ss0p75v125c
                                                          2.541440  
U1556                     AO22X1_LVT      saed32lvt_ss0p75v125c
                                                          2.541440  
U1557                     AO22X1_LVT      saed32lvt_ss0p75v125c
                                                          2.541440  
U1558                     NOR4X1_LVT      saed32lvt_ss0p75v125c
                                                          3.049728  
U1559                     AOI22X1_LVT     saed32lvt_ss0p75v125c
                                                          3.049728  
U1560                     NAND2X0_LVT     saed32lvt_ss0p75v125c
                                                          1.524864  
U1561                     NAND3X0_LVT     saed32lvt_ss0p75v125c
                                                          1.779008  
U1562                     AO22X1_LVT      saed32lvt_ss0p75v125c
                                                          2.541440  
U1563                     AO22X1_LVT      saed32lvt_ss0p75v125c
                                                          2.541440  
U1564                     AO22X1_LVT      saed32lvt_ss0p75v125c
                                                          2.541440  
U1565                     AOI22X1_LVT     saed32lvt_ss0p75v125c
                                                          3.049728  
U1566                     AOI22X1_LVT     saed32lvt_ss0p75v125c
                                                          3.049728  
U1567                     NAND2X0_LVT     saed32lvt_ss0p75v125c
                                                          1.524864  
U1568                     NAND3X0_LVT     saed32lvt_ss0p75v125c
                                                          1.779008  
U1569                     OR4X1_LVT       saed32lvt_ss0p75v125c
                                                          3.558016  
U1570                     AO22X1_LVT      saed32lvt_ss0p75v125c
                                                          2.541440  
U1571                     AO22X1_LVT      saed32lvt_ss0p75v125c
                                                          2.541440  
U1572                     AOI22X1_LVT     saed32lvt_ss0p75v125c
                                                          3.049728  
U1573                     NAND2X0_LVT     saed32lvt_ss0p75v125c
                                                          1.524864  
U1574                     NAND2X0_LVT     saed32lvt_ss0p75v125c
                                                          1.524864  
U1575                     AND3X1_LVT      saed32lvt_ss0p75v125c
                                                          2.287296  
U1576                     AOI22X1_LVT     saed32lvt_ss0p75v125c
                                                          3.049728  
U1577                     NAND2X0_LVT     saed32lvt_ss0p75v125c
                                                          1.524864  
U1578                     NAND3X0_LVT     saed32lvt_ss0p75v125c
                                                          1.779008  
U1579                     OR3X1_LVT       saed32lvt_ss0p75v125c
                                                          2.287296  
U1580                     AO22X1_LVT      saed32lvt_ss0p75v125c
                                                          2.541440  
U1581                     AO22X1_LVT      saed32lvt_ss0p75v125c
                                                          2.541440  
U1582                     AO22X1_LVT      saed32lvt_ss0p75v125c
                                                          2.541440  
U1583                     AOI22X1_LVT     saed32lvt_ss0p75v125c
                                                          3.049728  
U1584                     AOI22X1_LVT     saed32lvt_ss0p75v125c
                                                          3.049728  
U1585                     NAND2X0_LVT     saed32lvt_ss0p75v125c
                                                          1.524864  
U1586                     NAND3X0_LVT     saed32lvt_ss0p75v125c
                                                          1.779008  
U1587                     OR4X1_LVT       saed32lvt_ss0p75v125c
                                                          3.558016  
U1588                     AO22X1_LVT      saed32lvt_ss0p75v125c
                                                          2.541440  
U1589                     AO22X1_LVT      saed32lvt_ss0p75v125c
                                                          2.541440  
U1590                     AOI22X1_LVT     saed32lvt_ss0p75v125c
                                                          3.049728  
U1591                     AOI22X1_LVT     saed32lvt_ss0p75v125c
                                                          3.049728  
U1592                     NAND2X0_LVT     saed32lvt_ss0p75v125c
                                                          1.524864  
U1593                     AND3X1_LVT      saed32lvt_ss0p75v125c
                                                          2.287296  
U1594                     NAND2X0_LVT     saed32lvt_ss0p75v125c
                                                          1.524864  
U1595                     NAND3X0_LVT     saed32lvt_ss0p75v125c
                                                          1.779008  
U1596                     OR3X1_LVT       saed32lvt_ss0p75v125c
                                                          2.287296  
U1597                     AO22X1_LVT      saed32lvt_ss0p75v125c
                                                          2.541440  
U1598                     AO22X1_LVT      saed32lvt_ss0p75v125c
                                                          2.541440  
U1599                     AOI22X1_LVT     saed32lvt_ss0p75v125c
                                                          3.049728  
U1600                     AOI22X1_LVT     saed32lvt_ss0p75v125c
                                                          3.049728  
U1601                     NAND2X0_LVT     saed32lvt_ss0p75v125c
                                                          1.524864  
U1602                     AND3X1_LVT      saed32lvt_ss0p75v125c
                                                          2.287296  
U1603                     NAND2X0_LVT     saed32lvt_ss0p75v125c
                                                          1.524864  
U1604                     NAND3X0_LVT     saed32lvt_ss0p75v125c
                                                          1.779008  
U1605                     OR3X1_LVT       saed32lvt_ss0p75v125c
                                                          2.287296  
U1606                     AO22X1_LVT      saed32lvt_ss0p75v125c
                                                          2.541440  
U1607                     AO22X1_LVT      saed32lvt_ss0p75v125c
                                                          2.541440  
U1608                     AO22X1_LVT      saed32lvt_ss0p75v125c
                                                          2.541440  
U1609                     AOI22X1_LVT     saed32lvt_ss0p75v125c
                                                          3.049728  
U1610                     AOI22X1_LVT     saed32lvt_ss0p75v125c
                                                          3.049728  
U1611                     NAND2X0_LVT     saed32lvt_ss0p75v125c
                                                          1.524864  
U1612                     NAND3X0_LVT     saed32lvt_ss0p75v125c
                                                          1.779008  
U1613                     OR4X1_LVT       saed32lvt_ss0p75v125c
                                                          3.558016  
U1614                     AO22X1_LVT      saed32lvt_ss0p75v125c
                                                          2.541440  
U1615                     AO22X1_LVT      saed32lvt_ss0p75v125c
                                                          2.541440  
U1616                     AOI22X1_LVT     saed32lvt_ss0p75v125c
                                                          3.049728  
U1617                     AOI22X1_LVT     saed32lvt_ss0p75v125c
                                                          3.049728  
U1618                     NAND2X0_LVT     saed32lvt_ss0p75v125c
                                                          1.524864  
U1619                     AND3X1_LVT      saed32lvt_ss0p75v125c
                                                          2.287296  
U1620                     NAND2X0_LVT     saed32lvt_ss0p75v125c
                                                          1.524864  
U1621                     NAND3X0_LVT     saed32lvt_ss0p75v125c
                                                          1.779008  
U1622                     OR3X1_LVT       saed32lvt_ss0p75v125c
                                                          2.287296  
U1623                     AO22X1_LVT      saed32lvt_ss0p75v125c
                                                          2.541440  
U1624                     AO22X1_LVT      saed32lvt_ss0p75v125c
                                                          2.541440  
U1625                     AO22X1_LVT      saed32lvt_ss0p75v125c
                                                          2.541440  
U1626                     AOI22X1_LVT     saed32lvt_ss0p75v125c
                                                          3.049728  
U1627                     AOI22X1_LVT     saed32lvt_ss0p75v125c
                                                          3.049728  
U1628                     NAND2X0_LVT     saed32lvt_ss0p75v125c
                                                          1.524864  
U1629                     NAND3X0_LVT     saed32lvt_ss0p75v125c
                                                          1.779008  
U1630                     OR4X1_LVT       saed32lvt_ss0p75v125c
                                                          3.558016  
U1631                     AO22X1_LVT      saed32lvt_ss0p75v125c
                                                          2.541440  
U1632                     AO22X1_LVT      saed32lvt_ss0p75v125c
                                                          2.541440  
U1633                     AOI22X1_LVT     saed32lvt_ss0p75v125c
                                                          3.049728  
U1634                     AOI22X1_LVT     saed32lvt_ss0p75v125c
                                                          3.049728  
U1635                     NAND2X0_LVT     saed32lvt_ss0p75v125c
                                                          1.524864  
U1636                     AND3X1_LVT      saed32lvt_ss0p75v125c
                                                          2.287296  
U1637                     NAND2X0_LVT     saed32lvt_ss0p75v125c
                                                          1.524864  
U1638                     NAND3X0_LVT     saed32lvt_ss0p75v125c
                                                          1.779008  
U1639                     OR3X1_LVT       saed32lvt_ss0p75v125c
                                                          2.287296  
U1640                     AO22X1_LVT      saed32lvt_ss0p75v125c
                                                          2.541440  
U1641                     AO22X1_LVT      saed32lvt_ss0p75v125c
                                                          2.541440  
U1642                     AO22X1_LVT      saed32lvt_ss0p75v125c
                                                          2.541440  
U1643                     AOI22X1_LVT     saed32lvt_ss0p75v125c
                                                          3.049728  
U1644                     AOI22X1_LVT     saed32lvt_ss0p75v125c
                                                          3.049728  
U1645                     NAND2X0_LVT     saed32lvt_ss0p75v125c
                                                          1.524864  
U1646                     NAND3X0_LVT     saed32lvt_ss0p75v125c
                                                          1.779008  
U1647                     OR4X1_LVT       saed32lvt_ss0p75v125c
                                                          3.558016  
U1648                     AO22X1_LVT      saed32lvt_ss0p75v125c
                                                          2.541440  
U1649                     AO22X1_LVT      saed32lvt_ss0p75v125c
                                                          2.541440  
U1650                     AO22X1_LVT      saed32lvt_ss0p75v125c
                                                          2.541440  
U1651                     AOI22X1_LVT     saed32lvt_ss0p75v125c
                                                          3.049728  
U1652                     AOI22X1_LVT     saed32lvt_ss0p75v125c
                                                          3.049728  
U1653                     NAND2X0_LVT     saed32lvt_ss0p75v125c
                                                          1.524864  
U1654                     NAND3X0_LVT     saed32lvt_ss0p75v125c
                                                          1.779008  
U1655                     OR4X1_LVT       saed32lvt_ss0p75v125c
                                                          3.558016  
U1656                     AO22X1_LVT      saed32lvt_ss0p75v125c
                                                          2.541440  
U1657                     AO22X1_LVT      saed32lvt_ss0p75v125c
                                                          2.541440  
U1658                     AO22X1_LVT      saed32lvt_ss0p75v125c
                                                          2.541440  
U1659                     AOI22X1_LVT     saed32lvt_ss0p75v125c
                                                          3.049728  
U1660                     AOI22X1_LVT     saed32lvt_ss0p75v125c
                                                          3.049728  
U1661                     NAND2X0_LVT     saed32lvt_ss0p75v125c
                                                          1.524864  
U1662                     NAND3X0_LVT     saed32lvt_ss0p75v125c
                                                          1.779008  
U1663                     OR4X1_LVT       saed32lvt_ss0p75v125c
                                                          3.558016  
U1664                     AO22X1_LVT      saed32lvt_ss0p75v125c
                                                          2.541440  
U1665                     AO22X1_LVT      saed32lvt_ss0p75v125c
                                                          2.541440  
U1666                     AO22X1_LVT      saed32lvt_ss0p75v125c
                                                          2.541440  
U1667                     AOI22X1_LVT     saed32lvt_ss0p75v125c
                                                          3.049728  
U1668                     AOI22X1_LVT     saed32lvt_ss0p75v125c
                                                          3.049728  
U1669                     NAND2X0_LVT     saed32lvt_ss0p75v125c
                                                          1.524864  
U1670                     NAND3X0_LVT     saed32lvt_ss0p75v125c
                                                          1.779008  
U1671                     OR4X1_LVT       saed32lvt_ss0p75v125c
                                                          3.558016  
U1672                     AO22X1_LVT      saed32lvt_ss0p75v125c
                                                          2.541440  
U1673                     AO22X1_LVT      saed32lvt_ss0p75v125c
                                                          2.541440  
U1674                     AO22X1_LVT      saed32lvt_ss0p75v125c
                                                          2.541440  
U1675                     AOI22X1_LVT     saed32lvt_ss0p75v125c
                                                          3.049728  
U1676                     AOI22X1_LVT     saed32lvt_ss0p75v125c
                                                          3.049728  
U1677                     NAND2X0_LVT     saed32lvt_ss0p75v125c
                                                          1.524864  
U1678                     NAND3X0_LVT     saed32lvt_ss0p75v125c
                                                          1.779008  
U1679                     OR4X1_LVT       saed32lvt_ss0p75v125c
                                                          3.558016  
U1680                     AO22X1_LVT      saed32lvt_ss0p75v125c
                                                          2.541440  
U1681                     AO22X1_LVT      saed32lvt_ss0p75v125c
                                                          2.541440  
U1682                     AO22X1_LVT      saed32lvt_ss0p75v125c
                                                          2.541440  
U1683                     AOI22X1_LVT     saed32lvt_ss0p75v125c
                                                          3.049728  
U1684                     AOI22X1_LVT     saed32lvt_ss0p75v125c
                                                          3.049728  
U1685                     NAND2X0_LVT     saed32lvt_ss0p75v125c
                                                          1.524864  
U1686                     NAND3X0_LVT     saed32lvt_ss0p75v125c
                                                          1.779008  
U1687                     OR4X1_LVT       saed32lvt_ss0p75v125c
                                                          3.558016  
U1688                     AO22X1_LVT      saed32lvt_ss0p75v125c
                                                          2.541440  
U1689                     AO22X1_LVT      saed32lvt_ss0p75v125c
                                                          2.541440  
U1690                     AO22X1_LVT      saed32lvt_ss0p75v125c
                                                          2.541440  
U1691                     AOI22X1_LVT     saed32lvt_ss0p75v125c
                                                          3.049728  
U1692                     AOI22X1_LVT     saed32lvt_ss0p75v125c
                                                          3.049728  
U1693                     NAND2X0_LVT     saed32lvt_ss0p75v125c
                                                          1.524864  
U1694                     NAND3X0_LVT     saed32lvt_ss0p75v125c
                                                          1.779008  
U1695                     OR4X1_LVT       saed32lvt_ss0p75v125c
                                                          3.558016  
U1696                     AO22X1_LVT      saed32lvt_ss0p75v125c
                                                          2.541440  
U1697                     AO22X1_LVT      saed32lvt_ss0p75v125c
                                                          2.541440  
U1698                     AO22X1_LVT      saed32lvt_ss0p75v125c
                                                          2.541440  
U1699                     AOI22X1_LVT     saed32lvt_ss0p75v125c
                                                          3.049728  
U1700                     AOI22X1_LVT     saed32lvt_ss0p75v125c
                                                          3.049728  
U1701                     NAND2X0_LVT     saed32lvt_ss0p75v125c
                                                          1.524864  
U1702                     NAND3X0_LVT     saed32lvt_ss0p75v125c
                                                          1.779008  
U1703                     OR4X1_LVT       saed32lvt_ss0p75v125c
                                                          3.558016  
U1704                     AO22X1_LVT      saed32lvt_ss0p75v125c
                                                          2.541440  
U1705                     AO22X1_LVT      saed32lvt_ss0p75v125c
                                                          2.541440  
U1706                     AO22X1_LVT      saed32lvt_ss0p75v125c
                                                          2.541440  
U1707                     AOI22X1_LVT     saed32lvt_ss0p75v125c
                                                          3.049728  
U1708                     AOI22X1_LVT     saed32lvt_ss0p75v125c
                                                          3.049728  
U1709                     NAND2X0_LVT     saed32lvt_ss0p75v125c
                                                          1.524864  
U1710                     NAND3X0_LVT     saed32lvt_ss0p75v125c
                                                          1.779008  
U1711                     OR4X1_LVT       saed32lvt_ss0p75v125c
                                                          3.558016  
U1712                     AO22X1_LVT      saed32lvt_ss0p75v125c
                                                          2.541440  
U1713                     AO22X1_LVT      saed32lvt_ss0p75v125c
                                                          2.541440  
U1714                     AO22X1_LVT      saed32lvt_ss0p75v125c
                                                          2.541440  
U1715                     AOI22X1_LVT     saed32lvt_ss0p75v125c
                                                          3.049728  
U1716                     AOI22X1_LVT     saed32lvt_ss0p75v125c
                                                          3.049728  
U1717                     NAND2X0_LVT     saed32lvt_ss0p75v125c
                                                          1.524864  
U1718                     NAND3X0_LVT     saed32lvt_ss0p75v125c
                                                          1.779008  
U1719                     OR4X1_LVT       saed32lvt_ss0p75v125c
                                                          3.558016  
U1720                     AO22X1_LVT      saed32lvt_ss0p75v125c
                                                          2.541440  
U1721                     AO22X1_LVT      saed32lvt_ss0p75v125c
                                                          2.541440  
U1722                     AO22X1_LVT      saed32lvt_ss0p75v125c
                                                          2.541440  
U1723                     AOI22X1_LVT     saed32lvt_ss0p75v125c
                                                          3.049728  
U1724                     AOI22X1_LVT     saed32lvt_ss0p75v125c
                                                          3.049728  
U1725                     NAND2X0_LVT     saed32lvt_ss0p75v125c
                                                          1.524864  
U1726                     NAND3X0_LVT     saed32lvt_ss0p75v125c
                                                          1.779008  
U1727                     OR4X1_LVT       saed32lvt_ss0p75v125c
                                                          3.558016  
U1728                     AND2X1_LVT      saed32lvt_ss0p75v125c
                                                          2.033152  
U1729                     AND2X1_LVT      saed32lvt_ss0p75v125c
                                                          2.033152  
U1730                     AND2X1_LVT      saed32lvt_ss0p75v125c
                                                          2.033152  
U1731                     AND2X1_LVT      saed32lvt_ss0p75v125c
                                                          2.033152  
U1732                     FADDX1_LVT      saed32lvt_ss0p75v125c
                                                          4.828736  r
U1733                     FADDX1_LVT      saed32lvt_ss0p75v125c
                                                          4.828736  r
U1734                     AND4X1_LVT      saed32lvt_ss0p75v125c
                                                          2.541440  
U1735                     AND2X1_LVT      saed32lvt_ss0p75v125c
                                                          2.033152  
U1736                     AND2X1_LVT      saed32lvt_ss0p75v125c
                                                          2.033152  
U1737                     AND2X1_LVT      saed32lvt_ss0p75v125c
                                                          2.033152  
U1738                     AND4X1_LVT      saed32lvt_ss0p75v125c
                                                          2.541440  
U1739                     NAND2X0_LVT     saed32lvt_ss0p75v125c
                                                          1.524864  
U1740                     NAND2X0_LVT     saed32lvt_ss0p75v125c
                                                          1.524864  
U1741                     AOI21X1_LVT     saed32lvt_ss0p75v125c
                                                          3.049728  
U1742                     AND2X1_LVT      saed32lvt_ss0p75v125c
                                                          2.033152  
U1743                     AND2X1_LVT      saed32lvt_ss0p75v125c
                                                          2.033152  
U1744                     AND2X1_LVT      saed32lvt_ss0p75v125c
                                                          2.033152  
U1745                     AND2X1_LVT      saed32lvt_ss0p75v125c
                                                          2.033152  
U1746                     AND2X1_LVT      saed32lvt_ss0p75v125c
                                                          2.033152  
U1747                     AND2X1_LVT      saed32lvt_ss0p75v125c
                                                          2.033152  
U1748                     AND2X1_LVT      saed32lvt_ss0p75v125c
                                                          2.033152  
U1749                     AND2X1_LVT      saed32lvt_ss0p75v125c
                                                          2.033152  
U1750                     AND2X1_LVT      saed32lvt_ss0p75v125c
                                                          2.033152  
U1751                     AND2X1_LVT      saed32lvt_ss0p75v125c
                                                          2.033152  
U1752                     NAND2X0_LVT     saed32lvt_ss0p75v125c
                                                          1.524864  
U1753                     AO22X1_LVT      saed32lvt_ss0p75v125c
                                                          2.541440  
U1754                     NAND2X0_LVT     saed32lvt_ss0p75v125c
                                                          1.524864  
U1755                     AND2X1_LVT      saed32lvt_ss0p75v125c
                                                          2.033152  
U1756                     AND2X1_LVT      saed32lvt_ss0p75v125c
                                                          2.033152  
U1757                     AND2X1_LVT      saed32lvt_ss0p75v125c
                                                          2.033152  
U1758                     NAND2X0_LVT     saed32lvt_ss0p75v125c
                                                          1.524864  
U1759                     AND2X1_LVT      saed32lvt_ss0p75v125c
                                                          2.033152  
U1760                     AND2X1_LVT      saed32lvt_ss0p75v125c
                                                          2.033152  
U1761                     NAND2X0_LVT     saed32lvt_ss0p75v125c
                                                          1.524864  
U1762                     AO22X1_LVT      saed32lvt_ss0p75v125c
                                                          2.541440  
U1763                     AO22X1_LVT      saed32lvt_ss0p75v125c
                                                          2.541440  
U1764                     AO22X1_LVT      saed32lvt_ss0p75v125c
                                                          2.541440  
U1765                     AOI22X1_LVT     saed32lvt_ss0p75v125c
                                                          3.049728  
U1766                     AOI22X1_LVT     saed32lvt_ss0p75v125c
                                                          3.049728  
U1767                     NAND2X0_LVT     saed32lvt_ss0p75v125c
                                                          1.524864  
U1768                     NAND3X0_LVT     saed32lvt_ss0p75v125c
                                                          1.779008  
U1769                     OR4X1_LVT       saed32lvt_ss0p75v125c
                                                          3.558016  
U1770                     AO22X1_LVT      saed32lvt_ss0p75v125c
                                                          2.541440  
U1771                     AO22X1_LVT      saed32lvt_ss0p75v125c
                                                          2.541440  
U1772                     AO22X1_LVT      saed32lvt_ss0p75v125c
                                                          2.541440  
U1773                     AOI22X1_LVT     saed32lvt_ss0p75v125c
                                                          3.049728  
U1774                     AOI22X1_LVT     saed32lvt_ss0p75v125c
                                                          3.049728  
U1775                     NAND2X0_LVT     saed32lvt_ss0p75v125c
                                                          1.524864  
U1776                     NAND3X0_LVT     saed32lvt_ss0p75v125c
                                                          1.779008  
U1777                     OR4X1_LVT       saed32lvt_ss0p75v125c
                                                          3.558016  
U1778                     AO22X1_LVT      saed32lvt_ss0p75v125c
                                                          2.541440  
U1779                     AO22X1_LVT      saed32lvt_ss0p75v125c
                                                          2.541440  
U1780                     AO22X1_LVT      saed32lvt_ss0p75v125c
                                                          2.541440  
U1781                     AOI22X1_LVT     saed32lvt_ss0p75v125c
                                                          3.049728  
U1782                     AOI22X1_LVT     saed32lvt_ss0p75v125c
                                                          3.049728  
U1783                     NAND2X0_LVT     saed32lvt_ss0p75v125c
                                                          1.524864  
U1784                     NAND3X0_LVT     saed32lvt_ss0p75v125c
                                                          1.779008  
U1785                     OR4X1_LVT       saed32lvt_ss0p75v125c
                                                          3.558016  
U1786                     AO22X1_LVT      saed32lvt_ss0p75v125c
                                                          2.541440  
U1787                     AO22X1_LVT      saed32lvt_ss0p75v125c
                                                          2.541440  
U1788                     AO22X1_LVT      saed32lvt_ss0p75v125c
                                                          2.541440  
U1789                     AOI22X1_LVT     saed32lvt_ss0p75v125c
                                                          3.049728  
U1790                     AOI22X1_LVT     saed32lvt_ss0p75v125c
                                                          3.049728  
U1791                     NAND2X0_LVT     saed32lvt_ss0p75v125c
                                                          1.524864  
U1792                     NAND3X0_LVT     saed32lvt_ss0p75v125c
                                                          1.779008  
U1793                     OR4X1_LVT       saed32lvt_ss0p75v125c
                                                          3.558016  
U1794                     AO22X1_LVT      saed32lvt_ss0p75v125c
                                                          2.541440  
U1795                     AO22X1_LVT      saed32lvt_ss0p75v125c
                                                          2.541440  
U1796                     AO22X1_LVT      saed32lvt_ss0p75v125c
                                                          2.541440  
U1797                     AOI22X1_LVT     saed32lvt_ss0p75v125c
                                                          3.049728  
U1798                     AOI22X1_LVT     saed32lvt_ss0p75v125c
                                                          3.049728  
U1799                     NAND2X0_LVT     saed32lvt_ss0p75v125c
                                                          1.524864  
U1800                     NAND3X0_LVT     saed32lvt_ss0p75v125c
                                                          1.779008  
U1801                     OR4X1_LVT       saed32lvt_ss0p75v125c
                                                          3.558016  
U1802                     AND2X1_LVT      saed32lvt_ss0p75v125c
                                                          2.033152  
U1803                     AND2X1_LVT      saed32lvt_ss0p75v125c
                                                          2.033152  
U1804                     NAND2X0_LVT     saed32lvt_ss0p75v125c
                                                          1.524864  
U1805                     AO22X1_LVT      saed32lvt_ss0p75v125c
                                                          2.541440  
U1806                     NAND2X0_LVT     saed32lvt_ss0p75v125c
                                                          1.524864  
U1807                     AND2X1_LVT      saed32lvt_ss0p75v125c
                                                          2.033152  
U1808                     AND2X1_LVT      saed32lvt_ss0p75v125c
                                                          2.033152  
U1809                     AND2X1_LVT      saed32lvt_ss0p75v125c
                                                          2.033152  
U1810                     NAND2X0_LVT     saed32lvt_ss0p75v125c
                                                          1.524864  
U1811                     AND2X1_LVT      saed32lvt_ss0p75v125c
                                                          2.033152  
U1812                     AND2X1_LVT      saed32lvt_ss0p75v125c
                                                          2.033152  
U1813                     NAND2X0_LVT     saed32lvt_ss0p75v125c
                                                          1.524864  
U1814                     AO22X1_LVT      saed32lvt_ss0p75v125c
                                                          2.541440  
U1815                     AO22X1_LVT      saed32lvt_ss0p75v125c
                                                          2.541440  
U1816                     AO22X1_LVT      saed32lvt_ss0p75v125c
                                                          2.541440  
U1817                     AOI22X1_LVT     saed32lvt_ss0p75v125c
                                                          3.049728  
U1818                     AOI22X1_LVT     saed32lvt_ss0p75v125c
                                                          3.049728  
U1819                     NAND2X0_LVT     saed32lvt_ss0p75v125c
                                                          1.524864  
U1820                     NAND3X0_LVT     saed32lvt_ss0p75v125c
                                                          1.779008  
U1821                     OR4X1_LVT       saed32lvt_ss0p75v125c
                                                          3.558016  
U1822                     AO22X1_LVT      saed32lvt_ss0p75v125c
                                                          2.541440  
U1823                     AO22X1_LVT      saed32lvt_ss0p75v125c
                                                          2.541440  
U1824                     AO22X1_LVT      saed32lvt_ss0p75v125c
                                                          2.541440  
U1825                     AOI22X1_LVT     saed32lvt_ss0p75v125c
                                                          3.049728  
U1826                     AOI22X1_LVT     saed32lvt_ss0p75v125c
                                                          3.049728  
U1827                     NAND2X0_LVT     saed32lvt_ss0p75v125c
                                                          1.524864  
U1828                     NAND3X0_LVT     saed32lvt_ss0p75v125c
                                                          1.779008  
U1829                     OR4X1_LVT       saed32lvt_ss0p75v125c
                                                          3.558016  
U1830                     AND2X1_LVT      saed32lvt_ss0p75v125c
                                                          2.033152  
U1831                     AND2X1_LVT      saed32lvt_ss0p75v125c
                                                          2.033152  
U1832                     AND2X1_LVT      saed32lvt_ss0p75v125c
                                                          2.033152  
U1833                     AND2X1_LVT      saed32lvt_ss0p75v125c
                                                          2.033152  
U1834                     AND2X1_LVT      saed32lvt_ss0p75v125c
                                                          2.033152  
U1835                     AND2X1_LVT      saed32lvt_ss0p75v125c
                                                          2.033152  
U1836                     AND2X1_LVT      saed32lvt_ss0p75v125c
                                                          2.033152  
U1837                     FADDX1_LVT      saed32lvt_ss0p75v125c
                                                          4.828736  r
U1838                     INVX1_LVT       saed32lvt_ss0p75v125c
                                                          1.270720  
U1839                     FADDX1_LVT      saed32lvt_ss0p75v125c
                                                          4.828736  r
U1840                     AND4X1_LVT      saed32lvt_ss0p75v125c
                                                          2.541440  
U1841                     AND2X1_LVT      saed32lvt_ss0p75v125c
                                                          2.033152  
U1842                     AND2X1_LVT      saed32lvt_ss0p75v125c
                                                          2.033152  
U1843                     AND2X1_LVT      saed32lvt_ss0p75v125c
                                                          2.033152  
U1844                     AND4X1_LVT      saed32lvt_ss0p75v125c
                                                          2.541440  
U1845                     NAND2X0_LVT     saed32lvt_ss0p75v125c
                                                          1.524864  
U1846                     NAND2X0_LVT     saed32lvt_ss0p75v125c
                                                          1.524864  
U1847                     AOI21X1_LVT     saed32lvt_ss0p75v125c
                                                          3.049728  
U1848                     AND2X1_LVT      saed32lvt_ss0p75v125c
                                                          2.033152  
U1849                     AND2X1_LVT      saed32lvt_ss0p75v125c
                                                          2.033152  
U1850                     AND2X1_LVT      saed32lvt_ss0p75v125c
                                                          2.033152  
U1851                     AND2X1_LVT      saed32lvt_ss0p75v125c
                                                          2.033152  
U1852                     AND2X1_LVT      saed32lvt_ss0p75v125c
                                                          2.033152  
U1853                     AND2X1_LVT      saed32lvt_ss0p75v125c
                                                          2.033152  
U1854                     AND2X1_LVT      saed32lvt_ss0p75v125c
                                                          2.033152  
U1855                     AND2X1_LVT      saed32lvt_ss0p75v125c
                                                          2.033152  
U1856                     AND2X1_LVT      saed32lvt_ss0p75v125c
                                                          2.033152  
U1857                     AND2X1_LVT      saed32lvt_ss0p75v125c
                                                          2.033152  
U1858                     NAND2X0_LVT     saed32lvt_ss0p75v125c
                                                          1.524864  
U1859                     AO22X1_LVT      saed32lvt_ss0p75v125c
                                                          2.541440  
U1860                     NAND2X0_LVT     saed32lvt_ss0p75v125c
                                                          1.524864  
U1861                     AND2X1_LVT      saed32lvt_ss0p75v125c
                                                          2.033152  
U1862                     AND2X1_LVT      saed32lvt_ss0p75v125c
                                                          2.033152  
U1863                     AND2X1_LVT      saed32lvt_ss0p75v125c
                                                          2.033152  
U1864                     NAND2X0_LVT     saed32lvt_ss0p75v125c
                                                          1.524864  
U1865                     AND2X1_LVT      saed32lvt_ss0p75v125c
                                                          2.033152  
U1866                     AND2X1_LVT      saed32lvt_ss0p75v125c
                                                          2.033152  
U1867                     NAND2X0_LVT     saed32lvt_ss0p75v125c
                                                          1.524864  
U1868                     AO22X1_LVT      saed32lvt_ss0p75v125c
                                                          2.541440  
U1869                     AO22X1_LVT      saed32lvt_ss0p75v125c
                                                          2.541440  
U1870                     AO22X1_LVT      saed32lvt_ss0p75v125c
                                                          2.541440  
U1871                     AOI22X1_LVT     saed32lvt_ss0p75v125c
                                                          3.049728  
U1872                     AOI22X1_LVT     saed32lvt_ss0p75v125c
                                                          3.049728  
U1873                     NAND2X0_LVT     saed32lvt_ss0p75v125c
                                                          1.524864  
U1874                     NAND3X0_LVT     saed32lvt_ss0p75v125c
                                                          1.779008  
U1875                     OR4X1_LVT       saed32lvt_ss0p75v125c
                                                          3.558016  
U1876                     AO22X1_LVT      saed32lvt_ss0p75v125c
                                                          2.541440  
U1877                     AO22X1_LVT      saed32lvt_ss0p75v125c
                                                          2.541440  
U1878                     AO22X1_LVT      saed32lvt_ss0p75v125c
                                                          2.541440  
U1879                     AOI22X1_LVT     saed32lvt_ss0p75v125c
                                                          3.049728  
U1880                     AOI22X1_LVT     saed32lvt_ss0p75v125c
                                                          3.049728  
U1881                     NAND2X0_LVT     saed32lvt_ss0p75v125c
                                                          1.524864  
U1882                     NAND3X0_LVT     saed32lvt_ss0p75v125c
                                                          1.779008  
U1883                     OR4X1_LVT       saed32lvt_ss0p75v125c
                                                          3.558016  
U1884                     AND2X1_LVT      saed32lvt_ss0p75v125c
                                                          2.033152  
U1885                     AND2X1_LVT      saed32lvt_ss0p75v125c
                                                          2.033152  
U1886                     AND4X1_LVT      saed32lvt_ss0p75v125c
                                                          2.541440  
U1887                     NAND2X0_LVT     saed32lvt_ss0p75v125c
                                                          1.524864  
U1888                     NAND2X0_LVT     saed32lvt_ss0p75v125c
                                                          1.524864  
U1889                     AOI21X1_LVT     saed32lvt_ss0p75v125c
                                                          3.049728  
U1890                     AND2X1_LVT      saed32lvt_ss0p75v125c
                                                          2.033152  
U1891                     AND2X1_LVT      saed32lvt_ss0p75v125c
                                                          2.033152  
U1892                     AND2X1_LVT      saed32lvt_ss0p75v125c
                                                          2.033152  
U1893                     AND2X1_LVT      saed32lvt_ss0p75v125c
                                                          2.033152  
U1894                     AND4X1_LVT      saed32lvt_ss0p75v125c
                                                          2.541440  
U1895                     AND2X1_LVT      saed32lvt_ss0p75v125c
                                                          2.033152  
U1896                     AND2X1_LVT      saed32lvt_ss0p75v125c
                                                          2.033152  
U1897                     AND2X1_LVT      saed32lvt_ss0p75v125c
                                                          2.033152  
U1898                     INVX0_LVT       saed32lvt_ss0p75v125c
                                                          1.270720  
U1899                     AOI21X1_LVT     saed32lvt_ss0p75v125c
                                                          3.049728  
U1900                     OAI22X1_LVT     saed32lvt_ss0p75v125c
                                                          3.049728  
U1901                     OR2X1_LVT       saed32lvt_ss0p75v125c
                                                          2.033152  
U1902                     OAI22X1_LVT     saed32lvt_ss0p75v125c
                                                          3.049728  
U1903                     AND2X1_LVT      saed32lvt_ss0p75v125c
                                                          2.033152  
U1904                     AND2X1_LVT      saed32lvt_ss0p75v125c
                                                          2.033152  
U1905                     NAND2X0_LVT     saed32lvt_ss0p75v125c
                                                          1.524864  
U1906                     FADDX1_LVT      saed32lvt_ss0p75v125c
                                                          4.828736  r
U1907                     FADDX1_LVT      saed32lvt_ss0p75v125c
                                                          4.828736  r
U1908                     AND2X1_LVT      saed32lvt_ss0p75v125c
                                                          2.033152  
U1909                     AND2X1_LVT      saed32lvt_ss0p75v125c
                                                          2.033152  
U1910                     AND2X1_LVT      saed32lvt_ss0p75v125c
                                                          2.033152  
U1911                     FADDX1_LVT      saed32lvt_ss0p75v125c
                                                          4.828736  r
U1912                     AND2X1_LVT      saed32lvt_ss0p75v125c
                                                          2.033152  
U1913                     AND2X1_LVT      saed32lvt_ss0p75v125c
                                                          2.033152  
U1914                     AND2X1_LVT      saed32lvt_ss0p75v125c
                                                          2.033152  
U1915                     FADDX1_LVT      saed32lvt_ss0p75v125c
                                                          4.828736  r
U1916                     NAND2X0_LVT     saed32lvt_ss0p75v125c
                                                          1.524864  
U1917                     NAND2X0_LVT     saed32lvt_ss0p75v125c
                                                          1.524864  
U1918                     AOI21X1_LVT     saed32lvt_ss0p75v125c
                                                          3.049728  
U1919                     AND2X1_LVT      saed32lvt_ss0p75v125c
                                                          2.033152  
U1920                     FADDX1_LVT      saed32lvt_ss0p75v125c
                                                          4.828736  r
U1921                     FADDX1_LVT      saed32lvt_ss0p75v125c
                                                          4.828736  r
U1922                     AND2X1_LVT      saed32lvt_ss0p75v125c
                                                          2.033152  
U1923                     OA221X1_LVT     saed32lvt_ss0p75v125c
                                                          3.049728  
U1924                     OA221X1_LVT     saed32lvt_ss0p75v125c
                                                          3.049728  
U1925                     FADDX1_LVT      saed32lvt_ss0p75v125c
                                                          4.828736  r
U1926                     FADDX1_LVT      saed32lvt_ss0p75v125c
                                                          4.828736  r
U1927                     AO22X1_LVT      saed32lvt_ss0p75v125c
                                                          2.541440  
U1928                     AO22X1_LVT      saed32lvt_ss0p75v125c
                                                          2.541440  
U1929                     AO22X1_LVT      saed32lvt_ss0p75v125c
                                                          2.541440  
U1930                     AO22X1_LVT      saed32lvt_ss0p75v125c
                                                          2.541440  
U1931                     AO21X1_LVT      saed32lvt_ss0p75v125c
                                                          2.541440  
U1932                     NOR4X1_LVT      saed32lvt_ss0p75v125c
                                                          3.049728  
U1933                     AO22X1_LVT      saed32lvt_ss0p75v125c
                                                          2.541440  
U1934                     AO22X1_LVT      saed32lvt_ss0p75v125c
                                                          2.541440  
U1935                     AO22X1_LVT      saed32lvt_ss0p75v125c
                                                          2.541440  
U1936                     AO22X1_LVT      saed32lvt_ss0p75v125c
                                                          2.541440  
U1937                     AO21X1_LVT      saed32lvt_ss0p75v125c
                                                          2.541440  
U1938                     NOR4X1_LVT      saed32lvt_ss0p75v125c
                                                          3.049728  
U1939                     AO22X1_LVT      saed32lvt_ss0p75v125c
                                                          2.541440  
U1940                     AO22X1_LVT      saed32lvt_ss0p75v125c
                                                          2.541440  
U1941                     AO22X1_LVT      saed32lvt_ss0p75v125c
                                                          2.541440  
U1942                     AO22X1_LVT      saed32lvt_ss0p75v125c
                                                          2.541440  
U1943                     AO21X1_LVT      saed32lvt_ss0p75v125c
                                                          2.541440  
U1944                     NOR4X1_LVT      saed32lvt_ss0p75v125c
                                                          3.049728  
U1945                     AO22X1_LVT      saed32lvt_ss0p75v125c
                                                          2.541440  
U1946                     AO22X1_LVT      saed32lvt_ss0p75v125c
                                                          2.541440  
U1947                     AO22X1_LVT      saed32lvt_ss0p75v125c
                                                          2.541440  
U1948                     AO22X1_LVT      saed32lvt_ss0p75v125c
                                                          2.541440  
U1949                     AO21X1_LVT      saed32lvt_ss0p75v125c
                                                          2.541440  
U1950                     NOR4X1_LVT      saed32lvt_ss0p75v125c
                                                          3.049728  
U1951                     AO22X1_LVT      saed32lvt_ss0p75v125c
                                                          2.541440  
U1952                     AO22X1_LVT      saed32lvt_ss0p75v125c
                                                          2.541440  
U1953                     AO22X1_LVT      saed32lvt_ss0p75v125c
                                                          2.541440  
U1954                     AO22X1_LVT      saed32lvt_ss0p75v125c
                                                          2.541440  
U1955                     AO21X1_LVT      saed32lvt_ss0p75v125c
                                                          2.541440  
U1956                     NOR4X1_LVT      saed32lvt_ss0p75v125c
                                                          3.049728  
U1957                     AO22X1_LVT      saed32lvt_ss0p75v125c
                                                          2.541440  
U1958                     AO22X1_LVT      saed32lvt_ss0p75v125c
                                                          2.541440  
U1959                     AO22X1_LVT      saed32lvt_ss0p75v125c
                                                          2.541440  
U1960                     AO22X1_LVT      saed32lvt_ss0p75v125c
                                                          2.541440  
U1961                     AO21X1_LVT      saed32lvt_ss0p75v125c
                                                          2.541440  
U1962                     NOR4X1_LVT      saed32lvt_ss0p75v125c
                                                          3.049728  
U1963                     AO22X1_LVT      saed32lvt_ss0p75v125c
                                                          2.541440  
U1964                     AO22X1_LVT      saed32lvt_ss0p75v125c
                                                          2.541440  
U1965                     AO22X1_LVT      saed32lvt_ss0p75v125c
                                                          2.541440  
U1966                     AO22X1_LVT      saed32lvt_ss0p75v125c
                                                          2.541440  
U1967                     AO21X1_LVT      saed32lvt_ss0p75v125c
                                                          2.541440  
U1968                     NOR4X1_LVT      saed32lvt_ss0p75v125c
                                                          3.049728  
U1969                     AO22X1_LVT      saed32lvt_ss0p75v125c
                                                          2.541440  
U1970                     AO22X1_LVT      saed32lvt_ss0p75v125c
                                                          2.541440  
U1971                     AO22X1_LVT      saed32lvt_ss0p75v125c
                                                          2.541440  
U1972                     AO22X1_LVT      saed32lvt_ss0p75v125c
                                                          2.541440  
U1973                     AO21X1_LVT      saed32lvt_ss0p75v125c
                                                          2.541440  
U1974                     NOR4X1_LVT      saed32lvt_ss0p75v125c
                                                          3.049728  
U1975                     AO22X1_LVT      saed32lvt_ss0p75v125c
                                                          2.541440  
U1976                     AO22X1_LVT      saed32lvt_ss0p75v125c
                                                          2.541440  
U1977                     AO22X1_LVT      saed32lvt_ss0p75v125c
                                                          2.541440  
U1978                     AO22X1_LVT      saed32lvt_ss0p75v125c
                                                          2.541440  
U1979                     AO21X1_LVT      saed32lvt_ss0p75v125c
                                                          2.541440  
U1980                     NOR4X1_LVT      saed32lvt_ss0p75v125c
                                                          3.049728  
U1981                     AO22X1_LVT      saed32lvt_ss0p75v125c
                                                          2.541440  
U1982                     AO22X1_LVT      saed32lvt_ss0p75v125c
                                                          2.541440  
U1983                     AO22X1_LVT      saed32lvt_ss0p75v125c
                                                          2.541440  
U1984                     AO22X1_LVT      saed32lvt_ss0p75v125c
                                                          2.541440  
U1985                     AO21X1_LVT      saed32lvt_ss0p75v125c
                                                          2.541440  
U1986                     NOR4X1_LVT      saed32lvt_ss0p75v125c
                                                          3.049728  
U1987                     AO22X1_LVT      saed32lvt_ss0p75v125c
                                                          2.541440  
U1988                     AO22X1_LVT      saed32lvt_ss0p75v125c
                                                          2.541440  
U1989                     AO22X1_LVT      saed32lvt_ss0p75v125c
                                                          2.541440  
U1990                     AO22X1_LVT      saed32lvt_ss0p75v125c
                                                          2.541440  
U1991                     AO21X1_LVT      saed32lvt_ss0p75v125c
                                                          2.541440  
U1992                     NOR4X1_LVT      saed32lvt_ss0p75v125c
                                                          3.049728  
U1993                     AO22X1_LVT      saed32lvt_ss0p75v125c
                                                          2.541440  
U1994                     AO22X1_LVT      saed32lvt_ss0p75v125c
                                                          2.541440  
U1995                     AO22X1_LVT      saed32lvt_ss0p75v125c
                                                          2.541440  
U1996                     AO22X1_LVT      saed32lvt_ss0p75v125c
                                                          2.541440  
U1997                     AO21X1_LVT      saed32lvt_ss0p75v125c
                                                          2.541440  
U1998                     NOR4X1_LVT      saed32lvt_ss0p75v125c
                                                          3.049728  
U1999                     AO22X1_LVT      saed32lvt_ss0p75v125c
                                                          2.541440  
U2000                     AO22X1_LVT      saed32lvt_ss0p75v125c
                                                          2.541440  
U2001                     AO22X1_LVT      saed32lvt_ss0p75v125c
                                                          2.541440  
U2002                     AO22X1_LVT      saed32lvt_ss0p75v125c
                                                          2.541440  
U2003                     AO21X1_LVT      saed32lvt_ss0p75v125c
                                                          2.541440  
U2004                     NOR4X1_LVT      saed32lvt_ss0p75v125c
                                                          3.049728  
U2005                     AO22X1_LVT      saed32lvt_ss0p75v125c
                                                          2.541440  
U2006                     AO22X1_LVT      saed32lvt_ss0p75v125c
                                                          2.541440  
U2007                     AO22X1_LVT      saed32lvt_ss0p75v125c
                                                          2.541440  
U2008                     AO22X1_LVT      saed32lvt_ss0p75v125c
                                                          2.541440  
U2009                     AO21X1_LVT      saed32lvt_ss0p75v125c
                                                          2.541440  
U2010                     NOR4X1_LVT      saed32lvt_ss0p75v125c
                                                          3.049728  
U2011                     AO22X1_LVT      saed32lvt_ss0p75v125c
                                                          2.541440  
U2012                     AO22X1_LVT      saed32lvt_ss0p75v125c
                                                          2.541440  
U2013                     AO22X1_LVT      saed32lvt_ss0p75v125c
                                                          2.541440  
U2014                     NAND2X0_LVT     saed32lvt_ss0p75v125c
                                                          1.524864  
U2015                     NAND2X0_LVT     saed32lvt_ss0p75v125c
                                                          1.524864  
U2016                     NAND3X0_LVT     saed32lvt_ss0p75v125c
                                                          1.779008  
U2017                     NOR4X1_LVT      saed32lvt_ss0p75v125c
                                                          3.049728  
U2018                     AO22X1_LVT      saed32lvt_ss0p75v125c
                                                          2.541440  
U2019                     AO22X1_LVT      saed32lvt_ss0p75v125c
                                                          2.541440  
U2020                     AO22X1_LVT      saed32lvt_ss0p75v125c
                                                          2.541440  
U2021                     NAND2X0_LVT     saed32lvt_ss0p75v125c
                                                          1.524864  
U2022                     NAND2X0_LVT     saed32lvt_ss0p75v125c
                                                          1.524864  
U2023                     NAND3X0_LVT     saed32lvt_ss0p75v125c
                                                          1.779008  
U2024                     NOR4X1_LVT      saed32lvt_ss0p75v125c
                                                          3.049728  
U2025                     AO22X1_LVT      saed32lvt_ss0p75v125c
                                                          2.541440  
U2026                     AO22X1_LVT      saed32lvt_ss0p75v125c
                                                          2.541440  
U2027                     AO22X1_LVT      saed32lvt_ss0p75v125c
                                                          2.541440  
U2028                     NAND2X0_LVT     saed32lvt_ss0p75v125c
                                                          1.524864  
U2029                     NAND2X0_LVT     saed32lvt_ss0p75v125c
                                                          1.524864  
U2030                     NAND3X0_LVT     saed32lvt_ss0p75v125c
                                                          1.779008  
U2031                     NOR4X1_LVT      saed32lvt_ss0p75v125c
                                                          3.049728  
U2032                     AO22X1_LVT      saed32lvt_ss0p75v125c
                                                          2.541440  
U2033                     AO22X1_LVT      saed32lvt_ss0p75v125c
                                                          2.541440  
U2034                     AO22X1_LVT      saed32lvt_ss0p75v125c
                                                          2.541440  
U2035                     NAND2X0_LVT     saed32lvt_ss0p75v125c
                                                          1.524864  
U2036                     NAND2X0_LVT     saed32lvt_ss0p75v125c
                                                          1.524864  
U2037                     NAND3X0_LVT     saed32lvt_ss0p75v125c
                                                          1.779008  
U2038                     NOR4X1_LVT      saed32lvt_ss0p75v125c
                                                          3.049728  
U2039                     AND2X1_LVT      saed32lvt_ss0p75v125c
                                                          2.033152  
U2040                     AND2X1_LVT      saed32lvt_ss0p75v125c
                                                          2.033152  
U2041                     NAND2X0_LVT     saed32lvt_ss0p75v125c
                                                          1.524864  
U2042                     FADDX1_LVT      saed32lvt_ss0p75v125c
                                                          4.828736  r
U2043                     FADDX1_LVT      saed32lvt_ss0p75v125c
                                                          4.828736  r
U2044                     AND2X1_LVT      saed32lvt_ss0p75v125c
                                                          2.033152  
U2045                     AND2X1_LVT      saed32lvt_ss0p75v125c
                                                          2.033152  
U2046                     AND2X1_LVT      saed32lvt_ss0p75v125c
                                                          2.033152  
U2047                     FADDX1_LVT      saed32lvt_ss0p75v125c
                                                          4.828736  r
U2048                     AND2X1_LVT      saed32lvt_ss0p75v125c
                                                          2.033152  
U2049                     AND2X1_LVT      saed32lvt_ss0p75v125c
                                                          2.033152  
U2050                     AND2X1_LVT      saed32lvt_ss0p75v125c
                                                          2.033152  
U2051                     FADDX1_LVT      saed32lvt_ss0p75v125c
                                                          4.828736  r
U2052                     NAND2X0_LVT     saed32lvt_ss0p75v125c
                                                          1.524864  
U2053                     NAND2X0_LVT     saed32lvt_ss0p75v125c
                                                          1.524864  
U2054                     AOI21X1_LVT     saed32lvt_ss0p75v125c
                                                          3.049728  
U2055                     AND2X1_LVT      saed32lvt_ss0p75v125c
                                                          2.033152  
U2056                     FADDX1_LVT      saed32lvt_ss0p75v125c
                                                          4.828736  r
U2057                     FADDX1_LVT      saed32lvt_ss0p75v125c
                                                          4.828736  r
U2058                     AND2X1_LVT      saed32lvt_ss0p75v125c
                                                          2.033152  
U2059                     OA221X1_LVT     saed32lvt_ss0p75v125c
                                                          3.049728  
U2060                     OA221X1_LVT     saed32lvt_ss0p75v125c
                                                          3.049728  
U2061                     FADDX1_LVT      saed32lvt_ss0p75v125c
                                                          4.828736  r
U2062                     FADDX1_LVT      saed32lvt_ss0p75v125c
                                                          4.828736  r
U2063                     AO22X1_LVT      saed32lvt_ss0p75v125c
                                                          2.541440  
U2064                     AO22X1_LVT      saed32lvt_ss0p75v125c
                                                          2.541440  
U2065                     AO22X1_LVT      saed32lvt_ss0p75v125c
                                                          2.541440  
U2066                     AO22X1_LVT      saed32lvt_ss0p75v125c
                                                          2.541440  
U2067                     AO21X1_LVT      saed32lvt_ss0p75v125c
                                                          2.541440  
U2068                     NOR4X1_LVT      saed32lvt_ss0p75v125c
                                                          3.049728  
U2069                     AO22X1_LVT      saed32lvt_ss0p75v125c
                                                          2.541440  
U2070                     AO22X1_LVT      saed32lvt_ss0p75v125c
                                                          2.541440  
U2071                     AO22X1_LVT      saed32lvt_ss0p75v125c
                                                          2.541440  
U2072                     AO22X1_LVT      saed32lvt_ss0p75v125c
                                                          2.541440  
U2073                     AO21X1_LVT      saed32lvt_ss0p75v125c
                                                          2.541440  
U2074                     NOR4X1_LVT      saed32lvt_ss0p75v125c
                                                          3.049728  
U2075                     AO22X1_LVT      saed32lvt_ss0p75v125c
                                                          2.541440  
U2076                     AO22X1_LVT      saed32lvt_ss0p75v125c
                                                          2.541440  
U2077                     AO22X1_LVT      saed32lvt_ss0p75v125c
                                                          2.541440  
U2078                     AO22X1_LVT      saed32lvt_ss0p75v125c
                                                          2.541440  
U2079                     AO21X1_LVT      saed32lvt_ss0p75v125c
                                                          2.541440  
U2080                     NOR4X1_LVT      saed32lvt_ss0p75v125c
                                                          3.049728  
U2081                     AO22X1_LVT      saed32lvt_ss0p75v125c
                                                          2.541440  
U2082                     AO22X1_LVT      saed32lvt_ss0p75v125c
                                                          2.541440  
U2083                     AO22X1_LVT      saed32lvt_ss0p75v125c
                                                          2.541440  
U2084                     AO22X1_LVT      saed32lvt_ss0p75v125c
                                                          2.541440  
U2085                     AO21X1_LVT      saed32lvt_ss0p75v125c
                                                          2.541440  
U2086                     NOR4X1_LVT      saed32lvt_ss0p75v125c
                                                          3.049728  
U2087                     AO22X1_LVT      saed32lvt_ss0p75v125c
                                                          2.541440  
U2088                     AO22X1_LVT      saed32lvt_ss0p75v125c
                                                          2.541440  
U2089                     AO22X1_LVT      saed32lvt_ss0p75v125c
                                                          2.541440  
U2090                     AO22X1_LVT      saed32lvt_ss0p75v125c
                                                          2.541440  
U2091                     AO21X1_LVT      saed32lvt_ss0p75v125c
                                                          2.541440  
U2092                     NOR4X1_LVT      saed32lvt_ss0p75v125c
                                                          3.049728  
U2093                     AO22X1_LVT      saed32lvt_ss0p75v125c
                                                          2.541440  
U2094                     AO22X1_LVT      saed32lvt_ss0p75v125c
                                                          2.541440  
U2095                     AO22X1_LVT      saed32lvt_ss0p75v125c
                                                          2.541440  
U2096                     AO22X1_LVT      saed32lvt_ss0p75v125c
                                                          2.541440  
U2097                     AO21X1_LVT      saed32lvt_ss0p75v125c
                                                          2.541440  
U2098                     NOR4X1_LVT      saed32lvt_ss0p75v125c
                                                          3.049728  
U2099                     AO22X1_LVT      saed32lvt_ss0p75v125c
                                                          2.541440  
U2100                     AO22X1_LVT      saed32lvt_ss0p75v125c
                                                          2.541440  
U2101                     AO22X1_LVT      saed32lvt_ss0p75v125c
                                                          2.541440  
U2102                     AO22X1_LVT      saed32lvt_ss0p75v125c
                                                          2.541440  
U2103                     AO21X1_LVT      saed32lvt_ss0p75v125c
                                                          2.541440  
U2104                     NOR4X1_LVT      saed32lvt_ss0p75v125c
                                                          3.049728  
U2105                     AO22X1_LVT      saed32lvt_ss0p75v125c
                                                          2.541440  
U2106                     AO22X1_LVT      saed32lvt_ss0p75v125c
                                                          2.541440  
U2107                     AO22X1_LVT      saed32lvt_ss0p75v125c
                                                          2.541440  
U2108                     AO22X1_LVT      saed32lvt_ss0p75v125c
                                                          2.541440  
U2109                     AO21X1_LVT      saed32lvt_ss0p75v125c
                                                          2.541440  
U2110                     NOR4X1_LVT      saed32lvt_ss0p75v125c
                                                          3.049728  
U2111                     AO22X1_LVT      saed32lvt_ss0p75v125c
                                                          2.541440  
U2112                     AO22X1_LVT      saed32lvt_ss0p75v125c
                                                          2.541440  
U2113                     AO22X1_LVT      saed32lvt_ss0p75v125c
                                                          2.541440  
U2114                     AO22X1_LVT      saed32lvt_ss0p75v125c
                                                          2.541440  
U2115                     AO21X1_LVT      saed32lvt_ss0p75v125c
                                                          2.541440  
U2116                     NOR4X1_LVT      saed32lvt_ss0p75v125c
                                                          3.049728  
U2117                     AO22X1_LVT      saed32lvt_ss0p75v125c
                                                          2.541440  
U2118                     AO22X1_LVT      saed32lvt_ss0p75v125c
                                                          2.541440  
U2119                     AO22X1_LVT      saed32lvt_ss0p75v125c
                                                          2.541440  
U2120                     AO22X1_LVT      saed32lvt_ss0p75v125c
                                                          2.541440  
U2121                     AO21X1_LVT      saed32lvt_ss0p75v125c
                                                          2.541440  
U2122                     NOR4X1_LVT      saed32lvt_ss0p75v125c
                                                          3.049728  
U2123                     AO22X1_LVT      saed32lvt_ss0p75v125c
                                                          2.541440  
U2124                     AO22X1_LVT      saed32lvt_ss0p75v125c
                                                          2.541440  
U2125                     AO22X1_LVT      saed32lvt_ss0p75v125c
                                                          2.541440  
U2126                     AO22X1_LVT      saed32lvt_ss0p75v125c
                                                          2.541440  
U2127                     AO21X1_LVT      saed32lvt_ss0p75v125c
                                                          2.541440  
U2128                     NOR4X1_LVT      saed32lvt_ss0p75v125c
                                                          3.049728  
U2129                     AO22X1_LVT      saed32lvt_ss0p75v125c
                                                          2.541440  
U2130                     AO22X1_LVT      saed32lvt_ss0p75v125c
                                                          2.541440  
U2131                     AO22X1_LVT      saed32lvt_ss0p75v125c
                                                          2.541440  
U2132                     AO22X1_LVT      saed32lvt_ss0p75v125c
                                                          2.541440  
U2133                     AO21X1_LVT      saed32lvt_ss0p75v125c
                                                          2.541440  
U2134                     NOR4X1_LVT      saed32lvt_ss0p75v125c
                                                          3.049728  
U2135                     AO22X1_LVT      saed32lvt_ss0p75v125c
                                                          2.541440  
U2136                     AO22X1_LVT      saed32lvt_ss0p75v125c
                                                          2.541440  
U2137                     AO22X1_LVT      saed32lvt_ss0p75v125c
                                                          2.541440  
U2138                     AO22X1_LVT      saed32lvt_ss0p75v125c
                                                          2.541440  
U2139                     AO21X1_LVT      saed32lvt_ss0p75v125c
                                                          2.541440  
U2140                     NOR4X1_LVT      saed32lvt_ss0p75v125c
                                                          3.049728  
U2141                     AO22X1_LVT      saed32lvt_ss0p75v125c
                                                          2.541440  
U2142                     AO22X1_LVT      saed32lvt_ss0p75v125c
                                                          2.541440  
U2143                     AO22X1_LVT      saed32lvt_ss0p75v125c
                                                          2.541440  
U2144                     AO22X1_LVT      saed32lvt_ss0p75v125c
                                                          2.541440  
U2145                     AO21X1_LVT      saed32lvt_ss0p75v125c
                                                          2.541440  
U2146                     NOR4X1_LVT      saed32lvt_ss0p75v125c
                                                          3.049728  
U2147                     AO22X1_LVT      saed32lvt_ss0p75v125c
                                                          2.541440  
U2148                     AO22X1_LVT      saed32lvt_ss0p75v125c
                                                          2.541440  
U2149                     AO22X1_LVT      saed32lvt_ss0p75v125c
                                                          2.541440  
U2150                     NAND2X0_LVT     saed32lvt_ss0p75v125c
                                                          1.524864  
U2151                     NAND2X0_LVT     saed32lvt_ss0p75v125c
                                                          1.524864  
U2152                     NAND3X0_LVT     saed32lvt_ss0p75v125c
                                                          1.779008  
U2153                     NOR4X1_LVT      saed32lvt_ss0p75v125c
                                                          3.049728  
U2154                     AO22X1_LVT      saed32lvt_ss0p75v125c
                                                          2.541440  
U2155                     AO22X1_LVT      saed32lvt_ss0p75v125c
                                                          2.541440  
U2156                     AO22X1_LVT      saed32lvt_ss0p75v125c
                                                          2.541440  
U2157                     NAND2X0_LVT     saed32lvt_ss0p75v125c
                                                          1.524864  
U2158                     NAND2X0_LVT     saed32lvt_ss0p75v125c
                                                          1.524864  
U2159                     NAND3X0_LVT     saed32lvt_ss0p75v125c
                                                          1.779008  
U2160                     NOR4X1_LVT      saed32lvt_ss0p75v125c
                                                          3.049728  
U2161                     AO22X1_LVT      saed32lvt_ss0p75v125c
                                                          2.541440  
U2162                     AO22X1_LVT      saed32lvt_ss0p75v125c
                                                          2.541440  
U2163                     AO22X1_LVT      saed32lvt_ss0p75v125c
                                                          2.541440  
U2164                     NAND2X0_LVT     saed32lvt_ss0p75v125c
                                                          1.524864  
U2165                     NAND2X0_LVT     saed32lvt_ss0p75v125c
                                                          1.524864  
U2166                     NAND3X0_LVT     saed32lvt_ss0p75v125c
                                                          1.779008  
U2167                     NOR4X1_LVT      saed32lvt_ss0p75v125c
                                                          3.049728  
U2168                     AO22X1_LVT      saed32lvt_ss0p75v125c
                                                          2.541440  
U2169                     AO22X1_LVT      saed32lvt_ss0p75v125c
                                                          2.541440  
U2170                     AO22X1_LVT      saed32lvt_ss0p75v125c
                                                          2.541440  
U2171                     NAND2X0_LVT     saed32lvt_ss0p75v125c
                                                          1.524864  
U2172                     NAND2X0_LVT     saed32lvt_ss0p75v125c
                                                          1.524864  
U2173                     NAND3X0_LVT     saed32lvt_ss0p75v125c
                                                          1.779008  
U2174                     NOR4X1_LVT      saed32lvt_ss0p75v125c
                                                          3.049728  
U2175                     AND2X1_LVT      saed32lvt_ss0p75v125c
                                                          2.033152  
U2176                     AND2X1_LVT      saed32lvt_ss0p75v125c
                                                          2.033152  
U2177                     NAND2X0_LVT     saed32lvt_ss0p75v125c
                                                          1.524864  
U2178                     FADDX1_LVT      saed32lvt_ss0p75v125c
                                                          4.828736  r
U2179                     FADDX1_LVT      saed32lvt_ss0p75v125c
                                                          4.828736  r
U2180                     AND2X1_LVT      saed32lvt_ss0p75v125c
                                                          2.033152  
U2181                     AND2X1_LVT      saed32lvt_ss0p75v125c
                                                          2.033152  
U2182                     AND2X1_LVT      saed32lvt_ss0p75v125c
                                                          2.033152  
U2183                     FADDX1_LVT      saed32lvt_ss0p75v125c
                                                          4.828736  r
U2184                     AND2X1_LVT      saed32lvt_ss0p75v125c
                                                          2.033152  
U2185                     AND2X1_LVT      saed32lvt_ss0p75v125c
                                                          2.033152  
U2186                     AND2X1_LVT      saed32lvt_ss0p75v125c
                                                          2.033152  
U2187                     FADDX1_LVT      saed32lvt_ss0p75v125c
                                                          4.828736  r
U2188                     NAND2X0_LVT     saed32lvt_ss0p75v125c
                                                          1.524864  
U2189                     NAND2X0_LVT     saed32lvt_ss0p75v125c
                                                          1.524864  
U2190                     AOI21X1_LVT     saed32lvt_ss0p75v125c
                                                          3.049728  
U2191                     AND2X1_LVT      saed32lvt_ss0p75v125c
                                                          2.033152  
U2192                     FADDX1_LVT      saed32lvt_ss0p75v125c
                                                          4.828736  r
U2193                     FADDX1_LVT      saed32lvt_ss0p75v125c
                                                          4.828736  r
U2194                     AND2X1_LVT      saed32lvt_ss0p75v125c
                                                          2.033152  
U2195                     OA221X1_LVT     saed32lvt_ss0p75v125c
                                                          3.049728  
U2196                     OA221X1_LVT     saed32lvt_ss0p75v125c
                                                          3.049728  
U2197                     FADDX1_LVT      saed32lvt_ss0p75v125c
                                                          4.828736  r
U2198                     FADDX1_LVT      saed32lvt_ss0p75v125c
                                                          4.828736  r
U2199                     AO22X1_LVT      saed32lvt_ss0p75v125c
                                                          2.541440  
U2200                     AO22X1_LVT      saed32lvt_ss0p75v125c
                                                          2.541440  
U2201                     AO22X1_LVT      saed32lvt_ss0p75v125c
                                                          2.541440  
U2202                     AO22X1_LVT      saed32lvt_ss0p75v125c
                                                          2.541440  
U2203                     AO21X1_LVT      saed32lvt_ss0p75v125c
                                                          2.541440  
U2204                     NOR4X1_LVT      saed32lvt_ss0p75v125c
                                                          3.049728  
U2205                     AO22X1_LVT      saed32lvt_ss0p75v125c
                                                          2.541440  
U2206                     AO22X1_LVT      saed32lvt_ss0p75v125c
                                                          2.541440  
U2207                     AO22X1_LVT      saed32lvt_ss0p75v125c
                                                          2.541440  
U2208                     AO22X1_LVT      saed32lvt_ss0p75v125c
                                                          2.541440  
U2209                     AO21X1_LVT      saed32lvt_ss0p75v125c
                                                          2.541440  
U2210                     NOR4X1_LVT      saed32lvt_ss0p75v125c
                                                          3.049728  
U2211                     AO22X1_LVT      saed32lvt_ss0p75v125c
                                                          2.541440  
U2212                     AO22X1_LVT      saed32lvt_ss0p75v125c
                                                          2.541440  
U2213                     AO22X1_LVT      saed32lvt_ss0p75v125c
                                                          2.541440  
U2214                     AO22X1_LVT      saed32lvt_ss0p75v125c
                                                          2.541440  
U2215                     AO21X1_LVT      saed32lvt_ss0p75v125c
                                                          2.541440  
U2216                     NOR4X1_LVT      saed32lvt_ss0p75v125c
                                                          3.049728  
U2217                     AO22X1_LVT      saed32lvt_ss0p75v125c
                                                          2.541440  
U2218                     AO22X1_LVT      saed32lvt_ss0p75v125c
                                                          2.541440  
U2219                     AO22X1_LVT      saed32lvt_ss0p75v125c
                                                          2.541440  
U2220                     AO22X1_LVT      saed32lvt_ss0p75v125c
                                                          2.541440  
U2221                     AO21X1_LVT      saed32lvt_ss0p75v125c
                                                          2.541440  
U2222                     NOR4X1_LVT      saed32lvt_ss0p75v125c
                                                          3.049728  
U2223                     AO22X1_LVT      saed32lvt_ss0p75v125c
                                                          2.541440  
U2224                     AO22X1_LVT      saed32lvt_ss0p75v125c
                                                          2.541440  
U2225                     AO22X1_LVT      saed32lvt_ss0p75v125c
                                                          2.541440  
U2226                     AO22X1_LVT      saed32lvt_ss0p75v125c
                                                          2.541440  
U2227                     AO21X1_LVT      saed32lvt_ss0p75v125c
                                                          2.541440  
U2228                     NOR4X1_LVT      saed32lvt_ss0p75v125c
                                                          3.049728  
U2229                     AO22X1_LVT      saed32lvt_ss0p75v125c
                                                          2.541440  
U2230                     AO22X1_LVT      saed32lvt_ss0p75v125c
                                                          2.541440  
U2231                     AO22X1_LVT      saed32lvt_ss0p75v125c
                                                          2.541440  
U2232                     AO22X1_LVT      saed32lvt_ss0p75v125c
                                                          2.541440  
U2233                     AO21X1_LVT      saed32lvt_ss0p75v125c
                                                          2.541440  
U2234                     NOR4X1_LVT      saed32lvt_ss0p75v125c
                                                          3.049728  
U2235                     AO22X1_LVT      saed32lvt_ss0p75v125c
                                                          2.541440  
U2236                     AO22X1_LVT      saed32lvt_ss0p75v125c
                                                          2.541440  
U2237                     AO22X1_LVT      saed32lvt_ss0p75v125c
                                                          2.541440  
U2238                     AO22X1_LVT      saed32lvt_ss0p75v125c
                                                          2.541440  
U2239                     AO21X1_LVT      saed32lvt_ss0p75v125c
                                                          2.541440  
U2240                     NOR4X1_LVT      saed32lvt_ss0p75v125c
                                                          3.049728  
U2241                     AO22X1_LVT      saed32lvt_ss0p75v125c
                                                          2.541440  
U2242                     AO22X1_LVT      saed32lvt_ss0p75v125c
                                                          2.541440  
U2243                     AO22X1_LVT      saed32lvt_ss0p75v125c
                                                          2.541440  
U2244                     AO22X1_LVT      saed32lvt_ss0p75v125c
                                                          2.541440  
U2245                     AO21X1_LVT      saed32lvt_ss0p75v125c
                                                          2.541440  
U2246                     NOR4X1_LVT      saed32lvt_ss0p75v125c
                                                          3.049728  
U2247                     AO22X1_LVT      saed32lvt_ss0p75v125c
                                                          2.541440  
U2248                     AO22X1_LVT      saed32lvt_ss0p75v125c
                                                          2.541440  
U2249                     AO22X1_LVT      saed32lvt_ss0p75v125c
                                                          2.541440  
U2250                     AO22X1_LVT      saed32lvt_ss0p75v125c
                                                          2.541440  
U2251                     AO21X1_LVT      saed32lvt_ss0p75v125c
                                                          2.541440  
U2252                     NOR4X1_LVT      saed32lvt_ss0p75v125c
                                                          3.049728  
U2253                     AO22X1_LVT      saed32lvt_ss0p75v125c
                                                          2.541440  
U2254                     AO22X1_LVT      saed32lvt_ss0p75v125c
                                                          2.541440  
U2255                     AO22X1_LVT      saed32lvt_ss0p75v125c
                                                          2.541440  
U2256                     AO22X1_LVT      saed32lvt_ss0p75v125c
                                                          2.541440  
U2257                     AO21X1_LVT      saed32lvt_ss0p75v125c
                                                          2.541440  
U2258                     NOR4X1_LVT      saed32lvt_ss0p75v125c
                                                          3.049728  
U2259                     AO22X1_LVT      saed32lvt_ss0p75v125c
                                                          2.541440  
U2260                     AO22X1_LVT      saed32lvt_ss0p75v125c
                                                          2.541440  
U2261                     AO22X1_LVT      saed32lvt_ss0p75v125c
                                                          2.541440  
U2262                     AO22X1_LVT      saed32lvt_ss0p75v125c
                                                          2.541440  
U2263                     AO21X1_LVT      saed32lvt_ss0p75v125c
                                                          2.541440  
U2264                     NOR4X1_LVT      saed32lvt_ss0p75v125c
                                                          3.049728  
U2265                     AO22X1_LVT      saed32lvt_ss0p75v125c
                                                          2.541440  
U2266                     AO22X1_LVT      saed32lvt_ss0p75v125c
                                                          2.541440  
U2267                     AO22X1_LVT      saed32lvt_ss0p75v125c
                                                          2.541440  
U2268                     AO22X1_LVT      saed32lvt_ss0p75v125c
                                                          2.541440  
U2269                     AO21X1_LVT      saed32lvt_ss0p75v125c
                                                          2.541440  
U2270                     NOR4X1_LVT      saed32lvt_ss0p75v125c
                                                          3.049728  
U2271                     AO22X1_LVT      saed32lvt_ss0p75v125c
                                                          2.541440  
U2272                     AO22X1_LVT      saed32lvt_ss0p75v125c
                                                          2.541440  
U2273                     AO22X1_LVT      saed32lvt_ss0p75v125c
                                                          2.541440  
U2274                     AO22X1_LVT      saed32lvt_ss0p75v125c
                                                          2.541440  
U2275                     AO21X1_LVT      saed32lvt_ss0p75v125c
                                                          2.541440  
U2276                     NOR4X1_LVT      saed32lvt_ss0p75v125c
                                                          3.049728  
U2277                     AO22X1_LVT      saed32lvt_ss0p75v125c
                                                          2.541440  
U2278                     AO22X1_LVT      saed32lvt_ss0p75v125c
                                                          2.541440  
U2279                     AO22X1_LVT      saed32lvt_ss0p75v125c
                                                          2.541440  
U2280                     AO22X1_LVT      saed32lvt_ss0p75v125c
                                                          2.541440  
U2281                     AO21X1_LVT      saed32lvt_ss0p75v125c
                                                          2.541440  
U2282                     NOR4X1_LVT      saed32lvt_ss0p75v125c
                                                          3.049728  
U2283                     AO22X1_LVT      saed32lvt_ss0p75v125c
                                                          2.541440  
U2284                     AO22X1_LVT      saed32lvt_ss0p75v125c
                                                          2.541440  
U2285                     AO22X1_LVT      saed32lvt_ss0p75v125c
                                                          2.541440  
U2286                     NAND2X0_LVT     saed32lvt_ss0p75v125c
                                                          1.524864  
U2287                     NAND2X0_LVT     saed32lvt_ss0p75v125c
                                                          1.524864  
U2288                     NAND3X0_LVT     saed32lvt_ss0p75v125c
                                                          1.779008  
U2289                     NOR4X1_LVT      saed32lvt_ss0p75v125c
                                                          3.049728  
U2290                     AO22X1_LVT      saed32lvt_ss0p75v125c
                                                          2.541440  
U2291                     AO22X1_LVT      saed32lvt_ss0p75v125c
                                                          2.541440  
U2292                     AO22X1_LVT      saed32lvt_ss0p75v125c
                                                          2.541440  
U2293                     NAND2X0_LVT     saed32lvt_ss0p75v125c
                                                          1.524864  
U2294                     NAND2X0_LVT     saed32lvt_ss0p75v125c
                                                          1.524864  
U2295                     NAND3X0_LVT     saed32lvt_ss0p75v125c
                                                          1.779008  
U2296                     NOR4X1_LVT      saed32lvt_ss0p75v125c
                                                          3.049728  
U2297                     AO22X1_LVT      saed32lvt_ss0p75v125c
                                                          2.541440  
U2298                     AO22X1_LVT      saed32lvt_ss0p75v125c
                                                          2.541440  
U2299                     AO22X1_LVT      saed32lvt_ss0p75v125c
                                                          2.541440  
U2300                     NAND2X0_LVT     saed32lvt_ss0p75v125c
                                                          1.524864  
U2301                     NAND2X0_LVT     saed32lvt_ss0p75v125c
                                                          1.524864  
U2302                     NAND3X0_LVT     saed32lvt_ss0p75v125c
                                                          1.779008  
U2303                     NOR4X1_LVT      saed32lvt_ss0p75v125c
                                                          3.049728  
U2304                     AO22X1_LVT      saed32lvt_ss0p75v125c
                                                          2.541440  
U2305                     AO22X1_LVT      saed32lvt_ss0p75v125c
                                                          2.541440  
U2306                     AO22X1_LVT      saed32lvt_ss0p75v125c
                                                          2.541440  
U2307                     NAND2X0_LVT     saed32lvt_ss0p75v125c
                                                          1.524864  
U2308                     NAND2X0_LVT     saed32lvt_ss0p75v125c
                                                          1.524864  
U2309                     NAND3X0_LVT     saed32lvt_ss0p75v125c
                                                          1.779008  
U2310                     NOR4X1_LVT      saed32lvt_ss0p75v125c
                                                          3.049728  
U2311                     AND2X1_LVT      saed32lvt_ss0p75v125c
                                                          2.033152  
U2312                     AND2X1_LVT      saed32lvt_ss0p75v125c
                                                          2.033152  
U2313                     AND2X1_LVT      saed32lvt_ss0p75v125c
                                                          2.033152  
U2314                     AND2X1_LVT      saed32lvt_ss0p75v125c
                                                          2.033152  
U2315                     AND2X1_LVT      saed32lvt_ss0p75v125c
                                                          2.033152  
U2316                     AND2X1_LVT      saed32lvt_ss0p75v125c
                                                          2.033152  
U2317                     AND2X1_LVT      saed32lvt_ss0p75v125c
                                                          2.033152  
U2318                     AND2X1_LVT      saed32lvt_ss0p75v125c
                                                          2.033152  
U2319                     AND2X1_LVT      saed32lvt_ss0p75v125c
                                                          2.033152  
U2320                     AND2X1_LVT      saed32lvt_ss0p75v125c
                                                          2.033152  
U2321                     AND2X1_LVT      saed32lvt_ss0p75v125c
                                                          2.033152  
U2322                     AND2X1_LVT      saed32lvt_ss0p75v125c
                                                          2.033152  
U2323                     AND2X1_LVT      saed32lvt_ss0p75v125c
                                                          2.033152  
U2324                     AND2X1_LVT      saed32lvt_ss0p75v125c
                                                          2.033152  
U2325                     OA222X1_LVT     saed32lvt_ss0p75v125c
                                                          3.303872  
cnt_reg[0]                DFFARX1_LVT     saed32lvt_ss0p75v125c
                                                          7.116032  n
cnt_reg[1]                DFFARX1_LVT     saed32lvt_ss0p75v125c
                                                          7.116032  n
cnt_reg[2]                DFFARX1_LVT     saed32lvt_ss0p75v125c
                                                          7.116032  n
cnt_reg[3]                DFFARX1_LVT     saed32lvt_ss0p75v125c
                                                          7.116032  n
intadd_0/U3               FADDX1_LVT      saed32lvt_ss0p75v125c
                                                          4.828736  mo, r
intadd_0/U4               FADDX1_LVT      saed32lvt_ss0p75v125c
                                                          4.828736  mo, r
intadd_0/U5               FADDX1_LVT      saed32lvt_ss0p75v125c
                                                          4.828736  mo, r
intadd_0/U6               FADDX1_LVT      saed32lvt_ss0p75v125c
                                                          4.828736  mo, r
intadd_0/U7               FADDX1_LVT      saed32lvt_ss0p75v125c
                                                          4.828736  mo, r
intadd_0/U8               FADDX1_LVT      saed32lvt_ss0p75v125c
                                                          4.828736  mo, r
intadd_0/U9               FADDX1_LVT      saed32lvt_ss0p75v125c
                                                          4.828736  mo, r
intadd_0/U10              FADDX1_LVT      saed32lvt_ss0p75v125c
                                                          4.828736  mo, r
intadd_0/U11              FADDX1_LVT      saed32lvt_ss0p75v125c
                                                          4.828736  mo, r
intadd_0/U12              FADDX1_LVT      saed32lvt_ss0p75v125c
                                                          4.828736  mo, r
intadd_0/U13              FADDX1_LVT      saed32lvt_ss0p75v125c
                                                          4.828736  mo, r
intadd_0/U14              FADDX1_LVT      saed32lvt_ss0p75v125c
                                                          4.828736  mo, r
intadd_0/U15              FADDX1_LVT      saed32lvt_ss0p75v125c
                                                          4.828736  mo, r
intadd_0/U16              FADDX1_LVT      saed32lvt_ss0p75v125c
                                                          4.828736  mo, r
intadd_0/U17              FADDX1_LVT      saed32lvt_ss0p75v125c
                                                          4.828736  mo, r
intadd_0/U18              FADDX1_LVT      saed32lvt_ss0p75v125c
                                                          4.828736  mo, r
intadd_0/U19              FADDX1_LVT      saed32lvt_ss0p75v125c
                                                          4.828736  mo, r
intadd_0/U20              FADDX1_LVT      saed32lvt_ss0p75v125c
                                                          4.828736  mo, r
intadd_1/U3               FADDX1_LVT      saed32lvt_ss0p75v125c
                                                          4.828736  mo, r
intadd_1/U4               FADDX1_LVT      saed32lvt_ss0p75v125c
                                                          4.828736  mo, r
intadd_1/U5               FADDX1_LVT      saed32lvt_ss0p75v125c
                                                          4.828736  mo, r
intadd_1/U6               FADDX1_LVT      saed32lvt_ss0p75v125c
                                                          4.828736  mo, r
intadd_1/U7               FADDX1_LVT      saed32lvt_ss0p75v125c
                                                          4.828736  mo, r
intadd_1/U8               FADDX1_LVT      saed32lvt_ss0p75v125c
                                                          4.828736  mo, r
intadd_1/U9               FADDX1_LVT      saed32lvt_ss0p75v125c
                                                          4.828736  mo, r
intadd_1/U10              FADDX1_LVT      saed32lvt_ss0p75v125c
                                                          4.828736  mo, r
intadd_1/U11              FADDX1_LVT      saed32lvt_ss0p75v125c
                                                          4.828736  mo, r
intadd_1/U12              FADDX1_LVT      saed32lvt_ss0p75v125c
                                                          4.828736  mo, r
intadd_1/U13              FADDX1_LVT      saed32lvt_ss0p75v125c
                                                          4.828736  mo, r
intadd_1/U14              FADDX1_LVT      saed32lvt_ss0p75v125c
                                                          4.828736  mo, r
intadd_1/U15              FADDX1_LVT      saed32lvt_ss0p75v125c
                                                          4.828736  mo, r
intadd_1/U16              FADDX1_LVT      saed32lvt_ss0p75v125c
                                                          4.828736  mo, r
intadd_1/U17              FADDX1_LVT      saed32lvt_ss0p75v125c
                                                          4.828736  mo, r
intadd_1/U18              FADDX1_LVT      saed32lvt_ss0p75v125c
                                                          4.828736  mo, r
intadd_1/U19              FADDX1_LVT      saed32lvt_ss0p75v125c
                                                          4.828736  mo, r
intadd_1/U20              FADDX1_LVT      saed32lvt_ss0p75v125c
                                                          4.828736  mo, r
intadd_2/U3               FADDX1_LVT      saed32lvt_ss0p75v125c
                                                          4.828736  mo, r
intadd_2/U4               FADDX1_LVT      saed32lvt_ss0p75v125c
                                                          4.828736  mo, r
intadd_2/U5               FADDX1_LVT      saed32lvt_ss0p75v125c
                                                          4.828736  mo, r
intadd_2/U6               FADDX1_LVT      saed32lvt_ss0p75v125c
                                                          4.828736  mo, r
intadd_2/U7               FADDX1_LVT      saed32lvt_ss0p75v125c
                                                          4.828736  mo, r
intadd_2/U8               FADDX1_LVT      saed32lvt_ss0p75v125c
                                                          4.828736  mo, r
intadd_2/U9               FADDX1_LVT      saed32lvt_ss0p75v125c
                                                          4.828736  mo, r
intadd_2/U10              FADDX1_LVT      saed32lvt_ss0p75v125c
                                                          4.828736  mo, r
intadd_2/U11              FADDX1_LVT      saed32lvt_ss0p75v125c
                                                          4.828736  mo, r
intadd_2/U12              FADDX1_LVT      saed32lvt_ss0p75v125c
                                                          4.828736  mo, r
intadd_2/U13              FADDX1_LVT      saed32lvt_ss0p75v125c
                                                          4.828736  mo, r
intadd_2/U14              FADDX1_LVT      saed32lvt_ss0p75v125c
                                                          4.828736  mo, r
intadd_2/U15              FADDX1_LVT      saed32lvt_ss0p75v125c
                                                          4.828736  mo, r
intadd_2/U16              FADDX1_LVT      saed32lvt_ss0p75v125c
                                                          4.828736  mo, r
intadd_2/U17              FADDX1_LVT      saed32lvt_ss0p75v125c
                                                          4.828736  mo, r
intadd_2/U18              FADDX1_LVT      saed32lvt_ss0p75v125c
                                                          4.828736  mo, r
intadd_2/U19              FADDX1_LVT      saed32lvt_ss0p75v125c
                                                          4.828736  mo, r
intadd_2/U20              FADDX1_LVT      saed32lvt_ss0p75v125c
                                                          4.828736  mo, r
intadd_3/U2               FADDX1_LVT      saed32lvt_ss0p75v125c
                                                          4.828736  mo, r
intadd_3/U3               FADDX1_LVT      saed32lvt_ss0p75v125c
                                                          4.828736  mo, r
intadd_3/U4               FADDX1_LVT      saed32lvt_ss0p75v125c
                                                          4.828736  mo, r
intadd_3/U5               FADDX1_LVT      saed32lvt_ss0p75v125c
                                                          4.828736  mo, r
intadd_3/U6               FADDX1_LVT      saed32lvt_ss0p75v125c
                                                          4.828736  mo, r
intadd_3/U7               FADDX1_LVT      saed32lvt_ss0p75v125c
                                                          4.828736  mo, r
intadd_3/U8               FADDX1_LVT      saed32lvt_ss0p75v125c
                                                          4.828736  mo, r
intadd_3/U9               FADDX1_LVT      saed32lvt_ss0p75v125c
                                                          4.828736  mo, r
intadd_3/U10              FADDX1_LVT      saed32lvt_ss0p75v125c
                                                          4.828736  mo, r
intadd_3/U11              FADDX1_LVT      saed32lvt_ss0p75v125c
                                                          4.828736  mo, r
intadd_3/U12              FADDX1_LVT      saed32lvt_ss0p75v125c
                                                          4.828736  mo, r
intadd_3/U13              FADDX1_LVT      saed32lvt_ss0p75v125c
                                                          4.828736  mo, r
intadd_3/U14              FADDX1_LVT      saed32lvt_ss0p75v125c
                                                          4.828736  mo, r
intadd_3/U15              FADDX1_LVT      saed32lvt_ss0p75v125c
                                                          4.828736  mo, r
intadd_4/U2               FADDX1_LVT      saed32lvt_ss0p75v125c
                                                          4.828736  mo, r
intadd_4/U3               FADDX1_LVT      saed32lvt_ss0p75v125c
                                                          4.828736  mo, r
intadd_4/U4               FADDX1_LVT      saed32lvt_ss0p75v125c
                                                          4.828736  mo, r
intadd_4/U5               FADDX1_LVT      saed32lvt_ss0p75v125c
                                                          4.828736  mo, r
intadd_4/U6               FADDX1_LVT      saed32lvt_ss0p75v125c
                                                          4.828736  mo, r
intadd_4/U7               FADDX1_LVT      saed32lvt_ss0p75v125c
                                                          4.828736  mo, r
intadd_4/U8               FADDX1_LVT      saed32lvt_ss0p75v125c
                                                          4.828736  mo, r
intadd_4/U9               FADDX1_LVT      saed32lvt_ss0p75v125c
                                                          4.828736  mo, r
intadd_4/U10              FADDX1_LVT      saed32lvt_ss0p75v125c
                                                          4.828736  mo, r
intadd_4/U11              FADDX1_LVT      saed32lvt_ss0p75v125c
                                                          4.828736  mo, r
intadd_4/U12              FADDX1_LVT      saed32lvt_ss0p75v125c
                                                          4.828736  mo, r
intadd_4/U13              FADDX1_LVT      saed32lvt_ss0p75v125c
                                                          4.828736  mo, r
intadd_4/U14              FADDX1_LVT      saed32lvt_ss0p75v125c
                                                          4.828736  mo, r
intadd_4/U15              FADDX1_LVT      saed32lvt_ss0p75v125c
                                                          4.828736  mo, r
intadd_5/U2               FADDX1_LVT      saed32lvt_ss0p75v125c
                                                          4.828736  mo, r
intadd_5/U3               FADDX1_LVT      saed32lvt_ss0p75v125c
                                                          4.828736  mo, r
intadd_5/U4               FADDX1_LVT      saed32lvt_ss0p75v125c
                                                          4.828736  mo, r
intadd_5/U5               FADDX1_LVT      saed32lvt_ss0p75v125c
                                                          4.828736  mo, r
intadd_5/U6               FADDX1_LVT      saed32lvt_ss0p75v125c
                                                          4.828736  mo, r
intadd_5/U7               FADDX1_LVT      saed32lvt_ss0p75v125c
                                                          4.828736  mo, r
intadd_5/U8               FADDX1_LVT      saed32lvt_ss0p75v125c
                                                          4.828736  mo, r
intadd_5/U9               FADDX1_LVT      saed32lvt_ss0p75v125c
                                                          4.828736  mo, r
intadd_5/U10              FADDX1_LVT      saed32lvt_ss0p75v125c
                                                          4.828736  mo, r
intadd_5/U11              FADDX1_LVT      saed32lvt_ss0p75v125c
                                                          4.828736  mo, r
intadd_5/U12              FADDX1_LVT      saed32lvt_ss0p75v125c
                                                          4.828736  mo, r
intadd_5/U13              FADDX1_LVT      saed32lvt_ss0p75v125c
                                                          4.828736  mo, r
intadd_5/U14              FADDX1_LVT      saed32lvt_ss0p75v125c
                                                          4.828736  mo, r
intadd_5/U15              FADDX1_LVT      saed32lvt_ss0p75v125c
                                                          4.828736  mo, r
intadd_6/U2               FADDX1_LVT      saed32lvt_ss0p75v125c
                                                          4.828736  mo, r
intadd_6/U3               FADDX1_LVT      saed32lvt_ss0p75v125c
                                                          4.828736  mo, r
intadd_6/U4               FADDX1_LVT      saed32lvt_ss0p75v125c
                                                          4.828736  mo, r
intadd_6/U5               FADDX1_LVT      saed32lvt_ss0p75v125c
                                                          4.828736  mo, r
intadd_6/U6               FADDX1_LVT      saed32lvt_ss0p75v125c
                                                          4.828736  mo, r
intadd_6/U7               FADDX1_LVT      saed32lvt_ss0p75v125c
                                                          4.828736  mo, r
intadd_6/U8               FADDX1_LVT      saed32lvt_ss0p75v125c
                                                          4.828736  mo, r
intadd_6/U9               FADDX1_LVT      saed32lvt_ss0p75v125c
                                                          4.828736  mo, r
intadd_6/U10              FADDX1_LVT      saed32lvt_ss0p75v125c
                                                          4.828736  mo, r
intadd_6/U11              FADDX1_LVT      saed32lvt_ss0p75v125c
                                                          4.828736  mo, r
intadd_6/U12              FADDX1_LVT      saed32lvt_ss0p75v125c
                                                          4.828736  mo, r
intadd_6/U13              FADDX1_LVT      saed32lvt_ss0p75v125c
                                                          4.828736  mo, r
intadd_6/U14              FADDX1_LVT      saed32lvt_ss0p75v125c
                                                          4.828736  mo, r
intadd_7/U2               FADDX1_LVT      saed32lvt_ss0p75v125c
                                                          4.828736  mo, r
intadd_7/U3               FADDX1_LVT      saed32lvt_ss0p75v125c
                                                          4.828736  mo, r
intadd_7/U4               FADDX1_LVT      saed32lvt_ss0p75v125c
                                                          4.828736  mo, r
intadd_7/U5               FADDX1_LVT      saed32lvt_ss0p75v125c
                                                          4.828736  mo, r
intadd_7/U6               FADDX1_LVT      saed32lvt_ss0p75v125c
                                                          4.828736  mo, r
intadd_7/U7               FADDX1_LVT      saed32lvt_ss0p75v125c
                                                          4.828736  mo, r
intadd_7/U8               FADDX1_LVT      saed32lvt_ss0p75v125c
                                                          4.828736  mo, r
intadd_7/U9               FADDX1_LVT      saed32lvt_ss0p75v125c
                                                          4.828736  mo, r
intadd_7/U10              FADDX1_LVT      saed32lvt_ss0p75v125c
                                                          4.828736  mo, r
intadd_7/U11              FADDX1_LVT      saed32lvt_ss0p75v125c
                                                          4.828736  mo, r
intadd_7/U12              FADDX1_LVT      saed32lvt_ss0p75v125c
                                                          4.828736  mo, r
intadd_7/U13              FADDX1_LVT      saed32lvt_ss0p75v125c
                                                          4.828736  mo, r
intadd_7/U14              FADDX1_LVT      saed32lvt_ss0p75v125c
                                                          4.828736  mo, r
intadd_8/U2               FADDX1_LVT      saed32lvt_ss0p75v125c
                                                          4.828736  mo, r
intadd_8/U3               FADDX1_LVT      saed32lvt_ss0p75v125c
                                                          4.828736  mo, r
intadd_8/U4               FADDX1_LVT      saed32lvt_ss0p75v125c
                                                          4.828736  mo, r
intadd_8/U5               FADDX1_LVT      saed32lvt_ss0p75v125c
                                                          4.828736  mo, r
intadd_8/U6               FADDX1_LVT      saed32lvt_ss0p75v125c
                                                          4.828736  mo, r
intadd_8/U7               FADDX1_LVT      saed32lvt_ss0p75v125c
                                                          4.828736  mo, r
intadd_8/U8               FADDX1_LVT      saed32lvt_ss0p75v125c
                                                          4.828736  mo, r
intadd_8/U9               FADDX1_LVT      saed32lvt_ss0p75v125c
                                                          4.828736  mo, r
intadd_8/U10              FADDX1_LVT      saed32lvt_ss0p75v125c
                                                          4.828736  mo, r
intadd_8/U11              FADDX1_LVT      saed32lvt_ss0p75v125c
                                                          4.828736  mo, r
intadd_8/U12              FADDX1_LVT      saed32lvt_ss0p75v125c
                                                          4.828736  mo, r
intadd_8/U13              FADDX1_LVT      saed32lvt_ss0p75v125c
                                                          4.828736  mo, r
intadd_8/U14              FADDX1_LVT      saed32lvt_ss0p75v125c
                                                          4.828736  mo, r
intadd_9/U3               FADDX1_LVT      saed32lvt_ss0p75v125c
                                                          4.828736  mo, r
intadd_9/U4               FADDX1_LVT      saed32lvt_ss0p75v125c
                                                          4.828736  mo, r
intadd_9/U5               FADDX1_LVT      saed32lvt_ss0p75v125c
                                                          4.828736  mo, r
intadd_9/U6               FADDX1_LVT      saed32lvt_ss0p75v125c
                                                          4.828736  mo, r
intadd_10/U3              FADDX1_LVT      saed32lvt_ss0p75v125c
                                                          4.828736  mo, r
intadd_10/U4              FADDX1_LVT      saed32lvt_ss0p75v125c
                                                          4.828736  mo, r
intadd_10/U5              FADDX1_LVT      saed32lvt_ss0p75v125c
                                                          4.828736  mo, r
intadd_10/U6              FADDX1_LVT      saed32lvt_ss0p75v125c
                                                          4.828736  mo, r
intadd_11/U3              FADDX1_LVT      saed32lvt_ss0p75v125c
                                                          4.828736  mo, r
intadd_11/U4              FADDX1_LVT      saed32lvt_ss0p75v125c
                                                          4.828736  mo, r
intadd_11/U5              FADDX1_LVT      saed32lvt_ss0p75v125c
                                                          4.828736  mo, r
intadd_11/U6              FADDX1_LVT      saed32lvt_ss0p75v125c
                                                          4.828736  mo, r
intadd_12/U2              FADDX1_LVT      saed32lvt_ss0p75v125c
                                                          4.828736  mo, r
intadd_12/U3              FADDX1_LVT      saed32lvt_ss0p75v125c
                                                          4.828736  mo, r
intadd_12/U4              FADDX1_LVT      saed32lvt_ss0p75v125c
                                                          4.828736  mo, r
intadd_12/U5              FADDX1_LVT      saed32lvt_ss0p75v125c
                                                          4.828736  mo, r
intadd_13/U2              FADDX1_LVT      saed32lvt_ss0p75v125c
                                                          4.828736  mo, r
intadd_13/U3              FADDX1_LVT      saed32lvt_ss0p75v125c
                                                          4.828736  mo, r
intadd_13/U4              FADDX1_LVT      saed32lvt_ss0p75v125c
                                                          4.828736  mo, r
intadd_13/U5              FADDX1_LVT      saed32lvt_ss0p75v125c
                                                          4.828736  mo, r
intadd_14/U2              FADDX1_LVT      saed32lvt_ss0p75v125c
                                                          4.828736  mo, r
intadd_14/U3              FADDX1_LVT      saed32lvt_ss0p75v125c
                                                          4.828736  mo, r
intadd_14/U4              FADDX1_LVT      saed32lvt_ss0p75v125c
                                                          4.828736  mo, r
intadd_14/U5              FADDX1_LVT      saed32lvt_ss0p75v125c
                                                          4.828736  mo, r
intadd_15/U2              FADDX1_LVT      saed32lvt_ss0p75v125c
                                                          4.828736  mo, r
intadd_15/U3              FADDX1_LVT      saed32lvt_ss0p75v125c
                                                          4.828736  mo, r
intadd_15/U4              FADDX1_LVT      saed32lvt_ss0p75v125c
                                                          4.828736  mo, r
intadd_15/U5              FADDX1_LVT      saed32lvt_ss0p75v125c
                                                          4.828736  mo, r
intadd_16/U2              FADDX1_LVT      saed32lvt_ss0p75v125c
                                                          4.828736  mo, r
intadd_16/U3              FADDX1_LVT      saed32lvt_ss0p75v125c
                                                          4.828736  mo, r
intadd_16/U4              FADDX1_LVT      saed32lvt_ss0p75v125c
                                                          4.828736  mo, r
intadd_16/U5              FADDX1_LVT      saed32lvt_ss0p75v125c
                                                          4.828736  mo, r
intadd_17/U2              FADDX1_LVT      saed32lvt_ss0p75v125c
                                                          4.828736  mo, r
intadd_17/U3              FADDX1_LVT      saed32lvt_ss0p75v125c
                                                          4.828736  mo, r
intadd_17/U4              FADDX1_LVT      saed32lvt_ss0p75v125c
                                                          4.828736  mo, r
intadd_17/U5              FADDX1_LVT      saed32lvt_ss0p75v125c
                                                          4.828736  mo, r
intadd_18/U2              FADDX1_LVT      saed32lvt_ss0p75v125c
                                                          4.828736  mo, r
intadd_18/U3              FADDX1_LVT      saed32lvt_ss0p75v125c
                                                          4.828736  mo, r
intadd_18/U4              FADDX1_LVT      saed32lvt_ss0p75v125c
                                                          4.828736  mo, r
intadd_18/U5              FADDX1_LVT      saed32lvt_ss0p75v125c
                                                          4.828736  mo, r
intadd_19/U2              FADDX1_LVT      saed32lvt_ss0p75v125c
                                                          4.828736  mo, r
intadd_19/U3              FADDX1_LVT      saed32lvt_ss0p75v125c
                                                          4.828736  mo, r
intadd_19/U4              FADDX1_LVT      saed32lvt_ss0p75v125c
                                                          4.828736  mo, r
intadd_19/U5              FADDX1_LVT      saed32lvt_ss0p75v125c
                                                          4.828736  mo, r
intadd_20/U2              FADDX1_LVT      saed32lvt_ss0p75v125c
                                                          4.828736  mo, r
intadd_20/U3              FADDX1_LVT      saed32lvt_ss0p75v125c
                                                          4.828736  mo, r
intadd_20/U4              FADDX1_LVT      saed32lvt_ss0p75v125c
                                                          4.828736  mo, r
intadd_20/U5              FADDX1_LVT      saed32lvt_ss0p75v125c
                                                          4.828736  mo, r
intadd_21/U2              FADDX1_LVT      saed32lvt_ss0p75v125c
                                                          4.828736  mo, r
intadd_21/U3              FADDX1_LVT      saed32lvt_ss0p75v125c
                                                          4.828736  mo, r
intadd_21/U4              FADDX1_LVT      saed32lvt_ss0p75v125c
                                                          4.828736  mo, r
intadd_22/U2              FADDX1_LVT      saed32lvt_ss0p75v125c
                                                          4.828736  mo, r
intadd_22/U3              FADDX1_LVT      saed32lvt_ss0p75v125c
                                                          4.828736  mo, r
intadd_22/U4              FADDX1_LVT      saed32lvt_ss0p75v125c
                                                          4.828736  mo, r
intadd_23/U2              FADDX1_LVT      saed32lvt_ss0p75v125c
                                                          4.828736  mo, r
intadd_23/U3              FADDX1_LVT      saed32lvt_ss0p75v125c
                                                          4.828736  mo, r
intadd_23/U4              FADDX1_LVT      saed32lvt_ss0p75v125c
                                                          4.828736  mo, r
intadd_24/U2              FADDX1_LVT      saed32lvt_ss0p75v125c
                                                          4.828736  mo, r
intadd_24/U3              FADDX1_LVT      saed32lvt_ss0p75v125c
                                                          4.828736  mo, r
intadd_24/U4              FADDX1_LVT      saed32lvt_ss0p75v125c
                                                          4.828736  mo, r
intadd_25/U2              FADDX1_LVT      saed32lvt_ss0p75v125c
                                                          4.828736  mo, r
intadd_25/U3              FADDX1_LVT      saed32lvt_ss0p75v125c
                                                          4.828736  mo, r
intadd_25/U4              FADDX1_LVT      saed32lvt_ss0p75v125c
                                                          4.828736  mo, r
intadd_26/U2              FADDX1_LVT      saed32lvt_ss0p75v125c
                                                          4.828736  mo, r
intadd_26/U3              FADDX1_LVT      saed32lvt_ss0p75v125c
                                                          4.828736  mo, r
intadd_26/U4              FADDX1_LVT      saed32lvt_ss0p75v125c
                                                          4.828736  mo, r
intadd_27/U2              FADDX1_LVT      saed32lvt_ss0p75v125c
                                                          4.828736  mo, r
intadd_27/U3              FADDX1_LVT      saed32lvt_ss0p75v125c
                                                          4.828736  mo, r
intadd_27/U4              FADDX1_LVT      saed32lvt_ss0p75v125c
                                                          4.828736  mo, r
intadd_28/U2              FADDX1_LVT      saed32lvt_ss0p75v125c
                                                          4.828736  mo, r
intadd_28/U3              FADDX1_LVT      saed32lvt_ss0p75v125c
                                                          4.828736  mo, r
intadd_28/U4              FADDX1_LVT      saed32lvt_ss0p75v125c
                                                          4.828736  mo, r
intadd_29/U2              FADDX1_LVT      saed32lvt_ss0p75v125c
                                                          4.828736  mo, r
intadd_29/U3              FADDX1_LVT      saed32lvt_ss0p75v125c
                                                          4.828736  mo, r
intadd_29/U4              FADDX1_LVT      saed32lvt_ss0p75v125c
                                                          4.828736  mo, r
pipe_reg[0][0][0]         LATCHX1_LVT     saed32lvt_ss0p75v125c
                                                          5.082880  n
pipe_reg[0][0][1]         LATCHX1_LVT     saed32lvt_ss0p75v125c
                                                          5.082880  n
pipe_reg[0][0][2]         LATCHX1_LVT     saed32lvt_ss0p75v125c
                                                          5.082880  n
pipe_reg[0][0][3]         LATCHX1_LVT     saed32lvt_ss0p75v125c
                                                          5.082880  n
pipe_reg[0][0][4]         LATCHX1_LVT     saed32lvt_ss0p75v125c
                                                          5.082880  n
pipe_reg[0][0][5]         LATCHX1_LVT     saed32lvt_ss0p75v125c
                                                          5.082880  n
pipe_reg[0][0][6]         LATCHX1_LVT     saed32lvt_ss0p75v125c
                                                          5.082880  n
pipe_reg[0][0][7]         LATCHX1_LVT     saed32lvt_ss0p75v125c
                                                          5.082880  n
pipe_reg[0][0][8]         LATCHX1_LVT     saed32lvt_ss0p75v125c
                                                          5.082880  n
pipe_reg[0][0][9]         LATCHX1_LVT     saed32lvt_ss0p75v125c
                                                          5.082880  n
pipe_reg[0][0][10]        LATCHX1_LVT     saed32lvt_ss0p75v125c
                                                          5.082880  n
pipe_reg[0][0][11]        LATCHX1_LVT     saed32lvt_ss0p75v125c
                                                          5.082880  n
pipe_reg[0][0][12]        LATCHX1_LVT     saed32lvt_ss0p75v125c
                                                          5.082880  n
pipe_reg[0][0][13]        LATCHX1_LVT     saed32lvt_ss0p75v125c
                                                          5.082880  n
pipe_reg[0][0][14]        LATCHX1_LVT     saed32lvt_ss0p75v125c
                                                          5.082880  n
pipe_reg[0][0][15]        LATCHX1_LVT     saed32lvt_ss0p75v125c
                                                          5.082880  n
pipe_reg[0][0][16]        LATCHX1_LVT     saed32lvt_ss0p75v125c
                                                          5.082880  n
pipe_reg[0][0][17]        LATCHX1_LVT     saed32lvt_ss0p75v125c
                                                          5.082880  n
pipe_reg[0][0][18]        LATCHX1_LVT     saed32lvt_ss0p75v125c
                                                          5.082880  n
pipe_reg[0][0][19]        LATCHX1_LVT     saed32lvt_ss0p75v125c
                                                          5.082880  n
pipe_reg[0][1][0]         LATCHX1_LVT     saed32lvt_ss0p75v125c
                                                          5.082880  n
pipe_reg[0][1][1]         LATCHX1_LVT     saed32lvt_ss0p75v125c
                                                          5.082880  n
pipe_reg[0][1][2]         LATCHX1_LVT     saed32lvt_ss0p75v125c
                                                          5.082880  n
pipe_reg[0][1][3]         LATCHX1_LVT     saed32lvt_ss0p75v125c
                                                          5.082880  n
pipe_reg[0][1][4]         LATCHX1_LVT     saed32lvt_ss0p75v125c
                                                          5.082880  n
pipe_reg[0][1][5]         LATCHX1_LVT     saed32lvt_ss0p75v125c
                                                          5.082880  n
pipe_reg[0][1][6]         LATCHX1_LVT     saed32lvt_ss0p75v125c
                                                          5.082880  n
pipe_reg[0][1][7]         LATCHX1_LVT     saed32lvt_ss0p75v125c
                                                          5.082880  n
pipe_reg[0][1][8]         LATCHX1_LVT     saed32lvt_ss0p75v125c
                                                          5.082880  n
pipe_reg[0][1][9]         LATCHX1_LVT     saed32lvt_ss0p75v125c
                                                          5.082880  n
pipe_reg[0][1][10]        LATCHX1_LVT     saed32lvt_ss0p75v125c
                                                          5.082880  n
pipe_reg[0][1][11]        LATCHX1_LVT     saed32lvt_ss0p75v125c
                                                          5.082880  n
pipe_reg[0][1][12]        LATCHX1_LVT     saed32lvt_ss0p75v125c
                                                          5.082880  n
pipe_reg[0][1][13]        LATCHX1_LVT     saed32lvt_ss0p75v125c
                                                          5.082880  n
pipe_reg[0][1][14]        LATCHX1_LVT     saed32lvt_ss0p75v125c
                                                          5.082880  n
pipe_reg[0][1][15]        LATCHX1_LVT     saed32lvt_ss0p75v125c
                                                          5.082880  n
pipe_reg[0][1][16]        LATCHX1_LVT     saed32lvt_ss0p75v125c
                                                          5.082880  n
pipe_reg[0][1][17]        LATCHX1_LVT     saed32lvt_ss0p75v125c
                                                          5.082880  n
pipe_reg[0][1][18]        LATCHX1_LVT     saed32lvt_ss0p75v125c
                                                          5.082880  n
pipe_reg[0][1][19]        LATCHX1_LVT     saed32lvt_ss0p75v125c
                                                          5.082880  n
pipe_reg[0][2][0]         LATCHX1_LVT     saed32lvt_ss0p75v125c
                                                          5.082880  n
pipe_reg[0][2][1]         LATCHX1_LVT     saed32lvt_ss0p75v125c
                                                          5.082880  n
pipe_reg[0][2][2]         LATCHX1_LVT     saed32lvt_ss0p75v125c
                                                          5.082880  n
pipe_reg[0][2][3]         LATCHX1_LVT     saed32lvt_ss0p75v125c
                                                          5.082880  n
pipe_reg[0][2][4]         LATCHX1_LVT     saed32lvt_ss0p75v125c
                                                          5.082880  n
pipe_reg[0][2][5]         LATCHX1_LVT     saed32lvt_ss0p75v125c
                                                          5.082880  n
pipe_reg[0][2][6]         LATCHX1_LVT     saed32lvt_ss0p75v125c
                                                          5.082880  n
pipe_reg[0][2][7]         LATCHX1_LVT     saed32lvt_ss0p75v125c
                                                          5.082880  n
pipe_reg[0][2][8]         LATCHX1_LVT     saed32lvt_ss0p75v125c
                                                          5.082880  n
pipe_reg[0][2][9]         LATCHX1_LVT     saed32lvt_ss0p75v125c
                                                          5.082880  n
pipe_reg[0][2][10]        LATCHX1_LVT     saed32lvt_ss0p75v125c
                                                          5.082880  n
pipe_reg[0][2][11]        LATCHX1_LVT     saed32lvt_ss0p75v125c
                                                          5.082880  n
pipe_reg[0][2][12]        LATCHX1_LVT     saed32lvt_ss0p75v125c
                                                          5.082880  n
pipe_reg[0][2][13]        LATCHX1_LVT     saed32lvt_ss0p75v125c
                                                          5.082880  n
pipe_reg[0][2][14]        LATCHX1_LVT     saed32lvt_ss0p75v125c
                                                          5.082880  n
pipe_reg[0][2][15]        LATCHX1_LVT     saed32lvt_ss0p75v125c
                                                          5.082880  n
pipe_reg[0][2][16]        LATCHX1_LVT     saed32lvt_ss0p75v125c
                                                          5.082880  n
pipe_reg[0][2][17]        LATCHX1_LVT     saed32lvt_ss0p75v125c
                                                          5.082880  n
pipe_reg[0][2][18]        LATCHX1_LVT     saed32lvt_ss0p75v125c
                                                          5.082880  n
pipe_reg[0][2][19]        LATCHX1_LVT     saed32lvt_ss0p75v125c
                                                          5.082880  n
pipe_reg[1][0][0]         LATCHX1_LVT     saed32lvt_ss0p75v125c
                                                          5.082880  n
pipe_reg[1][0][1]         LATCHX1_LVT     saed32lvt_ss0p75v125c
                                                          5.082880  n
pipe_reg[1][0][2]         LATCHX1_LVT     saed32lvt_ss0p75v125c
                                                          5.082880  n
pipe_reg[1][0][3]         LATCHX1_LVT     saed32lvt_ss0p75v125c
                                                          5.082880  n
pipe_reg[1][0][4]         LATCHX1_LVT     saed32lvt_ss0p75v125c
                                                          5.082880  n
pipe_reg[1][0][5]         LATCHX1_LVT     saed32lvt_ss0p75v125c
                                                          5.082880  n
pipe_reg[1][0][6]         LATCHX1_LVT     saed32lvt_ss0p75v125c
                                                          5.082880  n
pipe_reg[1][0][7]         LATCHX1_LVT     saed32lvt_ss0p75v125c
                                                          5.082880  n
pipe_reg[1][0][8]         LATCHX1_LVT     saed32lvt_ss0p75v125c
                                                          5.082880  n
pipe_reg[1][0][9]         LATCHX1_LVT     saed32lvt_ss0p75v125c
                                                          5.082880  n
pipe_reg[1][0][10]        LATCHX1_LVT     saed32lvt_ss0p75v125c
                                                          5.082880  n
pipe_reg[1][0][11]        LATCHX1_LVT     saed32lvt_ss0p75v125c
                                                          5.082880  n
pipe_reg[1][0][12]        LATCHX1_LVT     saed32lvt_ss0p75v125c
                                                          5.082880  n
pipe_reg[1][0][13]        LATCHX1_LVT     saed32lvt_ss0p75v125c
                                                          5.082880  n
pipe_reg[1][0][14]        LATCHX1_LVT     saed32lvt_ss0p75v125c
                                                          5.082880  n
pipe_reg[1][0][15]        LATCHX1_LVT     saed32lvt_ss0p75v125c
                                                          5.082880  n
pipe_reg[1][0][16]        LATCHX1_LVT     saed32lvt_ss0p75v125c
                                                          5.082880  n
pipe_reg[1][0][17]        LATCHX1_LVT     saed32lvt_ss0p75v125c
                                                          5.082880  n
pipe_reg[1][0][18]        LATCHX1_LVT     saed32lvt_ss0p75v125c
                                                          5.082880  n
pipe_reg[1][0][19]        LATCHX1_LVT     saed32lvt_ss0p75v125c
                                                          5.082880  n
pipe_reg[1][1][0]         LATCHX1_LVT     saed32lvt_ss0p75v125c
                                                          5.082880  n
pipe_reg[1][1][1]         LATCHX1_LVT     saed32lvt_ss0p75v125c
                                                          5.082880  n
pipe_reg[1][1][2]         LATCHX1_LVT     saed32lvt_ss0p75v125c
                                                          5.082880  n
pipe_reg[1][1][3]         LATCHX1_LVT     saed32lvt_ss0p75v125c
                                                          5.082880  n
pipe_reg[1][1][4]         LATCHX1_LVT     saed32lvt_ss0p75v125c
                                                          5.082880  n
pipe_reg[1][1][5]         LATCHX1_LVT     saed32lvt_ss0p75v125c
                                                          5.082880  n
pipe_reg[1][1][6]         LATCHX1_LVT     saed32lvt_ss0p75v125c
                                                          5.082880  n
pipe_reg[1][1][7]         LATCHX1_LVT     saed32lvt_ss0p75v125c
                                                          5.082880  n
pipe_reg[1][1][8]         LATCHX1_LVT     saed32lvt_ss0p75v125c
                                                          5.082880  n
pipe_reg[1][1][9]         LATCHX1_LVT     saed32lvt_ss0p75v125c
                                                          5.082880  n
pipe_reg[1][1][10]        LATCHX1_LVT     saed32lvt_ss0p75v125c
                                                          5.082880  n
pipe_reg[1][1][11]        LATCHX1_LVT     saed32lvt_ss0p75v125c
                                                          5.082880  n
pipe_reg[1][1][12]        LATCHX1_LVT     saed32lvt_ss0p75v125c
                                                          5.082880  n
pipe_reg[1][1][13]        LATCHX1_LVT     saed32lvt_ss0p75v125c
                                                          5.082880  n
pipe_reg[1][1][14]        LATCHX1_LVT     saed32lvt_ss0p75v125c
                                                          5.082880  n
pipe_reg[1][1][15]        LATCHX1_LVT     saed32lvt_ss0p75v125c
                                                          5.082880  n
pipe_reg[1][1][16]        LATCHX1_LVT     saed32lvt_ss0p75v125c
                                                          5.082880  n
pipe_reg[1][1][17]        LATCHX1_LVT     saed32lvt_ss0p75v125c
                                                          5.082880  n
pipe_reg[1][1][18]        LATCHX1_LVT     saed32lvt_ss0p75v125c
                                                          5.082880  n
pipe_reg[1][1][19]        LATCHX1_LVT     saed32lvt_ss0p75v125c
                                                          5.082880  n
pipe_reg[1][2][0]         LATCHX1_LVT     saed32lvt_ss0p75v125c
                                                          5.082880  n
pipe_reg[1][2][1]         LATCHX1_LVT     saed32lvt_ss0p75v125c
                                                          5.082880  n
pipe_reg[1][2][2]         LATCHX1_LVT     saed32lvt_ss0p75v125c
                                                          5.082880  n
pipe_reg[1][2][3]         LATCHX1_LVT     saed32lvt_ss0p75v125c
                                                          5.082880  n
pipe_reg[1][2][4]         LATCHX1_LVT     saed32lvt_ss0p75v125c
                                                          5.082880  n
pipe_reg[1][2][5]         LATCHX1_LVT     saed32lvt_ss0p75v125c
                                                          5.082880  n
pipe_reg[1][2][6]         LATCHX1_LVT     saed32lvt_ss0p75v125c
                                                          5.082880  n
pipe_reg[1][2][7]         LATCHX1_LVT     saed32lvt_ss0p75v125c
                                                          5.082880  n
pipe_reg[1][2][8]         LATCHX1_LVT     saed32lvt_ss0p75v125c
                                                          5.082880  n
pipe_reg[1][2][9]         LATCHX1_LVT     saed32lvt_ss0p75v125c
                                                          5.082880  n
pipe_reg[1][2][10]        LATCHX1_LVT     saed32lvt_ss0p75v125c
                                                          5.082880  n
pipe_reg[1][2][11]        LATCHX1_LVT     saed32lvt_ss0p75v125c
                                                          5.082880  n
pipe_reg[1][2][12]        LATCHX1_LVT     saed32lvt_ss0p75v125c
                                                          5.082880  n
pipe_reg[1][2][13]        LATCHX1_LVT     saed32lvt_ss0p75v125c
                                                          5.082880  n
pipe_reg[1][2][14]        LATCHX1_LVT     saed32lvt_ss0p75v125c
                                                          5.082880  n
pipe_reg[1][2][15]        LATCHX1_LVT     saed32lvt_ss0p75v125c
                                                          5.082880  n
pipe_reg[1][2][16]        LATCHX1_LVT     saed32lvt_ss0p75v125c
                                                          5.082880  n
pipe_reg[1][2][17]        LATCHX1_LVT     saed32lvt_ss0p75v125c
                                                          5.082880  n
pipe_reg[1][2][18]        LATCHX1_LVT     saed32lvt_ss0p75v125c
                                                          5.082880  n
pipe_reg[1][2][19]        LATCHX1_LVT     saed32lvt_ss0p75v125c
                                                          5.082880  n
pipe_reg[2][0][0]         LATCHX1_LVT     saed32lvt_ss0p75v125c
                                                          5.082880  n
pipe_reg[2][0][1]         LATCHX1_LVT     saed32lvt_ss0p75v125c
                                                          5.082880  n
pipe_reg[2][0][2]         LATCHX1_LVT     saed32lvt_ss0p75v125c
                                                          5.082880  n
pipe_reg[2][0][3]         LATCHX1_LVT     saed32lvt_ss0p75v125c
                                                          5.082880  n
pipe_reg[2][0][4]         LATCHX1_LVT     saed32lvt_ss0p75v125c
                                                          5.082880  n
pipe_reg[2][0][5]         LATCHX1_LVT     saed32lvt_ss0p75v125c
                                                          5.082880  n
pipe_reg[2][0][6]         LATCHX1_LVT     saed32lvt_ss0p75v125c
                                                          5.082880  n
pipe_reg[2][0][7]         LATCHX1_LVT     saed32lvt_ss0p75v125c
                                                          5.082880  n
pipe_reg[2][0][8]         LATCHX1_LVT     saed32lvt_ss0p75v125c
                                                          5.082880  n
pipe_reg[2][0][9]         LATCHX1_LVT     saed32lvt_ss0p75v125c
                                                          5.082880  n
pipe_reg[2][0][10]        LATCHX1_LVT     saed32lvt_ss0p75v125c
                                                          5.082880  n
pipe_reg[2][0][11]        LATCHX1_LVT     saed32lvt_ss0p75v125c
                                                          5.082880  n
pipe_reg[2][0][12]        LATCHX1_LVT     saed32lvt_ss0p75v125c
                                                          5.082880  n
pipe_reg[2][0][13]        LATCHX1_LVT     saed32lvt_ss0p75v125c
                                                          5.082880  n
pipe_reg[2][0][14]        LATCHX1_LVT     saed32lvt_ss0p75v125c
                                                          5.082880  n
pipe_reg[2][0][15]        LATCHX1_LVT     saed32lvt_ss0p75v125c
                                                          5.082880  n
pipe_reg[2][0][16]        LATCHX1_LVT     saed32lvt_ss0p75v125c
                                                          5.082880  n
pipe_reg[2][0][17]        LATCHX1_LVT     saed32lvt_ss0p75v125c
                                                          5.082880  n
pipe_reg[2][0][18]        LATCHX1_LVT     saed32lvt_ss0p75v125c
                                                          5.082880  n
pipe_reg[2][0][19]        LATCHX1_LVT     saed32lvt_ss0p75v125c
                                                          5.082880  n
pipe_reg[2][1][0]         LATCHX1_LVT     saed32lvt_ss0p75v125c
                                                          5.082880  n
pipe_reg[2][1][1]         LATCHX1_LVT     saed32lvt_ss0p75v125c
                                                          5.082880  n
pipe_reg[2][1][2]         LATCHX1_LVT     saed32lvt_ss0p75v125c
                                                          5.082880  n
pipe_reg[2][1][3]         LATCHX1_LVT     saed32lvt_ss0p75v125c
                                                          5.082880  n
pipe_reg[2][1][4]         LATCHX1_LVT     saed32lvt_ss0p75v125c
                                                          5.082880  n
pipe_reg[2][1][5]         LATCHX1_LVT     saed32lvt_ss0p75v125c
                                                          5.082880  n
pipe_reg[2][1][6]         LATCHX1_LVT     saed32lvt_ss0p75v125c
                                                          5.082880  n
pipe_reg[2][1][7]         LATCHX1_LVT     saed32lvt_ss0p75v125c
                                                          5.082880  n
pipe_reg[2][1][8]         LATCHX1_LVT     saed32lvt_ss0p75v125c
                                                          5.082880  n
pipe_reg[2][1][9]         LATCHX1_LVT     saed32lvt_ss0p75v125c
                                                          5.082880  n
pipe_reg[2][1][10]        LATCHX1_LVT     saed32lvt_ss0p75v125c
                                                          5.082880  n
pipe_reg[2][1][11]        LATCHX1_LVT     saed32lvt_ss0p75v125c
                                                          5.082880  n
pipe_reg[2][1][12]        LATCHX1_LVT     saed32lvt_ss0p75v125c
                                                          5.082880  n
pipe_reg[2][1][13]        LATCHX1_LVT     saed32lvt_ss0p75v125c
                                                          5.082880  n
pipe_reg[2][1][14]        LATCHX1_LVT     saed32lvt_ss0p75v125c
                                                          5.082880  n
pipe_reg[2][1][15]        LATCHX1_LVT     saed32lvt_ss0p75v125c
                                                          5.082880  n
pipe_reg[2][1][16]        LATCHX1_LVT     saed32lvt_ss0p75v125c
                                                          5.082880  n
pipe_reg[2][1][17]        LATCHX1_LVT     saed32lvt_ss0p75v125c
                                                          5.082880  n
pipe_reg[2][1][18]        LATCHX1_LVT     saed32lvt_ss0p75v125c
                                                          5.082880  n
pipe_reg[2][1][19]        LATCHX1_LVT     saed32lvt_ss0p75v125c
                                                          5.082880  n
pipe_reg[2][2][0]         LATCHX1_LVT     saed32lvt_ss0p75v125c
                                                          5.082880  n
pipe_reg[2][2][1]         LATCHX1_LVT     saed32lvt_ss0p75v125c
                                                          5.082880  n
pipe_reg[2][2][2]         LATCHX1_LVT     saed32lvt_ss0p75v125c
                                                          5.082880  n
pipe_reg[2][2][3]         LATCHX1_LVT     saed32lvt_ss0p75v125c
                                                          5.082880  n
pipe_reg[2][2][4]         LATCHX1_LVT     saed32lvt_ss0p75v125c
                                                          5.082880  n
pipe_reg[2][2][5]         LATCHX1_LVT     saed32lvt_ss0p75v125c
                                                          5.082880  n
pipe_reg[2][2][6]         LATCHX1_LVT     saed32lvt_ss0p75v125c
                                                          5.082880  n
pipe_reg[2][2][7]         LATCHX1_LVT     saed32lvt_ss0p75v125c
                                                          5.082880  n
pipe_reg[2][2][8]         LATCHX1_LVT     saed32lvt_ss0p75v125c
                                                          5.082880  n
pipe_reg[2][2][9]         LATCHX1_LVT     saed32lvt_ss0p75v125c
                                                          5.082880  n
pipe_reg[2][2][10]        LATCHX1_LVT     saed32lvt_ss0p75v125c
                                                          5.082880  n
pipe_reg[2][2][11]        LATCHX1_LVT     saed32lvt_ss0p75v125c
                                                          5.082880  n
pipe_reg[2][2][12]        LATCHX1_LVT     saed32lvt_ss0p75v125c
                                                          5.082880  n
pipe_reg[2][2][13]        LATCHX1_LVT     saed32lvt_ss0p75v125c
                                                          5.082880  n
pipe_reg[2][2][14]        LATCHX1_LVT     saed32lvt_ss0p75v125c
                                                          5.082880  n
pipe_reg[2][2][15]        LATCHX1_LVT     saed32lvt_ss0p75v125c
                                                          5.082880  n
pipe_reg[2][2][16]        LATCHX1_LVT     saed32lvt_ss0p75v125c
                                                          5.082880  n
pipe_reg[2][2][17]        LATCHX1_LVT     saed32lvt_ss0p75v125c
                                                          5.082880  n
pipe_reg[2][2][18]        LATCHX1_LVT     saed32lvt_ss0p75v125c
                                                          5.082880  n
pipe_reg[2][2][19]        LATCHX1_LVT     saed32lvt_ss0p75v125c
                                                          5.082880  n
pipe_reg[3][0][0]         LATCHX1_LVT     saed32lvt_ss0p75v125c
                                                          5.082880  n
pipe_reg[3][0][1]         LATCHX1_LVT     saed32lvt_ss0p75v125c
                                                          5.082880  n
pipe_reg[3][0][2]         LATCHX1_LVT     saed32lvt_ss0p75v125c
                                                          5.082880  n
pipe_reg[3][0][3]         LATCHX1_LVT     saed32lvt_ss0p75v125c
                                                          5.082880  n
pipe_reg[3][0][4]         LATCHX1_LVT     saed32lvt_ss0p75v125c
                                                          5.082880  n
pipe_reg[3][0][5]         LATCHX1_LVT     saed32lvt_ss0p75v125c
                                                          5.082880  n
pipe_reg[3][0][6]         LATCHX1_LVT     saed32lvt_ss0p75v125c
                                                          5.082880  n
pipe_reg[3][0][7]         LATCHX1_LVT     saed32lvt_ss0p75v125c
                                                          5.082880  n
pipe_reg[3][0][8]         LATCHX1_LVT     saed32lvt_ss0p75v125c
                                                          5.082880  n
pipe_reg[3][0][9]         LATCHX1_LVT     saed32lvt_ss0p75v125c
                                                          5.082880  n
pipe_reg[3][0][10]        LATCHX1_LVT     saed32lvt_ss0p75v125c
                                                          5.082880  n
pipe_reg[3][0][11]        LATCHX1_LVT     saed32lvt_ss0p75v125c
                                                          5.082880  n
pipe_reg[3][0][12]        LATCHX1_LVT     saed32lvt_ss0p75v125c
                                                          5.082880  n
pipe_reg[3][0][13]        LATCHX1_LVT     saed32lvt_ss0p75v125c
                                                          5.082880  n
pipe_reg[3][0][14]        LATCHX1_LVT     saed32lvt_ss0p75v125c
                                                          5.082880  n
pipe_reg[3][0][15]        LATCHX1_LVT     saed32lvt_ss0p75v125c
                                                          5.082880  n
pipe_reg[3][0][16]        LATCHX1_LVT     saed32lvt_ss0p75v125c
                                                          5.082880  n
pipe_reg[3][0][17]        LATCHX1_LVT     saed32lvt_ss0p75v125c
                                                          5.082880  n
pipe_reg[3][0][18]        LATCHX1_LVT     saed32lvt_ss0p75v125c
                                                          5.082880  n
pipe_reg[3][0][19]        LATCHX1_LVT     saed32lvt_ss0p75v125c
                                                          5.082880  n
pipe_reg[3][1][0]         LATCHX1_LVT     saed32lvt_ss0p75v125c
                                                          5.082880  n
pipe_reg[3][1][1]         LATCHX1_LVT     saed32lvt_ss0p75v125c
                                                          5.082880  n
pipe_reg[3][1][2]         LATCHX1_LVT     saed32lvt_ss0p75v125c
                                                          5.082880  n
pipe_reg[3][1][3]         LATCHX1_LVT     saed32lvt_ss0p75v125c
                                                          5.082880  n
pipe_reg[3][1][4]         LATCHX1_LVT     saed32lvt_ss0p75v125c
                                                          5.082880  n
pipe_reg[3][1][5]         LATCHX1_LVT     saed32lvt_ss0p75v125c
                                                          5.082880  n
pipe_reg[3][1][6]         LATCHX1_LVT     saed32lvt_ss0p75v125c
                                                          5.082880  n
pipe_reg[3][1][7]         LATCHX1_LVT     saed32lvt_ss0p75v125c
                                                          5.082880  n
pipe_reg[3][1][8]         LATCHX1_LVT     saed32lvt_ss0p75v125c
                                                          5.082880  n
pipe_reg[3][1][9]         LATCHX1_LVT     saed32lvt_ss0p75v125c
                                                          5.082880  n
pipe_reg[3][1][10]        LATCHX1_LVT     saed32lvt_ss0p75v125c
                                                          5.082880  n
pipe_reg[3][1][11]        LATCHX1_LVT     saed32lvt_ss0p75v125c
                                                          5.082880  n
pipe_reg[3][1][12]        LATCHX1_LVT     saed32lvt_ss0p75v125c
                                                          5.082880  n
pipe_reg[3][1][13]        LATCHX1_LVT     saed32lvt_ss0p75v125c
                                                          5.082880  n
pipe_reg[3][1][14]        LATCHX1_LVT     saed32lvt_ss0p75v125c
                                                          5.082880  n
pipe_reg[3][1][15]        LATCHX1_LVT     saed32lvt_ss0p75v125c
                                                          5.082880  n
pipe_reg[3][1][16]        LATCHX1_LVT     saed32lvt_ss0p75v125c
                                                          5.082880  n
pipe_reg[3][1][17]        LATCHX1_LVT     saed32lvt_ss0p75v125c
                                                          5.082880  n
pipe_reg[3][1][18]        LATCHX1_LVT     saed32lvt_ss0p75v125c
                                                          5.082880  n
pipe_reg[3][1][19]        LATCHX1_LVT     saed32lvt_ss0p75v125c
                                                          5.082880  n
pipe_reg[3][2][0]         LATCHX1_LVT     saed32lvt_ss0p75v125c
                                                          5.082880  n
pipe_reg[3][2][1]         LATCHX1_LVT     saed32lvt_ss0p75v125c
                                                          5.082880  n
pipe_reg[3][2][2]         LATCHX1_LVT     saed32lvt_ss0p75v125c
                                                          5.082880  n
pipe_reg[3][2][3]         LATCHX1_LVT     saed32lvt_ss0p75v125c
                                                          5.082880  n
pipe_reg[3][2][4]         LATCHX1_LVT     saed32lvt_ss0p75v125c
                                                          5.082880  n
pipe_reg[3][2][5]         LATCHX1_LVT     saed32lvt_ss0p75v125c
                                                          5.082880  n
pipe_reg[3][2][6]         LATCHX1_LVT     saed32lvt_ss0p75v125c
                                                          5.082880  n
pipe_reg[3][2][7]         LATCHX1_LVT     saed32lvt_ss0p75v125c
                                                          5.082880  n
pipe_reg[3][2][8]         LATCHX1_LVT     saed32lvt_ss0p75v125c
                                                          5.082880  n
pipe_reg[3][2][9]         LATCHX1_LVT     saed32lvt_ss0p75v125c
                                                          5.082880  n
pipe_reg[3][2][10]        LATCHX1_LVT     saed32lvt_ss0p75v125c
                                                          5.082880  n
pipe_reg[3][2][11]        LATCHX1_LVT     saed32lvt_ss0p75v125c
                                                          5.082880  n
pipe_reg[3][2][12]        LATCHX1_LVT     saed32lvt_ss0p75v125c
                                                          5.082880  n
pipe_reg[3][2][13]        LATCHX1_LVT     saed32lvt_ss0p75v125c
                                                          5.082880  n
pipe_reg[3][2][14]        LATCHX1_LVT     saed32lvt_ss0p75v125c
                                                          5.082880  n
pipe_reg[3][2][15]        LATCHX1_LVT     saed32lvt_ss0p75v125c
                                                          5.082880  n
pipe_reg[3][2][16]        LATCHX1_LVT     saed32lvt_ss0p75v125c
                                                          5.082880  n
pipe_reg[3][2][17]        LATCHX1_LVT     saed32lvt_ss0p75v125c
                                                          5.082880  n
pipe_reg[3][2][18]        LATCHX1_LVT     saed32lvt_ss0p75v125c
                                                          5.082880  n
pipe_reg[3][2][19]        LATCHX1_LVT     saed32lvt_ss0p75v125c
                                                          5.082880  n
pipe_reg[4][0][0]         LATCHX1_LVT     saed32lvt_ss0p75v125c
                                                          5.082880  n
pipe_reg[4][0][1]         LATCHX1_LVT     saed32lvt_ss0p75v125c
                                                          5.082880  n
pipe_reg[4][0][2]         LATCHX1_LVT     saed32lvt_ss0p75v125c
                                                          5.082880  n
pipe_reg[4][0][3]         LATCHX1_LVT     saed32lvt_ss0p75v125c
                                                          5.082880  n
pipe_reg[4][0][4]         LATCHX1_LVT     saed32lvt_ss0p75v125c
                                                          5.082880  n
pipe_reg[4][0][5]         LATCHX1_LVT     saed32lvt_ss0p75v125c
                                                          5.082880  n
pipe_reg[4][0][6]         LATCHX1_LVT     saed32lvt_ss0p75v125c
                                                          5.082880  n
pipe_reg[4][0][7]         LATCHX1_LVT     saed32lvt_ss0p75v125c
                                                          5.082880  n
pipe_reg[4][0][8]         LATCHX1_LVT     saed32lvt_ss0p75v125c
                                                          5.082880  n
pipe_reg[4][0][9]         LATCHX1_LVT     saed32lvt_ss0p75v125c
                                                          5.082880  n
pipe_reg[4][0][10]        LATCHX1_LVT     saed32lvt_ss0p75v125c
                                                          5.082880  n
pipe_reg[4][0][11]        LATCHX1_LVT     saed32lvt_ss0p75v125c
                                                          5.082880  n
pipe_reg[4][0][12]        LATCHX1_LVT     saed32lvt_ss0p75v125c
                                                          5.082880  n
pipe_reg[4][0][13]        LATCHX1_LVT     saed32lvt_ss0p75v125c
                                                          5.082880  n
pipe_reg[4][0][14]        LATCHX1_LVT     saed32lvt_ss0p75v125c
                                                          5.082880  n
pipe_reg[4][0][15]        LATCHX1_LVT     saed32lvt_ss0p75v125c
                                                          5.082880  n
pipe_reg[4][0][16]        LATCHX1_LVT     saed32lvt_ss0p75v125c
                                                          5.082880  n
pipe_reg[4][0][17]        LATCHX1_LVT     saed32lvt_ss0p75v125c
                                                          5.082880  n
pipe_reg[4][0][18]        LATCHX1_LVT     saed32lvt_ss0p75v125c
                                                          5.082880  n
pipe_reg[4][0][19]        LATCHX1_LVT     saed32lvt_ss0p75v125c
                                                          5.082880  n
pipe_reg[4][1][0]         LATCHX1_LVT     saed32lvt_ss0p75v125c
                                                          5.082880  n
pipe_reg[4][1][1]         LATCHX1_LVT     saed32lvt_ss0p75v125c
                                                          5.082880  n
pipe_reg[4][1][2]         LATCHX1_LVT     saed32lvt_ss0p75v125c
                                                          5.082880  n
pipe_reg[4][1][3]         LATCHX1_LVT     saed32lvt_ss0p75v125c
                                                          5.082880  n
pipe_reg[4][1][4]         LATCHX1_LVT     saed32lvt_ss0p75v125c
                                                          5.082880  n
pipe_reg[4][1][5]         LATCHX1_LVT     saed32lvt_ss0p75v125c
                                                          5.082880  n
pipe_reg[4][1][6]         LATCHX1_LVT     saed32lvt_ss0p75v125c
                                                          5.082880  n
pipe_reg[4][1][7]         LATCHX1_LVT     saed32lvt_ss0p75v125c
                                                          5.082880  n
pipe_reg[4][1][8]         LATCHX1_LVT     saed32lvt_ss0p75v125c
                                                          5.082880  n
pipe_reg[4][1][9]         LATCHX1_LVT     saed32lvt_ss0p75v125c
                                                          5.082880  n
pipe_reg[4][1][10]        LATCHX1_LVT     saed32lvt_ss0p75v125c
                                                          5.082880  n
pipe_reg[4][1][11]        LATCHX1_LVT     saed32lvt_ss0p75v125c
                                                          5.082880  n
pipe_reg[4][1][12]        LATCHX1_LVT     saed32lvt_ss0p75v125c
                                                          5.082880  n
pipe_reg[4][1][13]        LATCHX1_LVT     saed32lvt_ss0p75v125c
                                                          5.082880  n
pipe_reg[4][1][14]        LATCHX1_LVT     saed32lvt_ss0p75v125c
                                                          5.082880  n
pipe_reg[4][1][15]        LATCHX1_LVT     saed32lvt_ss0p75v125c
                                                          5.082880  n
pipe_reg[4][1][16]        LATCHX1_LVT     saed32lvt_ss0p75v125c
                                                          5.082880  n
pipe_reg[4][1][17]        LATCHX1_LVT     saed32lvt_ss0p75v125c
                                                          5.082880  n
pipe_reg[4][1][18]        LATCHX1_LVT     saed32lvt_ss0p75v125c
                                                          5.082880  n
pipe_reg[4][1][19]        LATCHX1_LVT     saed32lvt_ss0p75v125c
                                                          5.082880  n
pipe_reg[4][2][0]         LATCHX1_LVT     saed32lvt_ss0p75v125c
                                                          5.082880  n
pipe_reg[4][2][1]         LATCHX1_LVT     saed32lvt_ss0p75v125c
                                                          5.082880  n
pipe_reg[4][2][2]         LATCHX1_LVT     saed32lvt_ss0p75v125c
                                                          5.082880  n
pipe_reg[4][2][3]         LATCHX1_LVT     saed32lvt_ss0p75v125c
                                                          5.082880  n
pipe_reg[4][2][4]         LATCHX1_LVT     saed32lvt_ss0p75v125c
                                                          5.082880  n
pipe_reg[4][2][5]         LATCHX1_LVT     saed32lvt_ss0p75v125c
                                                          5.082880  n
pipe_reg[4][2][6]         LATCHX1_LVT     saed32lvt_ss0p75v125c
                                                          5.082880  n
pipe_reg[4][2][7]         LATCHX1_LVT     saed32lvt_ss0p75v125c
                                                          5.082880  n
pipe_reg[4][2][8]         LATCHX1_LVT     saed32lvt_ss0p75v125c
                                                          5.082880  n
pipe_reg[4][2][9]         LATCHX1_LVT     saed32lvt_ss0p75v125c
                                                          5.082880  n
pipe_reg[4][2][10]        LATCHX1_LVT     saed32lvt_ss0p75v125c
                                                          5.082880  n
pipe_reg[4][2][11]        LATCHX1_LVT     saed32lvt_ss0p75v125c
                                                          5.082880  n
pipe_reg[4][2][12]        LATCHX1_LVT     saed32lvt_ss0p75v125c
                                                          5.082880  n
pipe_reg[4][2][13]        LATCHX1_LVT     saed32lvt_ss0p75v125c
                                                          5.082880  n
pipe_reg[4][2][14]        LATCHX1_LVT     saed32lvt_ss0p75v125c
                                                          5.082880  n
pipe_reg[4][2][15]        LATCHX1_LVT     saed32lvt_ss0p75v125c
                                                          5.082880  n
pipe_reg[4][2][16]        LATCHX1_LVT     saed32lvt_ss0p75v125c
                                                          5.082880  n
pipe_reg[4][2][17]        LATCHX1_LVT     saed32lvt_ss0p75v125c
                                                          5.082880  n
pipe_reg[4][2][18]        LATCHX1_LVT     saed32lvt_ss0p75v125c
                                                          5.082880  n
pipe_reg[4][2][19]        LATCHX1_LVT     saed32lvt_ss0p75v125c
                                                          5.082880  n
pipe_reg[5][0][0]         LATCHX1_LVT     saed32lvt_ss0p75v125c
                                                          5.082880  n
pipe_reg[5][0][1]         LATCHX1_LVT     saed32lvt_ss0p75v125c
                                                          5.082880  n
pipe_reg[5][0][2]         LATCHX1_LVT     saed32lvt_ss0p75v125c
                                                          5.082880  n
pipe_reg[5][0][3]         LATCHX1_LVT     saed32lvt_ss0p75v125c
                                                          5.082880  n
pipe_reg[5][0][4]         LATCHX1_LVT     saed32lvt_ss0p75v125c
                                                          5.082880  n
pipe_reg[5][0][5]         LATCHX1_LVT     saed32lvt_ss0p75v125c
                                                          5.082880  n
pipe_reg[5][0][6]         LATCHX1_LVT     saed32lvt_ss0p75v125c
                                                          5.082880  n
pipe_reg[5][0][7]         LATCHX1_LVT     saed32lvt_ss0p75v125c
                                                          5.082880  n
pipe_reg[5][0][8]         LATCHX1_LVT     saed32lvt_ss0p75v125c
                                                          5.082880  n
pipe_reg[5][0][9]         LATCHX1_LVT     saed32lvt_ss0p75v125c
                                                          5.082880  n
pipe_reg[5][0][10]        LATCHX1_LVT     saed32lvt_ss0p75v125c
                                                          5.082880  n
pipe_reg[5][0][11]        LATCHX1_LVT     saed32lvt_ss0p75v125c
                                                          5.082880  n
pipe_reg[5][0][12]        LATCHX1_LVT     saed32lvt_ss0p75v125c
                                                          5.082880  n
pipe_reg[5][0][13]        LATCHX1_LVT     saed32lvt_ss0p75v125c
                                                          5.082880  n
pipe_reg[5][0][14]        LATCHX1_LVT     saed32lvt_ss0p75v125c
                                                          5.082880  n
pipe_reg[5][0][15]        LATCHX1_LVT     saed32lvt_ss0p75v125c
                                                          5.082880  n
pipe_reg[5][0][16]        LATCHX1_LVT     saed32lvt_ss0p75v125c
                                                          5.082880  n
pipe_reg[5][0][17]        LATCHX1_LVT     saed32lvt_ss0p75v125c
                                                          5.082880  n
pipe_reg[5][0][18]        LATCHX1_LVT     saed32lvt_ss0p75v125c
                                                          5.082880  n
pipe_reg[5][0][19]        LATCHX1_LVT     saed32lvt_ss0p75v125c
                                                          5.082880  n
pipe_reg[5][1][0]         LATCHX1_LVT     saed32lvt_ss0p75v125c
                                                          5.082880  n
pipe_reg[5][1][1]         LATCHX1_LVT     saed32lvt_ss0p75v125c
                                                          5.082880  n
pipe_reg[5][1][2]         LATCHX1_LVT     saed32lvt_ss0p75v125c
                                                          5.082880  n
pipe_reg[5][1][3]         LATCHX1_LVT     saed32lvt_ss0p75v125c
                                                          5.082880  n
pipe_reg[5][1][4]         LATCHX1_LVT     saed32lvt_ss0p75v125c
                                                          5.082880  n
pipe_reg[5][1][5]         LATCHX1_LVT     saed32lvt_ss0p75v125c
                                                          5.082880  n
pipe_reg[5][1][6]         LATCHX1_LVT     saed32lvt_ss0p75v125c
                                                          5.082880  n
pipe_reg[5][1][7]         LATCHX1_LVT     saed32lvt_ss0p75v125c
                                                          5.082880  n
pipe_reg[5][1][8]         LATCHX1_LVT     saed32lvt_ss0p75v125c
                                                          5.082880  n
pipe_reg[5][1][9]         LATCHX1_LVT     saed32lvt_ss0p75v125c
                                                          5.082880  n
pipe_reg[5][1][10]        LATCHX1_LVT     saed32lvt_ss0p75v125c
                                                          5.082880  n
pipe_reg[5][1][11]        LATCHX1_LVT     saed32lvt_ss0p75v125c
                                                          5.082880  n
pipe_reg[5][1][12]        LATCHX1_LVT     saed32lvt_ss0p75v125c
                                                          5.082880  n
pipe_reg[5][1][13]        LATCHX1_LVT     saed32lvt_ss0p75v125c
                                                          5.082880  n
pipe_reg[5][1][14]        LATCHX1_LVT     saed32lvt_ss0p75v125c
                                                          5.082880  n
pipe_reg[5][1][15]        LATCHX1_LVT     saed32lvt_ss0p75v125c
                                                          5.082880  n
pipe_reg[5][1][16]        LATCHX1_LVT     saed32lvt_ss0p75v125c
                                                          5.082880  n
pipe_reg[5][1][17]        LATCHX1_LVT     saed32lvt_ss0p75v125c
                                                          5.082880  n
pipe_reg[5][1][18]        LATCHX1_LVT     saed32lvt_ss0p75v125c
                                                          5.082880  n
pipe_reg[5][1][19]        LATCHX1_LVT     saed32lvt_ss0p75v125c
                                                          5.082880  n
pipe_reg[5][2][0]         LATCHX1_LVT     saed32lvt_ss0p75v125c
                                                          5.082880  n
pipe_reg[5][2][1]         LATCHX1_LVT     saed32lvt_ss0p75v125c
                                                          5.082880  n
pipe_reg[5][2][2]         LATCHX1_LVT     saed32lvt_ss0p75v125c
                                                          5.082880  n
pipe_reg[5][2][3]         LATCHX1_LVT     saed32lvt_ss0p75v125c
                                                          5.082880  n
pipe_reg[5][2][4]         LATCHX1_LVT     saed32lvt_ss0p75v125c
                                                          5.082880  n
pipe_reg[5][2][5]         LATCHX1_LVT     saed32lvt_ss0p75v125c
                                                          5.082880  n
pipe_reg[5][2][6]         LATCHX1_LVT     saed32lvt_ss0p75v125c
                                                          5.082880  n
pipe_reg[5][2][7]         LATCHX1_LVT     saed32lvt_ss0p75v125c
                                                          5.082880  n
pipe_reg[5][2][8]         LATCHX1_LVT     saed32lvt_ss0p75v125c
                                                          5.082880  n
pipe_reg[5][2][9]         LATCHX1_LVT     saed32lvt_ss0p75v125c
                                                          5.082880  n
pipe_reg[5][2][10]        LATCHX1_LVT     saed32lvt_ss0p75v125c
                                                          5.082880  n
pipe_reg[5][2][11]        LATCHX1_LVT     saed32lvt_ss0p75v125c
                                                          5.082880  n
pipe_reg[5][2][12]        LATCHX1_LVT     saed32lvt_ss0p75v125c
                                                          5.082880  n
pipe_reg[5][2][13]        LATCHX1_LVT     saed32lvt_ss0p75v125c
                                                          5.082880  n
pipe_reg[5][2][14]        LATCHX1_LVT     saed32lvt_ss0p75v125c
                                                          5.082880  n
pipe_reg[5][2][15]        LATCHX1_LVT     saed32lvt_ss0p75v125c
                                                          5.082880  n
pipe_reg[5][2][16]        LATCHX1_LVT     saed32lvt_ss0p75v125c
                                                          5.082880  n
pipe_reg[5][2][17]        LATCHX1_LVT     saed32lvt_ss0p75v125c
                                                          5.082880  n
pipe_reg[5][2][18]        LATCHX1_LVT     saed32lvt_ss0p75v125c
                                                          5.082880  n
pipe_reg[5][2][19]        LATCHX1_LVT     saed32lvt_ss0p75v125c
                                                          5.082880  n
pipe_reg[6][0][0]         LATCHX1_LVT     saed32lvt_ss0p75v125c
                                                          5.082880  n
pipe_reg[6][0][1]         LATCHX1_LVT     saed32lvt_ss0p75v125c
                                                          5.082880  n
pipe_reg[6][0][2]         LATCHX1_LVT     saed32lvt_ss0p75v125c
                                                          5.082880  n
pipe_reg[6][0][3]         LATCHX1_LVT     saed32lvt_ss0p75v125c
                                                          5.082880  n
pipe_reg[6][0][4]         LATCHX1_LVT     saed32lvt_ss0p75v125c
                                                          5.082880  n
pipe_reg[6][0][5]         LATCHX1_LVT     saed32lvt_ss0p75v125c
                                                          5.082880  n
pipe_reg[6][0][6]         LATCHX1_LVT     saed32lvt_ss0p75v125c
                                                          5.082880  n
pipe_reg[6][0][7]         LATCHX1_LVT     saed32lvt_ss0p75v125c
                                                          5.082880  n
pipe_reg[6][0][8]         LATCHX1_LVT     saed32lvt_ss0p75v125c
                                                          5.082880  n
pipe_reg[6][0][9]         LATCHX1_LVT     saed32lvt_ss0p75v125c
                                                          5.082880  n
pipe_reg[6][0][10]        LATCHX1_LVT     saed32lvt_ss0p75v125c
                                                          5.082880  n
pipe_reg[6][0][11]        LATCHX1_LVT     saed32lvt_ss0p75v125c
                                                          5.082880  n
pipe_reg[6][0][12]        LATCHX1_LVT     saed32lvt_ss0p75v125c
                                                          5.082880  n
pipe_reg[6][0][13]        LATCHX1_LVT     saed32lvt_ss0p75v125c
                                                          5.082880  n
pipe_reg[6][0][14]        LATCHX1_LVT     saed32lvt_ss0p75v125c
                                                          5.082880  n
pipe_reg[6][0][15]        LATCHX1_LVT     saed32lvt_ss0p75v125c
                                                          5.082880  n
pipe_reg[6][0][16]        LATCHX1_LVT     saed32lvt_ss0p75v125c
                                                          5.082880  n
pipe_reg[6][0][17]        LATCHX1_LVT     saed32lvt_ss0p75v125c
                                                          5.082880  n
pipe_reg[6][0][18]        LATCHX1_LVT     saed32lvt_ss0p75v125c
                                                          5.082880  n
pipe_reg[6][0][19]        LATCHX1_LVT     saed32lvt_ss0p75v125c
                                                          5.082880  n
pipe_reg[6][1][0]         LATCHX1_LVT     saed32lvt_ss0p75v125c
                                                          5.082880  n
pipe_reg[6][1][1]         LATCHX1_LVT     saed32lvt_ss0p75v125c
                                                          5.082880  n
pipe_reg[6][1][2]         LATCHX1_LVT     saed32lvt_ss0p75v125c
                                                          5.082880  n
pipe_reg[6][1][3]         LATCHX1_LVT     saed32lvt_ss0p75v125c
                                                          5.082880  n
pipe_reg[6][1][4]         LATCHX1_LVT     saed32lvt_ss0p75v125c
                                                          5.082880  n
pipe_reg[6][1][5]         LATCHX1_LVT     saed32lvt_ss0p75v125c
                                                          5.082880  n
pipe_reg[6][1][6]         LATCHX1_LVT     saed32lvt_ss0p75v125c
                                                          5.082880  n
pipe_reg[6][1][7]         LATCHX1_LVT     saed32lvt_ss0p75v125c
                                                          5.082880  n
pipe_reg[6][1][8]         LATCHX1_LVT     saed32lvt_ss0p75v125c
                                                          5.082880  n
pipe_reg[6][1][9]         LATCHX1_LVT     saed32lvt_ss0p75v125c
                                                          5.082880  n
pipe_reg[6][1][10]        LATCHX1_LVT     saed32lvt_ss0p75v125c
                                                          5.082880  n
pipe_reg[6][1][11]        LATCHX1_LVT     saed32lvt_ss0p75v125c
                                                          5.082880  n
pipe_reg[6][1][12]        LATCHX1_LVT     saed32lvt_ss0p75v125c
                                                          5.082880  n
pipe_reg[6][1][13]        LATCHX1_LVT     saed32lvt_ss0p75v125c
                                                          5.082880  n
pipe_reg[6][1][14]        LATCHX1_LVT     saed32lvt_ss0p75v125c
                                                          5.082880  n
pipe_reg[6][1][15]        LATCHX1_LVT     saed32lvt_ss0p75v125c
                                                          5.082880  n
pipe_reg[6][1][16]        LATCHX1_LVT     saed32lvt_ss0p75v125c
                                                          5.082880  n
pipe_reg[6][1][17]        LATCHX1_LVT     saed32lvt_ss0p75v125c
                                                          5.082880  n
pipe_reg[6][1][18]        LATCHX1_LVT     saed32lvt_ss0p75v125c
                                                          5.082880  n
pipe_reg[6][1][19]        LATCHX1_LVT     saed32lvt_ss0p75v125c
                                                          5.082880  n
pipe_reg[6][2][0]         LATCHX1_LVT     saed32lvt_ss0p75v125c
                                                          5.082880  n
pipe_reg[6][2][1]         LATCHX1_LVT     saed32lvt_ss0p75v125c
                                                          5.082880  n
pipe_reg[6][2][2]         LATCHX1_LVT     saed32lvt_ss0p75v125c
                                                          5.082880  n
pipe_reg[6][2][3]         LATCHX1_LVT     saed32lvt_ss0p75v125c
                                                          5.082880  n
pipe_reg[6][2][4]         LATCHX1_LVT     saed32lvt_ss0p75v125c
                                                          5.082880  n
pipe_reg[6][2][5]         LATCHX1_LVT     saed32lvt_ss0p75v125c
                                                          5.082880  n
pipe_reg[6][2][6]         LATCHX1_LVT     saed32lvt_ss0p75v125c
                                                          5.082880  n
pipe_reg[6][2][7]         LATCHX1_LVT     saed32lvt_ss0p75v125c
                                                          5.082880  n
pipe_reg[6][2][8]         LATCHX1_LVT     saed32lvt_ss0p75v125c
                                                          5.082880  n
pipe_reg[6][2][9]         LATCHX1_LVT     saed32lvt_ss0p75v125c
                                                          5.082880  n
pipe_reg[6][2][10]        LATCHX1_LVT     saed32lvt_ss0p75v125c
                                                          5.082880  n
pipe_reg[6][2][11]        LATCHX1_LVT     saed32lvt_ss0p75v125c
                                                          5.082880  n
pipe_reg[6][2][12]        LATCHX1_LVT     saed32lvt_ss0p75v125c
                                                          5.082880  n
pipe_reg[6][2][13]        LATCHX1_LVT     saed32lvt_ss0p75v125c
                                                          5.082880  n
pipe_reg[6][2][14]        LATCHX1_LVT     saed32lvt_ss0p75v125c
                                                          5.082880  n
pipe_reg[6][2][15]        LATCHX1_LVT     saed32lvt_ss0p75v125c
                                                          5.082880  n
pipe_reg[6][2][16]        LATCHX1_LVT     saed32lvt_ss0p75v125c
                                                          5.082880  n
pipe_reg[6][2][17]        LATCHX1_LVT     saed32lvt_ss0p75v125c
                                                          5.082880  n
pipe_reg[6][2][18]        LATCHX1_LVT     saed32lvt_ss0p75v125c
                                                          5.082880  n
pipe_reg[6][2][19]        LATCHX1_LVT     saed32lvt_ss0p75v125c
                                                          5.082880  n
pipe_reg[7][0][0]         LATCHX1_LVT     saed32lvt_ss0p75v125c
                                                          5.082880  n
pipe_reg[7][0][1]         LATCHX1_LVT     saed32lvt_ss0p75v125c
                                                          5.082880  n
pipe_reg[7][0][2]         LATCHX1_LVT     saed32lvt_ss0p75v125c
                                                          5.082880  n
pipe_reg[7][0][3]         LATCHX1_LVT     saed32lvt_ss0p75v125c
                                                          5.082880  n
pipe_reg[7][0][4]         LATCHX1_LVT     saed32lvt_ss0p75v125c
                                                          5.082880  n
pipe_reg[7][0][5]         LATCHX1_LVT     saed32lvt_ss0p75v125c
                                                          5.082880  n
pipe_reg[7][0][6]         LATCHX1_LVT     saed32lvt_ss0p75v125c
                                                          5.082880  n
pipe_reg[7][0][7]         LATCHX1_LVT     saed32lvt_ss0p75v125c
                                                          5.082880  n
pipe_reg[7][0][8]         LATCHX1_LVT     saed32lvt_ss0p75v125c
                                                          5.082880  n
pipe_reg[7][0][9]         LATCHX1_LVT     saed32lvt_ss0p75v125c
                                                          5.082880  n
pipe_reg[7][0][10]        LATCHX1_LVT     saed32lvt_ss0p75v125c
                                                          5.082880  n
pipe_reg[7][0][11]        LATCHX1_LVT     saed32lvt_ss0p75v125c
                                                          5.082880  n
pipe_reg[7][0][12]        LATCHX1_LVT     saed32lvt_ss0p75v125c
                                                          5.082880  n
pipe_reg[7][0][13]        LATCHX1_LVT     saed32lvt_ss0p75v125c
                                                          5.082880  n
pipe_reg[7][0][14]        LATCHX1_LVT     saed32lvt_ss0p75v125c
                                                          5.082880  n
pipe_reg[7][0][15]        LATCHX1_LVT     saed32lvt_ss0p75v125c
                                                          5.082880  n
pipe_reg[7][0][16]        LATCHX1_LVT     saed32lvt_ss0p75v125c
                                                          5.082880  n
pipe_reg[7][0][17]        LATCHX1_LVT     saed32lvt_ss0p75v125c
                                                          5.082880  n
pipe_reg[7][0][18]        LATCHX1_LVT     saed32lvt_ss0p75v125c
                                                          5.082880  n
pipe_reg[7][0][19]        LATCHX1_LVT     saed32lvt_ss0p75v125c
                                                          5.082880  n
pipe_reg[7][1][0]         LATCHX1_LVT     saed32lvt_ss0p75v125c
                                                          5.082880  n
pipe_reg[7][1][1]         LATCHX1_LVT     saed32lvt_ss0p75v125c
                                                          5.082880  n
pipe_reg[7][1][2]         LATCHX1_LVT     saed32lvt_ss0p75v125c
                                                          5.082880  n
pipe_reg[7][1][3]         LATCHX1_LVT     saed32lvt_ss0p75v125c
                                                          5.082880  n
pipe_reg[7][1][4]         LATCHX1_LVT     saed32lvt_ss0p75v125c
                                                          5.082880  n
pipe_reg[7][1][5]         LATCHX1_LVT     saed32lvt_ss0p75v125c
                                                          5.082880  n
pipe_reg[7][1][6]         LATCHX1_LVT     saed32lvt_ss0p75v125c
                                                          5.082880  n
pipe_reg[7][1][7]         LATCHX1_LVT     saed32lvt_ss0p75v125c
                                                          5.082880  n
pipe_reg[7][1][8]         LATCHX1_LVT     saed32lvt_ss0p75v125c
                                                          5.082880  n
pipe_reg[7][1][9]         LATCHX1_LVT     saed32lvt_ss0p75v125c
                                                          5.082880  n
pipe_reg[7][1][10]        LATCHX1_LVT     saed32lvt_ss0p75v125c
                                                          5.082880  n
pipe_reg[7][1][11]        LATCHX1_LVT     saed32lvt_ss0p75v125c
                                                          5.082880  n
pipe_reg[7][1][12]        LATCHX1_LVT     saed32lvt_ss0p75v125c
                                                          5.082880  n
pipe_reg[7][1][13]        LATCHX1_LVT     saed32lvt_ss0p75v125c
                                                          5.082880  n
pipe_reg[7][1][14]        LATCHX1_LVT     saed32lvt_ss0p75v125c
                                                          5.082880  n
pipe_reg[7][1][15]        LATCHX1_LVT     saed32lvt_ss0p75v125c
                                                          5.082880  n
pipe_reg[7][1][16]        LATCHX1_LVT     saed32lvt_ss0p75v125c
                                                          5.082880  n
pipe_reg[7][1][17]        LATCHX1_LVT     saed32lvt_ss0p75v125c
                                                          5.082880  n
pipe_reg[7][1][18]        LATCHX1_LVT     saed32lvt_ss0p75v125c
                                                          5.082880  n
pipe_reg[7][1][19]        LATCHX1_LVT     saed32lvt_ss0p75v125c
                                                          5.082880  n
pipe_reg[7][2][0]         LATCHX1_LVT     saed32lvt_ss0p75v125c
                                                          5.082880  n
pipe_reg[7][2][1]         LATCHX1_LVT     saed32lvt_ss0p75v125c
                                                          5.082880  n
pipe_reg[7][2][2]         LATCHX1_LVT     saed32lvt_ss0p75v125c
                                                          5.082880  n
pipe_reg[7][2][3]         LATCHX1_LVT     saed32lvt_ss0p75v125c
                                                          5.082880  n
pipe_reg[7][2][4]         LATCHX1_LVT     saed32lvt_ss0p75v125c
                                                          5.082880  n
pipe_reg[7][2][5]         LATCHX1_LVT     saed32lvt_ss0p75v125c
                                                          5.082880  n
pipe_reg[7][2][6]         LATCHX1_LVT     saed32lvt_ss0p75v125c
                                                          5.082880  n
pipe_reg[7][2][7]         LATCHX1_LVT     saed32lvt_ss0p75v125c
                                                          5.082880  n
pipe_reg[7][2][8]         LATCHX1_LVT     saed32lvt_ss0p75v125c
                                                          5.082880  n
pipe_reg[7][2][9]         LATCHX1_LVT     saed32lvt_ss0p75v125c
                                                          5.082880  n
pipe_reg[7][2][10]        LATCHX1_LVT     saed32lvt_ss0p75v125c
                                                          5.082880  n
pipe_reg[7][2][11]        LATCHX1_LVT     saed32lvt_ss0p75v125c
                                                          5.082880  n
pipe_reg[7][2][12]        LATCHX1_LVT     saed32lvt_ss0p75v125c
                                                          5.082880  n
pipe_reg[7][2][13]        LATCHX1_LVT     saed32lvt_ss0p75v125c
                                                          5.082880  n
pipe_reg[7][2][14]        LATCHX1_LVT     saed32lvt_ss0p75v125c
                                                          5.082880  n
pipe_reg[7][2][15]        LATCHX1_LVT     saed32lvt_ss0p75v125c
                                                          5.082880  n
pipe_reg[7][2][16]        LATCHX1_LVT     saed32lvt_ss0p75v125c
                                                          5.082880  n
pipe_reg[7][2][17]        LATCHX1_LVT     saed32lvt_ss0p75v125c
                                                          5.082880  n
pipe_reg[7][2][18]        LATCHX1_LVT     saed32lvt_ss0p75v125c
                                                          5.082880  n
pipe_reg[7][2][19]        LATCHX1_LVT     saed32lvt_ss0p75v125c
                                                          5.082880  n
pipe_reg[8][0][0]         LATCHX1_LVT     saed32lvt_ss0p75v125c
                                                          5.082880  n
pipe_reg[8][0][1]         LATCHX1_LVT     saed32lvt_ss0p75v125c
                                                          5.082880  n
pipe_reg[8][0][2]         LATCHX1_LVT     saed32lvt_ss0p75v125c
                                                          5.082880  n
pipe_reg[8][0][3]         LATCHX1_LVT     saed32lvt_ss0p75v125c
                                                          5.082880  n
pipe_reg[8][0][4]         LATCHX1_LVT     saed32lvt_ss0p75v125c
                                                          5.082880  n
pipe_reg[8][0][5]         LATCHX1_LVT     saed32lvt_ss0p75v125c
                                                          5.082880  n
pipe_reg[8][0][6]         LATCHX1_LVT     saed32lvt_ss0p75v125c
                                                          5.082880  n
pipe_reg[8][0][7]         LATCHX1_LVT     saed32lvt_ss0p75v125c
                                                          5.082880  n
pipe_reg[8][0][8]         LATCHX1_LVT     saed32lvt_ss0p75v125c
                                                          5.082880  n
pipe_reg[8][0][9]         LATCHX1_LVT     saed32lvt_ss0p75v125c
                                                          5.082880  n
pipe_reg[8][0][10]        LATCHX1_LVT     saed32lvt_ss0p75v125c
                                                          5.082880  n
pipe_reg[8][0][11]        LATCHX1_LVT     saed32lvt_ss0p75v125c
                                                          5.082880  n
pipe_reg[8][0][12]        LATCHX1_LVT     saed32lvt_ss0p75v125c
                                                          5.082880  n
pipe_reg[8][0][13]        LATCHX1_LVT     saed32lvt_ss0p75v125c
                                                          5.082880  n
pipe_reg[8][0][14]        LATCHX1_LVT     saed32lvt_ss0p75v125c
                                                          5.082880  n
pipe_reg[8][0][15]        LATCHX1_LVT     saed32lvt_ss0p75v125c
                                                          5.082880  n
pipe_reg[8][0][16]        LATCHX1_LVT     saed32lvt_ss0p75v125c
                                                          5.082880  n
pipe_reg[8][0][17]        LATCHX1_LVT     saed32lvt_ss0p75v125c
                                                          5.082880  n
pipe_reg[8][0][18]        LATCHX1_LVT     saed32lvt_ss0p75v125c
                                                          5.082880  n
pipe_reg[8][0][19]        LATCHX1_LVT     saed32lvt_ss0p75v125c
                                                          5.082880  n
pipe_reg[8][1][0]         LATCHX1_LVT     saed32lvt_ss0p75v125c
                                                          5.082880  n
pipe_reg[8][1][1]         LATCHX1_LVT     saed32lvt_ss0p75v125c
                                                          5.082880  n
pipe_reg[8][1][2]         LATCHX1_LVT     saed32lvt_ss0p75v125c
                                                          5.082880  n
pipe_reg[8][1][3]         LATCHX1_LVT     saed32lvt_ss0p75v125c
                                                          5.082880  n
pipe_reg[8][1][4]         LATCHX1_LVT     saed32lvt_ss0p75v125c
                                                          5.082880  n
pipe_reg[8][1][5]         LATCHX1_LVT     saed32lvt_ss0p75v125c
                                                          5.082880  n
pipe_reg[8][1][6]         LATCHX1_LVT     saed32lvt_ss0p75v125c
                                                          5.082880  n
pipe_reg[8][1][7]         LATCHX1_LVT     saed32lvt_ss0p75v125c
                                                          5.082880  n
pipe_reg[8][1][8]         LATCHX1_LVT     saed32lvt_ss0p75v125c
                                                          5.082880  n
pipe_reg[8][1][9]         LATCHX1_LVT     saed32lvt_ss0p75v125c
                                                          5.082880  n
pipe_reg[8][1][10]        LATCHX1_LVT     saed32lvt_ss0p75v125c
                                                          5.082880  n
pipe_reg[8][1][11]        LATCHX1_LVT     saed32lvt_ss0p75v125c
                                                          5.082880  n
pipe_reg[8][1][12]        LATCHX1_LVT     saed32lvt_ss0p75v125c
                                                          5.082880  n
pipe_reg[8][1][13]        LATCHX1_LVT     saed32lvt_ss0p75v125c
                                                          5.082880  n
pipe_reg[8][1][14]        LATCHX1_LVT     saed32lvt_ss0p75v125c
                                                          5.082880  n
pipe_reg[8][1][15]        LATCHX1_LVT     saed32lvt_ss0p75v125c
                                                          5.082880  n
pipe_reg[8][1][16]        LATCHX1_LVT     saed32lvt_ss0p75v125c
                                                          5.082880  n
pipe_reg[8][1][17]        LATCHX1_LVT     saed32lvt_ss0p75v125c
                                                          5.082880  n
pipe_reg[8][1][18]        LATCHX1_LVT     saed32lvt_ss0p75v125c
                                                          5.082880  n
pipe_reg[8][1][19]        LATCHX1_LVT     saed32lvt_ss0p75v125c
                                                          5.082880  n
pipe_reg[8][2][0]         LATCHX1_LVT     saed32lvt_ss0p75v125c
                                                          5.082880  n
pipe_reg[8][2][1]         LATCHX1_LVT     saed32lvt_ss0p75v125c
                                                          5.082880  n
pipe_reg[8][2][2]         LATCHX1_LVT     saed32lvt_ss0p75v125c
                                                          5.082880  n
pipe_reg[8][2][3]         LATCHX1_LVT     saed32lvt_ss0p75v125c
                                                          5.082880  n
pipe_reg[8][2][4]         LATCHX1_LVT     saed32lvt_ss0p75v125c
                                                          5.082880  n
pipe_reg[8][2][5]         LATCHX1_LVT     saed32lvt_ss0p75v125c
                                                          5.082880  n
pipe_reg[8][2][6]         LATCHX1_LVT     saed32lvt_ss0p75v125c
                                                          5.082880  n
pipe_reg[8][2][7]         LATCHX1_LVT     saed32lvt_ss0p75v125c
                                                          5.082880  n
pipe_reg[8][2][8]         LATCHX1_LVT     saed32lvt_ss0p75v125c
                                                          5.082880  n
pipe_reg[8][2][9]         LATCHX1_LVT     saed32lvt_ss0p75v125c
                                                          5.082880  n
pipe_reg[8][2][10]        LATCHX1_LVT     saed32lvt_ss0p75v125c
                                                          5.082880  n
pipe_reg[8][2][11]        LATCHX1_LVT     saed32lvt_ss0p75v125c
                                                          5.082880  n
pipe_reg[8][2][12]        LATCHX1_LVT     saed32lvt_ss0p75v125c
                                                          5.082880  n
pipe_reg[8][2][13]        LATCHX1_LVT     saed32lvt_ss0p75v125c
                                                          5.082880  n
pipe_reg[8][2][14]        LATCHX1_LVT     saed32lvt_ss0p75v125c
                                                          5.082880  n
pipe_reg[8][2][15]        LATCHX1_LVT     saed32lvt_ss0p75v125c
                                                          5.082880  n
pipe_reg[8][2][16]        LATCHX1_LVT     saed32lvt_ss0p75v125c
                                                          5.082880  n
pipe_reg[8][2][17]        LATCHX1_LVT     saed32lvt_ss0p75v125c
                                                          5.082880  n
pipe_reg[8][2][18]        LATCHX1_LVT     saed32lvt_ss0p75v125c
                                                          5.082880  n
pipe_reg[8][2][19]        LATCHX1_LVT     saed32lvt_ss0p75v125c
                                                          5.082880  n
result_out_flat_reg[0][0] LATCHX1_LVT     saed32lvt_ss0p75v125c
                                                          5.082880  n
result_out_flat_reg[0][1] LATCHX1_LVT     saed32lvt_ss0p75v125c
                                                          5.082880  n
result_out_flat_reg[0][2] LATCHX1_LVT     saed32lvt_ss0p75v125c
                                                          5.082880  n
result_out_flat_reg[0][3] LATCHX1_LVT     saed32lvt_ss0p75v125c
                                                          5.082880  n
result_out_flat_reg[0][4] LATCHX1_LVT     saed32lvt_ss0p75v125c
                                                          5.082880  n
result_out_flat_reg[0][5] LATCHX1_LVT     saed32lvt_ss0p75v125c
                                                          5.082880  n
result_out_flat_reg[0][6] LATCHX1_LVT     saed32lvt_ss0p75v125c
                                                          5.082880  n
result_out_flat_reg[0][7] LATCHX1_LVT     saed32lvt_ss0p75v125c
                                                          5.082880  n
result_out_flat_reg[0][8] LATCHX1_LVT     saed32lvt_ss0p75v125c
                                                          5.082880  n
result_out_flat_reg[0][9] LATCHX1_LVT     saed32lvt_ss0p75v125c
                                                          5.082880  n
result_out_flat_reg[0][10]
                          LATCHX1_LVT     saed32lvt_ss0p75v125c
                                                          5.082880  n
result_out_flat_reg[0][11]
                          LATCHX1_LVT     saed32lvt_ss0p75v125c
                                                          5.082880  n
result_out_flat_reg[0][12]
                          LATCHX1_LVT     saed32lvt_ss0p75v125c
                                                          5.082880  n
result_out_flat_reg[0][13]
                          LATCHX1_LVT     saed32lvt_ss0p75v125c
                                                          5.082880  n
result_out_flat_reg[0][14]
                          LATCHX1_LVT     saed32lvt_ss0p75v125c
                                                          5.082880  n
result_out_flat_reg[0][15]
                          LATCHX1_LVT     saed32lvt_ss0p75v125c
                                                          5.082880  n
result_out_flat_reg[0][16]
                          LATCHX1_LVT     saed32lvt_ss0p75v125c
                                                          5.082880  n
result_out_flat_reg[0][17]
                          LATCHX1_LVT     saed32lvt_ss0p75v125c
                                                          5.082880  n
result_out_flat_reg[0][18]
                          LATCHX1_LVT     saed32lvt_ss0p75v125c
                                                          5.082880  n
result_out_flat_reg[0][19]
                          LATCHX1_LVT     saed32lvt_ss0p75v125c
                                                          5.082880  n
result_out_flat_reg[1][0] LATCHX1_LVT     saed32lvt_ss0p75v125c
                                                          5.082880  n
result_out_flat_reg[1][1] LATCHX1_LVT     saed32lvt_ss0p75v125c
                                                          5.082880  n
result_out_flat_reg[1][2] LATCHX1_LVT     saed32lvt_ss0p75v125c
                                                          5.082880  n
result_out_flat_reg[1][3] LATCHX1_LVT     saed32lvt_ss0p75v125c
                                                          5.082880  n
result_out_flat_reg[1][4] LATCHX1_LVT     saed32lvt_ss0p75v125c
                                                          5.082880  n
result_out_flat_reg[1][5] LATCHX1_LVT     saed32lvt_ss0p75v125c
                                                          5.082880  n
result_out_flat_reg[1][6] LATCHX1_LVT     saed32lvt_ss0p75v125c
                                                          5.082880  n
result_out_flat_reg[1][7] LATCHX1_LVT     saed32lvt_ss0p75v125c
                                                          5.082880  n
result_out_flat_reg[1][8] LATCHX1_LVT     saed32lvt_ss0p75v125c
                                                          5.082880  n
result_out_flat_reg[1][9] LATCHX1_LVT     saed32lvt_ss0p75v125c
                                                          5.082880  n
result_out_flat_reg[1][10]
                          LATCHX1_LVT     saed32lvt_ss0p75v125c
                                                          5.082880  n
result_out_flat_reg[1][11]
                          LATCHX1_LVT     saed32lvt_ss0p75v125c
                                                          5.082880  n
result_out_flat_reg[1][12]
                          LATCHX1_LVT     saed32lvt_ss0p75v125c
                                                          5.082880  n
result_out_flat_reg[1][13]
                          LATCHX1_LVT     saed32lvt_ss0p75v125c
                                                          5.082880  n
result_out_flat_reg[1][14]
                          LATCHX1_LVT     saed32lvt_ss0p75v125c
                                                          5.082880  n
result_out_flat_reg[1][15]
                          LATCHX1_LVT     saed32lvt_ss0p75v125c
                                                          5.082880  n
result_out_flat_reg[1][16]
                          LATCHX1_LVT     saed32lvt_ss0p75v125c
                                                          5.082880  n
result_out_flat_reg[1][17]
                          LATCHX1_LVT     saed32lvt_ss0p75v125c
                                                          5.082880  n
result_out_flat_reg[1][18]
                          LATCHX1_LVT     saed32lvt_ss0p75v125c
                                                          5.082880  n
result_out_flat_reg[1][19]
                          LATCHX1_LVT     saed32lvt_ss0p75v125c
                                                          5.082880  n
result_out_flat_reg[2][0] LATCHX1_LVT     saed32lvt_ss0p75v125c
                                                          5.082880  n
result_out_flat_reg[2][1] LATCHX1_LVT     saed32lvt_ss0p75v125c
                                                          5.082880  n
result_out_flat_reg[2][2] LATCHX1_LVT     saed32lvt_ss0p75v125c
                                                          5.082880  n
result_out_flat_reg[2][3] LATCHX1_LVT     saed32lvt_ss0p75v125c
                                                          5.082880  n
result_out_flat_reg[2][4] LATCHX1_LVT     saed32lvt_ss0p75v125c
                                                          5.082880  n
result_out_flat_reg[2][5] LATCHX1_LVT     saed32lvt_ss0p75v125c
                                                          5.082880  n
result_out_flat_reg[2][6] LATCHX1_LVT     saed32lvt_ss0p75v125c
                                                          5.082880  n
result_out_flat_reg[2][7] LATCHX1_LVT     saed32lvt_ss0p75v125c
                                                          5.082880  n
result_out_flat_reg[2][8] LATCHX1_LVT     saed32lvt_ss0p75v125c
                                                          5.082880  n
result_out_flat_reg[2][9] LATCHX1_LVT     saed32lvt_ss0p75v125c
                                                          5.082880  n
result_out_flat_reg[2][10]
                          LATCHX1_LVT     saed32lvt_ss0p75v125c
                                                          5.082880  n
result_out_flat_reg[2][11]
                          LATCHX1_LVT     saed32lvt_ss0p75v125c
                                                          5.082880  n
result_out_flat_reg[2][12]
                          LATCHX1_LVT     saed32lvt_ss0p75v125c
                                                          5.082880  n
result_out_flat_reg[2][13]
                          LATCHX1_LVT     saed32lvt_ss0p75v125c
                                                          5.082880  n
result_out_flat_reg[2][14]
                          LATCHX1_LVT     saed32lvt_ss0p75v125c
                                                          5.082880  n
result_out_flat_reg[2][15]
                          LATCHX1_LVT     saed32lvt_ss0p75v125c
                                                          5.082880  n
result_out_flat_reg[2][16]
                          LATCHX1_LVT     saed32lvt_ss0p75v125c
                                                          5.082880  n
result_out_flat_reg[2][17]
                          LATCHX1_LVT     saed32lvt_ss0p75v125c
                                                          5.082880  n
result_out_flat_reg[2][18]
                          LATCHX1_LVT     saed32lvt_ss0p75v125c
                                                          5.082880  n
result_out_flat_reg[2][19]
                          LATCHX1_LVT     saed32lvt_ss0p75v125c
                                                          5.082880  n
--------------------------------------------------------------------------------
Total 2256 cells                                          7454.043498
1
