Information: Building the design 'memory_w_v0' instantiated from design 'SPRNN_Top' with
	the parameters "addr_width=10,data_width=128,wr_delay=8". (HDL-193)
Warning: Cannot find the design 'memory_w_v0' in the library 'WORK'. (LBR-1)
Information: Building the design 'memory_w_v0'. (HDL-193)
Warning: Cannot find the design 'memory_w_v0' in the library 'WORK'. (LBR-1)
Information: Building the design 'layer_pipeline'. (HDL-193)
Error:  /home/SOC17/controller/DMAC/RTL/layer_pipeline.v:838: Cannot test variable 'pe_done_i' because it was not in the event expression or with wrong polarity. (ELAB-300)
Error:  /home/SOC17/controller/DMAC/RTL/layer_pipeline.v:884: Cannot test variable 'addtree_done_i' because it was not in the event expression or with wrong polarity. (ELAB-300)
*** Presto compilation terminated with 2 errors. ***
Information: Building the design 'layer_pipeline'. (HDL-193)
Warning: Unable to resolve reference 'memory_w_v0' in 'SPRNN_Top'. (LINK-5)
Warning: Unable to resolve reference 'layer_pipeline' in 'Controller'. (LINK-5)
 
****************************************
check_design summary:
Version:     Q-2019.12-SP5-5
Date:        Sun Jun 15 20:54:59 2025
****************************************

                   Name                                            Total
--------------------------------------------------------------------------------
Inputs/Outputs                                                   1324
    Multiply driven inputs (LINT-6)                               136
    Unloaded inputs (LINT-8)                                       54
    Unconnected ports (LINT-28)                                   846
    Feedthrough (LINT-29)                                         288

Cells                                                             750
    Connected to power or ground (LINT-32)                        552
    Nets connected to multiple pins on same cell (LINT-33)        198

Nets                                                               55
    Unloaded nets (LINT-2)                                         54
    Multiply driven net with constant driver (LINT-54)              1

Tristate                                                          326
    A tristate bus has a non tri-state driver (LINT-34)           326
--------------------------------------------------------------------------------

Warning: In design 'SPRNN_Top', net 'u_bias_relu_R/add_51/B[0]' driven by pin 'u_bias_relu_R/add_51/B[0]' has no loads. (LINT-2)
Warning: In design 'SPRNN_Top', net 'u_bias_relu_G/add_51/B[0]' driven by pin 'u_bias_relu_G/add_51/B[0]' has no loads. (LINT-2)
Warning: In design 'SPRNN_Top', net 'u_bias_relu_B/add_51/B[0]' driven by pin 'u_bias_relu_B/add_51/B[0]' has no loads. (LINT-2)
Warning: In design 'SPRNN_Top', net 'u_bias_relu_R/add_51/B[1]' driven by pin 'u_bias_relu_R/add_51/B[1]' has no loads. (LINT-2)
Warning: In design 'SPRNN_Top', net 'u_bias_relu_G/add_51/B[1]' driven by pin 'u_bias_relu_G/add_51/B[1]' has no loads. (LINT-2)
Warning: In design 'SPRNN_Top', net 'u_bias_relu_B/add_51/B[1]' driven by pin 'u_bias_relu_B/add_51/B[1]' has no loads. (LINT-2)
Warning: In design 'SPRNN_Top', net 'u_bias_relu_R/add_51/B[2]' driven by pin 'u_bias_relu_R/add_51/B[2]' has no loads. (LINT-2)
Warning: In design 'SPRNN_Top', net 'u_bias_relu_G/add_51/B[2]' driven by pin 'u_bias_relu_G/add_51/B[2]' has no loads. (LINT-2)
Warning: In design 'SPRNN_Top', net 'u_bias_relu_B/add_51/B[2]' driven by pin 'u_bias_relu_B/add_51/B[2]' has no loads. (LINT-2)
Warning: In design 'SPRNN_Top', net 'u_bias_relu_R/add_51/B[3]' driven by pin 'u_bias_relu_R/add_51/B[3]' has no loads. (LINT-2)
Warning: In design 'SPRNN_Top', net 'u_bias_relu_G/add_51/B[3]' driven by pin 'u_bias_relu_G/add_51/B[3]' has no loads. (LINT-2)
Warning: In design 'SPRNN_Top', net 'u_bias_relu_B/add_51/B[3]' driven by pin 'u_bias_relu_B/add_51/B[3]' has no loads. (LINT-2)
Warning: In design 'SPRNN_Top', net 'u_bias_relu_R/add_51/B[4]' driven by pin 'u_bias_relu_R/add_51/B[4]' has no loads. (LINT-2)
Warning: In design 'SPRNN_Top', net 'u_bias_relu_G/add_51/B[4]' driven by pin 'u_bias_relu_G/add_51/B[4]' has no loads. (LINT-2)
Warning: In design 'SPRNN_Top', net 'u_bias_relu_B/add_51/B[4]' driven by pin 'u_bias_relu_B/add_51/B[4]' has no loads. (LINT-2)
Warning: In design 'SPRNN_Top', net 'u_bias_relu_R/add_51/B[5]' driven by pin 'u_bias_relu_R/add_51/B[5]' has no loads. (LINT-2)
Warning: In design 'SPRNN_Top', net 'u_bias_relu_G/add_51/B[5]' driven by pin 'u_bias_relu_G/add_51/B[5]' has no loads. (LINT-2)
Warning: In design 'SPRNN_Top', net 'u_bias_relu_B/add_51/B[5]' driven by pin 'u_bias_relu_B/add_51/B[5]' has no loads. (LINT-2)
Warning: In design 'SPRNN_Top', net 'u_bias_relu_R/add_51/B[6]' driven by pin 'u_bias_relu_R/add_51/B[6]' has no loads. (LINT-2)
Warning: In design 'SPRNN_Top', net 'u_bias_relu_G/add_51/B[6]' driven by pin 'u_bias_relu_G/add_51/B[6]' has no loads. (LINT-2)
Warning: In design 'SPRNN_Top', net 'u_bias_relu_B/add_51/B[6]' driven by pin 'u_bias_relu_B/add_51/B[6]' has no loads. (LINT-2)
Warning: In design 'SPRNN_Top', net 'u_bias_relu_R/add_51/B[7]' driven by pin 'u_bias_relu_R/add_51/B[7]' has no loads. (LINT-2)
Warning: In design 'SPRNN_Top', net 'u_bias_relu_G/add_51/B[7]' driven by pin 'u_bias_relu_G/add_51/B[7]' has no loads. (LINT-2)
Warning: In design 'SPRNN_Top', net 'u_bias_relu_B/add_51/B[7]' driven by pin 'u_bias_relu_B/add_51/B[7]' has no loads. (LINT-2)
Warning: In design 'SPRNN_Top', net 'u_bias_relu_G/add_51/B[29]' driven by pin 'u_bias_relu_G/add_51/B[29]' has no loads. (LINT-2)
Warning: In design 'SPRNN_Top', net 'u_bias_relu_G/add_51/B[28]' driven by pin 'u_bias_relu_G/add_51/B[28]' has no loads. (LINT-2)
Warning: In design 'SPRNN_Top', net 'u_bias_relu_G/add_51/B[27]' driven by pin 'u_bias_relu_G/add_51/B[27]' has no loads. (LINT-2)
Warning: In design 'SPRNN_Top', net 'u_bias_relu_G/add_51/B[26]' driven by pin 'u_bias_relu_G/add_51/B[26]' has no loads. (LINT-2)
Warning: In design 'SPRNN_Top', net 'u_bias_relu_G/add_51/B[25]' driven by pin 'u_bias_relu_G/add_51/B[25]' has no loads. (LINT-2)
Warning: In design 'SPRNN_Top', net 'u_bias_relu_G/add_51/B[22]' driven by pin 'u_bias_relu_G/add_51/B[22]' has no loads. (LINT-2)
Warning: In design 'SPRNN_Top', net 'u_bias_relu_G/add_51/B[24]' driven by pin 'u_bias_relu_G/add_51/B[24]' has no loads. (LINT-2)
Warning: In design 'SPRNN_Top', net 'u_bias_relu_G/add_51/B[23]' driven by pin 'u_bias_relu_G/add_51/B[23]' has no loads. (LINT-2)
Warning: In design 'SPRNN_Top', net 'u_bias_relu_G/add_51/B[30]' driven by pin 'u_bias_relu_G/add_51/B[30]' has no loads. (LINT-2)
Warning: In design 'SPRNN_Top', net 'u_bias_relu_G/add_51/B[21]' driven by pin 'u_bias_relu_G/add_51/B[21]' has no loads. (LINT-2)
Warning: In design 'SPRNN_Top', net 'u_bias_relu_B/add_51/B[29]' driven by pin 'u_bias_relu_B/add_51/B[29]' has no loads. (LINT-2)
Warning: In design 'SPRNN_Top', net 'u_bias_relu_B/add_51/B[28]' driven by pin 'u_bias_relu_B/add_51/B[28]' has no loads. (LINT-2)
Warning: In design 'SPRNN_Top', net 'u_bias_relu_B/add_51/B[27]' driven by pin 'u_bias_relu_B/add_51/B[27]' has no loads. (LINT-2)
Warning: In design 'SPRNN_Top', net 'u_bias_relu_B/add_51/B[26]' driven by pin 'u_bias_relu_B/add_51/B[26]' has no loads. (LINT-2)
Warning: In design 'SPRNN_Top', net 'u_bias_relu_B/add_51/B[25]' driven by pin 'u_bias_relu_B/add_51/B[25]' has no loads. (LINT-2)
Warning: In design 'SPRNN_Top', net 'u_bias_relu_B/add_51/B[22]' driven by pin 'u_bias_relu_B/add_51/B[22]' has no loads. (LINT-2)
Warning: In design 'SPRNN_Top', net 'u_bias_relu_B/add_51/B[24]' driven by pin 'u_bias_relu_B/add_51/B[24]' has no loads. (LINT-2)
Warning: In design 'SPRNN_Top', net 'u_bias_relu_B/add_51/B[23]' driven by pin 'u_bias_relu_B/add_51/B[23]' has no loads. (LINT-2)
Warning: In design 'SPRNN_Top', net 'u_bias_relu_B/add_51/B[30]' driven by pin 'u_bias_relu_B/add_51/B[30]' has no loads. (LINT-2)
Warning: In design 'SPRNN_Top', net 'u_bias_relu_B/add_51/B[21]' driven by pin 'u_bias_relu_B/add_51/B[21]' has no loads. (LINT-2)
Warning: In design 'SPRNN_Top', net 'u_bias_relu_R/add_51/B[29]' driven by pin 'u_bias_relu_R/add_51/B[29]' has no loads. (LINT-2)
Warning: In design 'SPRNN_Top', net 'u_bias_relu_R/add_51/B[28]' driven by pin 'u_bias_relu_R/add_51/B[28]' has no loads. (LINT-2)
Warning: In design 'SPRNN_Top', net 'u_bias_relu_R/add_51/B[27]' driven by pin 'u_bias_relu_R/add_51/B[27]' has no loads. (LINT-2)
Warning: In design 'SPRNN_Top', net 'u_bias_relu_R/add_51/B[26]' driven by pin 'u_bias_relu_R/add_51/B[26]' has no loads. (LINT-2)
Warning: In design 'SPRNN_Top', net 'u_bias_relu_R/add_51/B[25]' driven by pin 'u_bias_relu_R/add_51/B[25]' has no loads. (LINT-2)
Warning: In design 'SPRNN_Top', net 'u_bias_relu_R/add_51/B[22]' driven by pin 'u_bias_relu_R/add_51/B[22]' has no loads. (LINT-2)
Warning: In design 'SPRNN_Top', net 'u_bias_relu_R/add_51/B[24]' driven by pin 'u_bias_relu_R/add_51/B[24]' has no loads. (LINT-2)
Warning: In design 'SPRNN_Top', net 'u_bias_relu_R/add_51/B[23]' driven by pin 'u_bias_relu_R/add_51/B[23]' has no loads. (LINT-2)
Warning: In design 'SPRNN_Top', net 'u_bias_relu_R/add_51/B[30]' driven by pin 'u_bias_relu_R/add_51/B[30]' has no loads. (LINT-2)
Warning: In design 'SPRNN_Top', net 'u_bias_relu_R/add_51/B[21]' driven by pin 'u_bias_relu_R/add_51/B[21]' has no loads. (LINT-2)
Warning: In design 'SPRNN_Top', input port 'clk' drives wired logic; the port direction may have been specified incorrectly. (LINT-6)
Warning: In design 'SPRNN_Top', input port 'wmem_d_i[127]' drives wired logic; the port direction may have been specified incorrectly. (LINT-6)
Warning: In design 'SPRNN_Top', input port 'wmem_d_i[126]' drives wired logic; the port direction may have been specified incorrectly. (LINT-6)
Warning: In design 'SPRNN_Top', input port 'wmem_d_i[125]' drives wired logic; the port direction may have been specified incorrectly. (LINT-6)
Warning: In design 'SPRNN_Top', input port 'wmem_d_i[124]' drives wired logic; the port direction may have been specified incorrectly. (LINT-6)
Warning: In design 'SPRNN_Top', input port 'wmem_d_i[123]' drives wired logic; the port direction may have been specified incorrectly. (LINT-6)
Warning: In design 'SPRNN_Top', input port 'wmem_d_i[122]' drives wired logic; the port direction may have been specified incorrectly. (LINT-6)
Warning: In design 'SPRNN_Top', input port 'wmem_d_i[121]' drives wired logic; the port direction may have been specified incorrectly. (LINT-6)
Warning: In design 'SPRNN_Top', input port 'wmem_d_i[120]' drives wired logic; the port direction may have been specified incorrectly. (LINT-6)
Warning: In design 'SPRNN_Top', input port 'wmem_d_i[119]' drives wired logic; the port direction may have been specified incorrectly. (LINT-6)
Warning: In design 'SPRNN_Top', input port 'wmem_d_i[118]' drives wired logic; the port direction may have been specified incorrectly. (LINT-6)
Warning: In design 'SPRNN_Top', input port 'wmem_d_i[117]' drives wired logic; the port direction may have been specified incorrectly. (LINT-6)
Warning: In design 'SPRNN_Top', input port 'wmem_d_i[116]' drives wired logic; the port direction may have been specified incorrectly. (LINT-6)
Warning: In design 'SPRNN_Top', input port 'wmem_d_i[115]' drives wired logic; the port direction may have been specified incorrectly. (LINT-6)
Warning: In design 'SPRNN_Top', input port 'wmem_d_i[114]' drives wired logic; the port direction may have been specified incorrectly. (LINT-6)
Warning: In design 'SPRNN_Top', input port 'wmem_d_i[113]' drives wired logic; the port direction may have been specified incorrectly. (LINT-6)
Warning: In design 'SPRNN_Top', input port 'wmem_d_i[112]' drives wired logic; the port direction may have been specified incorrectly. (LINT-6)
Warning: In design 'SPRNN_Top', input port 'wmem_d_i[111]' drives wired logic; the port direction may have been specified incorrectly. (LINT-6)
Warning: In design 'SPRNN_Top', input port 'wmem_d_i[110]' drives wired logic; the port direction may have been specified incorrectly. (LINT-6)
Warning: In design 'SPRNN_Top', input port 'wmem_d_i[109]' drives wired logic; the port direction may have been specified incorrectly. (LINT-6)
Warning: In design 'SPRNN_Top', input port 'wmem_d_i[108]' drives wired logic; the port direction may have been specified incorrectly. (LINT-6)
Warning: In design 'SPRNN_Top', input port 'wmem_d_i[107]' drives wired logic; the port direction may have been specified incorrectly. (LINT-6)
Warning: In design 'SPRNN_Top', input port 'wmem_d_i[106]' drives wired logic; the port direction may have been specified incorrectly. (LINT-6)
Warning: In design 'SPRNN_Top', input port 'wmem_d_i[105]' drives wired logic; the port direction may have been specified incorrectly. (LINT-6)
Warning: In design 'SPRNN_Top', input port 'wmem_d_i[104]' drives wired logic; the port direction may have been specified incorrectly. (LINT-6)
Warning: In design 'SPRNN_Top', input port 'wmem_d_i[103]' drives wired logic; the port direction may have been specified incorrectly. (LINT-6)
Warning: In design 'SPRNN_Top', input port 'wmem_d_i[102]' drives wired logic; the port direction may have been specified incorrectly. (LINT-6)
Warning: In design 'SPRNN_Top', input port 'wmem_d_i[101]' drives wired logic; the port direction may have been specified incorrectly. (LINT-6)
Warning: In design 'SPRNN_Top', input port 'wmem_d_i[100]' drives wired logic; the port direction may have been specified incorrectly. (LINT-6)
Warning: In design 'SPRNN_Top', input port 'wmem_d_i[99]' drives wired logic; the port direction may have been specified incorrectly. (LINT-6)
Warning: In design 'SPRNN_Top', input port 'wmem_d_i[98]' drives wired logic; the port direction may have been specified incorrectly. (LINT-6)
Warning: In design 'SPRNN_Top', input port 'wmem_d_i[97]' drives wired logic; the port direction may have been specified incorrectly. (LINT-6)
Warning: In design 'SPRNN_Top', input port 'wmem_d_i[96]' drives wired logic; the port direction may have been specified incorrectly. (LINT-6)
Warning: In design 'SPRNN_Top', input port 'wmem_d_i[95]' drives wired logic; the port direction may have been specified incorrectly. (LINT-6)
Warning: In design 'SPRNN_Top', input port 'wmem_d_i[94]' drives wired logic; the port direction may have been specified incorrectly. (LINT-6)
Warning: In design 'SPRNN_Top', input port 'wmem_d_i[93]' drives wired logic; the port direction may have been specified incorrectly. (LINT-6)
Warning: In design 'SPRNN_Top', input port 'wmem_d_i[92]' drives wired logic; the port direction may have been specified incorrectly. (LINT-6)
Warning: In design 'SPRNN_Top', input port 'wmem_d_i[91]' drives wired logic; the port direction may have been specified incorrectly. (LINT-6)
Warning: In design 'SPRNN_Top', input port 'wmem_d_i[90]' drives wired logic; the port direction may have been specified incorrectly. (LINT-6)
Warning: In design 'SPRNN_Top', input port 'wmem_d_i[89]' drives wired logic; the port direction may have been specified incorrectly. (LINT-6)
Warning: In design 'SPRNN_Top', input port 'wmem_d_i[88]' drives wired logic; the port direction may have been specified incorrectly. (LINT-6)
Warning: In design 'SPRNN_Top', input port 'wmem_d_i[87]' drives wired logic; the port direction may have been specified incorrectly. (LINT-6)
Warning: In design 'SPRNN_Top', input port 'wmem_d_i[86]' drives wired logic; the port direction may have been specified incorrectly. (LINT-6)
Warning: In design 'SPRNN_Top', input port 'wmem_d_i[85]' drives wired logic; the port direction may have been specified incorrectly. (LINT-6)
Warning: In design 'SPRNN_Top', input port 'wmem_d_i[84]' drives wired logic; the port direction may have been specified incorrectly. (LINT-6)
Warning: In design 'SPRNN_Top', input port 'wmem_d_i[83]' drives wired logic; the port direction may have been specified incorrectly. (LINT-6)
Warning: In design 'SPRNN_Top', input port 'wmem_d_i[82]' drives wired logic; the port direction may have been specified incorrectly. (LINT-6)
Warning: In design 'SPRNN_Top', input port 'wmem_d_i[81]' drives wired logic; the port direction may have been specified incorrectly. (LINT-6)
Warning: In design 'SPRNN_Top', input port 'wmem_d_i[80]' drives wired logic; the port direction may have been specified incorrectly. (LINT-6)
Warning: In design 'SPRNN_Top', input port 'wmem_d_i[79]' drives wired logic; the port direction may have been specified incorrectly. (LINT-6)
Warning: In design 'SPRNN_Top', input port 'wmem_d_i[78]' drives wired logic; the port direction may have been specified incorrectly. (LINT-6)
Warning: In design 'SPRNN_Top', input port 'wmem_d_i[77]' drives wired logic; the port direction may have been specified incorrectly. (LINT-6)
Warning: In design 'SPRNN_Top', input port 'wmem_d_i[76]' drives wired logic; the port direction may have been specified incorrectly. (LINT-6)
Warning: In design 'SPRNN_Top', input port 'wmem_d_i[75]' drives wired logic; the port direction may have been specified incorrectly. (LINT-6)
Warning: In design 'SPRNN_Top', input port 'wmem_d_i[74]' drives wired logic; the port direction may have been specified incorrectly. (LINT-6)
Warning: In design 'SPRNN_Top', input port 'wmem_d_i[73]' drives wired logic; the port direction may have been specified incorrectly. (LINT-6)
Warning: In design 'SPRNN_Top', input port 'wmem_d_i[72]' drives wired logic; the port direction may have been specified incorrectly. (LINT-6)
Warning: In design 'SPRNN_Top', input port 'wmem_d_i[71]' drives wired logic; the port direction may have been specified incorrectly. (LINT-6)
Warning: In design 'SPRNN_Top', input port 'wmem_d_i[70]' drives wired logic; the port direction may have been specified incorrectly. (LINT-6)
Warning: In design 'SPRNN_Top', input port 'wmem_d_i[69]' drives wired logic; the port direction may have been specified incorrectly. (LINT-6)
Warning: In design 'SPRNN_Top', input port 'wmem_d_i[68]' drives wired logic; the port direction may have been specified incorrectly. (LINT-6)
Warning: In design 'SPRNN_Top', input port 'wmem_d_i[67]' drives wired logic; the port direction may have been specified incorrectly. (LINT-6)
Warning: In design 'SPRNN_Top', input port 'wmem_d_i[66]' drives wired logic; the port direction may have been specified incorrectly. (LINT-6)
Warning: In design 'SPRNN_Top', input port 'wmem_d_i[65]' drives wired logic; the port direction may have been specified incorrectly. (LINT-6)
Warning: In design 'SPRNN_Top', input port 'wmem_d_i[64]' drives wired logic; the port direction may have been specified incorrectly. (LINT-6)
Warning: In design 'SPRNN_Top', input port 'wmem_d_i[63]' drives wired logic; the port direction may have been specified incorrectly. (LINT-6)
Warning: In design 'SPRNN_Top', input port 'wmem_d_i[62]' drives wired logic; the port direction may have been specified incorrectly. (LINT-6)
Warning: In design 'SPRNN_Top', input port 'wmem_d_i[61]' drives wired logic; the port direction may have been specified incorrectly. (LINT-6)
Warning: In design 'SPRNN_Top', input port 'wmem_d_i[60]' drives wired logic; the port direction may have been specified incorrectly. (LINT-6)
Warning: In design 'SPRNN_Top', input port 'wmem_d_i[59]' drives wired logic; the port direction may have been specified incorrectly. (LINT-6)
Warning: In design 'SPRNN_Top', input port 'wmem_d_i[58]' drives wired logic; the port direction may have been specified incorrectly. (LINT-6)
Warning: In design 'SPRNN_Top', input port 'wmem_d_i[57]' drives wired logic; the port direction may have been specified incorrectly. (LINT-6)
Warning: In design 'SPRNN_Top', input port 'wmem_d_i[56]' drives wired logic; the port direction may have been specified incorrectly. (LINT-6)
Warning: In design 'SPRNN_Top', input port 'wmem_d_i[55]' drives wired logic; the port direction may have been specified incorrectly. (LINT-6)
Warning: In design 'SPRNN_Top', input port 'wmem_d_i[54]' drives wired logic; the port direction may have been specified incorrectly. (LINT-6)
Warning: In design 'SPRNN_Top', input port 'wmem_d_i[53]' drives wired logic; the port direction may have been specified incorrectly. (LINT-6)
Warning: In design 'SPRNN_Top', input port 'wmem_d_i[52]' drives wired logic; the port direction may have been specified incorrectly. (LINT-6)
Warning: In design 'SPRNN_Top', input port 'wmem_d_i[51]' drives wired logic; the port direction may have been specified incorrectly. (LINT-6)
Warning: In design 'SPRNN_Top', input port 'wmem_d_i[50]' drives wired logic; the port direction may have been specified incorrectly. (LINT-6)
Warning: In design 'SPRNN_Top', input port 'wmem_d_i[49]' drives wired logic; the port direction may have been specified incorrectly. (LINT-6)
Warning: In design 'SPRNN_Top', input port 'wmem_d_i[48]' drives wired logic; the port direction may have been specified incorrectly. (LINT-6)
Warning: In design 'SPRNN_Top', input port 'wmem_d_i[47]' drives wired logic; the port direction may have been specified incorrectly. (LINT-6)
Warning: In design 'SPRNN_Top', input port 'wmem_d_i[46]' drives wired logic; the port direction may have been specified incorrectly. (LINT-6)
Warning: In design 'SPRNN_Top', input port 'wmem_d_i[45]' drives wired logic; the port direction may have been specified incorrectly. (LINT-6)
Warning: In design 'SPRNN_Top', input port 'wmem_d_i[44]' drives wired logic; the port direction may have been specified incorrectly. (LINT-6)
Warning: In design 'SPRNN_Top', input port 'wmem_d_i[43]' drives wired logic; the port direction may have been specified incorrectly. (LINT-6)
Warning: In design 'SPRNN_Top', input port 'wmem_d_i[42]' drives wired logic; the port direction may have been specified incorrectly. (LINT-6)
Warning: In design 'SPRNN_Top', input port 'wmem_d_i[41]' drives wired logic; the port direction may have been specified incorrectly. (LINT-6)
Warning: In design 'SPRNN_Top', input port 'wmem_d_i[40]' drives wired logic; the port direction may have been specified incorrectly. (LINT-6)
Warning: In design 'SPRNN_Top', input port 'wmem_d_i[39]' drives wired logic; the port direction may have been specified incorrectly. (LINT-6)
Warning: In design 'SPRNN_Top', input port 'wmem_d_i[38]' drives wired logic; the port direction may have been specified incorrectly. (LINT-6)
Warning: In design 'SPRNN_Top', input port 'wmem_d_i[37]' drives wired logic; the port direction may have been specified incorrectly. (LINT-6)
Warning: In design 'SPRNN_Top', input port 'wmem_d_i[36]' drives wired logic; the port direction may have been specified incorrectly. (LINT-6)
Warning: In design 'SPRNN_Top', input port 'wmem_d_i[35]' drives wired logic; the port direction may have been specified incorrectly. (LINT-6)
Warning: In design 'SPRNN_Top', input port 'wmem_d_i[34]' drives wired logic; the port direction may have been specified incorrectly. (LINT-6)
Warning: In design 'SPRNN_Top', input port 'wmem_d_i[33]' drives wired logic; the port direction may have been specified incorrectly. (LINT-6)
Warning: In design 'SPRNN_Top', input port 'wmem_d_i[32]' drives wired logic; the port direction may have been specified incorrectly. (LINT-6)
Warning: In design 'SPRNN_Top', input port 'wmem_d_i[31]' drives wired logic; the port direction may have been specified incorrectly. (LINT-6)
Warning: In design 'SPRNN_Top', input port 'wmem_d_i[30]' drives wired logic; the port direction may have been specified incorrectly. (LINT-6)
Warning: In design 'SPRNN_Top', input port 'wmem_d_i[29]' drives wired logic; the port direction may have been specified incorrectly. (LINT-6)
Warning: In design 'SPRNN_Top', input port 'wmem_d_i[28]' drives wired logic; the port direction may have been specified incorrectly. (LINT-6)
Warning: In design 'SPRNN_Top', input port 'wmem_d_i[27]' drives wired logic; the port direction may have been specified incorrectly. (LINT-6)
Warning: In design 'SPRNN_Top', input port 'wmem_d_i[26]' drives wired logic; the port direction may have been specified incorrectly. (LINT-6)
Warning: In design 'SPRNN_Top', input port 'wmem_d_i[25]' drives wired logic; the port direction may have been specified incorrectly. (LINT-6)
Warning: In design 'SPRNN_Top', input port 'wmem_d_i[24]' drives wired logic; the port direction may have been specified incorrectly. (LINT-6)
Warning: In design 'SPRNN_Top', input port 'wmem_d_i[23]' drives wired logic; the port direction may have been specified incorrectly. (LINT-6)
Warning: In design 'SPRNN_Top', input port 'wmem_d_i[22]' drives wired logic; the port direction may have been specified incorrectly. (LINT-6)
Warning: In design 'SPRNN_Top', input port 'wmem_d_i[21]' drives wired logic; the port direction may have been specified incorrectly. (LINT-6)
Warning: In design 'SPRNN_Top', input port 'wmem_d_i[20]' drives wired logic; the port direction may have been specified incorrectly. (LINT-6)
Warning: In design 'SPRNN_Top', input port 'wmem_d_i[19]' drives wired logic; the port direction may have been specified incorrectly. (LINT-6)
Warning: In design 'SPRNN_Top', input port 'wmem_d_i[18]' drives wired logic; the port direction may have been specified incorrectly. (LINT-6)
Warning: In design 'SPRNN_Top', input port 'wmem_d_i[17]' drives wired logic; the port direction may have been specified incorrectly. (LINT-6)
Warning: In design 'SPRNN_Top', input port 'wmem_d_i[16]' drives wired logic; the port direction may have been specified incorrectly. (LINT-6)
Warning: In design 'SPRNN_Top', input port 'wmem_d_i[15]' drives wired logic; the port direction may have been specified incorrectly. (LINT-6)
Warning: In design 'SPRNN_Top', input port 'wmem_d_i[14]' drives wired logic; the port direction may have been specified incorrectly. (LINT-6)
Warning: In design 'SPRNN_Top', input port 'wmem_d_i[13]' drives wired logic; the port direction may have been specified incorrectly. (LINT-6)
Warning: In design 'SPRNN_Top', input port 'wmem_d_i[12]' drives wired logic; the port direction may have been specified incorrectly. (LINT-6)
Warning: In design 'SPRNN_Top', input port 'wmem_d_i[11]' drives wired logic; the port direction may have been specified incorrectly. (LINT-6)
Warning: In design 'SPRNN_Top', input port 'wmem_d_i[10]' drives wired logic; the port direction may have been specified incorrectly. (LINT-6)
Warning: In design 'SPRNN_Top', input port 'wmem_d_i[9]' drives wired logic; the port direction may have been specified incorrectly. (LINT-6)
Warning: In design 'SPRNN_Top', input port 'wmem_d_i[8]' drives wired logic; the port direction may have been specified incorrectly. (LINT-6)
Warning: In design 'SPRNN_Top', input port 'wmem_d_i[7]' drives wired logic; the port direction may have been specified incorrectly. (LINT-6)
Warning: In design 'SPRNN_Top', input port 'wmem_d_i[6]' drives wired logic; the port direction may have been specified incorrectly. (LINT-6)
Warning: In design 'SPRNN_Top', input port 'wmem_d_i[5]' drives wired logic; the port direction may have been specified incorrectly. (LINT-6)
Warning: In design 'SPRNN_Top', input port 'wmem_d_i[4]' drives wired logic; the port direction may have been specified incorrectly. (LINT-6)
Warning: In design 'SPRNN_Top', input port 'wmem_d_i[3]' drives wired logic; the port direction may have been specified incorrectly. (LINT-6)
Warning: In design 'SPRNN_Top', input port 'wmem_d_i[2]' drives wired logic; the port direction may have been specified incorrectly. (LINT-6)
Warning: In design 'SPRNN_Top', input port 'wmem_d_i[1]' drives wired logic; the port direction may have been specified incorrectly. (LINT-6)
Warning: In design 'SPRNN_Top', input port 'wmem_d_i[0]' drives wired logic; the port direction may have been specified incorrectly. (LINT-6)
Warning: In design 'Controller', input port 'clk' drives wired logic; the port direction may have been specified incorrectly. (LINT-6)
Warning: In design 'Controller', input port 'rst_n' drives wired logic; the port direction may have been specified incorrectly. (LINT-6)
Warning: In design 'Controller', input port 'out_buf_done_i' drives wired logic; the port direction may have been specified incorrectly. (LINT-6)
Warning: In design 'Controller', input port 'pe_done_i' drives wired logic; the port direction may have been specified incorrectly. (LINT-6)
Warning: In design 'Controller', input port 'addtree_done_i' drives wired logic; the port direction may have been specified incorrectly. (LINT-6)
Warning: In design 'Controller', input port 'relu_done_i' drives wired logic; the port direction may have been specified incorrectly. (LINT-6)
Warning: In design 'Controller', input port 'maxpool_done_i' drives wired logic; the port direction may have been specified incorrectly. (LINT-6)
Warning: In design 'bias_relu_0_DW01_add_1', input port 'B[30]' is unloaded. (LINT-8)
Warning: In design 'bias_relu_0_DW01_add_1', input port 'B[29]' is unloaded. (LINT-8)
Warning: In design 'bias_relu_0_DW01_add_1', input port 'B[28]' is unloaded. (LINT-8)
Warning: In design 'bias_relu_0_DW01_add_1', input port 'B[27]' is unloaded. (LINT-8)
Warning: In design 'bias_relu_0_DW01_add_1', input port 'B[26]' is unloaded. (LINT-8)
Warning: In design 'bias_relu_0_DW01_add_1', input port 'B[25]' is unloaded. (LINT-8)
Warning: In design 'bias_relu_0_DW01_add_1', input port 'B[24]' is unloaded. (LINT-8)
Warning: In design 'bias_relu_0_DW01_add_1', input port 'B[23]' is unloaded. (LINT-8)
Warning: In design 'bias_relu_0_DW01_add_1', input port 'B[22]' is unloaded. (LINT-8)
Warning: In design 'bias_relu_0_DW01_add_1', input port 'B[21]' is unloaded. (LINT-8)
Warning: In design 'bias_relu_0_DW01_add_1', input port 'B[7]' is unloaded. (LINT-8)
Warning: In design 'bias_relu_0_DW01_add_1', input port 'B[6]' is unloaded. (LINT-8)
Warning: In design 'bias_relu_0_DW01_add_1', input port 'B[5]' is unloaded. (LINT-8)
Warning: In design 'bias_relu_0_DW01_add_1', input port 'B[4]' is unloaded. (LINT-8)
Warning: In design 'bias_relu_0_DW01_add_1', input port 'B[3]' is unloaded. (LINT-8)
Warning: In design 'bias_relu_0_DW01_add_1', input port 'B[2]' is unloaded. (LINT-8)
Warning: In design 'bias_relu_0_DW01_add_1', input port 'B[1]' is unloaded. (LINT-8)
Warning: In design 'bias_relu_0_DW01_add_1', input port 'B[0]' is unloaded. (LINT-8)
Warning: In design 'bias_relu_1_DW01_add_1_DW01_add_3', input port 'B[30]' is unloaded. (LINT-8)
Warning: In design 'bias_relu_1_DW01_add_1_DW01_add_3', input port 'B[29]' is unloaded. (LINT-8)
Warning: In design 'bias_relu_1_DW01_add_1_DW01_add_3', input port 'B[28]' is unloaded. (LINT-8)
Warning: In design 'bias_relu_1_DW01_add_1_DW01_add_3', input port 'B[27]' is unloaded. (LINT-8)
Warning: In design 'bias_relu_1_DW01_add_1_DW01_add_3', input port 'B[26]' is unloaded. (LINT-8)
Warning: In design 'bias_relu_1_DW01_add_1_DW01_add_3', input port 'B[25]' is unloaded. (LINT-8)
Warning: In design 'bias_relu_1_DW01_add_1_DW01_add_3', input port 'B[24]' is unloaded. (LINT-8)
Warning: In design 'bias_relu_1_DW01_add_1_DW01_add_3', input port 'B[23]' is unloaded. (LINT-8)
Warning: In design 'bias_relu_1_DW01_add_1_DW01_add_3', input port 'B[22]' is unloaded. (LINT-8)
Warning: In design 'bias_relu_1_DW01_add_1_DW01_add_3', input port 'B[21]' is unloaded. (LINT-8)
Warning: In design 'bias_relu_1_DW01_add_1_DW01_add_3', input port 'B[7]' is unloaded. (LINT-8)
Warning: In design 'bias_relu_1_DW01_add_1_DW01_add_3', input port 'B[6]' is unloaded. (LINT-8)
Warning: In design 'bias_relu_1_DW01_add_1_DW01_add_3', input port 'B[5]' is unloaded. (LINT-8)
Warning: In design 'bias_relu_1_DW01_add_1_DW01_add_3', input port 'B[4]' is unloaded. (LINT-8)
Warning: In design 'bias_relu_1_DW01_add_1_DW01_add_3', input port 'B[3]' is unloaded. (LINT-8)
Warning: In design 'bias_relu_1_DW01_add_1_DW01_add_3', input port 'B[2]' is unloaded. (LINT-8)
Warning: In design 'bias_relu_1_DW01_add_1_DW01_add_3', input port 'B[1]' is unloaded. (LINT-8)
Warning: In design 'bias_relu_1_DW01_add_1_DW01_add_3', input port 'B[0]' is unloaded. (LINT-8)
Warning: In design 'bias_relu_2_DW01_add_1_DW01_add_5', input port 'B[30]' is unloaded. (LINT-8)
Warning: In design 'bias_relu_2_DW01_add_1_DW01_add_5', input port 'B[29]' is unloaded. (LINT-8)
Warning: In design 'bias_relu_2_DW01_add_1_DW01_add_5', input port 'B[28]' is unloaded. (LINT-8)
Warning: In design 'bias_relu_2_DW01_add_1_DW01_add_5', input port 'B[27]' is unloaded. (LINT-8)
Warning: In design 'bias_relu_2_DW01_add_1_DW01_add_5', input port 'B[26]' is unloaded. (LINT-8)
Warning: In design 'bias_relu_2_DW01_add_1_DW01_add_5', input port 'B[25]' is unloaded. (LINT-8)
Warning: In design 'bias_relu_2_DW01_add_1_DW01_add_5', input port 'B[24]' is unloaded. (LINT-8)
Warning: In design 'bias_relu_2_DW01_add_1_DW01_add_5', input port 'B[23]' is unloaded. (LINT-8)
Warning: In design 'bias_relu_2_DW01_add_1_DW01_add_5', input port 'B[22]' is unloaded. (LINT-8)
Warning: In design 'bias_relu_2_DW01_add_1_DW01_add_5', input port 'B[21]' is unloaded. (LINT-8)
Warning: In design 'bias_relu_2_DW01_add_1_DW01_add_5', input port 'B[7]' is unloaded. (LINT-8)
Warning: In design 'bias_relu_2_DW01_add_1_DW01_add_5', input port 'B[6]' is unloaded. (LINT-8)
Warning: In design 'bias_relu_2_DW01_add_1_DW01_add_5', input port 'B[5]' is unloaded. (LINT-8)
Warning: In design 'bias_relu_2_DW01_add_1_DW01_add_5', input port 'B[4]' is unloaded. (LINT-8)
Warning: In design 'bias_relu_2_DW01_add_1_DW01_add_5', input port 'B[3]' is unloaded. (LINT-8)
Warning: In design 'bias_relu_2_DW01_add_1_DW01_add_5', input port 'B[2]' is unloaded. (LINT-8)
Warning: In design 'bias_relu_2_DW01_add_1_DW01_add_5', input port 'B[1]' is unloaded. (LINT-8)
Warning: In design 'bias_relu_2_DW01_add_1_DW01_add_5', input port 'B[0]' is unloaded. (LINT-8)
Warning: In design 'bias_relu_2', port 'bias[10]' is not connected to any nets. (LINT-28)
Warning: In design 'bias_relu_2', port 'bias[9]' is not connected to any nets. (LINT-28)
Warning: In design 'bias_relu_2', port 'bias[8]' is not connected to any nets. (LINT-28)
Warning: In design 'bias_relu_2', port 'bias[7]' is not connected to any nets. (LINT-28)
Warning: In design 'bias_relu_2', port 'bias[6]' is not connected to any nets. (LINT-28)
Warning: In design 'bias_relu_2', port 'bias[5]' is not connected to any nets. (LINT-28)
Warning: In design 'bias_relu_2', port 'bias[4]' is not connected to any nets. (LINT-28)
Warning: In design 'bias_relu_2', port 'bias[3]' is not connected to any nets. (LINT-28)
Warning: In design 'bias_relu_2', port 'bias[2]' is not connected to any nets. (LINT-28)
Warning: In design 'bias_relu_2', port 'bias[1]' is not connected to any nets. (LINT-28)
Warning: In design 'bias_relu_2', port 'bias[0]' is not connected to any nets. (LINT-28)
Warning: In design 'bias_relu_0', port 'bias[10]' is not connected to any nets. (LINT-28)
Warning: In design 'bias_relu_0', port 'bias[9]' is not connected to any nets. (LINT-28)
Warning: In design 'bias_relu_0', port 'bias[8]' is not connected to any nets. (LINT-28)
Warning: In design 'bias_relu_0', port 'bias[7]' is not connected to any nets. (LINT-28)
Warning: In design 'bias_relu_0', port 'bias[6]' is not connected to any nets. (LINT-28)
Warning: In design 'bias_relu_0', port 'bias[5]' is not connected to any nets. (LINT-28)
Warning: In design 'bias_relu_0', port 'bias[4]' is not connected to any nets. (LINT-28)
Warning: In design 'bias_relu_0', port 'bias[3]' is not connected to any nets. (LINT-28)
Warning: In design 'bias_relu_0', port 'bias[2]' is not connected to any nets. (LINT-28)
Warning: In design 'bias_relu_0', port 'bias[1]' is not connected to any nets. (LINT-28)
Warning: In design 'bias_relu_0', port 'bias[0]' is not connected to any nets. (LINT-28)
Warning: In design 'bias_relu_1', port 'bias[10]' is not connected to any nets. (LINT-28)
Warning: In design 'bias_relu_1', port 'bias[9]' is not connected to any nets. (LINT-28)
Warning: In design 'bias_relu_1', port 'bias[8]' is not connected to any nets. (LINT-28)
Warning: In design 'bias_relu_1', port 'bias[7]' is not connected to any nets. (LINT-28)
Warning: In design 'bias_relu_1', port 'bias[6]' is not connected to any nets. (LINT-28)
Warning: In design 'bias_relu_1', port 'bias[5]' is not connected to any nets. (LINT-28)
Warning: In design 'bias_relu_1', port 'bias[4]' is not connected to any nets. (LINT-28)
Warning: In design 'bias_relu_1', port 'bias[3]' is not connected to any nets. (LINT-28)
Warning: In design 'bias_relu_1', port 'bias[2]' is not connected to any nets. (LINT-28)
Warning: In design 'bias_relu_1', port 'bias[1]' is not connected to any nets. (LINT-28)
Warning: In design 'bias_relu_1', port 'bias[0]' is not connected to any nets. (LINT-28)
Warning: In design 'bias_relu_0_DW01_add_1', port 'A[7]' is not connected to any nets. (LINT-28)
Warning: In design 'bias_relu_0_DW01_add_1', port 'A[6]' is not connected to any nets. (LINT-28)
Warning: In design 'bias_relu_0_DW01_add_1', port 'A[5]' is not connected to any nets. (LINT-28)
Warning: In design 'bias_relu_0_DW01_add_1', port 'A[4]' is not connected to any nets. (LINT-28)
Warning: In design 'bias_relu_0_DW01_add_1', port 'A[3]' is not connected to any nets. (LINT-28)
Warning: In design 'bias_relu_0_DW01_add_1', port 'A[2]' is not connected to any nets. (LINT-28)
Warning: In design 'bias_relu_0_DW01_add_1', port 'A[1]' is not connected to any nets. (LINT-28)
Warning: In design 'bias_relu_0_DW01_add_1', port 'A[0]' is not connected to any nets. (LINT-28)
Warning: In design 'bias_relu_0_DW01_add_1', port 'CI' is not connected to any nets. (LINT-28)
Warning: In design 'bias_relu_0_DW01_add_1', port 'SUM[30]' is not connected to any nets. (LINT-28)
Warning: In design 'bias_relu_0_DW01_add_1', port 'SUM[29]' is not connected to any nets. (LINT-28)
Warning: In design 'bias_relu_0_DW01_add_1', port 'SUM[28]' is not connected to any nets. (LINT-28)
Warning: In design 'bias_relu_0_DW01_add_1', port 'SUM[27]' is not connected to any nets. (LINT-28)
Warning: In design 'bias_relu_0_DW01_add_1', port 'SUM[26]' is not connected to any nets. (LINT-28)
Warning: In design 'bias_relu_0_DW01_add_1', port 'SUM[25]' is not connected to any nets. (LINT-28)
Warning: In design 'bias_relu_0_DW01_add_1', port 'SUM[24]' is not connected to any nets. (LINT-28)
Warning: In design 'bias_relu_0_DW01_add_1', port 'SUM[23]' is not connected to any nets. (LINT-28)
Warning: In design 'bias_relu_0_DW01_add_1', port 'SUM[22]' is not connected to any nets. (LINT-28)
Warning: In design 'bias_relu_0_DW01_add_1', port 'SUM[21]' is not connected to any nets. (LINT-28)
Warning: In design 'bias_relu_0_DW01_add_1', port 'SUM[12]' is not connected to any nets. (LINT-28)
Warning: In design 'bias_relu_0_DW01_add_1', port 'SUM[11]' is not connected to any nets. (LINT-28)
Warning: In design 'bias_relu_0_DW01_add_1', port 'SUM[10]' is not connected to any nets. (LINT-28)
Warning: In design 'bias_relu_0_DW01_add_1', port 'SUM[9]' is not connected to any nets. (LINT-28)
Warning: In design 'bias_relu_0_DW01_add_1', port 'SUM[8]' is not connected to any nets. (LINT-28)
Warning: In design 'bias_relu_0_DW01_add_1', port 'SUM[7]' is not connected to any nets. (LINT-28)
Warning: In design 'bias_relu_0_DW01_add_1', port 'SUM[6]' is not connected to any nets. (LINT-28)
Warning: In design 'bias_relu_0_DW01_add_1', port 'SUM[5]' is not connected to any nets. (LINT-28)
Warning: In design 'bias_relu_0_DW01_add_1', port 'SUM[4]' is not connected to any nets. (LINT-28)
Warning: In design 'bias_relu_0_DW01_add_1', port 'SUM[3]' is not connected to any nets. (LINT-28)
Warning: In design 'bias_relu_0_DW01_add_1', port 'SUM[2]' is not connected to any nets. (LINT-28)
Warning: In design 'bias_relu_0_DW01_add_1', port 'SUM[1]' is not connected to any nets. (LINT-28)
Warning: In design 'bias_relu_0_DW01_add_1', port 'SUM[0]' is not connected to any nets. (LINT-28)
Warning: In design 'bias_relu_0_DW01_add_1', port 'CO' is not connected to any nets. (LINT-28)
Warning: In design 'bias_relu_1_DW01_add_1_DW01_add_3', port 'A[7]' is not connected to any nets. (LINT-28)
Warning: In design 'bias_relu_1_DW01_add_1_DW01_add_3', port 'A[6]' is not connected to any nets. (LINT-28)
Warning: In design 'bias_relu_1_DW01_add_1_DW01_add_3', port 'A[5]' is not connected to any nets. (LINT-28)
Warning: In design 'bias_relu_1_DW01_add_1_DW01_add_3', port 'A[4]' is not connected to any nets. (LINT-28)
Warning: In design 'bias_relu_1_DW01_add_1_DW01_add_3', port 'A[3]' is not connected to any nets. (LINT-28)
Warning: In design 'bias_relu_1_DW01_add_1_DW01_add_3', port 'A[2]' is not connected to any nets. (LINT-28)
Warning: In design 'bias_relu_1_DW01_add_1_DW01_add_3', port 'A[1]' is not connected to any nets. (LINT-28)
Warning: In design 'bias_relu_1_DW01_add_1_DW01_add_3', port 'A[0]' is not connected to any nets. (LINT-28)
Warning: In design 'bias_relu_1_DW01_add_1_DW01_add_3', port 'CI' is not connected to any nets. (LINT-28)
Warning: In design 'bias_relu_1_DW01_add_1_DW01_add_3', port 'SUM[30]' is not connected to any nets. (LINT-28)
Warning: In design 'bias_relu_1_DW01_add_1_DW01_add_3', port 'SUM[29]' is not connected to any nets. (LINT-28)
Warning: In design 'bias_relu_1_DW01_add_1_DW01_add_3', port 'SUM[28]' is not connected to any nets. (LINT-28)
Warning: In design 'bias_relu_1_DW01_add_1_DW01_add_3', port 'SUM[27]' is not connected to any nets. (LINT-28)
Warning: In design 'bias_relu_1_DW01_add_1_DW01_add_3', port 'SUM[26]' is not connected to any nets. (LINT-28)
Warning: In design 'bias_relu_1_DW01_add_1_DW01_add_3', port 'SUM[25]' is not connected to any nets. (LINT-28)
Warning: In design 'bias_relu_1_DW01_add_1_DW01_add_3', port 'SUM[24]' is not connected to any nets. (LINT-28)
Warning: In design 'bias_relu_1_DW01_add_1_DW01_add_3', port 'SUM[23]' is not connected to any nets. (LINT-28)
Warning: In design 'bias_relu_1_DW01_add_1_DW01_add_3', port 'SUM[22]' is not connected to any nets. (LINT-28)
Warning: In design 'bias_relu_1_DW01_add_1_DW01_add_3', port 'SUM[21]' is not connected to any nets. (LINT-28)
Warning: In design 'bias_relu_1_DW01_add_1_DW01_add_3', port 'SUM[12]' is not connected to any nets. (LINT-28)
Warning: In design 'bias_relu_1_DW01_add_1_DW01_add_3', port 'SUM[11]' is not connected to any nets. (LINT-28)
Warning: In design 'bias_relu_1_DW01_add_1_DW01_add_3', port 'SUM[10]' is not connected to any nets. (LINT-28)
Warning: In design 'bias_relu_1_DW01_add_1_DW01_add_3', port 'SUM[9]' is not connected to any nets. (LINT-28)
Warning: In design 'bias_relu_1_DW01_add_1_DW01_add_3', port 'SUM[8]' is not connected to any nets. (LINT-28)
Warning: In design 'bias_relu_1_DW01_add_1_DW01_add_3', port 'SUM[7]' is not connected to any nets. (LINT-28)
Warning: In design 'bias_relu_1_DW01_add_1_DW01_add_3', port 'SUM[6]' is not connected to any nets. (LINT-28)
Warning: In design 'bias_relu_1_DW01_add_1_DW01_add_3', port 'SUM[5]' is not connected to any nets. (LINT-28)
Warning: In design 'bias_relu_1_DW01_add_1_DW01_add_3', port 'SUM[4]' is not connected to any nets. (LINT-28)
Warning: In design 'bias_relu_1_DW01_add_1_DW01_add_3', port 'SUM[3]' is not connected to any nets. (LINT-28)
Warning: In design 'bias_relu_1_DW01_add_1_DW01_add_3', port 'SUM[2]' is not connected to any nets. (LINT-28)
Warning: In design 'bias_relu_1_DW01_add_1_DW01_add_3', port 'SUM[1]' is not connected to any nets. (LINT-28)
Warning: In design 'bias_relu_1_DW01_add_1_DW01_add_3', port 'SUM[0]' is not connected to any nets. (LINT-28)
Warning: In design 'bias_relu_1_DW01_add_1_DW01_add_3', port 'CO' is not connected to any nets. (LINT-28)
Warning: In design 'bias_relu_2_DW01_add_1_DW01_add_5', port 'A[7]' is not connected to any nets. (LINT-28)
Warning: In design 'bias_relu_2_DW01_add_1_DW01_add_5', port 'A[6]' is not connected to any nets. (LINT-28)
Warning: In design 'bias_relu_2_DW01_add_1_DW01_add_5', port 'A[5]' is not connected to any nets. (LINT-28)
Warning: In design 'bias_relu_2_DW01_add_1_DW01_add_5', port 'A[4]' is not connected to any nets. (LINT-28)
Warning: In design 'bias_relu_2_DW01_add_1_DW01_add_5', port 'A[3]' is not connected to any nets. (LINT-28)
Warning: In design 'bias_relu_2_DW01_add_1_DW01_add_5', port 'A[2]' is not connected to any nets. (LINT-28)
Warning: In design 'bias_relu_2_DW01_add_1_DW01_add_5', port 'A[1]' is not connected to any nets. (LINT-28)
Warning: In design 'bias_relu_2_DW01_add_1_DW01_add_5', port 'A[0]' is not connected to any nets. (LINT-28)
Warning: In design 'bias_relu_2_DW01_add_1_DW01_add_5', port 'CI' is not connected to any nets. (LINT-28)
Warning: In design 'bias_relu_2_DW01_add_1_DW01_add_5', port 'SUM[30]' is not connected to any nets. (LINT-28)
Warning: In design 'bias_relu_2_DW01_add_1_DW01_add_5', port 'SUM[29]' is not connected to any nets. (LINT-28)
Warning: In design 'bias_relu_2_DW01_add_1_DW01_add_5', port 'SUM[28]' is not connected to any nets. (LINT-28)
Warning: In design 'bias_relu_2_DW01_add_1_DW01_add_5', port 'SUM[27]' is not connected to any nets. (LINT-28)
Warning: In design 'bias_relu_2_DW01_add_1_DW01_add_5', port 'SUM[26]' is not connected to any nets. (LINT-28)
Warning: In design 'bias_relu_2_DW01_add_1_DW01_add_5', port 'SUM[25]' is not connected to any nets. (LINT-28)
Warning: In design 'bias_relu_2_DW01_add_1_DW01_add_5', port 'SUM[24]' is not connected to any nets. (LINT-28)
Warning: In design 'bias_relu_2_DW01_add_1_DW01_add_5', port 'SUM[23]' is not connected to any nets. (LINT-28)
Warning: In design 'bias_relu_2_DW01_add_1_DW01_add_5', port 'SUM[22]' is not connected to any nets. (LINT-28)
Warning: In design 'bias_relu_2_DW01_add_1_DW01_add_5', port 'SUM[21]' is not connected to any nets. (LINT-28)
Warning: In design 'bias_relu_2_DW01_add_1_DW01_add_5', port 'SUM[12]' is not connected to any nets. (LINT-28)
Warning: In design 'bias_relu_2_DW01_add_1_DW01_add_5', port 'SUM[11]' is not connected to any nets. (LINT-28)
Warning: In design 'bias_relu_2_DW01_add_1_DW01_add_5', port 'SUM[10]' is not connected to any nets. (LINT-28)
Warning: In design 'bias_relu_2_DW01_add_1_DW01_add_5', port 'SUM[9]' is not connected to any nets. (LINT-28)
Warning: In design 'bias_relu_2_DW01_add_1_DW01_add_5', port 'SUM[8]' is not connected to any nets. (LINT-28)
Warning: In design 'bias_relu_2_DW01_add_1_DW01_add_5', port 'SUM[7]' is not connected to any nets. (LINT-28)
Warning: In design 'bias_relu_2_DW01_add_1_DW01_add_5', port 'SUM[6]' is not connected to any nets. (LINT-28)
Warning: In design 'bias_relu_2_DW01_add_1_DW01_add_5', port 'SUM[5]' is not connected to any nets. (LINT-28)
Warning: In design 'bias_relu_2_DW01_add_1_DW01_add_5', port 'SUM[4]' is not connected to any nets. (LINT-28)
Warning: In design 'bias_relu_2_DW01_add_1_DW01_add_5', port 'SUM[3]' is not connected to any nets. (LINT-28)
Warning: In design 'bias_relu_2_DW01_add_1_DW01_add_5', port 'SUM[2]' is not connected to any nets. (LINT-28)
Warning: In design 'bias_relu_2_DW01_add_1_DW01_add_5', port 'SUM[1]' is not connected to any nets. (LINT-28)
Warning: In design 'bias_relu_2_DW01_add_1_DW01_add_5', port 'SUM[0]' is not connected to any nets. (LINT-28)
Warning: In design 'bias_relu_2_DW01_add_1_DW01_add_5', port 'CO' is not connected to any nets. (LINT-28)
Warning: In design 'mac_pipeline_superscalar_DATA_WIDTH8_LANE_NUM3_0_DW01_add_0_DW01_add_6', port 'CI' is not connected to any nets. (LINT-28)
Warning: In design 'mac_pipeline_superscalar_DATA_WIDTH8_LANE_NUM3_0_DW01_add_0_DW01_add_6', port 'CO' is not connected to any nets. (LINT-28)
Warning: In design 'mac_pipeline_superscalar_DATA_WIDTH8_LANE_NUM3_0_DW01_add_1_DW01_add_7', port 'CI' is not connected to any nets. (LINT-28)
Warning: In design 'mac_pipeline_superscalar_DATA_WIDTH8_LANE_NUM3_0_DW01_add_1_DW01_add_7', port 'CO' is not connected to any nets. (LINT-28)
Warning: In design 'mac_pipeline_superscalar_DATA_WIDTH8_LANE_NUM3_0_DW01_add_2_DW01_add_8', port 'CI' is not connected to any nets. (LINT-28)
Warning: In design 'mac_pipeline_superscalar_DATA_WIDTH8_LANE_NUM3_0_DW01_add_2_DW01_add_8', port 'CO' is not connected to any nets. (LINT-28)
Warning: In design 'mac_pipeline_superscalar_DATA_WIDTH8_LANE_NUM3_0_DW01_add_3_DW01_add_9', port 'CI' is not connected to any nets. (LINT-28)
Warning: In design 'mac_pipeline_superscalar_DATA_WIDTH8_LANE_NUM3_0_DW01_add_3_DW01_add_9', port 'CO' is not connected to any nets. (LINT-28)
Warning: In design 'mac_pipeline_superscalar_DATA_WIDTH8_LANE_NUM3_0_DW01_add_4_DW01_add_10', port 'CI' is not connected to any nets. (LINT-28)
Warning: In design 'mac_pipeline_superscalar_DATA_WIDTH8_LANE_NUM3_0_DW01_add_4_DW01_add_10', port 'CO' is not connected to any nets. (LINT-28)
Warning: In design 'mac_pipeline_superscalar_DATA_WIDTH8_LANE_NUM3_0_DW01_add_5_DW01_add_11', port 'CI' is not connected to any nets. (LINT-28)
Warning: In design 'mac_pipeline_superscalar_DATA_WIDTH8_LANE_NUM3_0_DW01_add_5_DW01_add_11', port 'CO' is not connected to any nets. (LINT-28)
Warning: In design 'mac_pipeline_superscalar_DATA_WIDTH8_LANE_NUM3_1_DW01_add_0_DW01_add_12', port 'CI' is not connected to any nets. (LINT-28)
Warning: In design 'mac_pipeline_superscalar_DATA_WIDTH8_LANE_NUM3_1_DW01_add_0_DW01_add_12', port 'CO' is not connected to any nets. (LINT-28)
Warning: In design 'mac_pipeline_superscalar_DATA_WIDTH8_LANE_NUM3_1_DW01_add_1_DW01_add_13', port 'CI' is not connected to any nets. (LINT-28)
Warning: In design 'mac_pipeline_superscalar_DATA_WIDTH8_LANE_NUM3_1_DW01_add_1_DW01_add_13', port 'CO' is not connected to any nets. (LINT-28)
Warning: In design 'mac_pipeline_superscalar_DATA_WIDTH8_LANE_NUM3_1_DW01_add_2_DW01_add_14', port 'CI' is not connected to any nets. (LINT-28)
Warning: In design 'mac_pipeline_superscalar_DATA_WIDTH8_LANE_NUM3_1_DW01_add_2_DW01_add_14', port 'CO' is not connected to any nets. (LINT-28)
Warning: In design 'mac_pipeline_superscalar_DATA_WIDTH8_LANE_NUM3_1_DW01_add_3_DW01_add_15', port 'CI' is not connected to any nets. (LINT-28)
Warning: In design 'mac_pipeline_superscalar_DATA_WIDTH8_LANE_NUM3_1_DW01_add_3_DW01_add_15', port 'CO' is not connected to any nets. (LINT-28)
Warning: In design 'mac_pipeline_superscalar_DATA_WIDTH8_LANE_NUM3_1_DW01_add_4_DW01_add_16', port 'CI' is not connected to any nets. (LINT-28)
Warning: In design 'mac_pipeline_superscalar_DATA_WIDTH8_LANE_NUM3_1_DW01_add_4_DW01_add_16', port 'CO' is not connected to any nets. (LINT-28)
Warning: In design 'mac_pipeline_superscalar_DATA_WIDTH8_LANE_NUM3_1_DW01_add_5_DW01_add_17', port 'CI' is not connected to any nets. (LINT-28)
Warning: In design 'mac_pipeline_superscalar_DATA_WIDTH8_LANE_NUM3_1_DW01_add_5_DW01_add_17', port 'CO' is not connected to any nets. (LINT-28)
Warning: In design 'mac_pipeline_superscalar_DATA_WIDTH8_LANE_NUM3_2_DW01_add_0_DW01_add_18', port 'CI' is not connected to any nets. (LINT-28)
Warning: In design 'mac_pipeline_superscalar_DATA_WIDTH8_LANE_NUM3_2_DW01_add_0_DW01_add_18', port 'CO' is not connected to any nets. (LINT-28)
Warning: In design 'mac_pipeline_superscalar_DATA_WIDTH8_LANE_NUM3_2_DW01_add_1_DW01_add_19', port 'CI' is not connected to any nets. (LINT-28)
Warning: In design 'mac_pipeline_superscalar_DATA_WIDTH8_LANE_NUM3_2_DW01_add_1_DW01_add_19', port 'CO' is not connected to any nets. (LINT-28)
Warning: In design 'mac_pipeline_superscalar_DATA_WIDTH8_LANE_NUM3_2_DW01_add_2_DW01_add_20', port 'CI' is not connected to any nets. (LINT-28)
Warning: In design 'mac_pipeline_superscalar_DATA_WIDTH8_LANE_NUM3_2_DW01_add_2_DW01_add_20', port 'CO' is not connected to any nets. (LINT-28)
Warning: In design 'mac_pipeline_superscalar_DATA_WIDTH8_LANE_NUM3_2_DW01_add_3_DW01_add_21', port 'CI' is not connected to any nets. (LINT-28)
Warning: In design 'mac_pipeline_superscalar_DATA_WIDTH8_LANE_NUM3_2_DW01_add_3_DW01_add_21', port 'CO' is not connected to any nets. (LINT-28)
Warning: In design 'mac_pipeline_superscalar_DATA_WIDTH8_LANE_NUM3_2_DW01_add_4_DW01_add_22', port 'CI' is not connected to any nets. (LINT-28)
Warning: In design 'mac_pipeline_superscalar_DATA_WIDTH8_LANE_NUM3_2_DW01_add_4_DW01_add_22', port 'CO' is not connected to any nets. (LINT-28)
Warning: In design 'mac_pipeline_superscalar_DATA_WIDTH8_LANE_NUM3_2_DW01_add_5_DW01_add_23', port 'CI' is not connected to any nets. (LINT-28)
Warning: In design 'mac_pipeline_superscalar_DATA_WIDTH8_LANE_NUM3_2_DW01_add_5_DW01_add_23', port 'CO' is not connected to any nets. (LINT-28)
Warning: In design 'mac_pipeline_superscalar_DATA_WIDTH8_LANE_NUM3_3_DW01_add_0_DW01_add_24', port 'CI' is not connected to any nets. (LINT-28)
Warning: In design 'mac_pipeline_superscalar_DATA_WIDTH8_LANE_NUM3_3_DW01_add_0_DW01_add_24', port 'CO' is not connected to any nets. (LINT-28)
Warning: In design 'mac_pipeline_superscalar_DATA_WIDTH8_LANE_NUM3_3_DW01_add_1_DW01_add_25', port 'CI' is not connected to any nets. (LINT-28)
Warning: In design 'mac_pipeline_superscalar_DATA_WIDTH8_LANE_NUM3_3_DW01_add_1_DW01_add_25', port 'CO' is not connected to any nets. (LINT-28)
Warning: In design 'mac_pipeline_superscalar_DATA_WIDTH8_LANE_NUM3_3_DW01_add_2_DW01_add_26', port 'CI' is not connected to any nets. (LINT-28)
Warning: In design 'mac_pipeline_superscalar_DATA_WIDTH8_LANE_NUM3_3_DW01_add_2_DW01_add_26', port 'CO' is not connected to any nets. (LINT-28)
Warning: In design 'mac_pipeline_superscalar_DATA_WIDTH8_LANE_NUM3_3_DW01_add_3_DW01_add_27', port 'CI' is not connected to any nets. (LINT-28)
Warning: In design 'mac_pipeline_superscalar_DATA_WIDTH8_LANE_NUM3_3_DW01_add_3_DW01_add_27', port 'CO' is not connected to any nets. (LINT-28)
Warning: In design 'mac_pipeline_superscalar_DATA_WIDTH8_LANE_NUM3_3_DW01_add_4_DW01_add_28', port 'CI' is not connected to any nets. (LINT-28)
Warning: In design 'mac_pipeline_superscalar_DATA_WIDTH8_LANE_NUM3_3_DW01_add_4_DW01_add_28', port 'CO' is not connected to any nets. (LINT-28)
Warning: In design 'mac_pipeline_superscalar_DATA_WIDTH8_LANE_NUM3_3_DW01_add_5_DW01_add_29', port 'CI' is not connected to any nets. (LINT-28)
Warning: In design 'mac_pipeline_superscalar_DATA_WIDTH8_LANE_NUM3_3_DW01_add_5_DW01_add_29', port 'CO' is not connected to any nets. (LINT-28)
Warning: In design 'mac_pipeline_superscalar_DATA_WIDTH8_LANE_NUM3_4_DW01_add_0_DW01_add_30', port 'CI' is not connected to any nets. (LINT-28)
Warning: In design 'mac_pipeline_superscalar_DATA_WIDTH8_LANE_NUM3_4_DW01_add_0_DW01_add_30', port 'CO' is not connected to any nets. (LINT-28)
Warning: In design 'mac_pipeline_superscalar_DATA_WIDTH8_LANE_NUM3_4_DW01_add_1_DW01_add_31', port 'CI' is not connected to any nets. (LINT-28)
Warning: In design 'mac_pipeline_superscalar_DATA_WIDTH8_LANE_NUM3_4_DW01_add_1_DW01_add_31', port 'CO' is not connected to any nets. (LINT-28)
Warning: In design 'mac_pipeline_superscalar_DATA_WIDTH8_LANE_NUM3_4_DW01_add_2_DW01_add_32', port 'CI' is not connected to any nets. (LINT-28)
Warning: In design 'mac_pipeline_superscalar_DATA_WIDTH8_LANE_NUM3_4_DW01_add_2_DW01_add_32', port 'CO' is not connected to any nets. (LINT-28)
Warning: In design 'mac_pipeline_superscalar_DATA_WIDTH8_LANE_NUM3_4_DW01_add_3_DW01_add_33', port 'CI' is not connected to any nets. (LINT-28)
Warning: In design 'mac_pipeline_superscalar_DATA_WIDTH8_LANE_NUM3_4_DW01_add_3_DW01_add_33', port 'CO' is not connected to any nets. (LINT-28)
Warning: In design 'mac_pipeline_superscalar_DATA_WIDTH8_LANE_NUM3_4_DW01_add_4_DW01_add_34', port 'CI' is not connected to any nets. (LINT-28)
Warning: In design 'mac_pipeline_superscalar_DATA_WIDTH8_LANE_NUM3_4_DW01_add_4_DW01_add_34', port 'CO' is not connected to any nets. (LINT-28)
Warning: In design 'mac_pipeline_superscalar_DATA_WIDTH8_LANE_NUM3_4_DW01_add_5_DW01_add_35', port 'CI' is not connected to any nets. (LINT-28)
Warning: In design 'mac_pipeline_superscalar_DATA_WIDTH8_LANE_NUM3_4_DW01_add_5_DW01_add_35', port 'CO' is not connected to any nets. (LINT-28)
Warning: In design 'mac_pipeline_superscalar_DATA_WIDTH8_LANE_NUM3_5_DW01_add_0_DW01_add_36', port 'CI' is not connected to any nets. (LINT-28)
Warning: In design 'mac_pipeline_superscalar_DATA_WIDTH8_LANE_NUM3_5_DW01_add_0_DW01_add_36', port 'CO' is not connected to any nets. (LINT-28)
Warning: In design 'mac_pipeline_superscalar_DATA_WIDTH8_LANE_NUM3_5_DW01_add_1_DW01_add_37', port 'CI' is not connected to any nets. (LINT-28)
Warning: In design 'mac_pipeline_superscalar_DATA_WIDTH8_LANE_NUM3_5_DW01_add_1_DW01_add_37', port 'CO' is not connected to any nets. (LINT-28)
Warning: In design 'mac_pipeline_superscalar_DATA_WIDTH8_LANE_NUM3_5_DW01_add_2_DW01_add_38', port 'CI' is not connected to any nets. (LINT-28)
Warning: In design 'mac_pipeline_superscalar_DATA_WIDTH8_LANE_NUM3_5_DW01_add_2_DW01_add_38', port 'CO' is not connected to any nets. (LINT-28)
Warning: In design 'mac_pipeline_superscalar_DATA_WIDTH8_LANE_NUM3_5_DW01_add_3_DW01_add_39', port 'CI' is not connected to any nets. (LINT-28)
Warning: In design 'mac_pipeline_superscalar_DATA_WIDTH8_LANE_NUM3_5_DW01_add_3_DW01_add_39', port 'CO' is not connected to any nets. (LINT-28)
Warning: In design 'mac_pipeline_superscalar_DATA_WIDTH8_LANE_NUM3_5_DW01_add_4_DW01_add_40', port 'CI' is not connected to any nets. (LINT-28)
Warning: In design 'mac_pipeline_superscalar_DATA_WIDTH8_LANE_NUM3_5_DW01_add_4_DW01_add_40', port 'CO' is not connected to any nets. (LINT-28)
Warning: In design 'mac_pipeline_superscalar_DATA_WIDTH8_LANE_NUM3_5_DW01_add_5_DW01_add_41', port 'CI' is not connected to any nets. (LINT-28)
Warning: In design 'mac_pipeline_superscalar_DATA_WIDTH8_LANE_NUM3_5_DW01_add_5_DW01_add_41', port 'CO' is not connected to any nets. (LINT-28)
Warning: In design 'mac_pipeline_superscalar_DATA_WIDTH8_LANE_NUM3_6_DW01_add_0_DW01_add_42', port 'CI' is not connected to any nets. (LINT-28)
Warning: In design 'mac_pipeline_superscalar_DATA_WIDTH8_LANE_NUM3_6_DW01_add_0_DW01_add_42', port 'CO' is not connected to any nets. (LINT-28)
Warning: In design 'mac_pipeline_superscalar_DATA_WIDTH8_LANE_NUM3_6_DW01_add_1_DW01_add_43', port 'CI' is not connected to any nets. (LINT-28)
Warning: In design 'mac_pipeline_superscalar_DATA_WIDTH8_LANE_NUM3_6_DW01_add_1_DW01_add_43', port 'CO' is not connected to any nets. (LINT-28)
Warning: In design 'mac_pipeline_superscalar_DATA_WIDTH8_LANE_NUM3_6_DW01_add_2_DW01_add_44', port 'CI' is not connected to any nets. (LINT-28)
Warning: In design 'mac_pipeline_superscalar_DATA_WIDTH8_LANE_NUM3_6_DW01_add_2_DW01_add_44', port 'CO' is not connected to any nets. (LINT-28)
Warning: In design 'mac_pipeline_superscalar_DATA_WIDTH8_LANE_NUM3_6_DW01_add_3_DW01_add_45', port 'CI' is not connected to any nets. (LINT-28)
Warning: In design 'mac_pipeline_superscalar_DATA_WIDTH8_LANE_NUM3_6_DW01_add_3_DW01_add_45', port 'CO' is not connected to any nets. (LINT-28)
Warning: In design 'mac_pipeline_superscalar_DATA_WIDTH8_LANE_NUM3_6_DW01_add_4_DW01_add_46', port 'CI' is not connected to any nets. (LINT-28)
Warning: In design 'mac_pipeline_superscalar_DATA_WIDTH8_LANE_NUM3_6_DW01_add_4_DW01_add_46', port 'CO' is not connected to any nets. (LINT-28)
Warning: In design 'mac_pipeline_superscalar_DATA_WIDTH8_LANE_NUM3_6_DW01_add_5_DW01_add_47', port 'CI' is not connected to any nets. (LINT-28)
Warning: In design 'mac_pipeline_superscalar_DATA_WIDTH8_LANE_NUM3_6_DW01_add_5_DW01_add_47', port 'CO' is not connected to any nets. (LINT-28)
Warning: In design 'mac_pipeline_superscalar_DATA_WIDTH8_LANE_NUM3_7_DW01_add_0_DW01_add_48', port 'CI' is not connected to any nets. (LINT-28)
Warning: In design 'mac_pipeline_superscalar_DATA_WIDTH8_LANE_NUM3_7_DW01_add_0_DW01_add_48', port 'CO' is not connected to any nets. (LINT-28)
Warning: In design 'mac_pipeline_superscalar_DATA_WIDTH8_LANE_NUM3_7_DW01_add_1_DW01_add_49', port 'CI' is not connected to any nets. (LINT-28)
Warning: In design 'mac_pipeline_superscalar_DATA_WIDTH8_LANE_NUM3_7_DW01_add_1_DW01_add_49', port 'CO' is not connected to any nets. (LINT-28)
Warning: In design 'mac_pipeline_superscalar_DATA_WIDTH8_LANE_NUM3_7_DW01_add_2_DW01_add_50', port 'CI' is not connected to any nets. (LINT-28)
Warning: In design 'mac_pipeline_superscalar_DATA_WIDTH8_LANE_NUM3_7_DW01_add_2_DW01_add_50', port 'CO' is not connected to any nets. (LINT-28)
Warning: In design 'mac_pipeline_superscalar_DATA_WIDTH8_LANE_NUM3_7_DW01_add_3_DW01_add_51', port 'CI' is not connected to any nets. (LINT-28)
Warning: In design 'mac_pipeline_superscalar_DATA_WIDTH8_LANE_NUM3_7_DW01_add_3_DW01_add_51', port 'CO' is not connected to any nets. (LINT-28)
Warning: In design 'mac_pipeline_superscalar_DATA_WIDTH8_LANE_NUM3_7_DW01_add_4_DW01_add_52', port 'CI' is not connected to any nets. (LINT-28)
Warning: In design 'mac_pipeline_superscalar_DATA_WIDTH8_LANE_NUM3_7_DW01_add_4_DW01_add_52', port 'CO' is not connected to any nets. (LINT-28)
Warning: In design 'mac_pipeline_superscalar_DATA_WIDTH8_LANE_NUM3_7_DW01_add_5_DW01_add_53', port 'CI' is not connected to any nets. (LINT-28)
Warning: In design 'mac_pipeline_superscalar_DATA_WIDTH8_LANE_NUM3_7_DW01_add_5_DW01_add_53', port 'CO' is not connected to any nets. (LINT-28)
Warning: In design 'mac_pipeline_superscalar_DATA_WIDTH8_LANE_NUM3_8_DW01_add_0_DW01_add_54', port 'CI' is not connected to any nets. (LINT-28)
Warning: In design 'mac_pipeline_superscalar_DATA_WIDTH8_LANE_NUM3_8_DW01_add_0_DW01_add_54', port 'CO' is not connected to any nets. (LINT-28)
Warning: In design 'mac_pipeline_superscalar_DATA_WIDTH8_LANE_NUM3_8_DW01_add_1_DW01_add_55', port 'CI' is not connected to any nets. (LINT-28)
Warning: In design 'mac_pipeline_superscalar_DATA_WIDTH8_LANE_NUM3_8_DW01_add_1_DW01_add_55', port 'CO' is not connected to any nets. (LINT-28)
Warning: In design 'mac_pipeline_superscalar_DATA_WIDTH8_LANE_NUM3_8_DW01_add_2_DW01_add_56', port 'CI' is not connected to any nets. (LINT-28)
Warning: In design 'mac_pipeline_superscalar_DATA_WIDTH8_LANE_NUM3_8_DW01_add_2_DW01_add_56', port 'CO' is not connected to any nets. (LINT-28)
Warning: In design 'mac_pipeline_superscalar_DATA_WIDTH8_LANE_NUM3_8_DW01_add_3_DW01_add_57', port 'CI' is not connected to any nets. (LINT-28)
Warning: In design 'mac_pipeline_superscalar_DATA_WIDTH8_LANE_NUM3_8_DW01_add_3_DW01_add_57', port 'CO' is not connected to any nets. (LINT-28)
Warning: In design 'mac_pipeline_superscalar_DATA_WIDTH8_LANE_NUM3_8_DW01_add_4_DW01_add_58', port 'CI' is not connected to any nets. (LINT-28)
Warning: In design 'mac_pipeline_superscalar_DATA_WIDTH8_LANE_NUM3_8_DW01_add_4_DW01_add_58', port 'CO' is not connected to any nets. (LINT-28)
Warning: In design 'mac_pipeline_superscalar_DATA_WIDTH8_LANE_NUM3_8_DW01_add_5_DW01_add_59', port 'CI' is not connected to any nets. (LINT-28)
Warning: In design 'mac_pipeline_superscalar_DATA_WIDTH8_LANE_NUM3_8_DW01_add_5_DW01_add_59', port 'CO' is not connected to any nets. (LINT-28)
Warning: In design 'mac_pipeline_superscalar_DATA_WIDTH8_LANE_NUM3_9_DW01_add_0_DW01_add_60', port 'CI' is not connected to any nets. (LINT-28)
Warning: In design 'mac_pipeline_superscalar_DATA_WIDTH8_LANE_NUM3_9_DW01_add_0_DW01_add_60', port 'CO' is not connected to any nets. (LINT-28)
Warning: In design 'mac_pipeline_superscalar_DATA_WIDTH8_LANE_NUM3_9_DW01_add_1_DW01_add_61', port 'CI' is not connected to any nets. (LINT-28)
Warning: In design 'mac_pipeline_superscalar_DATA_WIDTH8_LANE_NUM3_9_DW01_add_1_DW01_add_61', port 'CO' is not connected to any nets. (LINT-28)
Warning: In design 'mac_pipeline_superscalar_DATA_WIDTH8_LANE_NUM3_9_DW01_add_2_DW01_add_62', port 'CI' is not connected to any nets. (LINT-28)
Warning: In design 'mac_pipeline_superscalar_DATA_WIDTH8_LANE_NUM3_9_DW01_add_2_DW01_add_62', port 'CO' is not connected to any nets. (LINT-28)
Warning: In design 'mac_pipeline_superscalar_DATA_WIDTH8_LANE_NUM3_9_DW01_add_3_DW01_add_63', port 'CI' is not connected to any nets. (LINT-28)
Warning: In design 'mac_pipeline_superscalar_DATA_WIDTH8_LANE_NUM3_9_DW01_add_3_DW01_add_63', port 'CO' is not connected to any nets. (LINT-28)
Warning: In design 'mac_pipeline_superscalar_DATA_WIDTH8_LANE_NUM3_9_DW01_add_4_DW01_add_64', port 'CI' is not connected to any nets. (LINT-28)
Warning: In design 'mac_pipeline_superscalar_DATA_WIDTH8_LANE_NUM3_9_DW01_add_4_DW01_add_64', port 'CO' is not connected to any nets. (LINT-28)
Warning: In design 'mac_pipeline_superscalar_DATA_WIDTH8_LANE_NUM3_9_DW01_add_5_DW01_add_65', port 'CI' is not connected to any nets. (LINT-28)
Warning: In design 'mac_pipeline_superscalar_DATA_WIDTH8_LANE_NUM3_9_DW01_add_5_DW01_add_65', port 'CO' is not connected to any nets. (LINT-28)
Warning: In design 'mac_pipeline_superscalar_DATA_WIDTH8_LANE_NUM3_10_DW01_add_0_DW01_add_66', port 'CI' is not connected to any nets. (LINT-28)
Warning: In design 'mac_pipeline_superscalar_DATA_WIDTH8_LANE_NUM3_10_DW01_add_0_DW01_add_66', port 'CO' is not connected to any nets. (LINT-28)
Warning: In design 'mac_pipeline_superscalar_DATA_WIDTH8_LANE_NUM3_10_DW01_add_1_DW01_add_67', port 'CI' is not connected to any nets. (LINT-28)
Warning: In design 'mac_pipeline_superscalar_DATA_WIDTH8_LANE_NUM3_10_DW01_add_1_DW01_add_67', port 'CO' is not connected to any nets. (LINT-28)
Warning: In design 'mac_pipeline_superscalar_DATA_WIDTH8_LANE_NUM3_10_DW01_add_2_DW01_add_68', port 'CI' is not connected to any nets. (LINT-28)
Warning: In design 'mac_pipeline_superscalar_DATA_WIDTH8_LANE_NUM3_10_DW01_add_2_DW01_add_68', port 'CO' is not connected to any nets. (LINT-28)
Warning: In design 'mac_pipeline_superscalar_DATA_WIDTH8_LANE_NUM3_10_DW01_add_3_DW01_add_69', port 'CI' is not connected to any nets. (LINT-28)
Warning: In design 'mac_pipeline_superscalar_DATA_WIDTH8_LANE_NUM3_10_DW01_add_3_DW01_add_69', port 'CO' is not connected to any nets. (LINT-28)
Warning: In design 'mac_pipeline_superscalar_DATA_WIDTH8_LANE_NUM3_10_DW01_add_4_DW01_add_70', port 'CI' is not connected to any nets. (LINT-28)
Warning: In design 'mac_pipeline_superscalar_DATA_WIDTH8_LANE_NUM3_10_DW01_add_4_DW01_add_70', port 'CO' is not connected to any nets. (LINT-28)
Warning: In design 'mac_pipeline_superscalar_DATA_WIDTH8_LANE_NUM3_10_DW01_add_5_DW01_add_71', port 'CI' is not connected to any nets. (LINT-28)
Warning: In design 'mac_pipeline_superscalar_DATA_WIDTH8_LANE_NUM3_10_DW01_add_5_DW01_add_71', port 'CO' is not connected to any nets. (LINT-28)
Warning: In design 'mac_pipeline_superscalar_DATA_WIDTH8_LANE_NUM3_11_DW01_add_0_DW01_add_72', port 'CI' is not connected to any nets. (LINT-28)
Warning: In design 'mac_pipeline_superscalar_DATA_WIDTH8_LANE_NUM3_11_DW01_add_0_DW01_add_72', port 'CO' is not connected to any nets. (LINT-28)
Warning: In design 'mac_pipeline_superscalar_DATA_WIDTH8_LANE_NUM3_11_DW01_add_1_DW01_add_73', port 'CI' is not connected to any nets. (LINT-28)
Warning: In design 'mac_pipeline_superscalar_DATA_WIDTH8_LANE_NUM3_11_DW01_add_1_DW01_add_73', port 'CO' is not connected to any nets. (LINT-28)
Warning: In design 'mac_pipeline_superscalar_DATA_WIDTH8_LANE_NUM3_11_DW01_add_2_DW01_add_74', port 'CI' is not connected to any nets. (LINT-28)
Warning: In design 'mac_pipeline_superscalar_DATA_WIDTH8_LANE_NUM3_11_DW01_add_2_DW01_add_74', port 'CO' is not connected to any nets. (LINT-28)
Warning: In design 'mac_pipeline_superscalar_DATA_WIDTH8_LANE_NUM3_11_DW01_add_3_DW01_add_75', port 'CI' is not connected to any nets. (LINT-28)
Warning: In design 'mac_pipeline_superscalar_DATA_WIDTH8_LANE_NUM3_11_DW01_add_3_DW01_add_75', port 'CO' is not connected to any nets. (LINT-28)
Warning: In design 'mac_pipeline_superscalar_DATA_WIDTH8_LANE_NUM3_11_DW01_add_4_DW01_add_76', port 'CI' is not connected to any nets. (LINT-28)
Warning: In design 'mac_pipeline_superscalar_DATA_WIDTH8_LANE_NUM3_11_DW01_add_4_DW01_add_76', port 'CO' is not connected to any nets. (LINT-28)
Warning: In design 'mac_pipeline_superscalar_DATA_WIDTH8_LANE_NUM3_11_DW01_add_5_DW01_add_77', port 'CI' is not connected to any nets. (LINT-28)
Warning: In design 'mac_pipeline_superscalar_DATA_WIDTH8_LANE_NUM3_11_DW01_add_5_DW01_add_77', port 'CO' is not connected to any nets. (LINT-28)
Warning: In design 'mac_pipeline_superscalar_DATA_WIDTH8_LANE_NUM3_12_DW01_add_0_DW01_add_78', port 'CI' is not connected to any nets. (LINT-28)
Warning: In design 'mac_pipeline_superscalar_DATA_WIDTH8_LANE_NUM3_12_DW01_add_0_DW01_add_78', port 'CO' is not connected to any nets. (LINT-28)
Warning: In design 'mac_pipeline_superscalar_DATA_WIDTH8_LANE_NUM3_12_DW01_add_1_DW01_add_79', port 'CI' is not connected to any nets. (LINT-28)
Warning: In design 'mac_pipeline_superscalar_DATA_WIDTH8_LANE_NUM3_12_DW01_add_1_DW01_add_79', port 'CO' is not connected to any nets. (LINT-28)
Warning: In design 'mac_pipeline_superscalar_DATA_WIDTH8_LANE_NUM3_12_DW01_add_2_DW01_add_80', port 'CI' is not connected to any nets. (LINT-28)
Warning: In design 'mac_pipeline_superscalar_DATA_WIDTH8_LANE_NUM3_12_DW01_add_2_DW01_add_80', port 'CO' is not connected to any nets. (LINT-28)
Warning: In design 'mac_pipeline_superscalar_DATA_WIDTH8_LANE_NUM3_12_DW01_add_3_DW01_add_81', port 'CI' is not connected to any nets. (LINT-28)
Warning: In design 'mac_pipeline_superscalar_DATA_WIDTH8_LANE_NUM3_12_DW01_add_3_DW01_add_81', port 'CO' is not connected to any nets. (LINT-28)
Warning: In design 'mac_pipeline_superscalar_DATA_WIDTH8_LANE_NUM3_12_DW01_add_4_DW01_add_82', port 'CI' is not connected to any nets. (LINT-28)
Warning: In design 'mac_pipeline_superscalar_DATA_WIDTH8_LANE_NUM3_12_DW01_add_4_DW01_add_82', port 'CO' is not connected to any nets. (LINT-28)
Warning: In design 'mac_pipeline_superscalar_DATA_WIDTH8_LANE_NUM3_12_DW01_add_5_DW01_add_83', port 'CI' is not connected to any nets. (LINT-28)
Warning: In design 'mac_pipeline_superscalar_DATA_WIDTH8_LANE_NUM3_12_DW01_add_5_DW01_add_83', port 'CO' is not connected to any nets. (LINT-28)
Warning: In design 'mac_pipeline_superscalar_DATA_WIDTH8_LANE_NUM3_13_DW01_add_0_DW01_add_84', port 'CI' is not connected to any nets. (LINT-28)
Warning: In design 'mac_pipeline_superscalar_DATA_WIDTH8_LANE_NUM3_13_DW01_add_0_DW01_add_84', port 'CO' is not connected to any nets. (LINT-28)
Warning: In design 'mac_pipeline_superscalar_DATA_WIDTH8_LANE_NUM3_13_DW01_add_1_DW01_add_85', port 'CI' is not connected to any nets. (LINT-28)
Warning: In design 'mac_pipeline_superscalar_DATA_WIDTH8_LANE_NUM3_13_DW01_add_1_DW01_add_85', port 'CO' is not connected to any nets. (LINT-28)
Warning: In design 'mac_pipeline_superscalar_DATA_WIDTH8_LANE_NUM3_13_DW01_add_2_DW01_add_86', port 'CI' is not connected to any nets. (LINT-28)
Warning: In design 'mac_pipeline_superscalar_DATA_WIDTH8_LANE_NUM3_13_DW01_add_2_DW01_add_86', port 'CO' is not connected to any nets. (LINT-28)
Warning: In design 'mac_pipeline_superscalar_DATA_WIDTH8_LANE_NUM3_13_DW01_add_3_DW01_add_87', port 'CI' is not connected to any nets. (LINT-28)
Warning: In design 'mac_pipeline_superscalar_DATA_WIDTH8_LANE_NUM3_13_DW01_add_3_DW01_add_87', port 'CO' is not connected to any nets. (LINT-28)
Warning: In design 'mac_pipeline_superscalar_DATA_WIDTH8_LANE_NUM3_13_DW01_add_4_DW01_add_88', port 'CI' is not connected to any nets. (LINT-28)
Warning: In design 'mac_pipeline_superscalar_DATA_WIDTH8_LANE_NUM3_13_DW01_add_4_DW01_add_88', port 'CO' is not connected to any nets. (LINT-28)
Warning: In design 'mac_pipeline_superscalar_DATA_WIDTH8_LANE_NUM3_13_DW01_add_5_DW01_add_89', port 'CI' is not connected to any nets. (LINT-28)
Warning: In design 'mac_pipeline_superscalar_DATA_WIDTH8_LANE_NUM3_13_DW01_add_5_DW01_add_89', port 'CO' is not connected to any nets. (LINT-28)
Warning: In design 'mac_pipeline_superscalar_DATA_WIDTH8_LANE_NUM3_14_DW01_add_0_DW01_add_90', port 'CI' is not connected to any nets. (LINT-28)
Warning: In design 'mac_pipeline_superscalar_DATA_WIDTH8_LANE_NUM3_14_DW01_add_0_DW01_add_90', port 'CO' is not connected to any nets. (LINT-28)
Warning: In design 'mac_pipeline_superscalar_DATA_WIDTH8_LANE_NUM3_14_DW01_add_1_DW01_add_91', port 'CI' is not connected to any nets. (LINT-28)
Warning: In design 'mac_pipeline_superscalar_DATA_WIDTH8_LANE_NUM3_14_DW01_add_1_DW01_add_91', port 'CO' is not connected to any nets. (LINT-28)
Warning: In design 'mac_pipeline_superscalar_DATA_WIDTH8_LANE_NUM3_14_DW01_add_2_DW01_add_92', port 'CI' is not connected to any nets. (LINT-28)
Warning: In design 'mac_pipeline_superscalar_DATA_WIDTH8_LANE_NUM3_14_DW01_add_2_DW01_add_92', port 'CO' is not connected to any nets. (LINT-28)
Warning: In design 'mac_pipeline_superscalar_DATA_WIDTH8_LANE_NUM3_14_DW01_add_3_DW01_add_93', port 'CI' is not connected to any nets. (LINT-28)
Warning: In design 'mac_pipeline_superscalar_DATA_WIDTH8_LANE_NUM3_14_DW01_add_3_DW01_add_93', port 'CO' is not connected to any nets. (LINT-28)
Warning: In design 'mac_pipeline_superscalar_DATA_WIDTH8_LANE_NUM3_14_DW01_add_4_DW01_add_94', port 'CI' is not connected to any nets. (LINT-28)
Warning: In design 'mac_pipeline_superscalar_DATA_WIDTH8_LANE_NUM3_14_DW01_add_4_DW01_add_94', port 'CO' is not connected to any nets. (LINT-28)
Warning: In design 'mac_pipeline_superscalar_DATA_WIDTH8_LANE_NUM3_14_DW01_add_5_DW01_add_95', port 'CI' is not connected to any nets. (LINT-28)
Warning: In design 'mac_pipeline_superscalar_DATA_WIDTH8_LANE_NUM3_14_DW01_add_5_DW01_add_95', port 'CO' is not connected to any nets. (LINT-28)
Warning: In design 'mac_pipeline_superscalar_DATA_WIDTH8_LANE_NUM3_15_DW01_add_0_DW01_add_96', port 'CI' is not connected to any nets. (LINT-28)
Warning: In design 'mac_pipeline_superscalar_DATA_WIDTH8_LANE_NUM3_15_DW01_add_0_DW01_add_96', port 'CO' is not connected to any nets. (LINT-28)
Warning: In design 'mac_pipeline_superscalar_DATA_WIDTH8_LANE_NUM3_15_DW01_add_1_DW01_add_97', port 'CI' is not connected to any nets. (LINT-28)
Warning: In design 'mac_pipeline_superscalar_DATA_WIDTH8_LANE_NUM3_15_DW01_add_1_DW01_add_97', port 'CO' is not connected to any nets. (LINT-28)
Warning: In design 'mac_pipeline_superscalar_DATA_WIDTH8_LANE_NUM3_15_DW01_add_2_DW01_add_98', port 'CI' is not connected to any nets. (LINT-28)
Warning: In design 'mac_pipeline_superscalar_DATA_WIDTH8_LANE_NUM3_15_DW01_add_2_DW01_add_98', port 'CO' is not connected to any nets. (LINT-28)
Warning: In design 'mac_pipeline_superscalar_DATA_WIDTH8_LANE_NUM3_15_DW01_add_3_DW01_add_99', port 'CI' is not connected to any nets. (LINT-28)
Warning: In design 'mac_pipeline_superscalar_DATA_WIDTH8_LANE_NUM3_15_DW01_add_3_DW01_add_99', port 'CO' is not connected to any nets. (LINT-28)
Warning: In design 'mac_pipeline_superscalar_DATA_WIDTH8_LANE_NUM3_15_DW01_add_4_DW01_add_100', port 'CI' is not connected to any nets. (LINT-28)
Warning: In design 'mac_pipeline_superscalar_DATA_WIDTH8_LANE_NUM3_15_DW01_add_4_DW01_add_100', port 'CO' is not connected to any nets. (LINT-28)
Warning: In design 'mac_pipeline_superscalar_DATA_WIDTH8_LANE_NUM3_15_DW01_add_5_DW01_add_101', port 'CI' is not connected to any nets. (LINT-28)
Warning: In design 'mac_pipeline_superscalar_DATA_WIDTH8_LANE_NUM3_15_DW01_add_5_DW01_add_101', port 'CO' is not connected to any nets. (LINT-28)
Warning: In design 'adder_tree_0_DW01_add_0_DW01_add_102', port 'CI' is not connected to any nets. (LINT-28)
Warning: In design 'adder_tree_0_DW01_add_0_DW01_add_102', port 'CO' is not connected to any nets. (LINT-28)
Warning: In design 'adder_tree_0_DW01_add_1_DW01_add_103', port 'CI' is not connected to any nets. (LINT-28)
Warning: In design 'adder_tree_0_DW01_add_1_DW01_add_103', port 'CO' is not connected to any nets. (LINT-28)
Warning: In design 'adder_tree_0_DW01_add_2_DW01_add_104', port 'CI' is not connected to any nets. (LINT-28)
Warning: In design 'adder_tree_0_DW01_add_2_DW01_add_104', port 'CO' is not connected to any nets. (LINT-28)
Warning: In design 'adder_tree_1_DW01_add_0_DW01_add_105', port 'CI' is not connected to any nets. (LINT-28)
Warning: In design 'adder_tree_1_DW01_add_0_DW01_add_105', port 'CO' is not connected to any nets. (LINT-28)
Warning: In design 'adder_tree_1_DW01_add_1_DW01_add_106', port 'CI' is not connected to any nets. (LINT-28)
Warning: In design 'adder_tree_1_DW01_add_1_DW01_add_106', port 'CO' is not connected to any nets. (LINT-28)
Warning: In design 'adder_tree_1_DW01_add_2_DW01_add_107', port 'CI' is not connected to any nets. (LINT-28)
Warning: In design 'adder_tree_1_DW01_add_2_DW01_add_107', port 'CO' is not connected to any nets. (LINT-28)
Warning: In design 'adder_tree_2_DW01_add_0_DW01_add_108', port 'CI' is not connected to any nets. (LINT-28)
Warning: In design 'adder_tree_2_DW01_add_0_DW01_add_108', port 'CO' is not connected to any nets. (LINT-28)
Warning: In design 'adder_tree_2_DW01_add_1_DW01_add_109', port 'CI' is not connected to any nets. (LINT-28)
Warning: In design 'adder_tree_2_DW01_add_1_DW01_add_109', port 'CO' is not connected to any nets. (LINT-28)
Warning: In design 'adder_tree_2_DW01_add_2_DW01_add_110', port 'CI' is not connected to any nets. (LINT-28)
Warning: In design 'adder_tree_2_DW01_add_2_DW01_add_110', port 'CO' is not connected to any nets. (LINT-28)
Warning: In design 'adder_tree_2_DW01_add_3_DW01_add_111', port 'CI' is not connected to any nets. (LINT-28)
Warning: In design 'adder_tree_2_DW01_add_3_DW01_add_111', port 'CO' is not connected to any nets. (LINT-28)
Warning: In design 'adder_tree_2_DW01_add_4_DW01_add_112', port 'CI' is not connected to any nets. (LINT-28)
Warning: In design 'adder_tree_2_DW01_add_4_DW01_add_112', port 'CO' is not connected to any nets. (LINT-28)
Warning: In design 'adder_tree_2_DW01_add_5_DW01_add_113', port 'CI' is not connected to any nets. (LINT-28)
Warning: In design 'adder_tree_2_DW01_add_5_DW01_add_113', port 'CO' is not connected to any nets. (LINT-28)
Warning: In design 'adder_tree_1_DW01_add_3_DW01_add_114', port 'CI' is not connected to any nets. (LINT-28)
Warning: In design 'adder_tree_1_DW01_add_3_DW01_add_114', port 'CO' is not connected to any nets. (LINT-28)
Warning: In design 'adder_tree_1_DW01_add_4_DW01_add_115', port 'CI' is not connected to any nets. (LINT-28)
Warning: In design 'adder_tree_1_DW01_add_4_DW01_add_115', port 'CO' is not connected to any nets. (LINT-28)
Warning: In design 'adder_tree_1_DW01_add_5_DW01_add_116', port 'CI' is not connected to any nets. (LINT-28)
Warning: In design 'adder_tree_1_DW01_add_5_DW01_add_116', port 'CO' is not connected to any nets. (LINT-28)
Warning: In design 'adder_tree_0_DW01_add_3_DW01_add_117', port 'CI' is not connected to any nets. (LINT-28)
Warning: In design 'adder_tree_0_DW01_add_3_DW01_add_117', port 'CO' is not connected to any nets. (LINT-28)
Warning: In design 'adder_tree_0_DW01_add_4_DW01_add_118', port 'CI' is not connected to any nets. (LINT-28)
Warning: In design 'adder_tree_0_DW01_add_4_DW01_add_118', port 'CO' is not connected to any nets. (LINT-28)
Warning: In design 'adder_tree_0_DW01_add_5_DW01_add_119', port 'CI' is not connected to any nets. (LINT-28)
Warning: In design 'adder_tree_0_DW01_add_5_DW01_add_119', port 'CO' is not connected to any nets. (LINT-28)
Warning: In design 'adder_tree_0_DW01_add_6_DW01_add_120', port 'CI' is not connected to any nets. (LINT-28)
Warning: In design 'adder_tree_0_DW01_add_6_DW01_add_120', port 'CO' is not connected to any nets. (LINT-28)
Warning: In design 'adder_tree_0_DW01_add_7_DW01_add_121', port 'CI' is not connected to any nets. (LINT-28)
Warning: In design 'adder_tree_0_DW01_add_7_DW01_add_121', port 'CO' is not connected to any nets. (LINT-28)
Warning: In design 'adder_tree_0_DW01_add_8_DW01_add_122', port 'CI' is not connected to any nets. (LINT-28)
Warning: In design 'adder_tree_0_DW01_add_8_DW01_add_122', port 'CO' is not connected to any nets. (LINT-28)
Warning: In design 'adder_tree_0_DW01_add_9_DW01_add_123', port 'CI' is not connected to any nets. (LINT-28)
Warning: In design 'adder_tree_0_DW01_add_9_DW01_add_123', port 'CO' is not connected to any nets. (LINT-28)
Warning: In design 'adder_tree_0_DW01_add_10_DW01_add_124', port 'CI' is not connected to any nets. (LINT-28)
Warning: In design 'adder_tree_0_DW01_add_10_DW01_add_124', port 'CO' is not connected to any nets. (LINT-28)
Warning: In design 'adder_tree_0_DW01_add_11_DW01_add_125', port 'CI' is not connected to any nets. (LINT-28)
Warning: In design 'adder_tree_0_DW01_add_11_DW01_add_125', port 'CO' is not connected to any nets. (LINT-28)
Warning: In design 'adder_tree_1_DW01_add_6_DW01_add_126', port 'CI' is not connected to any nets. (LINT-28)
Warning: In design 'adder_tree_1_DW01_add_6_DW01_add_126', port 'CO' is not connected to any nets. (LINT-28)
Warning: In design 'adder_tree_1_DW01_add_7_DW01_add_127', port 'CI' is not connected to any nets. (LINT-28)
Warning: In design 'adder_tree_1_DW01_add_7_DW01_add_127', port 'CO' is not connected to any nets. (LINT-28)
Warning: In design 'adder_tree_1_DW01_add_8_DW01_add_128', port 'CI' is not connected to any nets. (LINT-28)
Warning: In design 'adder_tree_1_DW01_add_8_DW01_add_128', port 'CO' is not connected to any nets. (LINT-28)
Warning: In design 'adder_tree_1_DW01_add_9_DW01_add_129', port 'CI' is not connected to any nets. (LINT-28)
Warning: In design 'adder_tree_1_DW01_add_9_DW01_add_129', port 'CO' is not connected to any nets. (LINT-28)
Warning: In design 'adder_tree_1_DW01_add_10_DW01_add_130', port 'CI' is not connected to any nets. (LINT-28)
Warning: In design 'adder_tree_1_DW01_add_10_DW01_add_130', port 'CO' is not connected to any nets. (LINT-28)
Warning: In design 'adder_tree_1_DW01_add_11_DW01_add_131', port 'CI' is not connected to any nets. (LINT-28)
Warning: In design 'adder_tree_1_DW01_add_11_DW01_add_131', port 'CO' is not connected to any nets. (LINT-28)
Warning: In design 'adder_tree_1_DW01_add_12_DW01_add_132', port 'CI' is not connected to any nets. (LINT-28)
Warning: In design 'adder_tree_1_DW01_add_12_DW01_add_132', port 'CO' is not connected to any nets. (LINT-28)
Warning: In design 'adder_tree_1_DW01_add_13_DW01_add_133', port 'CI' is not connected to any nets. (LINT-28)
Warning: In design 'adder_tree_1_DW01_add_13_DW01_add_133', port 'CO' is not connected to any nets. (LINT-28)
Warning: In design 'adder_tree_1_DW01_add_14_DW01_add_134', port 'CI' is not connected to any nets. (LINT-28)
Warning: In design 'adder_tree_1_DW01_add_14_DW01_add_134', port 'CO' is not connected to any nets. (LINT-28)
Warning: In design 'adder_tree_2_DW01_add_6_DW01_add_135', port 'CI' is not connected to any nets. (LINT-28)
Warning: In design 'adder_tree_2_DW01_add_6_DW01_add_135', port 'CO' is not connected to any nets. (LINT-28)
Warning: In design 'adder_tree_2_DW01_add_7_DW01_add_136', port 'CI' is not connected to any nets. (LINT-28)
Warning: In design 'adder_tree_2_DW01_add_7_DW01_add_136', port 'CO' is not connected to any nets. (LINT-28)
Warning: In design 'adder_tree_2_DW01_add_8_DW01_add_137', port 'CI' is not connected to any nets. (LINT-28)
Warning: In design 'adder_tree_2_DW01_add_8_DW01_add_137', port 'CO' is not connected to any nets. (LINT-28)
Warning: In design 'adder_tree_2_DW01_add_9_DW01_add_138', port 'CI' is not connected to any nets. (LINT-28)
Warning: In design 'adder_tree_2_DW01_add_9_DW01_add_138', port 'CO' is not connected to any nets. (LINT-28)
Warning: In design 'adder_tree_2_DW01_add_10_DW01_add_139', port 'CI' is not connected to any nets. (LINT-28)
Warning: In design 'adder_tree_2_DW01_add_10_DW01_add_139', port 'CO' is not connected to any nets. (LINT-28)
Warning: In design 'adder_tree_2_DW01_add_11_DW01_add_140', port 'CI' is not connected to any nets. (LINT-28)
Warning: In design 'adder_tree_2_DW01_add_11_DW01_add_140', port 'CO' is not connected to any nets. (LINT-28)
Warning: In design 'adder_tree_2_DW01_add_12_DW01_add_141', port 'CI' is not connected to any nets. (LINT-28)
Warning: In design 'adder_tree_2_DW01_add_12_DW01_add_141', port 'CO' is not connected to any nets. (LINT-28)
Warning: In design 'adder_tree_2_DW01_add_13_DW01_add_142', port 'CI' is not connected to any nets. (LINT-28)
Warning: In design 'adder_tree_2_DW01_add_13_DW01_add_142', port 'CO' is not connected to any nets. (LINT-28)
Warning: In design 'adder_tree_2_DW01_add_14_DW01_add_143', port 'CI' is not connected to any nets. (LINT-28)
Warning: In design 'adder_tree_2_DW01_add_14_DW01_add_143', port 'CO' is not connected to any nets. (LINT-28)
Warning: In design 'adder_tree_0_DW01_add_12_DW01_add_144', port 'CI' is not connected to any nets. (LINT-28)
Warning: In design 'adder_tree_0_DW01_add_12_DW01_add_144', port 'CO' is not connected to any nets. (LINT-28)
Warning: In design 'adder_tree_0_DW01_add_13_DW01_add_145', port 'CI' is not connected to any nets. (LINT-28)
Warning: In design 'adder_tree_0_DW01_add_13_DW01_add_145', port 'CO' is not connected to any nets. (LINT-28)
Warning: In design 'adder_tree_0_DW01_add_14_DW01_add_146', port 'CI' is not connected to any nets. (LINT-28)
Warning: In design 'adder_tree_0_DW01_add_14_DW01_add_146', port 'CO' is not connected to any nets. (LINT-28)
Warning: In design 'mac_pipeline_superscalar_DATA_WIDTH8_LANE_NUM3_15_DW02_mult_0', port 'TC' is not connected to any nets. (LINT-28)
Warning: In design 'mac_pipeline_superscalar_DATA_WIDTH8_LANE_NUM3_15_DW01_add_6_DW01_add_147', port 'B[5]' is not connected to any nets. (LINT-28)
Warning: In design 'mac_pipeline_superscalar_DATA_WIDTH8_LANE_NUM3_15_DW01_add_6_DW01_add_147', port 'B[4]' is not connected to any nets. (LINT-28)
Warning: In design 'mac_pipeline_superscalar_DATA_WIDTH8_LANE_NUM3_15_DW01_add_6_DW01_add_147', port 'B[3]' is not connected to any nets. (LINT-28)
Warning: In design 'mac_pipeline_superscalar_DATA_WIDTH8_LANE_NUM3_15_DW01_add_6_DW01_add_147', port 'B[2]' is not connected to any nets. (LINT-28)
Warning: In design 'mac_pipeline_superscalar_DATA_WIDTH8_LANE_NUM3_15_DW01_add_6_DW01_add_147', port 'B[1]' is not connected to any nets. (LINT-28)
Warning: In design 'mac_pipeline_superscalar_DATA_WIDTH8_LANE_NUM3_15_DW01_add_6_DW01_add_147', port 'B[0]' is not connected to any nets. (LINT-28)
Warning: In design 'mac_pipeline_superscalar_DATA_WIDTH8_LANE_NUM3_15_DW01_add_6_DW01_add_147', port 'CI' is not connected to any nets. (LINT-28)
Warning: In design 'mac_pipeline_superscalar_DATA_WIDTH8_LANE_NUM3_15_DW01_add_6_DW01_add_147', port 'CO' is not connected to any nets. (LINT-28)
Warning: In design 'mac_pipeline_superscalar_DATA_WIDTH8_LANE_NUM3_15_DW02_mult_1', port 'TC' is not connected to any nets. (LINT-28)
Warning: In design 'mac_pipeline_superscalar_DATA_WIDTH8_LANE_NUM3_15_DW01_add_7_DW01_add_148', port 'B[5]' is not connected to any nets. (LINT-28)
Warning: In design 'mac_pipeline_superscalar_DATA_WIDTH8_LANE_NUM3_15_DW01_add_7_DW01_add_148', port 'B[4]' is not connected to any nets. (LINT-28)
Warning: In design 'mac_pipeline_superscalar_DATA_WIDTH8_LANE_NUM3_15_DW01_add_7_DW01_add_148', port 'B[3]' is not connected to any nets. (LINT-28)
Warning: In design 'mac_pipeline_superscalar_DATA_WIDTH8_LANE_NUM3_15_DW01_add_7_DW01_add_148', port 'B[2]' is not connected to any nets. (LINT-28)
Warning: In design 'mac_pipeline_superscalar_DATA_WIDTH8_LANE_NUM3_15_DW01_add_7_DW01_add_148', port 'B[1]' is not connected to any nets. (LINT-28)
Warning: In design 'mac_pipeline_superscalar_DATA_WIDTH8_LANE_NUM3_15_DW01_add_7_DW01_add_148', port 'B[0]' is not connected to any nets. (LINT-28)
Warning: In design 'mac_pipeline_superscalar_DATA_WIDTH8_LANE_NUM3_15_DW01_add_7_DW01_add_148', port 'CI' is not connected to any nets. (LINT-28)
Warning: In design 'mac_pipeline_superscalar_DATA_WIDTH8_LANE_NUM3_15_DW01_add_7_DW01_add_148', port 'CO' is not connected to any nets. (LINT-28)
Warning: In design 'mac_pipeline_superscalar_DATA_WIDTH8_LANE_NUM3_15_DW02_mult_2', port 'TC' is not connected to any nets. (LINT-28)
Warning: In design 'mac_pipeline_superscalar_DATA_WIDTH8_LANE_NUM3_15_DW01_add_8_DW01_add_149', port 'B[5]' is not connected to any nets. (LINT-28)
Warning: In design 'mac_pipeline_superscalar_DATA_WIDTH8_LANE_NUM3_15_DW01_add_8_DW01_add_149', port 'B[4]' is not connected to any nets. (LINT-28)
Warning: In design 'mac_pipeline_superscalar_DATA_WIDTH8_LANE_NUM3_15_DW01_add_8_DW01_add_149', port 'B[3]' is not connected to any nets. (LINT-28)
Warning: In design 'mac_pipeline_superscalar_DATA_WIDTH8_LANE_NUM3_15_DW01_add_8_DW01_add_149', port 'B[2]' is not connected to any nets. (LINT-28)
Warning: In design 'mac_pipeline_superscalar_DATA_WIDTH8_LANE_NUM3_15_DW01_add_8_DW01_add_149', port 'B[1]' is not connected to any nets. (LINT-28)
Warning: In design 'mac_pipeline_superscalar_DATA_WIDTH8_LANE_NUM3_15_DW01_add_8_DW01_add_149', port 'B[0]' is not connected to any nets. (LINT-28)
Warning: In design 'mac_pipeline_superscalar_DATA_WIDTH8_LANE_NUM3_15_DW01_add_8_DW01_add_149', port 'CI' is not connected to any nets. (LINT-28)
Warning: In design 'mac_pipeline_superscalar_DATA_WIDTH8_LANE_NUM3_15_DW01_add_8_DW01_add_149', port 'CO' is not connected to any nets. (LINT-28)
Warning: In design 'mac_pipeline_superscalar_DATA_WIDTH8_LANE_NUM3_14_DW02_mult_0_DW02_mult_3', port 'TC' is not connected to any nets. (LINT-28)
Warning: In design 'mac_pipeline_superscalar_DATA_WIDTH8_LANE_NUM3_14_DW01_add_6_DW01_add_150', port 'B[5]' is not connected to any nets. (LINT-28)
Warning: In design 'mac_pipeline_superscalar_DATA_WIDTH8_LANE_NUM3_14_DW01_add_6_DW01_add_150', port 'B[4]' is not connected to any nets. (LINT-28)
Warning: In design 'mac_pipeline_superscalar_DATA_WIDTH8_LANE_NUM3_14_DW01_add_6_DW01_add_150', port 'B[3]' is not connected to any nets. (LINT-28)
Warning: In design 'mac_pipeline_superscalar_DATA_WIDTH8_LANE_NUM3_14_DW01_add_6_DW01_add_150', port 'B[2]' is not connected to any nets. (LINT-28)
Warning: In design 'mac_pipeline_superscalar_DATA_WIDTH8_LANE_NUM3_14_DW01_add_6_DW01_add_150', port 'B[1]' is not connected to any nets. (LINT-28)
Warning: In design 'mac_pipeline_superscalar_DATA_WIDTH8_LANE_NUM3_14_DW01_add_6_DW01_add_150', port 'B[0]' is not connected to any nets. (LINT-28)
Warning: In design 'mac_pipeline_superscalar_DATA_WIDTH8_LANE_NUM3_14_DW01_add_6_DW01_add_150', port 'CI' is not connected to any nets. (LINT-28)
Warning: In design 'mac_pipeline_superscalar_DATA_WIDTH8_LANE_NUM3_14_DW01_add_6_DW01_add_150', port 'CO' is not connected to any nets. (LINT-28)
Warning: In design 'mac_pipeline_superscalar_DATA_WIDTH8_LANE_NUM3_14_DW02_mult_1_DW02_mult_4', port 'TC' is not connected to any nets. (LINT-28)
Warning: In design 'mac_pipeline_superscalar_DATA_WIDTH8_LANE_NUM3_14_DW01_add_7_DW01_add_151', port 'B[5]' is not connected to any nets. (LINT-28)
Warning: In design 'mac_pipeline_superscalar_DATA_WIDTH8_LANE_NUM3_14_DW01_add_7_DW01_add_151', port 'B[4]' is not connected to any nets. (LINT-28)
Warning: In design 'mac_pipeline_superscalar_DATA_WIDTH8_LANE_NUM3_14_DW01_add_7_DW01_add_151', port 'B[3]' is not connected to any nets. (LINT-28)
Warning: In design 'mac_pipeline_superscalar_DATA_WIDTH8_LANE_NUM3_14_DW01_add_7_DW01_add_151', port 'B[2]' is not connected to any nets. (LINT-28)
Warning: In design 'mac_pipeline_superscalar_DATA_WIDTH8_LANE_NUM3_14_DW01_add_7_DW01_add_151', port 'B[1]' is not connected to any nets. (LINT-28)
Warning: In design 'mac_pipeline_superscalar_DATA_WIDTH8_LANE_NUM3_14_DW01_add_7_DW01_add_151', port 'B[0]' is not connected to any nets. (LINT-28)
Warning: In design 'mac_pipeline_superscalar_DATA_WIDTH8_LANE_NUM3_14_DW01_add_7_DW01_add_151', port 'CI' is not connected to any nets. (LINT-28)
Warning: In design 'mac_pipeline_superscalar_DATA_WIDTH8_LANE_NUM3_14_DW01_add_7_DW01_add_151', port 'CO' is not connected to any nets. (LINT-28)
Warning: In design 'mac_pipeline_superscalar_DATA_WIDTH8_LANE_NUM3_14_DW02_mult_2_DW02_mult_5', port 'TC' is not connected to any nets. (LINT-28)
Warning: In design 'mac_pipeline_superscalar_DATA_WIDTH8_LANE_NUM3_14_DW01_add_8_DW01_add_152', port 'B[5]' is not connected to any nets. (LINT-28)
Warning: In design 'mac_pipeline_superscalar_DATA_WIDTH8_LANE_NUM3_14_DW01_add_8_DW01_add_152', port 'B[4]' is not connected to any nets. (LINT-28)
Warning: In design 'mac_pipeline_superscalar_DATA_WIDTH8_LANE_NUM3_14_DW01_add_8_DW01_add_152', port 'B[3]' is not connected to any nets. (LINT-28)
Warning: In design 'mac_pipeline_superscalar_DATA_WIDTH8_LANE_NUM3_14_DW01_add_8_DW01_add_152', port 'B[2]' is not connected to any nets. (LINT-28)
Warning: In design 'mac_pipeline_superscalar_DATA_WIDTH8_LANE_NUM3_14_DW01_add_8_DW01_add_152', port 'B[1]' is not connected to any nets. (LINT-28)
Warning: In design 'mac_pipeline_superscalar_DATA_WIDTH8_LANE_NUM3_14_DW01_add_8_DW01_add_152', port 'B[0]' is not connected to any nets. (LINT-28)
Warning: In design 'mac_pipeline_superscalar_DATA_WIDTH8_LANE_NUM3_14_DW01_add_8_DW01_add_152', port 'CI' is not connected to any nets. (LINT-28)
Warning: In design 'mac_pipeline_superscalar_DATA_WIDTH8_LANE_NUM3_14_DW01_add_8_DW01_add_152', port 'CO' is not connected to any nets. (LINT-28)
Warning: In design 'mac_pipeline_superscalar_DATA_WIDTH8_LANE_NUM3_13_DW02_mult_0_DW02_mult_6', port 'TC' is not connected to any nets. (LINT-28)
Warning: In design 'mac_pipeline_superscalar_DATA_WIDTH8_LANE_NUM3_13_DW01_add_6_DW01_add_153', port 'B[5]' is not connected to any nets. (LINT-28)
Warning: In design 'mac_pipeline_superscalar_DATA_WIDTH8_LANE_NUM3_13_DW01_add_6_DW01_add_153', port 'B[4]' is not connected to any nets. (LINT-28)
Warning: In design 'mac_pipeline_superscalar_DATA_WIDTH8_LANE_NUM3_13_DW01_add_6_DW01_add_153', port 'B[3]' is not connected to any nets. (LINT-28)
Warning: In design 'mac_pipeline_superscalar_DATA_WIDTH8_LANE_NUM3_13_DW01_add_6_DW01_add_153', port 'B[2]' is not connected to any nets. (LINT-28)
Warning: In design 'mac_pipeline_superscalar_DATA_WIDTH8_LANE_NUM3_13_DW01_add_6_DW01_add_153', port 'B[1]' is not connected to any nets. (LINT-28)
Warning: In design 'mac_pipeline_superscalar_DATA_WIDTH8_LANE_NUM3_13_DW01_add_6_DW01_add_153', port 'B[0]' is not connected to any nets. (LINT-28)
Warning: In design 'mac_pipeline_superscalar_DATA_WIDTH8_LANE_NUM3_13_DW01_add_6_DW01_add_153', port 'CI' is not connected to any nets. (LINT-28)
Warning: In design 'mac_pipeline_superscalar_DATA_WIDTH8_LANE_NUM3_13_DW01_add_6_DW01_add_153', port 'CO' is not connected to any nets. (LINT-28)
Warning: In design 'mac_pipeline_superscalar_DATA_WIDTH8_LANE_NUM3_13_DW02_mult_1_DW02_mult_7', port 'TC' is not connected to any nets. (LINT-28)
Warning: In design 'mac_pipeline_superscalar_DATA_WIDTH8_LANE_NUM3_13_DW01_add_7_DW01_add_154', port 'B[5]' is not connected to any nets. (LINT-28)
Warning: In design 'mac_pipeline_superscalar_DATA_WIDTH8_LANE_NUM3_13_DW01_add_7_DW01_add_154', port 'B[4]' is not connected to any nets. (LINT-28)
Warning: In design 'mac_pipeline_superscalar_DATA_WIDTH8_LANE_NUM3_13_DW01_add_7_DW01_add_154', port 'B[3]' is not connected to any nets. (LINT-28)
Warning: In design 'mac_pipeline_superscalar_DATA_WIDTH8_LANE_NUM3_13_DW01_add_7_DW01_add_154', port 'B[2]' is not connected to any nets. (LINT-28)
Warning: In design 'mac_pipeline_superscalar_DATA_WIDTH8_LANE_NUM3_13_DW01_add_7_DW01_add_154', port 'B[1]' is not connected to any nets. (LINT-28)
Warning: In design 'mac_pipeline_superscalar_DATA_WIDTH8_LANE_NUM3_13_DW01_add_7_DW01_add_154', port 'B[0]' is not connected to any nets. (LINT-28)
Warning: In design 'mac_pipeline_superscalar_DATA_WIDTH8_LANE_NUM3_13_DW01_add_7_DW01_add_154', port 'CI' is not connected to any nets. (LINT-28)
Warning: In design 'mac_pipeline_superscalar_DATA_WIDTH8_LANE_NUM3_13_DW01_add_7_DW01_add_154', port 'CO' is not connected to any nets. (LINT-28)
Warning: In design 'mac_pipeline_superscalar_DATA_WIDTH8_LANE_NUM3_13_DW02_mult_2_DW02_mult_8', port 'TC' is not connected to any nets. (LINT-28)
Warning: In design 'mac_pipeline_superscalar_DATA_WIDTH8_LANE_NUM3_13_DW01_add_8_DW01_add_155', port 'B[5]' is not connected to any nets. (LINT-28)
Warning: In design 'mac_pipeline_superscalar_DATA_WIDTH8_LANE_NUM3_13_DW01_add_8_DW01_add_155', port 'B[4]' is not connected to any nets. (LINT-28)
Warning: In design 'mac_pipeline_superscalar_DATA_WIDTH8_LANE_NUM3_13_DW01_add_8_DW01_add_155', port 'B[3]' is not connected to any nets. (LINT-28)
Warning: In design 'mac_pipeline_superscalar_DATA_WIDTH8_LANE_NUM3_13_DW01_add_8_DW01_add_155', port 'B[2]' is not connected to any nets. (LINT-28)
Warning: In design 'mac_pipeline_superscalar_DATA_WIDTH8_LANE_NUM3_13_DW01_add_8_DW01_add_155', port 'B[1]' is not connected to any nets. (LINT-28)
Warning: In design 'mac_pipeline_superscalar_DATA_WIDTH8_LANE_NUM3_13_DW01_add_8_DW01_add_155', port 'B[0]' is not connected to any nets. (LINT-28)
Warning: In design 'mac_pipeline_superscalar_DATA_WIDTH8_LANE_NUM3_13_DW01_add_8_DW01_add_155', port 'CI' is not connected to any nets. (LINT-28)
Warning: In design 'mac_pipeline_superscalar_DATA_WIDTH8_LANE_NUM3_13_DW01_add_8_DW01_add_155', port 'CO' is not connected to any nets. (LINT-28)
Warning: In design 'mac_pipeline_superscalar_DATA_WIDTH8_LANE_NUM3_12_DW02_mult_0_DW02_mult_9', port 'TC' is not connected to any nets. (LINT-28)
Warning: In design 'mac_pipeline_superscalar_DATA_WIDTH8_LANE_NUM3_12_DW01_add_6_DW01_add_156', port 'B[5]' is not connected to any nets. (LINT-28)
Warning: In design 'mac_pipeline_superscalar_DATA_WIDTH8_LANE_NUM3_12_DW01_add_6_DW01_add_156', port 'B[4]' is not connected to any nets. (LINT-28)
Warning: In design 'mac_pipeline_superscalar_DATA_WIDTH8_LANE_NUM3_12_DW01_add_6_DW01_add_156', port 'B[3]' is not connected to any nets. (LINT-28)
Warning: In design 'mac_pipeline_superscalar_DATA_WIDTH8_LANE_NUM3_12_DW01_add_6_DW01_add_156', port 'B[2]' is not connected to any nets. (LINT-28)
Warning: In design 'mac_pipeline_superscalar_DATA_WIDTH8_LANE_NUM3_12_DW01_add_6_DW01_add_156', port 'B[1]' is not connected to any nets. (LINT-28)
Warning: In design 'mac_pipeline_superscalar_DATA_WIDTH8_LANE_NUM3_12_DW01_add_6_DW01_add_156', port 'B[0]' is not connected to any nets. (LINT-28)
Warning: In design 'mac_pipeline_superscalar_DATA_WIDTH8_LANE_NUM3_12_DW01_add_6_DW01_add_156', port 'CI' is not connected to any nets. (LINT-28)
Warning: In design 'mac_pipeline_superscalar_DATA_WIDTH8_LANE_NUM3_12_DW01_add_6_DW01_add_156', port 'CO' is not connected to any nets. (LINT-28)
Warning: In design 'mac_pipeline_superscalar_DATA_WIDTH8_LANE_NUM3_12_DW02_mult_1_DW02_mult_10', port 'TC' is not connected to any nets. (LINT-28)
Warning: In design 'mac_pipeline_superscalar_DATA_WIDTH8_LANE_NUM3_12_DW01_add_7_DW01_add_157', port 'B[5]' is not connected to any nets. (LINT-28)
Warning: In design 'mac_pipeline_superscalar_DATA_WIDTH8_LANE_NUM3_12_DW01_add_7_DW01_add_157', port 'B[4]' is not connected to any nets. (LINT-28)
Warning: In design 'mac_pipeline_superscalar_DATA_WIDTH8_LANE_NUM3_12_DW01_add_7_DW01_add_157', port 'B[3]' is not connected to any nets. (LINT-28)
Warning: In design 'mac_pipeline_superscalar_DATA_WIDTH8_LANE_NUM3_12_DW01_add_7_DW01_add_157', port 'B[2]' is not connected to any nets. (LINT-28)
Warning: In design 'mac_pipeline_superscalar_DATA_WIDTH8_LANE_NUM3_12_DW01_add_7_DW01_add_157', port 'B[1]' is not connected to any nets. (LINT-28)
Warning: In design 'mac_pipeline_superscalar_DATA_WIDTH8_LANE_NUM3_12_DW01_add_7_DW01_add_157', port 'B[0]' is not connected to any nets. (LINT-28)
Warning: In design 'mac_pipeline_superscalar_DATA_WIDTH8_LANE_NUM3_12_DW01_add_7_DW01_add_157', port 'CI' is not connected to any nets. (LINT-28)
Warning: In design 'mac_pipeline_superscalar_DATA_WIDTH8_LANE_NUM3_12_DW01_add_7_DW01_add_157', port 'CO' is not connected to any nets. (LINT-28)
Warning: In design 'mac_pipeline_superscalar_DATA_WIDTH8_LANE_NUM3_12_DW02_mult_2_DW02_mult_11', port 'TC' is not connected to any nets. (LINT-28)
Warning: In design 'mac_pipeline_superscalar_DATA_WIDTH8_LANE_NUM3_12_DW01_add_8_DW01_add_158', port 'B[5]' is not connected to any nets. (LINT-28)
Warning: In design 'mac_pipeline_superscalar_DATA_WIDTH8_LANE_NUM3_12_DW01_add_8_DW01_add_158', port 'B[4]' is not connected to any nets. (LINT-28)
Warning: In design 'mac_pipeline_superscalar_DATA_WIDTH8_LANE_NUM3_12_DW01_add_8_DW01_add_158', port 'B[3]' is not connected to any nets. (LINT-28)
Warning: In design 'mac_pipeline_superscalar_DATA_WIDTH8_LANE_NUM3_12_DW01_add_8_DW01_add_158', port 'B[2]' is not connected to any nets. (LINT-28)
Warning: In design 'mac_pipeline_superscalar_DATA_WIDTH8_LANE_NUM3_12_DW01_add_8_DW01_add_158', port 'B[1]' is not connected to any nets. (LINT-28)
Warning: In design 'mac_pipeline_superscalar_DATA_WIDTH8_LANE_NUM3_12_DW01_add_8_DW01_add_158', port 'B[0]' is not connected to any nets. (LINT-28)
Warning: In design 'mac_pipeline_superscalar_DATA_WIDTH8_LANE_NUM3_12_DW01_add_8_DW01_add_158', port 'CI' is not connected to any nets. (LINT-28)
Warning: In design 'mac_pipeline_superscalar_DATA_WIDTH8_LANE_NUM3_12_DW01_add_8_DW01_add_158', port 'CO' is not connected to any nets. (LINT-28)
Warning: In design 'mac_pipeline_superscalar_DATA_WIDTH8_LANE_NUM3_11_DW02_mult_0_DW02_mult_12', port 'TC' is not connected to any nets. (LINT-28)
Warning: In design 'mac_pipeline_superscalar_DATA_WIDTH8_LANE_NUM3_11_DW01_add_6_DW01_add_159', port 'B[5]' is not connected to any nets. (LINT-28)
Warning: In design 'mac_pipeline_superscalar_DATA_WIDTH8_LANE_NUM3_11_DW01_add_6_DW01_add_159', port 'B[4]' is not connected to any nets. (LINT-28)
Warning: In design 'mac_pipeline_superscalar_DATA_WIDTH8_LANE_NUM3_11_DW01_add_6_DW01_add_159', port 'B[3]' is not connected to any nets. (LINT-28)
Warning: In design 'mac_pipeline_superscalar_DATA_WIDTH8_LANE_NUM3_11_DW01_add_6_DW01_add_159', port 'B[2]' is not connected to any nets. (LINT-28)
Warning: In design 'mac_pipeline_superscalar_DATA_WIDTH8_LANE_NUM3_11_DW01_add_6_DW01_add_159', port 'B[1]' is not connected to any nets. (LINT-28)
Warning: In design 'mac_pipeline_superscalar_DATA_WIDTH8_LANE_NUM3_11_DW01_add_6_DW01_add_159', port 'B[0]' is not connected to any nets. (LINT-28)
Warning: In design 'mac_pipeline_superscalar_DATA_WIDTH8_LANE_NUM3_11_DW01_add_6_DW01_add_159', port 'CI' is not connected to any nets. (LINT-28)
Warning: In design 'mac_pipeline_superscalar_DATA_WIDTH8_LANE_NUM3_11_DW01_add_6_DW01_add_159', port 'CO' is not connected to any nets. (LINT-28)
Warning: In design 'mac_pipeline_superscalar_DATA_WIDTH8_LANE_NUM3_11_DW02_mult_1_DW02_mult_13', port 'TC' is not connected to any nets. (LINT-28)
Warning: In design 'mac_pipeline_superscalar_DATA_WIDTH8_LANE_NUM3_11_DW01_add_7_DW01_add_160', port 'B[5]' is not connected to any nets. (LINT-28)
Warning: In design 'mac_pipeline_superscalar_DATA_WIDTH8_LANE_NUM3_11_DW01_add_7_DW01_add_160', port 'B[4]' is not connected to any nets. (LINT-28)
Warning: In design 'mac_pipeline_superscalar_DATA_WIDTH8_LANE_NUM3_11_DW01_add_7_DW01_add_160', port 'B[3]' is not connected to any nets. (LINT-28)
Warning: In design 'mac_pipeline_superscalar_DATA_WIDTH8_LANE_NUM3_11_DW01_add_7_DW01_add_160', port 'B[2]' is not connected to any nets. (LINT-28)
Warning: In design 'mac_pipeline_superscalar_DATA_WIDTH8_LANE_NUM3_11_DW01_add_7_DW01_add_160', port 'B[1]' is not connected to any nets. (LINT-28)
Warning: In design 'mac_pipeline_superscalar_DATA_WIDTH8_LANE_NUM3_11_DW01_add_7_DW01_add_160', port 'B[0]' is not connected to any nets. (LINT-28)
Warning: In design 'mac_pipeline_superscalar_DATA_WIDTH8_LANE_NUM3_11_DW01_add_7_DW01_add_160', port 'CI' is not connected to any nets. (LINT-28)
Warning: In design 'mac_pipeline_superscalar_DATA_WIDTH8_LANE_NUM3_11_DW01_add_7_DW01_add_160', port 'CO' is not connected to any nets. (LINT-28)
Warning: In design 'mac_pipeline_superscalar_DATA_WIDTH8_LANE_NUM3_11_DW02_mult_2_DW02_mult_14', port 'TC' is not connected to any nets. (LINT-28)
Warning: In design 'mac_pipeline_superscalar_DATA_WIDTH8_LANE_NUM3_11_DW01_add_8_DW01_add_161', port 'B[5]' is not connected to any nets. (LINT-28)
Warning: In design 'mac_pipeline_superscalar_DATA_WIDTH8_LANE_NUM3_11_DW01_add_8_DW01_add_161', port 'B[4]' is not connected to any nets. (LINT-28)
Warning: In design 'mac_pipeline_superscalar_DATA_WIDTH8_LANE_NUM3_11_DW01_add_8_DW01_add_161', port 'B[3]' is not connected to any nets. (LINT-28)
Warning: In design 'mac_pipeline_superscalar_DATA_WIDTH8_LANE_NUM3_11_DW01_add_8_DW01_add_161', port 'B[2]' is not connected to any nets. (LINT-28)
Warning: In design 'mac_pipeline_superscalar_DATA_WIDTH8_LANE_NUM3_11_DW01_add_8_DW01_add_161', port 'B[1]' is not connected to any nets. (LINT-28)
Warning: In design 'mac_pipeline_superscalar_DATA_WIDTH8_LANE_NUM3_11_DW01_add_8_DW01_add_161', port 'B[0]' is not connected to any nets. (LINT-28)
Warning: In design 'mac_pipeline_superscalar_DATA_WIDTH8_LANE_NUM3_11_DW01_add_8_DW01_add_161', port 'CI' is not connected to any nets. (LINT-28)
Warning: In design 'mac_pipeline_superscalar_DATA_WIDTH8_LANE_NUM3_11_DW01_add_8_DW01_add_161', port 'CO' is not connected to any nets. (LINT-28)
Warning: In design 'mac_pipeline_superscalar_DATA_WIDTH8_LANE_NUM3_10_DW02_mult_0_DW02_mult_15', port 'TC' is not connected to any nets. (LINT-28)
Warning: In design 'mac_pipeline_superscalar_DATA_WIDTH8_LANE_NUM3_10_DW01_add_6_DW01_add_162', port 'B[5]' is not connected to any nets. (LINT-28)
Warning: In design 'mac_pipeline_superscalar_DATA_WIDTH8_LANE_NUM3_10_DW01_add_6_DW01_add_162', port 'B[4]' is not connected to any nets. (LINT-28)
Warning: In design 'mac_pipeline_superscalar_DATA_WIDTH8_LANE_NUM3_10_DW01_add_6_DW01_add_162', port 'B[3]' is not connected to any nets. (LINT-28)
Warning: In design 'mac_pipeline_superscalar_DATA_WIDTH8_LANE_NUM3_10_DW01_add_6_DW01_add_162', port 'B[2]' is not connected to any nets. (LINT-28)
Warning: In design 'mac_pipeline_superscalar_DATA_WIDTH8_LANE_NUM3_10_DW01_add_6_DW01_add_162', port 'B[1]' is not connected to any nets. (LINT-28)
Warning: In design 'mac_pipeline_superscalar_DATA_WIDTH8_LANE_NUM3_10_DW01_add_6_DW01_add_162', port 'B[0]' is not connected to any nets. (LINT-28)
Warning: In design 'mac_pipeline_superscalar_DATA_WIDTH8_LANE_NUM3_10_DW01_add_6_DW01_add_162', port 'CI' is not connected to any nets. (LINT-28)
Warning: In design 'mac_pipeline_superscalar_DATA_WIDTH8_LANE_NUM3_10_DW01_add_6_DW01_add_162', port 'CO' is not connected to any nets. (LINT-28)
Warning: In design 'mac_pipeline_superscalar_DATA_WIDTH8_LANE_NUM3_10_DW02_mult_1_DW02_mult_16', port 'TC' is not connected to any nets. (LINT-28)
Warning: In design 'mac_pipeline_superscalar_DATA_WIDTH8_LANE_NUM3_10_DW01_add_7_DW01_add_163', port 'B[5]' is not connected to any nets. (LINT-28)
Warning: In design 'mac_pipeline_superscalar_DATA_WIDTH8_LANE_NUM3_10_DW01_add_7_DW01_add_163', port 'B[4]' is not connected to any nets. (LINT-28)
Warning: In design 'mac_pipeline_superscalar_DATA_WIDTH8_LANE_NUM3_10_DW01_add_7_DW01_add_163', port 'B[3]' is not connected to any nets. (LINT-28)
Warning: In design 'mac_pipeline_superscalar_DATA_WIDTH8_LANE_NUM3_10_DW01_add_7_DW01_add_163', port 'B[2]' is not connected to any nets. (LINT-28)
Warning: In design 'mac_pipeline_superscalar_DATA_WIDTH8_LANE_NUM3_10_DW01_add_7_DW01_add_163', port 'B[1]' is not connected to any nets. (LINT-28)
Warning: In design 'mac_pipeline_superscalar_DATA_WIDTH8_LANE_NUM3_10_DW01_add_7_DW01_add_163', port 'B[0]' is not connected to any nets. (LINT-28)
Warning: In design 'mac_pipeline_superscalar_DATA_WIDTH8_LANE_NUM3_10_DW01_add_7_DW01_add_163', port 'CI' is not connected to any nets. (LINT-28)
Warning: In design 'mac_pipeline_superscalar_DATA_WIDTH8_LANE_NUM3_10_DW01_add_7_DW01_add_163', port 'CO' is not connected to any nets. (LINT-28)
Warning: In design 'mac_pipeline_superscalar_DATA_WIDTH8_LANE_NUM3_10_DW02_mult_2_DW02_mult_17', port 'TC' is not connected to any nets. (LINT-28)
Warning: In design 'mac_pipeline_superscalar_DATA_WIDTH8_LANE_NUM3_10_DW01_add_8_DW01_add_164', port 'B[5]' is not connected to any nets. (LINT-28)
Warning: In design 'mac_pipeline_superscalar_DATA_WIDTH8_LANE_NUM3_10_DW01_add_8_DW01_add_164', port 'B[4]' is not connected to any nets. (LINT-28)
Warning: In design 'mac_pipeline_superscalar_DATA_WIDTH8_LANE_NUM3_10_DW01_add_8_DW01_add_164', port 'B[3]' is not connected to any nets. (LINT-28)
Warning: In design 'mac_pipeline_superscalar_DATA_WIDTH8_LANE_NUM3_10_DW01_add_8_DW01_add_164', port 'B[2]' is not connected to any nets. (LINT-28)
Warning: In design 'mac_pipeline_superscalar_DATA_WIDTH8_LANE_NUM3_10_DW01_add_8_DW01_add_164', port 'B[1]' is not connected to any nets. (LINT-28)
Warning: In design 'mac_pipeline_superscalar_DATA_WIDTH8_LANE_NUM3_10_DW01_add_8_DW01_add_164', port 'B[0]' is not connected to any nets. (LINT-28)
Warning: In design 'mac_pipeline_superscalar_DATA_WIDTH8_LANE_NUM3_10_DW01_add_8_DW01_add_164', port 'CI' is not connected to any nets. (LINT-28)
Warning: In design 'mac_pipeline_superscalar_DATA_WIDTH8_LANE_NUM3_10_DW01_add_8_DW01_add_164', port 'CO' is not connected to any nets. (LINT-28)
Warning: In design 'mac_pipeline_superscalar_DATA_WIDTH8_LANE_NUM3_9_DW02_mult_0_DW02_mult_18', port 'TC' is not connected to any nets. (LINT-28)
Warning: In design 'mac_pipeline_superscalar_DATA_WIDTH8_LANE_NUM3_9_DW01_add_6_DW01_add_165', port 'B[5]' is not connected to any nets. (LINT-28)
Warning: In design 'mac_pipeline_superscalar_DATA_WIDTH8_LANE_NUM3_9_DW01_add_6_DW01_add_165', port 'B[4]' is not connected to any nets. (LINT-28)
Warning: In design 'mac_pipeline_superscalar_DATA_WIDTH8_LANE_NUM3_9_DW01_add_6_DW01_add_165', port 'B[3]' is not connected to any nets. (LINT-28)
Warning: In design 'mac_pipeline_superscalar_DATA_WIDTH8_LANE_NUM3_9_DW01_add_6_DW01_add_165', port 'B[2]' is not connected to any nets. (LINT-28)
Warning: In design 'mac_pipeline_superscalar_DATA_WIDTH8_LANE_NUM3_9_DW01_add_6_DW01_add_165', port 'B[1]' is not connected to any nets. (LINT-28)
Warning: In design 'mac_pipeline_superscalar_DATA_WIDTH8_LANE_NUM3_9_DW01_add_6_DW01_add_165', port 'B[0]' is not connected to any nets. (LINT-28)
Warning: In design 'mac_pipeline_superscalar_DATA_WIDTH8_LANE_NUM3_9_DW01_add_6_DW01_add_165', port 'CI' is not connected to any nets. (LINT-28)
Warning: In design 'mac_pipeline_superscalar_DATA_WIDTH8_LANE_NUM3_9_DW01_add_6_DW01_add_165', port 'CO' is not connected to any nets. (LINT-28)
Warning: In design 'mac_pipeline_superscalar_DATA_WIDTH8_LANE_NUM3_9_DW02_mult_1_DW02_mult_19', port 'TC' is not connected to any nets. (LINT-28)
Warning: In design 'mac_pipeline_superscalar_DATA_WIDTH8_LANE_NUM3_9_DW01_add_7_DW01_add_166', port 'B[5]' is not connected to any nets. (LINT-28)
Warning: In design 'mac_pipeline_superscalar_DATA_WIDTH8_LANE_NUM3_9_DW01_add_7_DW01_add_166', port 'B[4]' is not connected to any nets. (LINT-28)
Warning: In design 'mac_pipeline_superscalar_DATA_WIDTH8_LANE_NUM3_9_DW01_add_7_DW01_add_166', port 'B[3]' is not connected to any nets. (LINT-28)
Warning: In design 'mac_pipeline_superscalar_DATA_WIDTH8_LANE_NUM3_9_DW01_add_7_DW01_add_166', port 'B[2]' is not connected to any nets. (LINT-28)
Warning: In design 'mac_pipeline_superscalar_DATA_WIDTH8_LANE_NUM3_9_DW01_add_7_DW01_add_166', port 'B[1]' is not connected to any nets. (LINT-28)
Warning: In design 'mac_pipeline_superscalar_DATA_WIDTH8_LANE_NUM3_9_DW01_add_7_DW01_add_166', port 'B[0]' is not connected to any nets. (LINT-28)
Warning: In design 'mac_pipeline_superscalar_DATA_WIDTH8_LANE_NUM3_9_DW01_add_7_DW01_add_166', port 'CI' is not connected to any nets. (LINT-28)
Warning: In design 'mac_pipeline_superscalar_DATA_WIDTH8_LANE_NUM3_9_DW01_add_7_DW01_add_166', port 'CO' is not connected to any nets. (LINT-28)
Warning: In design 'mac_pipeline_superscalar_DATA_WIDTH8_LANE_NUM3_9_DW02_mult_2_DW02_mult_20', port 'TC' is not connected to any nets. (LINT-28)
Warning: In design 'mac_pipeline_superscalar_DATA_WIDTH8_LANE_NUM3_9_DW01_add_8_DW01_add_167', port 'B[5]' is not connected to any nets. (LINT-28)
Warning: In design 'mac_pipeline_superscalar_DATA_WIDTH8_LANE_NUM3_9_DW01_add_8_DW01_add_167', port 'B[4]' is not connected to any nets. (LINT-28)
Warning: In design 'mac_pipeline_superscalar_DATA_WIDTH8_LANE_NUM3_9_DW01_add_8_DW01_add_167', port 'B[3]' is not connected to any nets. (LINT-28)
Warning: In design 'mac_pipeline_superscalar_DATA_WIDTH8_LANE_NUM3_9_DW01_add_8_DW01_add_167', port 'B[2]' is not connected to any nets. (LINT-28)
Warning: In design 'mac_pipeline_superscalar_DATA_WIDTH8_LANE_NUM3_9_DW01_add_8_DW01_add_167', port 'B[1]' is not connected to any nets. (LINT-28)
Warning: In design 'mac_pipeline_superscalar_DATA_WIDTH8_LANE_NUM3_9_DW01_add_8_DW01_add_167', port 'B[0]' is not connected to any nets. (LINT-28)
Warning: In design 'mac_pipeline_superscalar_DATA_WIDTH8_LANE_NUM3_9_DW01_add_8_DW01_add_167', port 'CI' is not connected to any nets. (LINT-28)
Warning: In design 'mac_pipeline_superscalar_DATA_WIDTH8_LANE_NUM3_9_DW01_add_8_DW01_add_167', port 'CO' is not connected to any nets. (LINT-28)
Warning: In design 'mac_pipeline_superscalar_DATA_WIDTH8_LANE_NUM3_8_DW02_mult_0_DW02_mult_21', port 'TC' is not connected to any nets. (LINT-28)
Warning: In design 'mac_pipeline_superscalar_DATA_WIDTH8_LANE_NUM3_8_DW01_add_6_DW01_add_168', port 'B[5]' is not connected to any nets. (LINT-28)
Warning: In design 'mac_pipeline_superscalar_DATA_WIDTH8_LANE_NUM3_8_DW01_add_6_DW01_add_168', port 'B[4]' is not connected to any nets. (LINT-28)
Warning: In design 'mac_pipeline_superscalar_DATA_WIDTH8_LANE_NUM3_8_DW01_add_6_DW01_add_168', port 'B[3]' is not connected to any nets. (LINT-28)
Warning: In design 'mac_pipeline_superscalar_DATA_WIDTH8_LANE_NUM3_8_DW01_add_6_DW01_add_168', port 'B[2]' is not connected to any nets. (LINT-28)
Warning: In design 'mac_pipeline_superscalar_DATA_WIDTH8_LANE_NUM3_8_DW01_add_6_DW01_add_168', port 'B[1]' is not connected to any nets. (LINT-28)
Warning: In design 'mac_pipeline_superscalar_DATA_WIDTH8_LANE_NUM3_8_DW01_add_6_DW01_add_168', port 'B[0]' is not connected to any nets. (LINT-28)
Warning: In design 'mac_pipeline_superscalar_DATA_WIDTH8_LANE_NUM3_8_DW01_add_6_DW01_add_168', port 'CI' is not connected to any nets. (LINT-28)
Warning: In design 'mac_pipeline_superscalar_DATA_WIDTH8_LANE_NUM3_8_DW01_add_6_DW01_add_168', port 'CO' is not connected to any nets. (LINT-28)
Warning: In design 'mac_pipeline_superscalar_DATA_WIDTH8_LANE_NUM3_8_DW02_mult_1_DW02_mult_22', port 'TC' is not connected to any nets. (LINT-28)
Warning: In design 'mac_pipeline_superscalar_DATA_WIDTH8_LANE_NUM3_8_DW01_add_7_DW01_add_169', port 'B[5]' is not connected to any nets. (LINT-28)
Warning: In design 'mac_pipeline_superscalar_DATA_WIDTH8_LANE_NUM3_8_DW01_add_7_DW01_add_169', port 'B[4]' is not connected to any nets. (LINT-28)
Warning: In design 'mac_pipeline_superscalar_DATA_WIDTH8_LANE_NUM3_8_DW01_add_7_DW01_add_169', port 'B[3]' is not connected to any nets. (LINT-28)
Warning: In design 'mac_pipeline_superscalar_DATA_WIDTH8_LANE_NUM3_8_DW01_add_7_DW01_add_169', port 'B[2]' is not connected to any nets. (LINT-28)
Warning: In design 'mac_pipeline_superscalar_DATA_WIDTH8_LANE_NUM3_8_DW01_add_7_DW01_add_169', port 'B[1]' is not connected to any nets. (LINT-28)
Warning: In design 'mac_pipeline_superscalar_DATA_WIDTH8_LANE_NUM3_8_DW01_add_7_DW01_add_169', port 'B[0]' is not connected to any nets. (LINT-28)
Warning: In design 'mac_pipeline_superscalar_DATA_WIDTH8_LANE_NUM3_8_DW01_add_7_DW01_add_169', port 'CI' is not connected to any nets. (LINT-28)
Warning: In design 'mac_pipeline_superscalar_DATA_WIDTH8_LANE_NUM3_8_DW01_add_7_DW01_add_169', port 'CO' is not connected to any nets. (LINT-28)
Warning: In design 'mac_pipeline_superscalar_DATA_WIDTH8_LANE_NUM3_8_DW02_mult_2_DW02_mult_23', port 'TC' is not connected to any nets. (LINT-28)
Warning: In design 'mac_pipeline_superscalar_DATA_WIDTH8_LANE_NUM3_8_DW01_add_8_DW01_add_170', port 'B[5]' is not connected to any nets. (LINT-28)
Warning: In design 'mac_pipeline_superscalar_DATA_WIDTH8_LANE_NUM3_8_DW01_add_8_DW01_add_170', port 'B[4]' is not connected to any nets. (LINT-28)
Warning: In design 'mac_pipeline_superscalar_DATA_WIDTH8_LANE_NUM3_8_DW01_add_8_DW01_add_170', port 'B[3]' is not connected to any nets. (LINT-28)
Warning: In design 'mac_pipeline_superscalar_DATA_WIDTH8_LANE_NUM3_8_DW01_add_8_DW01_add_170', port 'B[2]' is not connected to any nets. (LINT-28)
Warning: In design 'mac_pipeline_superscalar_DATA_WIDTH8_LANE_NUM3_8_DW01_add_8_DW01_add_170', port 'B[1]' is not connected to any nets. (LINT-28)
Warning: In design 'mac_pipeline_superscalar_DATA_WIDTH8_LANE_NUM3_8_DW01_add_8_DW01_add_170', port 'B[0]' is not connected to any nets. (LINT-28)
Warning: In design 'mac_pipeline_superscalar_DATA_WIDTH8_LANE_NUM3_8_DW01_add_8_DW01_add_170', port 'CI' is not connected to any nets. (LINT-28)
Warning: In design 'mac_pipeline_superscalar_DATA_WIDTH8_LANE_NUM3_8_DW01_add_8_DW01_add_170', port 'CO' is not connected to any nets. (LINT-28)
Warning: In design 'mac_pipeline_superscalar_DATA_WIDTH8_LANE_NUM3_7_DW02_mult_0_DW02_mult_24', port 'TC' is not connected to any nets. (LINT-28)
Warning: In design 'mac_pipeline_superscalar_DATA_WIDTH8_LANE_NUM3_7_DW01_add_6_DW01_add_171', port 'B[5]' is not connected to any nets. (LINT-28)
Warning: In design 'mac_pipeline_superscalar_DATA_WIDTH8_LANE_NUM3_7_DW01_add_6_DW01_add_171', port 'B[4]' is not connected to any nets. (LINT-28)
Warning: In design 'mac_pipeline_superscalar_DATA_WIDTH8_LANE_NUM3_7_DW01_add_6_DW01_add_171', port 'B[3]' is not connected to any nets. (LINT-28)
Warning: In design 'mac_pipeline_superscalar_DATA_WIDTH8_LANE_NUM3_7_DW01_add_6_DW01_add_171', port 'B[2]' is not connected to any nets. (LINT-28)
Warning: In design 'mac_pipeline_superscalar_DATA_WIDTH8_LANE_NUM3_7_DW01_add_6_DW01_add_171', port 'B[1]' is not connected to any nets. (LINT-28)
Warning: In design 'mac_pipeline_superscalar_DATA_WIDTH8_LANE_NUM3_7_DW01_add_6_DW01_add_171', port 'B[0]' is not connected to any nets. (LINT-28)
Warning: In design 'mac_pipeline_superscalar_DATA_WIDTH8_LANE_NUM3_7_DW01_add_6_DW01_add_171', port 'CI' is not connected to any nets. (LINT-28)
Warning: In design 'mac_pipeline_superscalar_DATA_WIDTH8_LANE_NUM3_7_DW01_add_6_DW01_add_171', port 'CO' is not connected to any nets. (LINT-28)
Warning: In design 'mac_pipeline_superscalar_DATA_WIDTH8_LANE_NUM3_7_DW02_mult_1_DW02_mult_25', port 'TC' is not connected to any nets. (LINT-28)
Warning: In design 'mac_pipeline_superscalar_DATA_WIDTH8_LANE_NUM3_7_DW01_add_7_DW01_add_172', port 'B[5]' is not connected to any nets. (LINT-28)
Warning: In design 'mac_pipeline_superscalar_DATA_WIDTH8_LANE_NUM3_7_DW01_add_7_DW01_add_172', port 'B[4]' is not connected to any nets. (LINT-28)
Warning: In design 'mac_pipeline_superscalar_DATA_WIDTH8_LANE_NUM3_7_DW01_add_7_DW01_add_172', port 'B[3]' is not connected to any nets. (LINT-28)
Warning: In design 'mac_pipeline_superscalar_DATA_WIDTH8_LANE_NUM3_7_DW01_add_7_DW01_add_172', port 'B[2]' is not connected to any nets. (LINT-28)
Warning: In design 'mac_pipeline_superscalar_DATA_WIDTH8_LANE_NUM3_7_DW01_add_7_DW01_add_172', port 'B[1]' is not connected to any nets. (LINT-28)
Warning: In design 'mac_pipeline_superscalar_DATA_WIDTH8_LANE_NUM3_7_DW01_add_7_DW01_add_172', port 'B[0]' is not connected to any nets. (LINT-28)
Warning: In design 'mac_pipeline_superscalar_DATA_WIDTH8_LANE_NUM3_7_DW01_add_7_DW01_add_172', port 'CI' is not connected to any nets. (LINT-28)
Warning: In design 'mac_pipeline_superscalar_DATA_WIDTH8_LANE_NUM3_7_DW01_add_7_DW01_add_172', port 'CO' is not connected to any nets. (LINT-28)
Warning: In design 'mac_pipeline_superscalar_DATA_WIDTH8_LANE_NUM3_7_DW02_mult_2_DW02_mult_26', port 'TC' is not connected to any nets. (LINT-28)
Warning: In design 'mac_pipeline_superscalar_DATA_WIDTH8_LANE_NUM3_7_DW01_add_8_DW01_add_173', port 'B[5]' is not connected to any nets. (LINT-28)
Warning: In design 'mac_pipeline_superscalar_DATA_WIDTH8_LANE_NUM3_7_DW01_add_8_DW01_add_173', port 'B[4]' is not connected to any nets. (LINT-28)
Warning: In design 'mac_pipeline_superscalar_DATA_WIDTH8_LANE_NUM3_7_DW01_add_8_DW01_add_173', port 'B[3]' is not connected to any nets. (LINT-28)
Warning: In design 'mac_pipeline_superscalar_DATA_WIDTH8_LANE_NUM3_7_DW01_add_8_DW01_add_173', port 'B[2]' is not connected to any nets. (LINT-28)
Warning: In design 'mac_pipeline_superscalar_DATA_WIDTH8_LANE_NUM3_7_DW01_add_8_DW01_add_173', port 'B[1]' is not connected to any nets. (LINT-28)
Warning: In design 'mac_pipeline_superscalar_DATA_WIDTH8_LANE_NUM3_7_DW01_add_8_DW01_add_173', port 'B[0]' is not connected to any nets. (LINT-28)
Warning: In design 'mac_pipeline_superscalar_DATA_WIDTH8_LANE_NUM3_7_DW01_add_8_DW01_add_173', port 'CI' is not connected to any nets. (LINT-28)
Warning: In design 'mac_pipeline_superscalar_DATA_WIDTH8_LANE_NUM3_7_DW01_add_8_DW01_add_173', port 'CO' is not connected to any nets. (LINT-28)
Warning: In design 'mac_pipeline_superscalar_DATA_WIDTH8_LANE_NUM3_6_DW02_mult_0_DW02_mult_27', port 'TC' is not connected to any nets. (LINT-28)
Warning: In design 'mac_pipeline_superscalar_DATA_WIDTH8_LANE_NUM3_6_DW01_add_6_DW01_add_174', port 'B[5]' is not connected to any nets. (LINT-28)
Warning: In design 'mac_pipeline_superscalar_DATA_WIDTH8_LANE_NUM3_6_DW01_add_6_DW01_add_174', port 'B[4]' is not connected to any nets. (LINT-28)
Warning: In design 'mac_pipeline_superscalar_DATA_WIDTH8_LANE_NUM3_6_DW01_add_6_DW01_add_174', port 'B[3]' is not connected to any nets. (LINT-28)
Warning: In design 'mac_pipeline_superscalar_DATA_WIDTH8_LANE_NUM3_6_DW01_add_6_DW01_add_174', port 'B[2]' is not connected to any nets. (LINT-28)
Warning: In design 'mac_pipeline_superscalar_DATA_WIDTH8_LANE_NUM3_6_DW01_add_6_DW01_add_174', port 'B[1]' is not connected to any nets. (LINT-28)
Warning: In design 'mac_pipeline_superscalar_DATA_WIDTH8_LANE_NUM3_6_DW01_add_6_DW01_add_174', port 'B[0]' is not connected to any nets. (LINT-28)
Warning: In design 'mac_pipeline_superscalar_DATA_WIDTH8_LANE_NUM3_6_DW01_add_6_DW01_add_174', port 'CI' is not connected to any nets. (LINT-28)
Warning: In design 'mac_pipeline_superscalar_DATA_WIDTH8_LANE_NUM3_6_DW01_add_6_DW01_add_174', port 'CO' is not connected to any nets. (LINT-28)
Warning: In design 'mac_pipeline_superscalar_DATA_WIDTH8_LANE_NUM3_6_DW02_mult_1_DW02_mult_28', port 'TC' is not connected to any nets. (LINT-28)
Warning: In design 'mac_pipeline_superscalar_DATA_WIDTH8_LANE_NUM3_6_DW01_add_7_DW01_add_175', port 'B[5]' is not connected to any nets. (LINT-28)
Warning: In design 'mac_pipeline_superscalar_DATA_WIDTH8_LANE_NUM3_6_DW01_add_7_DW01_add_175', port 'B[4]' is not connected to any nets. (LINT-28)
Warning: In design 'mac_pipeline_superscalar_DATA_WIDTH8_LANE_NUM3_6_DW01_add_7_DW01_add_175', port 'B[3]' is not connected to any nets. (LINT-28)
Warning: In design 'mac_pipeline_superscalar_DATA_WIDTH8_LANE_NUM3_6_DW01_add_7_DW01_add_175', port 'B[2]' is not connected to any nets. (LINT-28)
Warning: In design 'mac_pipeline_superscalar_DATA_WIDTH8_LANE_NUM3_6_DW01_add_7_DW01_add_175', port 'B[1]' is not connected to any nets. (LINT-28)
Warning: In design 'mac_pipeline_superscalar_DATA_WIDTH8_LANE_NUM3_6_DW01_add_7_DW01_add_175', port 'B[0]' is not connected to any nets. (LINT-28)
Warning: In design 'mac_pipeline_superscalar_DATA_WIDTH8_LANE_NUM3_6_DW01_add_7_DW01_add_175', port 'CI' is not connected to any nets. (LINT-28)
Warning: In design 'mac_pipeline_superscalar_DATA_WIDTH8_LANE_NUM3_6_DW01_add_7_DW01_add_175', port 'CO' is not connected to any nets. (LINT-28)
Warning: In design 'mac_pipeline_superscalar_DATA_WIDTH8_LANE_NUM3_6_DW02_mult_2_DW02_mult_29', port 'TC' is not connected to any nets. (LINT-28)
Warning: In design 'mac_pipeline_superscalar_DATA_WIDTH8_LANE_NUM3_6_DW01_add_8_DW01_add_176', port 'B[5]' is not connected to any nets. (LINT-28)
Warning: In design 'mac_pipeline_superscalar_DATA_WIDTH8_LANE_NUM3_6_DW01_add_8_DW01_add_176', port 'B[4]' is not connected to any nets. (LINT-28)
Warning: In design 'mac_pipeline_superscalar_DATA_WIDTH8_LANE_NUM3_6_DW01_add_8_DW01_add_176', port 'B[3]' is not connected to any nets. (LINT-28)
Warning: In design 'mac_pipeline_superscalar_DATA_WIDTH8_LANE_NUM3_6_DW01_add_8_DW01_add_176', port 'B[2]' is not connected to any nets. (LINT-28)
Warning: In design 'mac_pipeline_superscalar_DATA_WIDTH8_LANE_NUM3_6_DW01_add_8_DW01_add_176', port 'B[1]' is not connected to any nets. (LINT-28)
Warning: In design 'mac_pipeline_superscalar_DATA_WIDTH8_LANE_NUM3_6_DW01_add_8_DW01_add_176', port 'B[0]' is not connected to any nets. (LINT-28)
Warning: In design 'mac_pipeline_superscalar_DATA_WIDTH8_LANE_NUM3_6_DW01_add_8_DW01_add_176', port 'CI' is not connected to any nets. (LINT-28)
Warning: In design 'mac_pipeline_superscalar_DATA_WIDTH8_LANE_NUM3_6_DW01_add_8_DW01_add_176', port 'CO' is not connected to any nets. (LINT-28)
Warning: In design 'mac_pipeline_superscalar_DATA_WIDTH8_LANE_NUM3_5_DW02_mult_0_DW02_mult_30', port 'TC' is not connected to any nets. (LINT-28)
Warning: In design 'mac_pipeline_superscalar_DATA_WIDTH8_LANE_NUM3_5_DW01_add_6_DW01_add_177', port 'B[5]' is not connected to any nets. (LINT-28)
Warning: In design 'mac_pipeline_superscalar_DATA_WIDTH8_LANE_NUM3_5_DW01_add_6_DW01_add_177', port 'B[4]' is not connected to any nets. (LINT-28)
Warning: In design 'mac_pipeline_superscalar_DATA_WIDTH8_LANE_NUM3_5_DW01_add_6_DW01_add_177', port 'B[3]' is not connected to any nets. (LINT-28)
Warning: In design 'mac_pipeline_superscalar_DATA_WIDTH8_LANE_NUM3_5_DW01_add_6_DW01_add_177', port 'B[2]' is not connected to any nets. (LINT-28)
Warning: In design 'mac_pipeline_superscalar_DATA_WIDTH8_LANE_NUM3_5_DW01_add_6_DW01_add_177', port 'B[1]' is not connected to any nets. (LINT-28)
Warning: In design 'mac_pipeline_superscalar_DATA_WIDTH8_LANE_NUM3_5_DW01_add_6_DW01_add_177', port 'B[0]' is not connected to any nets. (LINT-28)
Warning: In design 'mac_pipeline_superscalar_DATA_WIDTH8_LANE_NUM3_5_DW01_add_6_DW01_add_177', port 'CI' is not connected to any nets. (LINT-28)
Warning: In design 'mac_pipeline_superscalar_DATA_WIDTH8_LANE_NUM3_5_DW01_add_6_DW01_add_177', port 'CO' is not connected to any nets. (LINT-28)
Warning: In design 'mac_pipeline_superscalar_DATA_WIDTH8_LANE_NUM3_5_DW02_mult_1_DW02_mult_31', port 'TC' is not connected to any nets. (LINT-28)
Warning: In design 'mac_pipeline_superscalar_DATA_WIDTH8_LANE_NUM3_5_DW01_add_7_DW01_add_178', port 'B[5]' is not connected to any nets. (LINT-28)
Warning: In design 'mac_pipeline_superscalar_DATA_WIDTH8_LANE_NUM3_5_DW01_add_7_DW01_add_178', port 'B[4]' is not connected to any nets. (LINT-28)
Warning: In design 'mac_pipeline_superscalar_DATA_WIDTH8_LANE_NUM3_5_DW01_add_7_DW01_add_178', port 'B[3]' is not connected to any nets. (LINT-28)
Warning: In design 'mac_pipeline_superscalar_DATA_WIDTH8_LANE_NUM3_5_DW01_add_7_DW01_add_178', port 'B[2]' is not connected to any nets. (LINT-28)
Warning: In design 'mac_pipeline_superscalar_DATA_WIDTH8_LANE_NUM3_5_DW01_add_7_DW01_add_178', port 'B[1]' is not connected to any nets. (LINT-28)
Warning: In design 'mac_pipeline_superscalar_DATA_WIDTH8_LANE_NUM3_5_DW01_add_7_DW01_add_178', port 'B[0]' is not connected to any nets. (LINT-28)
Warning: In design 'mac_pipeline_superscalar_DATA_WIDTH8_LANE_NUM3_5_DW01_add_7_DW01_add_178', port 'CI' is not connected to any nets. (LINT-28)
Warning: In design 'mac_pipeline_superscalar_DATA_WIDTH8_LANE_NUM3_5_DW01_add_7_DW01_add_178', port 'CO' is not connected to any nets. (LINT-28)
Warning: In design 'mac_pipeline_superscalar_DATA_WIDTH8_LANE_NUM3_5_DW02_mult_2_DW02_mult_32', port 'TC' is not connected to any nets. (LINT-28)
Warning: In design 'mac_pipeline_superscalar_DATA_WIDTH8_LANE_NUM3_5_DW01_add_8_DW01_add_179', port 'B[5]' is not connected to any nets. (LINT-28)
Warning: In design 'mac_pipeline_superscalar_DATA_WIDTH8_LANE_NUM3_5_DW01_add_8_DW01_add_179', port 'B[4]' is not connected to any nets. (LINT-28)
Warning: In design 'mac_pipeline_superscalar_DATA_WIDTH8_LANE_NUM3_5_DW01_add_8_DW01_add_179', port 'B[3]' is not connected to any nets. (LINT-28)
Warning: In design 'mac_pipeline_superscalar_DATA_WIDTH8_LANE_NUM3_5_DW01_add_8_DW01_add_179', port 'B[2]' is not connected to any nets. (LINT-28)
Warning: In design 'mac_pipeline_superscalar_DATA_WIDTH8_LANE_NUM3_5_DW01_add_8_DW01_add_179', port 'B[1]' is not connected to any nets. (LINT-28)
Warning: In design 'mac_pipeline_superscalar_DATA_WIDTH8_LANE_NUM3_5_DW01_add_8_DW01_add_179', port 'B[0]' is not connected to any nets. (LINT-28)
Warning: In design 'mac_pipeline_superscalar_DATA_WIDTH8_LANE_NUM3_5_DW01_add_8_DW01_add_179', port 'CI' is not connected to any nets. (LINT-28)
Warning: In design 'mac_pipeline_superscalar_DATA_WIDTH8_LANE_NUM3_5_DW01_add_8_DW01_add_179', port 'CO' is not connected to any nets. (LINT-28)
Warning: In design 'mac_pipeline_superscalar_DATA_WIDTH8_LANE_NUM3_4_DW02_mult_0_DW02_mult_33', port 'TC' is not connected to any nets. (LINT-28)
Warning: In design 'mac_pipeline_superscalar_DATA_WIDTH8_LANE_NUM3_4_DW01_add_6_DW01_add_180', port 'B[5]' is not connected to any nets. (LINT-28)
Warning: In design 'mac_pipeline_superscalar_DATA_WIDTH8_LANE_NUM3_4_DW01_add_6_DW01_add_180', port 'B[4]' is not connected to any nets. (LINT-28)
Warning: In design 'mac_pipeline_superscalar_DATA_WIDTH8_LANE_NUM3_4_DW01_add_6_DW01_add_180', port 'B[3]' is not connected to any nets. (LINT-28)
Warning: In design 'mac_pipeline_superscalar_DATA_WIDTH8_LANE_NUM3_4_DW01_add_6_DW01_add_180', port 'B[2]' is not connected to any nets. (LINT-28)
Warning: In design 'mac_pipeline_superscalar_DATA_WIDTH8_LANE_NUM3_4_DW01_add_6_DW01_add_180', port 'B[1]' is not connected to any nets. (LINT-28)
Warning: In design 'mac_pipeline_superscalar_DATA_WIDTH8_LANE_NUM3_4_DW01_add_6_DW01_add_180', port 'B[0]' is not connected to any nets. (LINT-28)
Warning: In design 'mac_pipeline_superscalar_DATA_WIDTH8_LANE_NUM3_4_DW01_add_6_DW01_add_180', port 'CI' is not connected to any nets. (LINT-28)
Warning: In design 'mac_pipeline_superscalar_DATA_WIDTH8_LANE_NUM3_4_DW01_add_6_DW01_add_180', port 'CO' is not connected to any nets. (LINT-28)
Warning: In design 'mac_pipeline_superscalar_DATA_WIDTH8_LANE_NUM3_4_DW02_mult_1_DW02_mult_34', port 'TC' is not connected to any nets. (LINT-28)
Warning: In design 'mac_pipeline_superscalar_DATA_WIDTH8_LANE_NUM3_4_DW01_add_7_DW01_add_181', port 'B[5]' is not connected to any nets. (LINT-28)
Warning: In design 'mac_pipeline_superscalar_DATA_WIDTH8_LANE_NUM3_4_DW01_add_7_DW01_add_181', port 'B[4]' is not connected to any nets. (LINT-28)
Warning: In design 'mac_pipeline_superscalar_DATA_WIDTH8_LANE_NUM3_4_DW01_add_7_DW01_add_181', port 'B[3]' is not connected to any nets. (LINT-28)
Warning: In design 'mac_pipeline_superscalar_DATA_WIDTH8_LANE_NUM3_4_DW01_add_7_DW01_add_181', port 'B[2]' is not connected to any nets. (LINT-28)
Warning: In design 'mac_pipeline_superscalar_DATA_WIDTH8_LANE_NUM3_4_DW01_add_7_DW01_add_181', port 'B[1]' is not connected to any nets. (LINT-28)
Warning: In design 'mac_pipeline_superscalar_DATA_WIDTH8_LANE_NUM3_4_DW01_add_7_DW01_add_181', port 'B[0]' is not connected to any nets. (LINT-28)
Warning: In design 'mac_pipeline_superscalar_DATA_WIDTH8_LANE_NUM3_4_DW01_add_7_DW01_add_181', port 'CI' is not connected to any nets. (LINT-28)
Warning: In design 'mac_pipeline_superscalar_DATA_WIDTH8_LANE_NUM3_4_DW01_add_7_DW01_add_181', port 'CO' is not connected to any nets. (LINT-28)
Warning: In design 'mac_pipeline_superscalar_DATA_WIDTH8_LANE_NUM3_4_DW02_mult_2_DW02_mult_35', port 'TC' is not connected to any nets. (LINT-28)
Warning: In design 'mac_pipeline_superscalar_DATA_WIDTH8_LANE_NUM3_4_DW01_add_8_DW01_add_182', port 'B[5]' is not connected to any nets. (LINT-28)
Warning: In design 'mac_pipeline_superscalar_DATA_WIDTH8_LANE_NUM3_4_DW01_add_8_DW01_add_182', port 'B[4]' is not connected to any nets. (LINT-28)
Warning: In design 'mac_pipeline_superscalar_DATA_WIDTH8_LANE_NUM3_4_DW01_add_8_DW01_add_182', port 'B[3]' is not connected to any nets. (LINT-28)
Warning: In design 'mac_pipeline_superscalar_DATA_WIDTH8_LANE_NUM3_4_DW01_add_8_DW01_add_182', port 'B[2]' is not connected to any nets. (LINT-28)
Warning: In design 'mac_pipeline_superscalar_DATA_WIDTH8_LANE_NUM3_4_DW01_add_8_DW01_add_182', port 'B[1]' is not connected to any nets. (LINT-28)
Warning: In design 'mac_pipeline_superscalar_DATA_WIDTH8_LANE_NUM3_4_DW01_add_8_DW01_add_182', port 'B[0]' is not connected to any nets. (LINT-28)
Warning: In design 'mac_pipeline_superscalar_DATA_WIDTH8_LANE_NUM3_4_DW01_add_8_DW01_add_182', port 'CI' is not connected to any nets. (LINT-28)
Warning: In design 'mac_pipeline_superscalar_DATA_WIDTH8_LANE_NUM3_4_DW01_add_8_DW01_add_182', port 'CO' is not connected to any nets. (LINT-28)
Warning: In design 'mac_pipeline_superscalar_DATA_WIDTH8_LANE_NUM3_3_DW02_mult_0_DW02_mult_36', port 'TC' is not connected to any nets. (LINT-28)
Warning: In design 'mac_pipeline_superscalar_DATA_WIDTH8_LANE_NUM3_3_DW01_add_6_DW01_add_183', port 'B[5]' is not connected to any nets. (LINT-28)
Warning: In design 'mac_pipeline_superscalar_DATA_WIDTH8_LANE_NUM3_3_DW01_add_6_DW01_add_183', port 'B[4]' is not connected to any nets. (LINT-28)
Warning: In design 'mac_pipeline_superscalar_DATA_WIDTH8_LANE_NUM3_3_DW01_add_6_DW01_add_183', port 'B[3]' is not connected to any nets. (LINT-28)
Warning: In design 'mac_pipeline_superscalar_DATA_WIDTH8_LANE_NUM3_3_DW01_add_6_DW01_add_183', port 'B[2]' is not connected to any nets. (LINT-28)
Warning: In design 'mac_pipeline_superscalar_DATA_WIDTH8_LANE_NUM3_3_DW01_add_6_DW01_add_183', port 'B[1]' is not connected to any nets. (LINT-28)
Warning: In design 'mac_pipeline_superscalar_DATA_WIDTH8_LANE_NUM3_3_DW01_add_6_DW01_add_183', port 'B[0]' is not connected to any nets. (LINT-28)
Warning: In design 'mac_pipeline_superscalar_DATA_WIDTH8_LANE_NUM3_3_DW01_add_6_DW01_add_183', port 'CI' is not connected to any nets. (LINT-28)
Warning: In design 'mac_pipeline_superscalar_DATA_WIDTH8_LANE_NUM3_3_DW01_add_6_DW01_add_183', port 'CO' is not connected to any nets. (LINT-28)
Warning: In design 'mac_pipeline_superscalar_DATA_WIDTH8_LANE_NUM3_3_DW02_mult_1_DW02_mult_37', port 'TC' is not connected to any nets. (LINT-28)
Warning: In design 'mac_pipeline_superscalar_DATA_WIDTH8_LANE_NUM3_3_DW01_add_7_DW01_add_184', port 'B[5]' is not connected to any nets. (LINT-28)
Warning: In design 'mac_pipeline_superscalar_DATA_WIDTH8_LANE_NUM3_3_DW01_add_7_DW01_add_184', port 'B[4]' is not connected to any nets. (LINT-28)
Warning: In design 'mac_pipeline_superscalar_DATA_WIDTH8_LANE_NUM3_3_DW01_add_7_DW01_add_184', port 'B[3]' is not connected to any nets. (LINT-28)
Warning: In design 'mac_pipeline_superscalar_DATA_WIDTH8_LANE_NUM3_3_DW01_add_7_DW01_add_184', port 'B[2]' is not connected to any nets. (LINT-28)
Warning: In design 'mac_pipeline_superscalar_DATA_WIDTH8_LANE_NUM3_3_DW01_add_7_DW01_add_184', port 'B[1]' is not connected to any nets. (LINT-28)
Warning: In design 'mac_pipeline_superscalar_DATA_WIDTH8_LANE_NUM3_3_DW01_add_7_DW01_add_184', port 'B[0]' is not connected to any nets. (LINT-28)
Warning: In design 'mac_pipeline_superscalar_DATA_WIDTH8_LANE_NUM3_3_DW01_add_7_DW01_add_184', port 'CI' is not connected to any nets. (LINT-28)
Warning: In design 'mac_pipeline_superscalar_DATA_WIDTH8_LANE_NUM3_3_DW01_add_7_DW01_add_184', port 'CO' is not connected to any nets. (LINT-28)
Warning: In design 'mac_pipeline_superscalar_DATA_WIDTH8_LANE_NUM3_3_DW02_mult_2_DW02_mult_38', port 'TC' is not connected to any nets. (LINT-28)
Warning: In design 'mac_pipeline_superscalar_DATA_WIDTH8_LANE_NUM3_3_DW01_add_8_DW01_add_185', port 'B[5]' is not connected to any nets. (LINT-28)
Warning: In design 'mac_pipeline_superscalar_DATA_WIDTH8_LANE_NUM3_3_DW01_add_8_DW01_add_185', port 'B[4]' is not connected to any nets. (LINT-28)
Warning: In design 'mac_pipeline_superscalar_DATA_WIDTH8_LANE_NUM3_3_DW01_add_8_DW01_add_185', port 'B[3]' is not connected to any nets. (LINT-28)
Warning: In design 'mac_pipeline_superscalar_DATA_WIDTH8_LANE_NUM3_3_DW01_add_8_DW01_add_185', port 'B[2]' is not connected to any nets. (LINT-28)
Warning: In design 'mac_pipeline_superscalar_DATA_WIDTH8_LANE_NUM3_3_DW01_add_8_DW01_add_185', port 'B[1]' is not connected to any nets. (LINT-28)
Warning: In design 'mac_pipeline_superscalar_DATA_WIDTH8_LANE_NUM3_3_DW01_add_8_DW01_add_185', port 'B[0]' is not connected to any nets. (LINT-28)
Warning: In design 'mac_pipeline_superscalar_DATA_WIDTH8_LANE_NUM3_3_DW01_add_8_DW01_add_185', port 'CI' is not connected to any nets. (LINT-28)
Warning: In design 'mac_pipeline_superscalar_DATA_WIDTH8_LANE_NUM3_3_DW01_add_8_DW01_add_185', port 'CO' is not connected to any nets. (LINT-28)
Warning: In design 'mac_pipeline_superscalar_DATA_WIDTH8_LANE_NUM3_2_DW02_mult_0_DW02_mult_39', port 'TC' is not connected to any nets. (LINT-28)
Warning: In design 'mac_pipeline_superscalar_DATA_WIDTH8_LANE_NUM3_2_DW01_add_6_DW01_add_186', port 'B[5]' is not connected to any nets. (LINT-28)
Warning: In design 'mac_pipeline_superscalar_DATA_WIDTH8_LANE_NUM3_2_DW01_add_6_DW01_add_186', port 'B[4]' is not connected to any nets. (LINT-28)
Warning: In design 'mac_pipeline_superscalar_DATA_WIDTH8_LANE_NUM3_2_DW01_add_6_DW01_add_186', port 'B[3]' is not connected to any nets. (LINT-28)
Warning: In design 'mac_pipeline_superscalar_DATA_WIDTH8_LANE_NUM3_2_DW01_add_6_DW01_add_186', port 'B[2]' is not connected to any nets. (LINT-28)
Warning: In design 'mac_pipeline_superscalar_DATA_WIDTH8_LANE_NUM3_2_DW01_add_6_DW01_add_186', port 'B[1]' is not connected to any nets. (LINT-28)
Warning: In design 'mac_pipeline_superscalar_DATA_WIDTH8_LANE_NUM3_2_DW01_add_6_DW01_add_186', port 'B[0]' is not connected to any nets. (LINT-28)
Warning: In design 'mac_pipeline_superscalar_DATA_WIDTH8_LANE_NUM3_2_DW01_add_6_DW01_add_186', port 'CI' is not connected to any nets. (LINT-28)
Warning: In design 'mac_pipeline_superscalar_DATA_WIDTH8_LANE_NUM3_2_DW01_add_6_DW01_add_186', port 'CO' is not connected to any nets. (LINT-28)
Warning: In design 'mac_pipeline_superscalar_DATA_WIDTH8_LANE_NUM3_2_DW02_mult_1_DW02_mult_40', port 'TC' is not connected to any nets. (LINT-28)
Warning: In design 'mac_pipeline_superscalar_DATA_WIDTH8_LANE_NUM3_2_DW01_add_7_DW01_add_187', port 'B[5]' is not connected to any nets. (LINT-28)
Warning: In design 'mac_pipeline_superscalar_DATA_WIDTH8_LANE_NUM3_2_DW01_add_7_DW01_add_187', port 'B[4]' is not connected to any nets. (LINT-28)
Warning: In design 'mac_pipeline_superscalar_DATA_WIDTH8_LANE_NUM3_2_DW01_add_7_DW01_add_187', port 'B[3]' is not connected to any nets. (LINT-28)
Warning: In design 'mac_pipeline_superscalar_DATA_WIDTH8_LANE_NUM3_2_DW01_add_7_DW01_add_187', port 'B[2]' is not connected to any nets. (LINT-28)
Warning: In design 'mac_pipeline_superscalar_DATA_WIDTH8_LANE_NUM3_2_DW01_add_7_DW01_add_187', port 'B[1]' is not connected to any nets. (LINT-28)
Warning: In design 'mac_pipeline_superscalar_DATA_WIDTH8_LANE_NUM3_2_DW01_add_7_DW01_add_187', port 'B[0]' is not connected to any nets. (LINT-28)
Warning: In design 'mac_pipeline_superscalar_DATA_WIDTH8_LANE_NUM3_2_DW01_add_7_DW01_add_187', port 'CI' is not connected to any nets. (LINT-28)
Warning: In design 'mac_pipeline_superscalar_DATA_WIDTH8_LANE_NUM3_2_DW01_add_7_DW01_add_187', port 'CO' is not connected to any nets. (LINT-28)
Warning: In design 'mac_pipeline_superscalar_DATA_WIDTH8_LANE_NUM3_2_DW02_mult_2_DW02_mult_41', port 'TC' is not connected to any nets. (LINT-28)
Warning: In design 'mac_pipeline_superscalar_DATA_WIDTH8_LANE_NUM3_2_DW01_add_8_DW01_add_188', port 'B[5]' is not connected to any nets. (LINT-28)
Warning: In design 'mac_pipeline_superscalar_DATA_WIDTH8_LANE_NUM3_2_DW01_add_8_DW01_add_188', port 'B[4]' is not connected to any nets. (LINT-28)
Warning: In design 'mac_pipeline_superscalar_DATA_WIDTH8_LANE_NUM3_2_DW01_add_8_DW01_add_188', port 'B[3]' is not connected to any nets. (LINT-28)
Warning: In design 'mac_pipeline_superscalar_DATA_WIDTH8_LANE_NUM3_2_DW01_add_8_DW01_add_188', port 'B[2]' is not connected to any nets. (LINT-28)
Warning: In design 'mac_pipeline_superscalar_DATA_WIDTH8_LANE_NUM3_2_DW01_add_8_DW01_add_188', port 'B[1]' is not connected to any nets. (LINT-28)
Warning: In design 'mac_pipeline_superscalar_DATA_WIDTH8_LANE_NUM3_2_DW01_add_8_DW01_add_188', port 'B[0]' is not connected to any nets. (LINT-28)
Warning: In design 'mac_pipeline_superscalar_DATA_WIDTH8_LANE_NUM3_2_DW01_add_8_DW01_add_188', port 'CI' is not connected to any nets. (LINT-28)
Warning: In design 'mac_pipeline_superscalar_DATA_WIDTH8_LANE_NUM3_2_DW01_add_8_DW01_add_188', port 'CO' is not connected to any nets. (LINT-28)
Warning: In design 'mac_pipeline_superscalar_DATA_WIDTH8_LANE_NUM3_1_DW02_mult_0_DW02_mult_42', port 'TC' is not connected to any nets. (LINT-28)
Warning: In design 'mac_pipeline_superscalar_DATA_WIDTH8_LANE_NUM3_1_DW01_add_6_DW01_add_189', port 'B[5]' is not connected to any nets. (LINT-28)
Warning: In design 'mac_pipeline_superscalar_DATA_WIDTH8_LANE_NUM3_1_DW01_add_6_DW01_add_189', port 'B[4]' is not connected to any nets. (LINT-28)
Warning: In design 'mac_pipeline_superscalar_DATA_WIDTH8_LANE_NUM3_1_DW01_add_6_DW01_add_189', port 'B[3]' is not connected to any nets. (LINT-28)
Warning: In design 'mac_pipeline_superscalar_DATA_WIDTH8_LANE_NUM3_1_DW01_add_6_DW01_add_189', port 'B[2]' is not connected to any nets. (LINT-28)
Warning: In design 'mac_pipeline_superscalar_DATA_WIDTH8_LANE_NUM3_1_DW01_add_6_DW01_add_189', port 'B[1]' is not connected to any nets. (LINT-28)
Warning: In design 'mac_pipeline_superscalar_DATA_WIDTH8_LANE_NUM3_1_DW01_add_6_DW01_add_189', port 'B[0]' is not connected to any nets. (LINT-28)
Warning: In design 'mac_pipeline_superscalar_DATA_WIDTH8_LANE_NUM3_1_DW01_add_6_DW01_add_189', port 'CI' is not connected to any nets. (LINT-28)
Warning: In design 'mac_pipeline_superscalar_DATA_WIDTH8_LANE_NUM3_1_DW01_add_6_DW01_add_189', port 'CO' is not connected to any nets. (LINT-28)
Warning: In design 'mac_pipeline_superscalar_DATA_WIDTH8_LANE_NUM3_1_DW02_mult_1_DW02_mult_43', port 'TC' is not connected to any nets. (LINT-28)
Warning: In design 'mac_pipeline_superscalar_DATA_WIDTH8_LANE_NUM3_1_DW01_add_7_DW01_add_190', port 'B[5]' is not connected to any nets. (LINT-28)
Warning: In design 'mac_pipeline_superscalar_DATA_WIDTH8_LANE_NUM3_1_DW01_add_7_DW01_add_190', port 'B[4]' is not connected to any nets. (LINT-28)
Warning: In design 'mac_pipeline_superscalar_DATA_WIDTH8_LANE_NUM3_1_DW01_add_7_DW01_add_190', port 'B[3]' is not connected to any nets. (LINT-28)
Warning: In design 'mac_pipeline_superscalar_DATA_WIDTH8_LANE_NUM3_1_DW01_add_7_DW01_add_190', port 'B[2]' is not connected to any nets. (LINT-28)
Warning: In design 'mac_pipeline_superscalar_DATA_WIDTH8_LANE_NUM3_1_DW01_add_7_DW01_add_190', port 'B[1]' is not connected to any nets. (LINT-28)
Warning: In design 'mac_pipeline_superscalar_DATA_WIDTH8_LANE_NUM3_1_DW01_add_7_DW01_add_190', port 'B[0]' is not connected to any nets. (LINT-28)
Warning: In design 'mac_pipeline_superscalar_DATA_WIDTH8_LANE_NUM3_1_DW01_add_7_DW01_add_190', port 'CI' is not connected to any nets. (LINT-28)
Warning: In design 'mac_pipeline_superscalar_DATA_WIDTH8_LANE_NUM3_1_DW01_add_7_DW01_add_190', port 'CO' is not connected to any nets. (LINT-28)
Warning: In design 'mac_pipeline_superscalar_DATA_WIDTH8_LANE_NUM3_1_DW02_mult_2_DW02_mult_44', port 'TC' is not connected to any nets. (LINT-28)
Warning: In design 'mac_pipeline_superscalar_DATA_WIDTH8_LANE_NUM3_1_DW01_add_8_DW01_add_191', port 'B[5]' is not connected to any nets. (LINT-28)
Warning: In design 'mac_pipeline_superscalar_DATA_WIDTH8_LANE_NUM3_1_DW01_add_8_DW01_add_191', port 'B[4]' is not connected to any nets. (LINT-28)
Warning: In design 'mac_pipeline_superscalar_DATA_WIDTH8_LANE_NUM3_1_DW01_add_8_DW01_add_191', port 'B[3]' is not connected to any nets. (LINT-28)
Warning: In design 'mac_pipeline_superscalar_DATA_WIDTH8_LANE_NUM3_1_DW01_add_8_DW01_add_191', port 'B[2]' is not connected to any nets. (LINT-28)
Warning: In design 'mac_pipeline_superscalar_DATA_WIDTH8_LANE_NUM3_1_DW01_add_8_DW01_add_191', port 'B[1]' is not connected to any nets. (LINT-28)
Warning: In design 'mac_pipeline_superscalar_DATA_WIDTH8_LANE_NUM3_1_DW01_add_8_DW01_add_191', port 'B[0]' is not connected to any nets. (LINT-28)
Warning: In design 'mac_pipeline_superscalar_DATA_WIDTH8_LANE_NUM3_1_DW01_add_8_DW01_add_191', port 'CI' is not connected to any nets. (LINT-28)
Warning: In design 'mac_pipeline_superscalar_DATA_WIDTH8_LANE_NUM3_1_DW01_add_8_DW01_add_191', port 'CO' is not connected to any nets. (LINT-28)
Warning: In design 'mac_pipeline_superscalar_DATA_WIDTH8_LANE_NUM3_0_DW02_mult_0_DW02_mult_45', port 'TC' is not connected to any nets. (LINT-28)
Warning: In design 'mac_pipeline_superscalar_DATA_WIDTH8_LANE_NUM3_0_DW01_add_6_DW01_add_192', port 'B[5]' is not connected to any nets. (LINT-28)
Warning: In design 'mac_pipeline_superscalar_DATA_WIDTH8_LANE_NUM3_0_DW01_add_6_DW01_add_192', port 'B[4]' is not connected to any nets. (LINT-28)
Warning: In design 'mac_pipeline_superscalar_DATA_WIDTH8_LANE_NUM3_0_DW01_add_6_DW01_add_192', port 'B[3]' is not connected to any nets. (LINT-28)
Warning: In design 'mac_pipeline_superscalar_DATA_WIDTH8_LANE_NUM3_0_DW01_add_6_DW01_add_192', port 'B[2]' is not connected to any nets. (LINT-28)
Warning: In design 'mac_pipeline_superscalar_DATA_WIDTH8_LANE_NUM3_0_DW01_add_6_DW01_add_192', port 'B[1]' is not connected to any nets. (LINT-28)
Warning: In design 'mac_pipeline_superscalar_DATA_WIDTH8_LANE_NUM3_0_DW01_add_6_DW01_add_192', port 'B[0]' is not connected to any nets. (LINT-28)
Warning: In design 'mac_pipeline_superscalar_DATA_WIDTH8_LANE_NUM3_0_DW01_add_6_DW01_add_192', port 'CI' is not connected to any nets. (LINT-28)
Warning: In design 'mac_pipeline_superscalar_DATA_WIDTH8_LANE_NUM3_0_DW01_add_6_DW01_add_192', port 'CO' is not connected to any nets. (LINT-28)
Warning: In design 'mac_pipeline_superscalar_DATA_WIDTH8_LANE_NUM3_0_DW02_mult_1_DW02_mult_46', port 'TC' is not connected to any nets. (LINT-28)
Warning: In design 'mac_pipeline_superscalar_DATA_WIDTH8_LANE_NUM3_0_DW01_add_7_DW01_add_193', port 'B[5]' is not connected to any nets. (LINT-28)
Warning: In design 'mac_pipeline_superscalar_DATA_WIDTH8_LANE_NUM3_0_DW01_add_7_DW01_add_193', port 'B[4]' is not connected to any nets. (LINT-28)
Warning: In design 'mac_pipeline_superscalar_DATA_WIDTH8_LANE_NUM3_0_DW01_add_7_DW01_add_193', port 'B[3]' is not connected to any nets. (LINT-28)
Warning: In design 'mac_pipeline_superscalar_DATA_WIDTH8_LANE_NUM3_0_DW01_add_7_DW01_add_193', port 'B[2]' is not connected to any nets. (LINT-28)
Warning: In design 'mac_pipeline_superscalar_DATA_WIDTH8_LANE_NUM3_0_DW01_add_7_DW01_add_193', port 'B[1]' is not connected to any nets. (LINT-28)
Warning: In design 'mac_pipeline_superscalar_DATA_WIDTH8_LANE_NUM3_0_DW01_add_7_DW01_add_193', port 'B[0]' is not connected to any nets. (LINT-28)
Warning: In design 'mac_pipeline_superscalar_DATA_WIDTH8_LANE_NUM3_0_DW01_add_7_DW01_add_193', port 'CI' is not connected to any nets. (LINT-28)
Warning: In design 'mac_pipeline_superscalar_DATA_WIDTH8_LANE_NUM3_0_DW01_add_7_DW01_add_193', port 'CO' is not connected to any nets. (LINT-28)
Warning: In design 'mac_pipeline_superscalar_DATA_WIDTH8_LANE_NUM3_0_DW02_mult_2_DW02_mult_47', port 'TC' is not connected to any nets. (LINT-28)
Warning: In design 'mac_pipeline_superscalar_DATA_WIDTH8_LANE_NUM3_0_DW01_add_8_DW01_add_194', port 'B[5]' is not connected to any nets. (LINT-28)
Warning: In design 'mac_pipeline_superscalar_DATA_WIDTH8_LANE_NUM3_0_DW01_add_8_DW01_add_194', port 'B[4]' is not connected to any nets. (LINT-28)
Warning: In design 'mac_pipeline_superscalar_DATA_WIDTH8_LANE_NUM3_0_DW01_add_8_DW01_add_194', port 'B[3]' is not connected to any nets. (LINT-28)
Warning: In design 'mac_pipeline_superscalar_DATA_WIDTH8_LANE_NUM3_0_DW01_add_8_DW01_add_194', port 'B[2]' is not connected to any nets. (LINT-28)
Warning: In design 'mac_pipeline_superscalar_DATA_WIDTH8_LANE_NUM3_0_DW01_add_8_DW01_add_194', port 'B[1]' is not connected to any nets. (LINT-28)
Warning: In design 'mac_pipeline_superscalar_DATA_WIDTH8_LANE_NUM3_0_DW01_add_8_DW01_add_194', port 'B[0]' is not connected to any nets. (LINT-28)
Warning: In design 'mac_pipeline_superscalar_DATA_WIDTH8_LANE_NUM3_0_DW01_add_8_DW01_add_194', port 'CI' is not connected to any nets. (LINT-28)
Warning: In design 'mac_pipeline_superscalar_DATA_WIDTH8_LANE_NUM3_0_DW01_add_8_DW01_add_194', port 'CO' is not connected to any nets. (LINT-28)
Warning: In design 'mac_pipeline_superscalar_DATA_WIDTH8_LANE_NUM3_15_DW01_add_6_DW01_add_147', input port 'A[5]' is connected directly to output port 'SUM[5]'. (LINT-29)
Warning: In design 'mac_pipeline_superscalar_DATA_WIDTH8_LANE_NUM3_15_DW01_add_6_DW01_add_147', input port 'A[4]' is connected directly to output port 'SUM[4]'. (LINT-29)
Warning: In design 'mac_pipeline_superscalar_DATA_WIDTH8_LANE_NUM3_15_DW01_add_6_DW01_add_147', input port 'A[3]' is connected directly to output port 'SUM[3]'. (LINT-29)
Warning: In design 'mac_pipeline_superscalar_DATA_WIDTH8_LANE_NUM3_15_DW01_add_6_DW01_add_147', input port 'A[2]' is connected directly to output port 'SUM[2]'. (LINT-29)
Warning: In design 'mac_pipeline_superscalar_DATA_WIDTH8_LANE_NUM3_15_DW01_add_6_DW01_add_147', input port 'A[1]' is connected directly to output port 'SUM[1]'. (LINT-29)
Warning: In design 'mac_pipeline_superscalar_DATA_WIDTH8_LANE_NUM3_15_DW01_add_6_DW01_add_147', input port 'A[0]' is connected directly to output port 'SUM[0]'. (LINT-29)
Warning: In design 'mac_pipeline_superscalar_DATA_WIDTH8_LANE_NUM3_15_DW01_add_7_DW01_add_148', input port 'A[5]' is connected directly to output port 'SUM[5]'. (LINT-29)
Warning: In design 'mac_pipeline_superscalar_DATA_WIDTH8_LANE_NUM3_15_DW01_add_7_DW01_add_148', input port 'A[4]' is connected directly to output port 'SUM[4]'. (LINT-29)
Warning: In design 'mac_pipeline_superscalar_DATA_WIDTH8_LANE_NUM3_15_DW01_add_7_DW01_add_148', input port 'A[3]' is connected directly to output port 'SUM[3]'. (LINT-29)
Warning: In design 'mac_pipeline_superscalar_DATA_WIDTH8_LANE_NUM3_15_DW01_add_7_DW01_add_148', input port 'A[2]' is connected directly to output port 'SUM[2]'. (LINT-29)
Warning: In design 'mac_pipeline_superscalar_DATA_WIDTH8_LANE_NUM3_15_DW01_add_7_DW01_add_148', input port 'A[1]' is connected directly to output port 'SUM[1]'. (LINT-29)
Warning: In design 'mac_pipeline_superscalar_DATA_WIDTH8_LANE_NUM3_15_DW01_add_7_DW01_add_148', input port 'A[0]' is connected directly to output port 'SUM[0]'. (LINT-29)
Warning: In design 'mac_pipeline_superscalar_DATA_WIDTH8_LANE_NUM3_15_DW01_add_8_DW01_add_149', input port 'A[5]' is connected directly to output port 'SUM[5]'. (LINT-29)
Warning: In design 'mac_pipeline_superscalar_DATA_WIDTH8_LANE_NUM3_15_DW01_add_8_DW01_add_149', input port 'A[4]' is connected directly to output port 'SUM[4]'. (LINT-29)
Warning: In design 'mac_pipeline_superscalar_DATA_WIDTH8_LANE_NUM3_15_DW01_add_8_DW01_add_149', input port 'A[3]' is connected directly to output port 'SUM[3]'. (LINT-29)
Warning: In design 'mac_pipeline_superscalar_DATA_WIDTH8_LANE_NUM3_15_DW01_add_8_DW01_add_149', input port 'A[2]' is connected directly to output port 'SUM[2]'. (LINT-29)
Warning: In design 'mac_pipeline_superscalar_DATA_WIDTH8_LANE_NUM3_15_DW01_add_8_DW01_add_149', input port 'A[1]' is connected directly to output port 'SUM[1]'. (LINT-29)
Warning: In design 'mac_pipeline_superscalar_DATA_WIDTH8_LANE_NUM3_15_DW01_add_8_DW01_add_149', input port 'A[0]' is connected directly to output port 'SUM[0]'. (LINT-29)
Warning: In design 'mac_pipeline_superscalar_DATA_WIDTH8_LANE_NUM3_14_DW01_add_6_DW01_add_150', input port 'A[5]' is connected directly to output port 'SUM[5]'. (LINT-29)
Warning: In design 'mac_pipeline_superscalar_DATA_WIDTH8_LANE_NUM3_14_DW01_add_6_DW01_add_150', input port 'A[4]' is connected directly to output port 'SUM[4]'. (LINT-29)
Warning: In design 'mac_pipeline_superscalar_DATA_WIDTH8_LANE_NUM3_14_DW01_add_6_DW01_add_150', input port 'A[3]' is connected directly to output port 'SUM[3]'. (LINT-29)
Warning: In design 'mac_pipeline_superscalar_DATA_WIDTH8_LANE_NUM3_14_DW01_add_6_DW01_add_150', input port 'A[2]' is connected directly to output port 'SUM[2]'. (LINT-29)
Warning: In design 'mac_pipeline_superscalar_DATA_WIDTH8_LANE_NUM3_14_DW01_add_6_DW01_add_150', input port 'A[1]' is connected directly to output port 'SUM[1]'. (LINT-29)
Warning: In design 'mac_pipeline_superscalar_DATA_WIDTH8_LANE_NUM3_14_DW01_add_6_DW01_add_150', input port 'A[0]' is connected directly to output port 'SUM[0]'. (LINT-29)
Warning: In design 'mac_pipeline_superscalar_DATA_WIDTH8_LANE_NUM3_14_DW01_add_7_DW01_add_151', input port 'A[5]' is connected directly to output port 'SUM[5]'. (LINT-29)
Warning: In design 'mac_pipeline_superscalar_DATA_WIDTH8_LANE_NUM3_14_DW01_add_7_DW01_add_151', input port 'A[4]' is connected directly to output port 'SUM[4]'. (LINT-29)
Warning: In design 'mac_pipeline_superscalar_DATA_WIDTH8_LANE_NUM3_14_DW01_add_7_DW01_add_151', input port 'A[3]' is connected directly to output port 'SUM[3]'. (LINT-29)
Warning: In design 'mac_pipeline_superscalar_DATA_WIDTH8_LANE_NUM3_14_DW01_add_7_DW01_add_151', input port 'A[2]' is connected directly to output port 'SUM[2]'. (LINT-29)
Warning: In design 'mac_pipeline_superscalar_DATA_WIDTH8_LANE_NUM3_14_DW01_add_7_DW01_add_151', input port 'A[1]' is connected directly to output port 'SUM[1]'. (LINT-29)
Warning: In design 'mac_pipeline_superscalar_DATA_WIDTH8_LANE_NUM3_14_DW01_add_7_DW01_add_151', input port 'A[0]' is connected directly to output port 'SUM[0]'. (LINT-29)
Warning: In design 'mac_pipeline_superscalar_DATA_WIDTH8_LANE_NUM3_14_DW01_add_8_DW01_add_152', input port 'A[5]' is connected directly to output port 'SUM[5]'. (LINT-29)
Warning: In design 'mac_pipeline_superscalar_DATA_WIDTH8_LANE_NUM3_14_DW01_add_8_DW01_add_152', input port 'A[4]' is connected directly to output port 'SUM[4]'. (LINT-29)
Warning: In design 'mac_pipeline_superscalar_DATA_WIDTH8_LANE_NUM3_14_DW01_add_8_DW01_add_152', input port 'A[3]' is connected directly to output port 'SUM[3]'. (LINT-29)
Warning: In design 'mac_pipeline_superscalar_DATA_WIDTH8_LANE_NUM3_14_DW01_add_8_DW01_add_152', input port 'A[2]' is connected directly to output port 'SUM[2]'. (LINT-29)
Warning: In design 'mac_pipeline_superscalar_DATA_WIDTH8_LANE_NUM3_14_DW01_add_8_DW01_add_152', input port 'A[1]' is connected directly to output port 'SUM[1]'. (LINT-29)
Warning: In design 'mac_pipeline_superscalar_DATA_WIDTH8_LANE_NUM3_14_DW01_add_8_DW01_add_152', input port 'A[0]' is connected directly to output port 'SUM[0]'. (LINT-29)
Warning: In design 'mac_pipeline_superscalar_DATA_WIDTH8_LANE_NUM3_13_DW01_add_6_DW01_add_153', input port 'A[5]' is connected directly to output port 'SUM[5]'. (LINT-29)
Warning: In design 'mac_pipeline_superscalar_DATA_WIDTH8_LANE_NUM3_13_DW01_add_6_DW01_add_153', input port 'A[4]' is connected directly to output port 'SUM[4]'. (LINT-29)
Warning: In design 'mac_pipeline_superscalar_DATA_WIDTH8_LANE_NUM3_13_DW01_add_6_DW01_add_153', input port 'A[3]' is connected directly to output port 'SUM[3]'. (LINT-29)
Warning: In design 'mac_pipeline_superscalar_DATA_WIDTH8_LANE_NUM3_13_DW01_add_6_DW01_add_153', input port 'A[2]' is connected directly to output port 'SUM[2]'. (LINT-29)
Warning: In design 'mac_pipeline_superscalar_DATA_WIDTH8_LANE_NUM3_13_DW01_add_6_DW01_add_153', input port 'A[1]' is connected directly to output port 'SUM[1]'. (LINT-29)
Warning: In design 'mac_pipeline_superscalar_DATA_WIDTH8_LANE_NUM3_13_DW01_add_6_DW01_add_153', input port 'A[0]' is connected directly to output port 'SUM[0]'. (LINT-29)
Warning: In design 'mac_pipeline_superscalar_DATA_WIDTH8_LANE_NUM3_13_DW01_add_7_DW01_add_154', input port 'A[5]' is connected directly to output port 'SUM[5]'. (LINT-29)
Warning: In design 'mac_pipeline_superscalar_DATA_WIDTH8_LANE_NUM3_13_DW01_add_7_DW01_add_154', input port 'A[4]' is connected directly to output port 'SUM[4]'. (LINT-29)
Warning: In design 'mac_pipeline_superscalar_DATA_WIDTH8_LANE_NUM3_13_DW01_add_7_DW01_add_154', input port 'A[3]' is connected directly to output port 'SUM[3]'. (LINT-29)
Warning: In design 'mac_pipeline_superscalar_DATA_WIDTH8_LANE_NUM3_13_DW01_add_7_DW01_add_154', input port 'A[2]' is connected directly to output port 'SUM[2]'. (LINT-29)
Warning: In design 'mac_pipeline_superscalar_DATA_WIDTH8_LANE_NUM3_13_DW01_add_7_DW01_add_154', input port 'A[1]' is connected directly to output port 'SUM[1]'. (LINT-29)
Warning: In design 'mac_pipeline_superscalar_DATA_WIDTH8_LANE_NUM3_13_DW01_add_7_DW01_add_154', input port 'A[0]' is connected directly to output port 'SUM[0]'. (LINT-29)
Warning: In design 'mac_pipeline_superscalar_DATA_WIDTH8_LANE_NUM3_13_DW01_add_8_DW01_add_155', input port 'A[5]' is connected directly to output port 'SUM[5]'. (LINT-29)
Warning: In design 'mac_pipeline_superscalar_DATA_WIDTH8_LANE_NUM3_13_DW01_add_8_DW01_add_155', input port 'A[4]' is connected directly to output port 'SUM[4]'. (LINT-29)
Warning: In design 'mac_pipeline_superscalar_DATA_WIDTH8_LANE_NUM3_13_DW01_add_8_DW01_add_155', input port 'A[3]' is connected directly to output port 'SUM[3]'. (LINT-29)
Warning: In design 'mac_pipeline_superscalar_DATA_WIDTH8_LANE_NUM3_13_DW01_add_8_DW01_add_155', input port 'A[2]' is connected directly to output port 'SUM[2]'. (LINT-29)
Warning: In design 'mac_pipeline_superscalar_DATA_WIDTH8_LANE_NUM3_13_DW01_add_8_DW01_add_155', input port 'A[1]' is connected directly to output port 'SUM[1]'. (LINT-29)
Warning: In design 'mac_pipeline_superscalar_DATA_WIDTH8_LANE_NUM3_13_DW01_add_8_DW01_add_155', input port 'A[0]' is connected directly to output port 'SUM[0]'. (LINT-29)
Warning: In design 'mac_pipeline_superscalar_DATA_WIDTH8_LANE_NUM3_12_DW01_add_6_DW01_add_156', input port 'A[5]' is connected directly to output port 'SUM[5]'. (LINT-29)
Warning: In design 'mac_pipeline_superscalar_DATA_WIDTH8_LANE_NUM3_12_DW01_add_6_DW01_add_156', input port 'A[4]' is connected directly to output port 'SUM[4]'. (LINT-29)
Warning: In design 'mac_pipeline_superscalar_DATA_WIDTH8_LANE_NUM3_12_DW01_add_6_DW01_add_156', input port 'A[3]' is connected directly to output port 'SUM[3]'. (LINT-29)
Warning: In design 'mac_pipeline_superscalar_DATA_WIDTH8_LANE_NUM3_12_DW01_add_6_DW01_add_156', input port 'A[2]' is connected directly to output port 'SUM[2]'. (LINT-29)
Warning: In design 'mac_pipeline_superscalar_DATA_WIDTH8_LANE_NUM3_12_DW01_add_6_DW01_add_156', input port 'A[1]' is connected directly to output port 'SUM[1]'. (LINT-29)
Warning: In design 'mac_pipeline_superscalar_DATA_WIDTH8_LANE_NUM3_12_DW01_add_6_DW01_add_156', input port 'A[0]' is connected directly to output port 'SUM[0]'. (LINT-29)
Warning: In design 'mac_pipeline_superscalar_DATA_WIDTH8_LANE_NUM3_12_DW01_add_7_DW01_add_157', input port 'A[5]' is connected directly to output port 'SUM[5]'. (LINT-29)
Warning: In design 'mac_pipeline_superscalar_DATA_WIDTH8_LANE_NUM3_12_DW01_add_7_DW01_add_157', input port 'A[4]' is connected directly to output port 'SUM[4]'. (LINT-29)
Warning: In design 'mac_pipeline_superscalar_DATA_WIDTH8_LANE_NUM3_12_DW01_add_7_DW01_add_157', input port 'A[3]' is connected directly to output port 'SUM[3]'. (LINT-29)
Warning: In design 'mac_pipeline_superscalar_DATA_WIDTH8_LANE_NUM3_12_DW01_add_7_DW01_add_157', input port 'A[2]' is connected directly to output port 'SUM[2]'. (LINT-29)
Warning: In design 'mac_pipeline_superscalar_DATA_WIDTH8_LANE_NUM3_12_DW01_add_7_DW01_add_157', input port 'A[1]' is connected directly to output port 'SUM[1]'. (LINT-29)
Warning: In design 'mac_pipeline_superscalar_DATA_WIDTH8_LANE_NUM3_12_DW01_add_7_DW01_add_157', input port 'A[0]' is connected directly to output port 'SUM[0]'. (LINT-29)
Warning: In design 'mac_pipeline_superscalar_DATA_WIDTH8_LANE_NUM3_12_DW01_add_8_DW01_add_158', input port 'A[5]' is connected directly to output port 'SUM[5]'. (LINT-29)
Warning: In design 'mac_pipeline_superscalar_DATA_WIDTH8_LANE_NUM3_12_DW01_add_8_DW01_add_158', input port 'A[4]' is connected directly to output port 'SUM[4]'. (LINT-29)
Warning: In design 'mac_pipeline_superscalar_DATA_WIDTH8_LANE_NUM3_12_DW01_add_8_DW01_add_158', input port 'A[3]' is connected directly to output port 'SUM[3]'. (LINT-29)
Warning: In design 'mac_pipeline_superscalar_DATA_WIDTH8_LANE_NUM3_12_DW01_add_8_DW01_add_158', input port 'A[2]' is connected directly to output port 'SUM[2]'. (LINT-29)
Warning: In design 'mac_pipeline_superscalar_DATA_WIDTH8_LANE_NUM3_12_DW01_add_8_DW01_add_158', input port 'A[1]' is connected directly to output port 'SUM[1]'. (LINT-29)
Warning: In design 'mac_pipeline_superscalar_DATA_WIDTH8_LANE_NUM3_12_DW01_add_8_DW01_add_158', input port 'A[0]' is connected directly to output port 'SUM[0]'. (LINT-29)
Warning: In design 'mac_pipeline_superscalar_DATA_WIDTH8_LANE_NUM3_11_DW01_add_6_DW01_add_159', input port 'A[5]' is connected directly to output port 'SUM[5]'. (LINT-29)
Warning: In design 'mac_pipeline_superscalar_DATA_WIDTH8_LANE_NUM3_11_DW01_add_6_DW01_add_159', input port 'A[4]' is connected directly to output port 'SUM[4]'. (LINT-29)
Warning: In design 'mac_pipeline_superscalar_DATA_WIDTH8_LANE_NUM3_11_DW01_add_6_DW01_add_159', input port 'A[3]' is connected directly to output port 'SUM[3]'. (LINT-29)
Warning: In design 'mac_pipeline_superscalar_DATA_WIDTH8_LANE_NUM3_11_DW01_add_6_DW01_add_159', input port 'A[2]' is connected directly to output port 'SUM[2]'. (LINT-29)
Warning: In design 'mac_pipeline_superscalar_DATA_WIDTH8_LANE_NUM3_11_DW01_add_6_DW01_add_159', input port 'A[1]' is connected directly to output port 'SUM[1]'. (LINT-29)
Warning: In design 'mac_pipeline_superscalar_DATA_WIDTH8_LANE_NUM3_11_DW01_add_6_DW01_add_159', input port 'A[0]' is connected directly to output port 'SUM[0]'. (LINT-29)
Warning: In design 'mac_pipeline_superscalar_DATA_WIDTH8_LANE_NUM3_11_DW01_add_7_DW01_add_160', input port 'A[5]' is connected directly to output port 'SUM[5]'. (LINT-29)
Warning: In design 'mac_pipeline_superscalar_DATA_WIDTH8_LANE_NUM3_11_DW01_add_7_DW01_add_160', input port 'A[4]' is connected directly to output port 'SUM[4]'. (LINT-29)
Warning: In design 'mac_pipeline_superscalar_DATA_WIDTH8_LANE_NUM3_11_DW01_add_7_DW01_add_160', input port 'A[3]' is connected directly to output port 'SUM[3]'. (LINT-29)
Warning: In design 'mac_pipeline_superscalar_DATA_WIDTH8_LANE_NUM3_11_DW01_add_7_DW01_add_160', input port 'A[2]' is connected directly to output port 'SUM[2]'. (LINT-29)
Warning: In design 'mac_pipeline_superscalar_DATA_WIDTH8_LANE_NUM3_11_DW01_add_7_DW01_add_160', input port 'A[1]' is connected directly to output port 'SUM[1]'. (LINT-29)
Warning: In design 'mac_pipeline_superscalar_DATA_WIDTH8_LANE_NUM3_11_DW01_add_7_DW01_add_160', input port 'A[0]' is connected directly to output port 'SUM[0]'. (LINT-29)
Warning: In design 'mac_pipeline_superscalar_DATA_WIDTH8_LANE_NUM3_11_DW01_add_8_DW01_add_161', input port 'A[5]' is connected directly to output port 'SUM[5]'. (LINT-29)
Warning: In design 'mac_pipeline_superscalar_DATA_WIDTH8_LANE_NUM3_11_DW01_add_8_DW01_add_161', input port 'A[4]' is connected directly to output port 'SUM[4]'. (LINT-29)
Warning: In design 'mac_pipeline_superscalar_DATA_WIDTH8_LANE_NUM3_11_DW01_add_8_DW01_add_161', input port 'A[3]' is connected directly to output port 'SUM[3]'. (LINT-29)
Warning: In design 'mac_pipeline_superscalar_DATA_WIDTH8_LANE_NUM3_11_DW01_add_8_DW01_add_161', input port 'A[2]' is connected directly to output port 'SUM[2]'. (LINT-29)
Warning: In design 'mac_pipeline_superscalar_DATA_WIDTH8_LANE_NUM3_11_DW01_add_8_DW01_add_161', input port 'A[1]' is connected directly to output port 'SUM[1]'. (LINT-29)
Warning: In design 'mac_pipeline_superscalar_DATA_WIDTH8_LANE_NUM3_11_DW01_add_8_DW01_add_161', input port 'A[0]' is connected directly to output port 'SUM[0]'. (LINT-29)
Warning: In design 'mac_pipeline_superscalar_DATA_WIDTH8_LANE_NUM3_10_DW01_add_6_DW01_add_162', input port 'A[5]' is connected directly to output port 'SUM[5]'. (LINT-29)
Warning: In design 'mac_pipeline_superscalar_DATA_WIDTH8_LANE_NUM3_10_DW01_add_6_DW01_add_162', input port 'A[4]' is connected directly to output port 'SUM[4]'. (LINT-29)
Warning: In design 'mac_pipeline_superscalar_DATA_WIDTH8_LANE_NUM3_10_DW01_add_6_DW01_add_162', input port 'A[3]' is connected directly to output port 'SUM[3]'. (LINT-29)
Warning: In design 'mac_pipeline_superscalar_DATA_WIDTH8_LANE_NUM3_10_DW01_add_6_DW01_add_162', input port 'A[2]' is connected directly to output port 'SUM[2]'. (LINT-29)
Warning: In design 'mac_pipeline_superscalar_DATA_WIDTH8_LANE_NUM3_10_DW01_add_6_DW01_add_162', input port 'A[1]' is connected directly to output port 'SUM[1]'. (LINT-29)
Warning: In design 'mac_pipeline_superscalar_DATA_WIDTH8_LANE_NUM3_10_DW01_add_6_DW01_add_162', input port 'A[0]' is connected directly to output port 'SUM[0]'. (LINT-29)
Warning: In design 'mac_pipeline_superscalar_DATA_WIDTH8_LANE_NUM3_10_DW01_add_7_DW01_add_163', input port 'A[5]' is connected directly to output port 'SUM[5]'. (LINT-29)
Warning: In design 'mac_pipeline_superscalar_DATA_WIDTH8_LANE_NUM3_10_DW01_add_7_DW01_add_163', input port 'A[4]' is connected directly to output port 'SUM[4]'. (LINT-29)
Warning: In design 'mac_pipeline_superscalar_DATA_WIDTH8_LANE_NUM3_10_DW01_add_7_DW01_add_163', input port 'A[3]' is connected directly to output port 'SUM[3]'. (LINT-29)
Warning: In design 'mac_pipeline_superscalar_DATA_WIDTH8_LANE_NUM3_10_DW01_add_7_DW01_add_163', input port 'A[2]' is connected directly to output port 'SUM[2]'. (LINT-29)
Warning: In design 'mac_pipeline_superscalar_DATA_WIDTH8_LANE_NUM3_10_DW01_add_7_DW01_add_163', input port 'A[1]' is connected directly to output port 'SUM[1]'. (LINT-29)
Warning: In design 'mac_pipeline_superscalar_DATA_WIDTH8_LANE_NUM3_10_DW01_add_7_DW01_add_163', input port 'A[0]' is connected directly to output port 'SUM[0]'. (LINT-29)
Warning: In design 'mac_pipeline_superscalar_DATA_WIDTH8_LANE_NUM3_10_DW01_add_8_DW01_add_164', input port 'A[5]' is connected directly to output port 'SUM[5]'. (LINT-29)
Warning: In design 'mac_pipeline_superscalar_DATA_WIDTH8_LANE_NUM3_10_DW01_add_8_DW01_add_164', input port 'A[4]' is connected directly to output port 'SUM[4]'. (LINT-29)
Warning: In design 'mac_pipeline_superscalar_DATA_WIDTH8_LANE_NUM3_10_DW01_add_8_DW01_add_164', input port 'A[3]' is connected directly to output port 'SUM[3]'. (LINT-29)
Warning: In design 'mac_pipeline_superscalar_DATA_WIDTH8_LANE_NUM3_10_DW01_add_8_DW01_add_164', input port 'A[2]' is connected directly to output port 'SUM[2]'. (LINT-29)
Warning: In design 'mac_pipeline_superscalar_DATA_WIDTH8_LANE_NUM3_10_DW01_add_8_DW01_add_164', input port 'A[1]' is connected directly to output port 'SUM[1]'. (LINT-29)
Warning: In design 'mac_pipeline_superscalar_DATA_WIDTH8_LANE_NUM3_10_DW01_add_8_DW01_add_164', input port 'A[0]' is connected directly to output port 'SUM[0]'. (LINT-29)
Warning: In design 'mac_pipeline_superscalar_DATA_WIDTH8_LANE_NUM3_9_DW01_add_6_DW01_add_165', input port 'A[5]' is connected directly to output port 'SUM[5]'. (LINT-29)
Warning: In design 'mac_pipeline_superscalar_DATA_WIDTH8_LANE_NUM3_9_DW01_add_6_DW01_add_165', input port 'A[4]' is connected directly to output port 'SUM[4]'. (LINT-29)
Warning: In design 'mac_pipeline_superscalar_DATA_WIDTH8_LANE_NUM3_9_DW01_add_6_DW01_add_165', input port 'A[3]' is connected directly to output port 'SUM[3]'. (LINT-29)
Warning: In design 'mac_pipeline_superscalar_DATA_WIDTH8_LANE_NUM3_9_DW01_add_6_DW01_add_165', input port 'A[2]' is connected directly to output port 'SUM[2]'. (LINT-29)
Warning: In design 'mac_pipeline_superscalar_DATA_WIDTH8_LANE_NUM3_9_DW01_add_6_DW01_add_165', input port 'A[1]' is connected directly to output port 'SUM[1]'. (LINT-29)
Warning: In design 'mac_pipeline_superscalar_DATA_WIDTH8_LANE_NUM3_9_DW01_add_6_DW01_add_165', input port 'A[0]' is connected directly to output port 'SUM[0]'. (LINT-29)
Warning: In design 'mac_pipeline_superscalar_DATA_WIDTH8_LANE_NUM3_9_DW01_add_7_DW01_add_166', input port 'A[5]' is connected directly to output port 'SUM[5]'. (LINT-29)
Warning: In design 'mac_pipeline_superscalar_DATA_WIDTH8_LANE_NUM3_9_DW01_add_7_DW01_add_166', input port 'A[4]' is connected directly to output port 'SUM[4]'. (LINT-29)
Warning: In design 'mac_pipeline_superscalar_DATA_WIDTH8_LANE_NUM3_9_DW01_add_7_DW01_add_166', input port 'A[3]' is connected directly to output port 'SUM[3]'. (LINT-29)
Warning: In design 'mac_pipeline_superscalar_DATA_WIDTH8_LANE_NUM3_9_DW01_add_7_DW01_add_166', input port 'A[2]' is connected directly to output port 'SUM[2]'. (LINT-29)
Warning: In design 'mac_pipeline_superscalar_DATA_WIDTH8_LANE_NUM3_9_DW01_add_7_DW01_add_166', input port 'A[1]' is connected directly to output port 'SUM[1]'. (LINT-29)
Warning: In design 'mac_pipeline_superscalar_DATA_WIDTH8_LANE_NUM3_9_DW01_add_7_DW01_add_166', input port 'A[0]' is connected directly to output port 'SUM[0]'. (LINT-29)
Warning: In design 'mac_pipeline_superscalar_DATA_WIDTH8_LANE_NUM3_9_DW01_add_8_DW01_add_167', input port 'A[5]' is connected directly to output port 'SUM[5]'. (LINT-29)
Warning: In design 'mac_pipeline_superscalar_DATA_WIDTH8_LANE_NUM3_9_DW01_add_8_DW01_add_167', input port 'A[4]' is connected directly to output port 'SUM[4]'. (LINT-29)
Warning: In design 'mac_pipeline_superscalar_DATA_WIDTH8_LANE_NUM3_9_DW01_add_8_DW01_add_167', input port 'A[3]' is connected directly to output port 'SUM[3]'. (LINT-29)
Warning: In design 'mac_pipeline_superscalar_DATA_WIDTH8_LANE_NUM3_9_DW01_add_8_DW01_add_167', input port 'A[2]' is connected directly to output port 'SUM[2]'. (LINT-29)
Warning: In design 'mac_pipeline_superscalar_DATA_WIDTH8_LANE_NUM3_9_DW01_add_8_DW01_add_167', input port 'A[1]' is connected directly to output port 'SUM[1]'. (LINT-29)
Warning: In design 'mac_pipeline_superscalar_DATA_WIDTH8_LANE_NUM3_9_DW01_add_8_DW01_add_167', input port 'A[0]' is connected directly to output port 'SUM[0]'. (LINT-29)
Warning: In design 'mac_pipeline_superscalar_DATA_WIDTH8_LANE_NUM3_8_DW01_add_6_DW01_add_168', input port 'A[5]' is connected directly to output port 'SUM[5]'. (LINT-29)
Warning: In design 'mac_pipeline_superscalar_DATA_WIDTH8_LANE_NUM3_8_DW01_add_6_DW01_add_168', input port 'A[4]' is connected directly to output port 'SUM[4]'. (LINT-29)
Warning: In design 'mac_pipeline_superscalar_DATA_WIDTH8_LANE_NUM3_8_DW01_add_6_DW01_add_168', input port 'A[3]' is connected directly to output port 'SUM[3]'. (LINT-29)
Warning: In design 'mac_pipeline_superscalar_DATA_WIDTH8_LANE_NUM3_8_DW01_add_6_DW01_add_168', input port 'A[2]' is connected directly to output port 'SUM[2]'. (LINT-29)
Warning: In design 'mac_pipeline_superscalar_DATA_WIDTH8_LANE_NUM3_8_DW01_add_6_DW01_add_168', input port 'A[1]' is connected directly to output port 'SUM[1]'. (LINT-29)
Warning: In design 'mac_pipeline_superscalar_DATA_WIDTH8_LANE_NUM3_8_DW01_add_6_DW01_add_168', input port 'A[0]' is connected directly to output port 'SUM[0]'. (LINT-29)
Warning: In design 'mac_pipeline_superscalar_DATA_WIDTH8_LANE_NUM3_8_DW01_add_7_DW01_add_169', input port 'A[5]' is connected directly to output port 'SUM[5]'. (LINT-29)
Warning: In design 'mac_pipeline_superscalar_DATA_WIDTH8_LANE_NUM3_8_DW01_add_7_DW01_add_169', input port 'A[4]' is connected directly to output port 'SUM[4]'. (LINT-29)
Warning: In design 'mac_pipeline_superscalar_DATA_WIDTH8_LANE_NUM3_8_DW01_add_7_DW01_add_169', input port 'A[3]' is connected directly to output port 'SUM[3]'. (LINT-29)
Warning: In design 'mac_pipeline_superscalar_DATA_WIDTH8_LANE_NUM3_8_DW01_add_7_DW01_add_169', input port 'A[2]' is connected directly to output port 'SUM[2]'. (LINT-29)
Warning: In design 'mac_pipeline_superscalar_DATA_WIDTH8_LANE_NUM3_8_DW01_add_7_DW01_add_169', input port 'A[1]' is connected directly to output port 'SUM[1]'. (LINT-29)
Warning: In design 'mac_pipeline_superscalar_DATA_WIDTH8_LANE_NUM3_8_DW01_add_7_DW01_add_169', input port 'A[0]' is connected directly to output port 'SUM[0]'. (LINT-29)
Warning: In design 'mac_pipeline_superscalar_DATA_WIDTH8_LANE_NUM3_8_DW01_add_8_DW01_add_170', input port 'A[5]' is connected directly to output port 'SUM[5]'. (LINT-29)
Warning: In design 'mac_pipeline_superscalar_DATA_WIDTH8_LANE_NUM3_8_DW01_add_8_DW01_add_170', input port 'A[4]' is connected directly to output port 'SUM[4]'. (LINT-29)
Warning: In design 'mac_pipeline_superscalar_DATA_WIDTH8_LANE_NUM3_8_DW01_add_8_DW01_add_170', input port 'A[3]' is connected directly to output port 'SUM[3]'. (LINT-29)
Warning: In design 'mac_pipeline_superscalar_DATA_WIDTH8_LANE_NUM3_8_DW01_add_8_DW01_add_170', input port 'A[2]' is connected directly to output port 'SUM[2]'. (LINT-29)
Warning: In design 'mac_pipeline_superscalar_DATA_WIDTH8_LANE_NUM3_8_DW01_add_8_DW01_add_170', input port 'A[1]' is connected directly to output port 'SUM[1]'. (LINT-29)
Warning: In design 'mac_pipeline_superscalar_DATA_WIDTH8_LANE_NUM3_8_DW01_add_8_DW01_add_170', input port 'A[0]' is connected directly to output port 'SUM[0]'. (LINT-29)
Warning: In design 'mac_pipeline_superscalar_DATA_WIDTH8_LANE_NUM3_7_DW01_add_6_DW01_add_171', input port 'A[5]' is connected directly to output port 'SUM[5]'. (LINT-29)
Warning: In design 'mac_pipeline_superscalar_DATA_WIDTH8_LANE_NUM3_7_DW01_add_6_DW01_add_171', input port 'A[4]' is connected directly to output port 'SUM[4]'. (LINT-29)
Warning: In design 'mac_pipeline_superscalar_DATA_WIDTH8_LANE_NUM3_7_DW01_add_6_DW01_add_171', input port 'A[3]' is connected directly to output port 'SUM[3]'. (LINT-29)
Warning: In design 'mac_pipeline_superscalar_DATA_WIDTH8_LANE_NUM3_7_DW01_add_6_DW01_add_171', input port 'A[2]' is connected directly to output port 'SUM[2]'. (LINT-29)
Warning: In design 'mac_pipeline_superscalar_DATA_WIDTH8_LANE_NUM3_7_DW01_add_6_DW01_add_171', input port 'A[1]' is connected directly to output port 'SUM[1]'. (LINT-29)
Warning: In design 'mac_pipeline_superscalar_DATA_WIDTH8_LANE_NUM3_7_DW01_add_6_DW01_add_171', input port 'A[0]' is connected directly to output port 'SUM[0]'. (LINT-29)
Warning: In design 'mac_pipeline_superscalar_DATA_WIDTH8_LANE_NUM3_7_DW01_add_7_DW01_add_172', input port 'A[5]' is connected directly to output port 'SUM[5]'. (LINT-29)
Warning: In design 'mac_pipeline_superscalar_DATA_WIDTH8_LANE_NUM3_7_DW01_add_7_DW01_add_172', input port 'A[4]' is connected directly to output port 'SUM[4]'. (LINT-29)
Warning: In design 'mac_pipeline_superscalar_DATA_WIDTH8_LANE_NUM3_7_DW01_add_7_DW01_add_172', input port 'A[3]' is connected directly to output port 'SUM[3]'. (LINT-29)
Warning: In design 'mac_pipeline_superscalar_DATA_WIDTH8_LANE_NUM3_7_DW01_add_7_DW01_add_172', input port 'A[2]' is connected directly to output port 'SUM[2]'. (LINT-29)
Warning: In design 'mac_pipeline_superscalar_DATA_WIDTH8_LANE_NUM3_7_DW01_add_7_DW01_add_172', input port 'A[1]' is connected directly to output port 'SUM[1]'. (LINT-29)
Warning: In design 'mac_pipeline_superscalar_DATA_WIDTH8_LANE_NUM3_7_DW01_add_7_DW01_add_172', input port 'A[0]' is connected directly to output port 'SUM[0]'. (LINT-29)
Warning: In design 'mac_pipeline_superscalar_DATA_WIDTH8_LANE_NUM3_7_DW01_add_8_DW01_add_173', input port 'A[5]' is connected directly to output port 'SUM[5]'. (LINT-29)
Warning: In design 'mac_pipeline_superscalar_DATA_WIDTH8_LANE_NUM3_7_DW01_add_8_DW01_add_173', input port 'A[4]' is connected directly to output port 'SUM[4]'. (LINT-29)
Warning: In design 'mac_pipeline_superscalar_DATA_WIDTH8_LANE_NUM3_7_DW01_add_8_DW01_add_173', input port 'A[3]' is connected directly to output port 'SUM[3]'. (LINT-29)
Warning: In design 'mac_pipeline_superscalar_DATA_WIDTH8_LANE_NUM3_7_DW01_add_8_DW01_add_173', input port 'A[2]' is connected directly to output port 'SUM[2]'. (LINT-29)
Warning: In design 'mac_pipeline_superscalar_DATA_WIDTH8_LANE_NUM3_7_DW01_add_8_DW01_add_173', input port 'A[1]' is connected directly to output port 'SUM[1]'. (LINT-29)
Warning: In design 'mac_pipeline_superscalar_DATA_WIDTH8_LANE_NUM3_7_DW01_add_8_DW01_add_173', input port 'A[0]' is connected directly to output port 'SUM[0]'. (LINT-29)
Warning: In design 'mac_pipeline_superscalar_DATA_WIDTH8_LANE_NUM3_6_DW01_add_6_DW01_add_174', input port 'A[5]' is connected directly to output port 'SUM[5]'. (LINT-29)
Warning: In design 'mac_pipeline_superscalar_DATA_WIDTH8_LANE_NUM3_6_DW01_add_6_DW01_add_174', input port 'A[4]' is connected directly to output port 'SUM[4]'. (LINT-29)
Warning: In design 'mac_pipeline_superscalar_DATA_WIDTH8_LANE_NUM3_6_DW01_add_6_DW01_add_174', input port 'A[3]' is connected directly to output port 'SUM[3]'. (LINT-29)
Warning: In design 'mac_pipeline_superscalar_DATA_WIDTH8_LANE_NUM3_6_DW01_add_6_DW01_add_174', input port 'A[2]' is connected directly to output port 'SUM[2]'. (LINT-29)
Warning: In design 'mac_pipeline_superscalar_DATA_WIDTH8_LANE_NUM3_6_DW01_add_6_DW01_add_174', input port 'A[1]' is connected directly to output port 'SUM[1]'. (LINT-29)
Warning: In design 'mac_pipeline_superscalar_DATA_WIDTH8_LANE_NUM3_6_DW01_add_6_DW01_add_174', input port 'A[0]' is connected directly to output port 'SUM[0]'. (LINT-29)
Warning: In design 'mac_pipeline_superscalar_DATA_WIDTH8_LANE_NUM3_6_DW01_add_7_DW01_add_175', input port 'A[5]' is connected directly to output port 'SUM[5]'. (LINT-29)
Warning: In design 'mac_pipeline_superscalar_DATA_WIDTH8_LANE_NUM3_6_DW01_add_7_DW01_add_175', input port 'A[4]' is connected directly to output port 'SUM[4]'. (LINT-29)
Warning: In design 'mac_pipeline_superscalar_DATA_WIDTH8_LANE_NUM3_6_DW01_add_7_DW01_add_175', input port 'A[3]' is connected directly to output port 'SUM[3]'. (LINT-29)
Warning: In design 'mac_pipeline_superscalar_DATA_WIDTH8_LANE_NUM3_6_DW01_add_7_DW01_add_175', input port 'A[2]' is connected directly to output port 'SUM[2]'. (LINT-29)
Warning: In design 'mac_pipeline_superscalar_DATA_WIDTH8_LANE_NUM3_6_DW01_add_7_DW01_add_175', input port 'A[1]' is connected directly to output port 'SUM[1]'. (LINT-29)
Warning: In design 'mac_pipeline_superscalar_DATA_WIDTH8_LANE_NUM3_6_DW01_add_7_DW01_add_175', input port 'A[0]' is connected directly to output port 'SUM[0]'. (LINT-29)
Warning: In design 'mac_pipeline_superscalar_DATA_WIDTH8_LANE_NUM3_6_DW01_add_8_DW01_add_176', input port 'A[5]' is connected directly to output port 'SUM[5]'. (LINT-29)
Warning: In design 'mac_pipeline_superscalar_DATA_WIDTH8_LANE_NUM3_6_DW01_add_8_DW01_add_176', input port 'A[4]' is connected directly to output port 'SUM[4]'. (LINT-29)
Warning: In design 'mac_pipeline_superscalar_DATA_WIDTH8_LANE_NUM3_6_DW01_add_8_DW01_add_176', input port 'A[3]' is connected directly to output port 'SUM[3]'. (LINT-29)
Warning: In design 'mac_pipeline_superscalar_DATA_WIDTH8_LANE_NUM3_6_DW01_add_8_DW01_add_176', input port 'A[2]' is connected directly to output port 'SUM[2]'. (LINT-29)
Warning: In design 'mac_pipeline_superscalar_DATA_WIDTH8_LANE_NUM3_6_DW01_add_8_DW01_add_176', input port 'A[1]' is connected directly to output port 'SUM[1]'. (LINT-29)
Warning: In design 'mac_pipeline_superscalar_DATA_WIDTH8_LANE_NUM3_6_DW01_add_8_DW01_add_176', input port 'A[0]' is connected directly to output port 'SUM[0]'. (LINT-29)
Warning: In design 'mac_pipeline_superscalar_DATA_WIDTH8_LANE_NUM3_5_DW01_add_6_DW01_add_177', input port 'A[5]' is connected directly to output port 'SUM[5]'. (LINT-29)
Warning: In design 'mac_pipeline_superscalar_DATA_WIDTH8_LANE_NUM3_5_DW01_add_6_DW01_add_177', input port 'A[4]' is connected directly to output port 'SUM[4]'. (LINT-29)
Warning: In design 'mac_pipeline_superscalar_DATA_WIDTH8_LANE_NUM3_5_DW01_add_6_DW01_add_177', input port 'A[3]' is connected directly to output port 'SUM[3]'. (LINT-29)
Warning: In design 'mac_pipeline_superscalar_DATA_WIDTH8_LANE_NUM3_5_DW01_add_6_DW01_add_177', input port 'A[2]' is connected directly to output port 'SUM[2]'. (LINT-29)
Warning: In design 'mac_pipeline_superscalar_DATA_WIDTH8_LANE_NUM3_5_DW01_add_6_DW01_add_177', input port 'A[1]' is connected directly to output port 'SUM[1]'. (LINT-29)
Warning: In design 'mac_pipeline_superscalar_DATA_WIDTH8_LANE_NUM3_5_DW01_add_6_DW01_add_177', input port 'A[0]' is connected directly to output port 'SUM[0]'. (LINT-29)
Warning: In design 'mac_pipeline_superscalar_DATA_WIDTH8_LANE_NUM3_5_DW01_add_7_DW01_add_178', input port 'A[5]' is connected directly to output port 'SUM[5]'. (LINT-29)
Warning: In design 'mac_pipeline_superscalar_DATA_WIDTH8_LANE_NUM3_5_DW01_add_7_DW01_add_178', input port 'A[4]' is connected directly to output port 'SUM[4]'. (LINT-29)
Warning: In design 'mac_pipeline_superscalar_DATA_WIDTH8_LANE_NUM3_5_DW01_add_7_DW01_add_178', input port 'A[3]' is connected directly to output port 'SUM[3]'. (LINT-29)
Warning: In design 'mac_pipeline_superscalar_DATA_WIDTH8_LANE_NUM3_5_DW01_add_7_DW01_add_178', input port 'A[2]' is connected directly to output port 'SUM[2]'. (LINT-29)
Warning: In design 'mac_pipeline_superscalar_DATA_WIDTH8_LANE_NUM3_5_DW01_add_7_DW01_add_178', input port 'A[1]' is connected directly to output port 'SUM[1]'. (LINT-29)
Warning: In design 'mac_pipeline_superscalar_DATA_WIDTH8_LANE_NUM3_5_DW01_add_7_DW01_add_178', input port 'A[0]' is connected directly to output port 'SUM[0]'. (LINT-29)
Warning: In design 'mac_pipeline_superscalar_DATA_WIDTH8_LANE_NUM3_5_DW01_add_8_DW01_add_179', input port 'A[5]' is connected directly to output port 'SUM[5]'. (LINT-29)
Warning: In design 'mac_pipeline_superscalar_DATA_WIDTH8_LANE_NUM3_5_DW01_add_8_DW01_add_179', input port 'A[4]' is connected directly to output port 'SUM[4]'. (LINT-29)
Warning: In design 'mac_pipeline_superscalar_DATA_WIDTH8_LANE_NUM3_5_DW01_add_8_DW01_add_179', input port 'A[3]' is connected directly to output port 'SUM[3]'. (LINT-29)
Warning: In design 'mac_pipeline_superscalar_DATA_WIDTH8_LANE_NUM3_5_DW01_add_8_DW01_add_179', input port 'A[2]' is connected directly to output port 'SUM[2]'. (LINT-29)
Warning: In design 'mac_pipeline_superscalar_DATA_WIDTH8_LANE_NUM3_5_DW01_add_8_DW01_add_179', input port 'A[1]' is connected directly to output port 'SUM[1]'. (LINT-29)
Warning: In design 'mac_pipeline_superscalar_DATA_WIDTH8_LANE_NUM3_5_DW01_add_8_DW01_add_179', input port 'A[0]' is connected directly to output port 'SUM[0]'. (LINT-29)
Warning: In design 'mac_pipeline_superscalar_DATA_WIDTH8_LANE_NUM3_4_DW01_add_6_DW01_add_180', input port 'A[5]' is connected directly to output port 'SUM[5]'. (LINT-29)
Warning: In design 'mac_pipeline_superscalar_DATA_WIDTH8_LANE_NUM3_4_DW01_add_6_DW01_add_180', input port 'A[4]' is connected directly to output port 'SUM[4]'. (LINT-29)
Warning: In design 'mac_pipeline_superscalar_DATA_WIDTH8_LANE_NUM3_4_DW01_add_6_DW01_add_180', input port 'A[3]' is connected directly to output port 'SUM[3]'. (LINT-29)
Warning: In design 'mac_pipeline_superscalar_DATA_WIDTH8_LANE_NUM3_4_DW01_add_6_DW01_add_180', input port 'A[2]' is connected directly to output port 'SUM[2]'. (LINT-29)
Warning: In design 'mac_pipeline_superscalar_DATA_WIDTH8_LANE_NUM3_4_DW01_add_6_DW01_add_180', input port 'A[1]' is connected directly to output port 'SUM[1]'. (LINT-29)
Warning: In design 'mac_pipeline_superscalar_DATA_WIDTH8_LANE_NUM3_4_DW01_add_6_DW01_add_180', input port 'A[0]' is connected directly to output port 'SUM[0]'. (LINT-29)
Warning: In design 'mac_pipeline_superscalar_DATA_WIDTH8_LANE_NUM3_4_DW01_add_7_DW01_add_181', input port 'A[5]' is connected directly to output port 'SUM[5]'. (LINT-29)
Warning: In design 'mac_pipeline_superscalar_DATA_WIDTH8_LANE_NUM3_4_DW01_add_7_DW01_add_181', input port 'A[4]' is connected directly to output port 'SUM[4]'. (LINT-29)
Warning: In design 'mac_pipeline_superscalar_DATA_WIDTH8_LANE_NUM3_4_DW01_add_7_DW01_add_181', input port 'A[3]' is connected directly to output port 'SUM[3]'. (LINT-29)
Warning: In design 'mac_pipeline_superscalar_DATA_WIDTH8_LANE_NUM3_4_DW01_add_7_DW01_add_181', input port 'A[2]' is connected directly to output port 'SUM[2]'. (LINT-29)
Warning: In design 'mac_pipeline_superscalar_DATA_WIDTH8_LANE_NUM3_4_DW01_add_7_DW01_add_181', input port 'A[1]' is connected directly to output port 'SUM[1]'. (LINT-29)
Warning: In design 'mac_pipeline_superscalar_DATA_WIDTH8_LANE_NUM3_4_DW01_add_7_DW01_add_181', input port 'A[0]' is connected directly to output port 'SUM[0]'. (LINT-29)
Warning: In design 'mac_pipeline_superscalar_DATA_WIDTH8_LANE_NUM3_4_DW01_add_8_DW01_add_182', input port 'A[5]' is connected directly to output port 'SUM[5]'. (LINT-29)
Warning: In design 'mac_pipeline_superscalar_DATA_WIDTH8_LANE_NUM3_4_DW01_add_8_DW01_add_182', input port 'A[4]' is connected directly to output port 'SUM[4]'. (LINT-29)
Warning: In design 'mac_pipeline_superscalar_DATA_WIDTH8_LANE_NUM3_4_DW01_add_8_DW01_add_182', input port 'A[3]' is connected directly to output port 'SUM[3]'. (LINT-29)
Warning: In design 'mac_pipeline_superscalar_DATA_WIDTH8_LANE_NUM3_4_DW01_add_8_DW01_add_182', input port 'A[2]' is connected directly to output port 'SUM[2]'. (LINT-29)
Warning: In design 'mac_pipeline_superscalar_DATA_WIDTH8_LANE_NUM3_4_DW01_add_8_DW01_add_182', input port 'A[1]' is connected directly to output port 'SUM[1]'. (LINT-29)
Warning: In design 'mac_pipeline_superscalar_DATA_WIDTH8_LANE_NUM3_4_DW01_add_8_DW01_add_182', input port 'A[0]' is connected directly to output port 'SUM[0]'. (LINT-29)
Warning: In design 'mac_pipeline_superscalar_DATA_WIDTH8_LANE_NUM3_3_DW01_add_6_DW01_add_183', input port 'A[5]' is connected directly to output port 'SUM[5]'. (LINT-29)
Warning: In design 'mac_pipeline_superscalar_DATA_WIDTH8_LANE_NUM3_3_DW01_add_6_DW01_add_183', input port 'A[4]' is connected directly to output port 'SUM[4]'. (LINT-29)
Warning: In design 'mac_pipeline_superscalar_DATA_WIDTH8_LANE_NUM3_3_DW01_add_6_DW01_add_183', input port 'A[3]' is connected directly to output port 'SUM[3]'. (LINT-29)
Warning: In design 'mac_pipeline_superscalar_DATA_WIDTH8_LANE_NUM3_3_DW01_add_6_DW01_add_183', input port 'A[2]' is connected directly to output port 'SUM[2]'. (LINT-29)
Warning: In design 'mac_pipeline_superscalar_DATA_WIDTH8_LANE_NUM3_3_DW01_add_6_DW01_add_183', input port 'A[1]' is connected directly to output port 'SUM[1]'. (LINT-29)
Warning: In design 'mac_pipeline_superscalar_DATA_WIDTH8_LANE_NUM3_3_DW01_add_6_DW01_add_183', input port 'A[0]' is connected directly to output port 'SUM[0]'. (LINT-29)
Warning: In design 'mac_pipeline_superscalar_DATA_WIDTH8_LANE_NUM3_3_DW01_add_7_DW01_add_184', input port 'A[5]' is connected directly to output port 'SUM[5]'. (LINT-29)
Warning: In design 'mac_pipeline_superscalar_DATA_WIDTH8_LANE_NUM3_3_DW01_add_7_DW01_add_184', input port 'A[4]' is connected directly to output port 'SUM[4]'. (LINT-29)
Warning: In design 'mac_pipeline_superscalar_DATA_WIDTH8_LANE_NUM3_3_DW01_add_7_DW01_add_184', input port 'A[3]' is connected directly to output port 'SUM[3]'. (LINT-29)
Warning: In design 'mac_pipeline_superscalar_DATA_WIDTH8_LANE_NUM3_3_DW01_add_7_DW01_add_184', input port 'A[2]' is connected directly to output port 'SUM[2]'. (LINT-29)
Warning: In design 'mac_pipeline_superscalar_DATA_WIDTH8_LANE_NUM3_3_DW01_add_7_DW01_add_184', input port 'A[1]' is connected directly to output port 'SUM[1]'. (LINT-29)
Warning: In design 'mac_pipeline_superscalar_DATA_WIDTH8_LANE_NUM3_3_DW01_add_7_DW01_add_184', input port 'A[0]' is connected directly to output port 'SUM[0]'. (LINT-29)
Warning: In design 'mac_pipeline_superscalar_DATA_WIDTH8_LANE_NUM3_3_DW01_add_8_DW01_add_185', input port 'A[5]' is connected directly to output port 'SUM[5]'. (LINT-29)
Warning: In design 'mac_pipeline_superscalar_DATA_WIDTH8_LANE_NUM3_3_DW01_add_8_DW01_add_185', input port 'A[4]' is connected directly to output port 'SUM[4]'. (LINT-29)
Warning: In design 'mac_pipeline_superscalar_DATA_WIDTH8_LANE_NUM3_3_DW01_add_8_DW01_add_185', input port 'A[3]' is connected directly to output port 'SUM[3]'. (LINT-29)
Warning: In design 'mac_pipeline_superscalar_DATA_WIDTH8_LANE_NUM3_3_DW01_add_8_DW01_add_185', input port 'A[2]' is connected directly to output port 'SUM[2]'. (LINT-29)
Warning: In design 'mac_pipeline_superscalar_DATA_WIDTH8_LANE_NUM3_3_DW01_add_8_DW01_add_185', input port 'A[1]' is connected directly to output port 'SUM[1]'. (LINT-29)
Warning: In design 'mac_pipeline_superscalar_DATA_WIDTH8_LANE_NUM3_3_DW01_add_8_DW01_add_185', input port 'A[0]' is connected directly to output port 'SUM[0]'. (LINT-29)
Warning: In design 'mac_pipeline_superscalar_DATA_WIDTH8_LANE_NUM3_2_DW01_add_6_DW01_add_186', input port 'A[5]' is connected directly to output port 'SUM[5]'. (LINT-29)
Warning: In design 'mac_pipeline_superscalar_DATA_WIDTH8_LANE_NUM3_2_DW01_add_6_DW01_add_186', input port 'A[4]' is connected directly to output port 'SUM[4]'. (LINT-29)
Warning: In design 'mac_pipeline_superscalar_DATA_WIDTH8_LANE_NUM3_2_DW01_add_6_DW01_add_186', input port 'A[3]' is connected directly to output port 'SUM[3]'. (LINT-29)
Warning: In design 'mac_pipeline_superscalar_DATA_WIDTH8_LANE_NUM3_2_DW01_add_6_DW01_add_186', input port 'A[2]' is connected directly to output port 'SUM[2]'. (LINT-29)
Warning: In design 'mac_pipeline_superscalar_DATA_WIDTH8_LANE_NUM3_2_DW01_add_6_DW01_add_186', input port 'A[1]' is connected directly to output port 'SUM[1]'. (LINT-29)
Warning: In design 'mac_pipeline_superscalar_DATA_WIDTH8_LANE_NUM3_2_DW01_add_6_DW01_add_186', input port 'A[0]' is connected directly to output port 'SUM[0]'. (LINT-29)
Warning: In design 'mac_pipeline_superscalar_DATA_WIDTH8_LANE_NUM3_2_DW01_add_7_DW01_add_187', input port 'A[5]' is connected directly to output port 'SUM[5]'. (LINT-29)
Warning: In design 'mac_pipeline_superscalar_DATA_WIDTH8_LANE_NUM3_2_DW01_add_7_DW01_add_187', input port 'A[4]' is connected directly to output port 'SUM[4]'. (LINT-29)
Warning: In design 'mac_pipeline_superscalar_DATA_WIDTH8_LANE_NUM3_2_DW01_add_7_DW01_add_187', input port 'A[3]' is connected directly to output port 'SUM[3]'. (LINT-29)
Warning: In design 'mac_pipeline_superscalar_DATA_WIDTH8_LANE_NUM3_2_DW01_add_7_DW01_add_187', input port 'A[2]' is connected directly to output port 'SUM[2]'. (LINT-29)
Warning: In design 'mac_pipeline_superscalar_DATA_WIDTH8_LANE_NUM3_2_DW01_add_7_DW01_add_187', input port 'A[1]' is connected directly to output port 'SUM[1]'. (LINT-29)
Warning: In design 'mac_pipeline_superscalar_DATA_WIDTH8_LANE_NUM3_2_DW01_add_7_DW01_add_187', input port 'A[0]' is connected directly to output port 'SUM[0]'. (LINT-29)
Warning: In design 'mac_pipeline_superscalar_DATA_WIDTH8_LANE_NUM3_2_DW01_add_8_DW01_add_188', input port 'A[5]' is connected directly to output port 'SUM[5]'. (LINT-29)
Warning: In design 'mac_pipeline_superscalar_DATA_WIDTH8_LANE_NUM3_2_DW01_add_8_DW01_add_188', input port 'A[4]' is connected directly to output port 'SUM[4]'. (LINT-29)
Warning: In design 'mac_pipeline_superscalar_DATA_WIDTH8_LANE_NUM3_2_DW01_add_8_DW01_add_188', input port 'A[3]' is connected directly to output port 'SUM[3]'. (LINT-29)
Warning: In design 'mac_pipeline_superscalar_DATA_WIDTH8_LANE_NUM3_2_DW01_add_8_DW01_add_188', input port 'A[2]' is connected directly to output port 'SUM[2]'. (LINT-29)
Warning: In design 'mac_pipeline_superscalar_DATA_WIDTH8_LANE_NUM3_2_DW01_add_8_DW01_add_188', input port 'A[1]' is connected directly to output port 'SUM[1]'. (LINT-29)
Warning: In design 'mac_pipeline_superscalar_DATA_WIDTH8_LANE_NUM3_2_DW01_add_8_DW01_add_188', input port 'A[0]' is connected directly to output port 'SUM[0]'. (LINT-29)
Warning: In design 'mac_pipeline_superscalar_DATA_WIDTH8_LANE_NUM3_1_DW01_add_6_DW01_add_189', input port 'A[5]' is connected directly to output port 'SUM[5]'. (LINT-29)
Warning: In design 'mac_pipeline_superscalar_DATA_WIDTH8_LANE_NUM3_1_DW01_add_6_DW01_add_189', input port 'A[4]' is connected directly to output port 'SUM[4]'. (LINT-29)
Warning: In design 'mac_pipeline_superscalar_DATA_WIDTH8_LANE_NUM3_1_DW01_add_6_DW01_add_189', input port 'A[3]' is connected directly to output port 'SUM[3]'. (LINT-29)
Warning: In design 'mac_pipeline_superscalar_DATA_WIDTH8_LANE_NUM3_1_DW01_add_6_DW01_add_189', input port 'A[2]' is connected directly to output port 'SUM[2]'. (LINT-29)
Warning: In design 'mac_pipeline_superscalar_DATA_WIDTH8_LANE_NUM3_1_DW01_add_6_DW01_add_189', input port 'A[1]' is connected directly to output port 'SUM[1]'. (LINT-29)
Warning: In design 'mac_pipeline_superscalar_DATA_WIDTH8_LANE_NUM3_1_DW01_add_6_DW01_add_189', input port 'A[0]' is connected directly to output port 'SUM[0]'. (LINT-29)
Warning: In design 'mac_pipeline_superscalar_DATA_WIDTH8_LANE_NUM3_1_DW01_add_7_DW01_add_190', input port 'A[5]' is connected directly to output port 'SUM[5]'. (LINT-29)
Warning: In design 'mac_pipeline_superscalar_DATA_WIDTH8_LANE_NUM3_1_DW01_add_7_DW01_add_190', input port 'A[4]' is connected directly to output port 'SUM[4]'. (LINT-29)
Warning: In design 'mac_pipeline_superscalar_DATA_WIDTH8_LANE_NUM3_1_DW01_add_7_DW01_add_190', input port 'A[3]' is connected directly to output port 'SUM[3]'. (LINT-29)
Warning: In design 'mac_pipeline_superscalar_DATA_WIDTH8_LANE_NUM3_1_DW01_add_7_DW01_add_190', input port 'A[2]' is connected directly to output port 'SUM[2]'. (LINT-29)
Warning: In design 'mac_pipeline_superscalar_DATA_WIDTH8_LANE_NUM3_1_DW01_add_7_DW01_add_190', input port 'A[1]' is connected directly to output port 'SUM[1]'. (LINT-29)
Warning: In design 'mac_pipeline_superscalar_DATA_WIDTH8_LANE_NUM3_1_DW01_add_7_DW01_add_190', input port 'A[0]' is connected directly to output port 'SUM[0]'. (LINT-29)
Warning: In design 'mac_pipeline_superscalar_DATA_WIDTH8_LANE_NUM3_1_DW01_add_8_DW01_add_191', input port 'A[5]' is connected directly to output port 'SUM[5]'. (LINT-29)
Warning: In design 'mac_pipeline_superscalar_DATA_WIDTH8_LANE_NUM3_1_DW01_add_8_DW01_add_191', input port 'A[4]' is connected directly to output port 'SUM[4]'. (LINT-29)
Warning: In design 'mac_pipeline_superscalar_DATA_WIDTH8_LANE_NUM3_1_DW01_add_8_DW01_add_191', input port 'A[3]' is connected directly to output port 'SUM[3]'. (LINT-29)
Warning: In design 'mac_pipeline_superscalar_DATA_WIDTH8_LANE_NUM3_1_DW01_add_8_DW01_add_191', input port 'A[2]' is connected directly to output port 'SUM[2]'. (LINT-29)
Warning: In design 'mac_pipeline_superscalar_DATA_WIDTH8_LANE_NUM3_1_DW01_add_8_DW01_add_191', input port 'A[1]' is connected directly to output port 'SUM[1]'. (LINT-29)
Warning: In design 'mac_pipeline_superscalar_DATA_WIDTH8_LANE_NUM3_1_DW01_add_8_DW01_add_191', input port 'A[0]' is connected directly to output port 'SUM[0]'. (LINT-29)
Warning: In design 'mac_pipeline_superscalar_DATA_WIDTH8_LANE_NUM3_0_DW01_add_6_DW01_add_192', input port 'A[5]' is connected directly to output port 'SUM[5]'. (LINT-29)
Warning: In design 'mac_pipeline_superscalar_DATA_WIDTH8_LANE_NUM3_0_DW01_add_6_DW01_add_192', input port 'A[4]' is connected directly to output port 'SUM[4]'. (LINT-29)
Warning: In design 'mac_pipeline_superscalar_DATA_WIDTH8_LANE_NUM3_0_DW01_add_6_DW01_add_192', input port 'A[3]' is connected directly to output port 'SUM[3]'. (LINT-29)
Warning: In design 'mac_pipeline_superscalar_DATA_WIDTH8_LANE_NUM3_0_DW01_add_6_DW01_add_192', input port 'A[2]' is connected directly to output port 'SUM[2]'. (LINT-29)
Warning: In design 'mac_pipeline_superscalar_DATA_WIDTH8_LANE_NUM3_0_DW01_add_6_DW01_add_192', input port 'A[1]' is connected directly to output port 'SUM[1]'. (LINT-29)
Warning: In design 'mac_pipeline_superscalar_DATA_WIDTH8_LANE_NUM3_0_DW01_add_6_DW01_add_192', input port 'A[0]' is connected directly to output port 'SUM[0]'. (LINT-29)
Warning: In design 'mac_pipeline_superscalar_DATA_WIDTH8_LANE_NUM3_0_DW01_add_7_DW01_add_193', input port 'A[5]' is connected directly to output port 'SUM[5]'. (LINT-29)
Warning: In design 'mac_pipeline_superscalar_DATA_WIDTH8_LANE_NUM3_0_DW01_add_7_DW01_add_193', input port 'A[4]' is connected directly to output port 'SUM[4]'. (LINT-29)
Warning: In design 'mac_pipeline_superscalar_DATA_WIDTH8_LANE_NUM3_0_DW01_add_7_DW01_add_193', input port 'A[3]' is connected directly to output port 'SUM[3]'. (LINT-29)
Warning: In design 'mac_pipeline_superscalar_DATA_WIDTH8_LANE_NUM3_0_DW01_add_7_DW01_add_193', input port 'A[2]' is connected directly to output port 'SUM[2]'. (LINT-29)
Warning: In design 'mac_pipeline_superscalar_DATA_WIDTH8_LANE_NUM3_0_DW01_add_7_DW01_add_193', input port 'A[1]' is connected directly to output port 'SUM[1]'. (LINT-29)
Warning: In design 'mac_pipeline_superscalar_DATA_WIDTH8_LANE_NUM3_0_DW01_add_7_DW01_add_193', input port 'A[0]' is connected directly to output port 'SUM[0]'. (LINT-29)
Warning: In design 'mac_pipeline_superscalar_DATA_WIDTH8_LANE_NUM3_0_DW01_add_8_DW01_add_194', input port 'A[5]' is connected directly to output port 'SUM[5]'. (LINT-29)
Warning: In design 'mac_pipeline_superscalar_DATA_WIDTH8_LANE_NUM3_0_DW01_add_8_DW01_add_194', input port 'A[4]' is connected directly to output port 'SUM[4]'. (LINT-29)
Warning: In design 'mac_pipeline_superscalar_DATA_WIDTH8_LANE_NUM3_0_DW01_add_8_DW01_add_194', input port 'A[3]' is connected directly to output port 'SUM[3]'. (LINT-29)
Warning: In design 'mac_pipeline_superscalar_DATA_WIDTH8_LANE_NUM3_0_DW01_add_8_DW01_add_194', input port 'A[2]' is connected directly to output port 'SUM[2]'. (LINT-29)
Warning: In design 'mac_pipeline_superscalar_DATA_WIDTH8_LANE_NUM3_0_DW01_add_8_DW01_add_194', input port 'A[1]' is connected directly to output port 'SUM[1]'. (LINT-29)
Warning: In design 'mac_pipeline_superscalar_DATA_WIDTH8_LANE_NUM3_0_DW01_add_8_DW01_add_194', input port 'A[0]' is connected directly to output port 'SUM[0]'. (LINT-29)
Warning: In design 'mac_pipeline_superscalar_DATA_WIDTH8_LANE_NUM3_15', a pin on submodule 'add_60_I3' is connected to logic 1 or logic 0. (LINT-32)
   Pin 'CI' is connected to logic 0. 
Warning: In design 'mac_pipeline_superscalar_DATA_WIDTH8_LANE_NUM3_15', a pin on submodule 'add_60_I2' is connected to logic 1 or logic 0. (LINT-32)
   Pin 'CI' is connected to logic 0. 
Warning: In design 'mac_pipeline_superscalar_DATA_WIDTH8_LANE_NUM3_15', a pin on submodule 'add_60' is connected to logic 1 or logic 0. (LINT-32)
   Pin 'CI' is connected to logic 0. 
Warning: In design 'mac_pipeline_superscalar_DATA_WIDTH8_LANE_NUM3_15', a pin on submodule 'add_51_I3' is connected to logic 1 or logic 0. (LINT-32)
   Pin 'CI' is connected to logic 0. 
Warning: In design 'mac_pipeline_superscalar_DATA_WIDTH8_LANE_NUM3_15', a pin on submodule 'add_51_I2' is connected to logic 1 or logic 0. (LINT-32)
   Pin 'CI' is connected to logic 0. 
Warning: In design 'mac_pipeline_superscalar_DATA_WIDTH8_LANE_NUM3_15', a pin on submodule 'add_51' is connected to logic 1 or logic 0. (LINT-32)
   Pin 'CI' is connected to logic 0. 
Warning: In design 'mac_pipeline_superscalar_DATA_WIDTH8_LANE_NUM3_15', a pin on submodule 'r226' is connected to logic 1 or logic 0. (LINT-32)
   Pin 'TC' is connected to logic 1. 
Warning: In design 'mac_pipeline_superscalar_DATA_WIDTH8_LANE_NUM3_15', a pin on submodule 'r228' is connected to logic 1 or logic 0. (LINT-32)
   Pin 'TC' is connected to logic 1. 
Warning: In design 'mac_pipeline_superscalar_DATA_WIDTH8_LANE_NUM3_15', a pin on submodule 'r230' is connected to logic 1 or logic 0. (LINT-32)
   Pin 'TC' is connected to logic 1. 
Warning: In design 'adder_tree_2', a pin on submodule 'add_2_root_add_0_root_add_67_4' is connected to logic 1 or logic 0. (LINT-32)
   Pin 'CI' is connected to logic 0. 
Warning: In design 'adder_tree_2', a pin on submodule 'add_1_root_add_0_root_add_67_4' is connected to logic 1 or logic 0. (LINT-32)
   Pin 'CI' is connected to logic 0. 
Warning: In design 'adder_tree_2', a pin on submodule 'add_0_root_add_0_root_add_67_4' is connected to logic 1 or logic 0. (LINT-32)
   Pin 'CI' is connected to logic 0. 
Warning: In design 'adder_tree_2', a pin on submodule 'add_2_root_add_0_root_add_27_3' is connected to logic 1 or logic 0. (LINT-32)
   Pin 'CI' is connected to logic 0. 
Warning: In design 'adder_tree_2', a pin on submodule 'add_1_root_add_0_root_add_27_3' is connected to logic 1 or logic 0. (LINT-32)
   Pin 'CI' is connected to logic 0. 
Warning: In design 'adder_tree_2', a pin on submodule 'add_0_root_add_0_root_add_27_3' is connected to logic 1 or logic 0. (LINT-32)
   Pin 'CI' is connected to logic 0. 
Warning: In design 'adder_tree_2', a pin on submodule 'add_2_root_add_0_root_add_27_3_G2' is connected to logic 1 or logic 0. (LINT-32)
   Pin 'CI' is connected to logic 0. 
Warning: In design 'adder_tree_2', a pin on submodule 'add_1_root_add_0_root_add_27_3_G2' is connected to logic 1 or logic 0. (LINT-32)
   Pin 'CI' is connected to logic 0. 
Warning: In design 'adder_tree_2', a pin on submodule 'add_0_root_add_0_root_add_27_3_G2' is connected to logic 1 or logic 0. (LINT-32)
   Pin 'CI' is connected to logic 0. 
Warning: In design 'adder_tree_2', a pin on submodule 'add_2_root_add_0_root_add_27_3_G3' is connected to logic 1 or logic 0. (LINT-32)
   Pin 'CI' is connected to logic 0. 
Warning: In design 'adder_tree_2', a pin on submodule 'add_1_root_add_0_root_add_27_3_G3' is connected to logic 1 or logic 0. (LINT-32)
   Pin 'CI' is connected to logic 0. 
Warning: In design 'adder_tree_2', a pin on submodule 'add_0_root_add_0_root_add_27_3_G3' is connected to logic 1 or logic 0. (LINT-32)
   Pin 'CI' is connected to logic 0. 
Warning: In design 'adder_tree_2', a pin on submodule 'add_2_root_add_0_root_add_27_3_G4' is connected to logic 1 or logic 0. (LINT-32)
   Pin 'CI' is connected to logic 0. 
Warning: In design 'adder_tree_2', a pin on submodule 'add_1_root_add_0_root_add_27_3_G4' is connected to logic 1 or logic 0. (LINT-32)
   Pin 'CI' is connected to logic 0. 
Warning: In design 'adder_tree_2', a pin on submodule 'add_0_root_add_0_root_add_27_3_G4' is connected to logic 1 or logic 0. (LINT-32)
   Pin 'CI' is connected to logic 0. 
Warning: In design 'bias_relu_2', a pin on submodule 'add_51' is connected to logic 1 or logic 0. (LINT-32)
   Pin 'A[7]' is connected to logic 0. 
Warning: In design 'bias_relu_2', a pin on submodule 'add_51' is connected to logic 1 or logic 0. (LINT-32)
   Pin 'A[6]' is connected to logic 0. 
Warning: In design 'bias_relu_2', a pin on submodule 'add_51' is connected to logic 1 or logic 0. (LINT-32)
   Pin 'A[5]' is connected to logic 0. 
Warning: In design 'bias_relu_2', a pin on submodule 'add_51' is connected to logic 1 or logic 0. (LINT-32)
   Pin 'A[4]' is connected to logic 0. 
Warning: In design 'bias_relu_2', a pin on submodule 'add_51' is connected to logic 1 or logic 0. (LINT-32)
   Pin 'A[3]' is connected to logic 0. 
Warning: In design 'bias_relu_2', a pin on submodule 'add_51' is connected to logic 1 or logic 0. (LINT-32)
   Pin 'A[2]' is connected to logic 0. 
Warning: In design 'bias_relu_2', a pin on submodule 'add_51' is connected to logic 1 or logic 0. (LINT-32)
   Pin 'A[1]' is connected to logic 0. 
Warning: In design 'bias_relu_2', a pin on submodule 'add_51' is connected to logic 1 or logic 0. (LINT-32)
   Pin 'A[0]' is connected to logic 0. 
Warning: In design 'bias_relu_2', a pin on submodule 'add_51' is connected to logic 1 or logic 0. (LINT-32)
   Pin 'CI' is connected to logic 0. 
Warning: In design 'mac_pipeline_superscalar_DATA_WIDTH8_LANE_NUM3_0', a pin on submodule 'add_60_I3' is connected to logic 1 or logic 0. (LINT-32)
   Pin 'CI' is connected to logic 0. 
Warning: In design 'mac_pipeline_superscalar_DATA_WIDTH8_LANE_NUM3_0', a pin on submodule 'add_60_I2' is connected to logic 1 or logic 0. (LINT-32)
   Pin 'CI' is connected to logic 0. 
Warning: In design 'mac_pipeline_superscalar_DATA_WIDTH8_LANE_NUM3_0', a pin on submodule 'add_60' is connected to logic 1 or logic 0. (LINT-32)
   Pin 'CI' is connected to logic 0. 
Warning: In design 'mac_pipeline_superscalar_DATA_WIDTH8_LANE_NUM3_0', a pin on submodule 'add_51_I3' is connected to logic 1 or logic 0. (LINT-32)
   Pin 'CI' is connected to logic 0. 
Warning: In design 'mac_pipeline_superscalar_DATA_WIDTH8_LANE_NUM3_0', a pin on submodule 'add_51_I2' is connected to logic 1 or logic 0. (LINT-32)
   Pin 'CI' is connected to logic 0. 
Warning: In design 'mac_pipeline_superscalar_DATA_WIDTH8_LANE_NUM3_0', a pin on submodule 'add_51' is connected to logic 1 or logic 0. (LINT-32)
   Pin 'CI' is connected to logic 0. 
Warning: In design 'mac_pipeline_superscalar_DATA_WIDTH8_LANE_NUM3_0', a pin on submodule 'r226' is connected to logic 1 or logic 0. (LINT-32)
   Pin 'TC' is connected to logic 1. 
Warning: In design 'mac_pipeline_superscalar_DATA_WIDTH8_LANE_NUM3_0', a pin on submodule 'r228' is connected to logic 1 or logic 0. (LINT-32)
   Pin 'TC' is connected to logic 1. 
Warning: In design 'mac_pipeline_superscalar_DATA_WIDTH8_LANE_NUM3_0', a pin on submodule 'r230' is connected to logic 1 or logic 0. (LINT-32)
   Pin 'TC' is connected to logic 1. 
Warning: In design 'mac_pipeline_superscalar_DATA_WIDTH8_LANE_NUM3_1', a pin on submodule 'add_60_I3' is connected to logic 1 or logic 0. (LINT-32)
   Pin 'CI' is connected to logic 0. 
Warning: In design 'mac_pipeline_superscalar_DATA_WIDTH8_LANE_NUM3_1', a pin on submodule 'add_60_I2' is connected to logic 1 or logic 0. (LINT-32)
   Pin 'CI' is connected to logic 0. 
Warning: In design 'mac_pipeline_superscalar_DATA_WIDTH8_LANE_NUM3_1', a pin on submodule 'add_60' is connected to logic 1 or logic 0. (LINT-32)
   Pin 'CI' is connected to logic 0. 
Warning: In design 'mac_pipeline_superscalar_DATA_WIDTH8_LANE_NUM3_1', a pin on submodule 'add_51_I3' is connected to logic 1 or logic 0. (LINT-32)
   Pin 'CI' is connected to logic 0. 
Warning: In design 'mac_pipeline_superscalar_DATA_WIDTH8_LANE_NUM3_1', a pin on submodule 'add_51_I2' is connected to logic 1 or logic 0. (LINT-32)
   Pin 'CI' is connected to logic 0. 
Warning: In design 'mac_pipeline_superscalar_DATA_WIDTH8_LANE_NUM3_1', a pin on submodule 'add_51' is connected to logic 1 or logic 0. (LINT-32)
   Pin 'CI' is connected to logic 0. 
Warning: In design 'mac_pipeline_superscalar_DATA_WIDTH8_LANE_NUM3_1', a pin on submodule 'r226' is connected to logic 1 or logic 0. (LINT-32)
   Pin 'TC' is connected to logic 1. 
Warning: In design 'mac_pipeline_superscalar_DATA_WIDTH8_LANE_NUM3_1', a pin on submodule 'r228' is connected to logic 1 or logic 0. (LINT-32)
   Pin 'TC' is connected to logic 1. 
Warning: In design 'mac_pipeline_superscalar_DATA_WIDTH8_LANE_NUM3_1', a pin on submodule 'r230' is connected to logic 1 or logic 0. (LINT-32)
   Pin 'TC' is connected to logic 1. 
Warning: In design 'mac_pipeline_superscalar_DATA_WIDTH8_LANE_NUM3_2', a pin on submodule 'add_60_I3' is connected to logic 1 or logic 0. (LINT-32)
   Pin 'CI' is connected to logic 0. 
Warning: In design 'mac_pipeline_superscalar_DATA_WIDTH8_LANE_NUM3_2', a pin on submodule 'add_60_I2' is connected to logic 1 or logic 0. (LINT-32)
   Pin 'CI' is connected to logic 0. 
Warning: In design 'mac_pipeline_superscalar_DATA_WIDTH8_LANE_NUM3_2', a pin on submodule 'add_60' is connected to logic 1 or logic 0. (LINT-32)
   Pin 'CI' is connected to logic 0. 
Warning: In design 'mac_pipeline_superscalar_DATA_WIDTH8_LANE_NUM3_2', a pin on submodule 'add_51_I3' is connected to logic 1 or logic 0. (LINT-32)
   Pin 'CI' is connected to logic 0. 
Warning: In design 'mac_pipeline_superscalar_DATA_WIDTH8_LANE_NUM3_2', a pin on submodule 'add_51_I2' is connected to logic 1 or logic 0. (LINT-32)
   Pin 'CI' is connected to logic 0. 
Warning: In design 'mac_pipeline_superscalar_DATA_WIDTH8_LANE_NUM3_2', a pin on submodule 'add_51' is connected to logic 1 or logic 0. (LINT-32)
   Pin 'CI' is connected to logic 0. 
Warning: In design 'mac_pipeline_superscalar_DATA_WIDTH8_LANE_NUM3_2', a pin on submodule 'r226' is connected to logic 1 or logic 0. (LINT-32)
   Pin 'TC' is connected to logic 1. 
Warning: In design 'mac_pipeline_superscalar_DATA_WIDTH8_LANE_NUM3_2', a pin on submodule 'r228' is connected to logic 1 or logic 0. (LINT-32)
   Pin 'TC' is connected to logic 1. 
Warning: In design 'mac_pipeline_superscalar_DATA_WIDTH8_LANE_NUM3_2', a pin on submodule 'r230' is connected to logic 1 or logic 0. (LINT-32)
   Pin 'TC' is connected to logic 1. 
Warning: In design 'mac_pipeline_superscalar_DATA_WIDTH8_LANE_NUM3_3', a pin on submodule 'add_60_I3' is connected to logic 1 or logic 0. (LINT-32)
   Pin 'CI' is connected to logic 0. 
Warning: In design 'mac_pipeline_superscalar_DATA_WIDTH8_LANE_NUM3_3', a pin on submodule 'add_60_I2' is connected to logic 1 or logic 0. (LINT-32)
   Pin 'CI' is connected to logic 0. 
Warning: In design 'mac_pipeline_superscalar_DATA_WIDTH8_LANE_NUM3_3', a pin on submodule 'add_60' is connected to logic 1 or logic 0. (LINT-32)
   Pin 'CI' is connected to logic 0. 
Warning: In design 'mac_pipeline_superscalar_DATA_WIDTH8_LANE_NUM3_3', a pin on submodule 'add_51_I3' is connected to logic 1 or logic 0. (LINT-32)
   Pin 'CI' is connected to logic 0. 
Warning: In design 'mac_pipeline_superscalar_DATA_WIDTH8_LANE_NUM3_3', a pin on submodule 'add_51_I2' is connected to logic 1 or logic 0. (LINT-32)
   Pin 'CI' is connected to logic 0. 
Warning: In design 'mac_pipeline_superscalar_DATA_WIDTH8_LANE_NUM3_3', a pin on submodule 'add_51' is connected to logic 1 or logic 0. (LINT-32)
   Pin 'CI' is connected to logic 0. 
Warning: In design 'mac_pipeline_superscalar_DATA_WIDTH8_LANE_NUM3_3', a pin on submodule 'r226' is connected to logic 1 or logic 0. (LINT-32)
   Pin 'TC' is connected to logic 1. 
Warning: In design 'mac_pipeline_superscalar_DATA_WIDTH8_LANE_NUM3_3', a pin on submodule 'r228' is connected to logic 1 or logic 0. (LINT-32)
   Pin 'TC' is connected to logic 1. 
Warning: In design 'mac_pipeline_superscalar_DATA_WIDTH8_LANE_NUM3_3', a pin on submodule 'r230' is connected to logic 1 or logic 0. (LINT-32)
   Pin 'TC' is connected to logic 1. 
Warning: In design 'mac_pipeline_superscalar_DATA_WIDTH8_LANE_NUM3_4', a pin on submodule 'add_60_I3' is connected to logic 1 or logic 0. (LINT-32)
   Pin 'CI' is connected to logic 0. 
Warning: In design 'mac_pipeline_superscalar_DATA_WIDTH8_LANE_NUM3_4', a pin on submodule 'add_60_I2' is connected to logic 1 or logic 0. (LINT-32)
   Pin 'CI' is connected to logic 0. 
Warning: In design 'mac_pipeline_superscalar_DATA_WIDTH8_LANE_NUM3_4', a pin on submodule 'add_60' is connected to logic 1 or logic 0. (LINT-32)
   Pin 'CI' is connected to logic 0. 
Warning: In design 'mac_pipeline_superscalar_DATA_WIDTH8_LANE_NUM3_4', a pin on submodule 'add_51_I3' is connected to logic 1 or logic 0. (LINT-32)
   Pin 'CI' is connected to logic 0. 
Warning: In design 'mac_pipeline_superscalar_DATA_WIDTH8_LANE_NUM3_4', a pin on submodule 'add_51_I2' is connected to logic 1 or logic 0. (LINT-32)
   Pin 'CI' is connected to logic 0. 
Warning: In design 'mac_pipeline_superscalar_DATA_WIDTH8_LANE_NUM3_4', a pin on submodule 'add_51' is connected to logic 1 or logic 0. (LINT-32)
   Pin 'CI' is connected to logic 0. 
Warning: In design 'mac_pipeline_superscalar_DATA_WIDTH8_LANE_NUM3_4', a pin on submodule 'r226' is connected to logic 1 or logic 0. (LINT-32)
   Pin 'TC' is connected to logic 1. 
Warning: In design 'mac_pipeline_superscalar_DATA_WIDTH8_LANE_NUM3_4', a pin on submodule 'r228' is connected to logic 1 or logic 0. (LINT-32)
   Pin 'TC' is connected to logic 1. 
Warning: In design 'mac_pipeline_superscalar_DATA_WIDTH8_LANE_NUM3_4', a pin on submodule 'r230' is connected to logic 1 or logic 0. (LINT-32)
   Pin 'TC' is connected to logic 1. 
Warning: In design 'mac_pipeline_superscalar_DATA_WIDTH8_LANE_NUM3_5', a pin on submodule 'add_60_I3' is connected to logic 1 or logic 0. (LINT-32)
   Pin 'CI' is connected to logic 0. 
Warning: In design 'mac_pipeline_superscalar_DATA_WIDTH8_LANE_NUM3_5', a pin on submodule 'add_60_I2' is connected to logic 1 or logic 0. (LINT-32)
   Pin 'CI' is connected to logic 0. 
Warning: In design 'mac_pipeline_superscalar_DATA_WIDTH8_LANE_NUM3_5', a pin on submodule 'add_60' is connected to logic 1 or logic 0. (LINT-32)
   Pin 'CI' is connected to logic 0. 
Warning: In design 'mac_pipeline_superscalar_DATA_WIDTH8_LANE_NUM3_5', a pin on submodule 'add_51_I3' is connected to logic 1 or logic 0. (LINT-32)
   Pin 'CI' is connected to logic 0. 
Warning: In design 'mac_pipeline_superscalar_DATA_WIDTH8_LANE_NUM3_5', a pin on submodule 'add_51_I2' is connected to logic 1 or logic 0. (LINT-32)
   Pin 'CI' is connected to logic 0. 
Warning: In design 'mac_pipeline_superscalar_DATA_WIDTH8_LANE_NUM3_5', a pin on submodule 'add_51' is connected to logic 1 or logic 0. (LINT-32)
   Pin 'CI' is connected to logic 0. 
Warning: In design 'mac_pipeline_superscalar_DATA_WIDTH8_LANE_NUM3_5', a pin on submodule 'r226' is connected to logic 1 or logic 0. (LINT-32)
   Pin 'TC' is connected to logic 1. 
Warning: In design 'mac_pipeline_superscalar_DATA_WIDTH8_LANE_NUM3_5', a pin on submodule 'r228' is connected to logic 1 or logic 0. (LINT-32)
   Pin 'TC' is connected to logic 1. 
Warning: In design 'mac_pipeline_superscalar_DATA_WIDTH8_LANE_NUM3_5', a pin on submodule 'r230' is connected to logic 1 or logic 0. (LINT-32)
   Pin 'TC' is connected to logic 1. 
Warning: In design 'mac_pipeline_superscalar_DATA_WIDTH8_LANE_NUM3_6', a pin on submodule 'add_60_I3' is connected to logic 1 or logic 0. (LINT-32)
   Pin 'CI' is connected to logic 0. 
Warning: In design 'mac_pipeline_superscalar_DATA_WIDTH8_LANE_NUM3_6', a pin on submodule 'add_60_I2' is connected to logic 1 or logic 0. (LINT-32)
   Pin 'CI' is connected to logic 0. 
Warning: In design 'mac_pipeline_superscalar_DATA_WIDTH8_LANE_NUM3_6', a pin on submodule 'add_60' is connected to logic 1 or logic 0. (LINT-32)
   Pin 'CI' is connected to logic 0. 
Warning: In design 'mac_pipeline_superscalar_DATA_WIDTH8_LANE_NUM3_6', a pin on submodule 'add_51_I3' is connected to logic 1 or logic 0. (LINT-32)
   Pin 'CI' is connected to logic 0. 
Warning: In design 'mac_pipeline_superscalar_DATA_WIDTH8_LANE_NUM3_6', a pin on submodule 'add_51_I2' is connected to logic 1 or logic 0. (LINT-32)
   Pin 'CI' is connected to logic 0. 
Warning: In design 'mac_pipeline_superscalar_DATA_WIDTH8_LANE_NUM3_6', a pin on submodule 'add_51' is connected to logic 1 or logic 0. (LINT-32)
   Pin 'CI' is connected to logic 0. 
Warning: In design 'mac_pipeline_superscalar_DATA_WIDTH8_LANE_NUM3_6', a pin on submodule 'r226' is connected to logic 1 or logic 0. (LINT-32)
   Pin 'TC' is connected to logic 1. 
Warning: In design 'mac_pipeline_superscalar_DATA_WIDTH8_LANE_NUM3_6', a pin on submodule 'r228' is connected to logic 1 or logic 0. (LINT-32)
   Pin 'TC' is connected to logic 1. 
Warning: In design 'mac_pipeline_superscalar_DATA_WIDTH8_LANE_NUM3_6', a pin on submodule 'r230' is connected to logic 1 or logic 0. (LINT-32)
   Pin 'TC' is connected to logic 1. 
Warning: In design 'mac_pipeline_superscalar_DATA_WIDTH8_LANE_NUM3_7', a pin on submodule 'add_60_I3' is connected to logic 1 or logic 0. (LINT-32)
   Pin 'CI' is connected to logic 0. 
Warning: In design 'mac_pipeline_superscalar_DATA_WIDTH8_LANE_NUM3_7', a pin on submodule 'add_60_I2' is connected to logic 1 or logic 0. (LINT-32)
   Pin 'CI' is connected to logic 0. 
Warning: In design 'mac_pipeline_superscalar_DATA_WIDTH8_LANE_NUM3_7', a pin on submodule 'add_60' is connected to logic 1 or logic 0. (LINT-32)
   Pin 'CI' is connected to logic 0. 
Warning: In design 'mac_pipeline_superscalar_DATA_WIDTH8_LANE_NUM3_7', a pin on submodule 'add_51_I3' is connected to logic 1 or logic 0. (LINT-32)
   Pin 'CI' is connected to logic 0. 
Warning: In design 'mac_pipeline_superscalar_DATA_WIDTH8_LANE_NUM3_7', a pin on submodule 'add_51_I2' is connected to logic 1 or logic 0. (LINT-32)
   Pin 'CI' is connected to logic 0. 
Warning: In design 'mac_pipeline_superscalar_DATA_WIDTH8_LANE_NUM3_7', a pin on submodule 'add_51' is connected to logic 1 or logic 0. (LINT-32)
   Pin 'CI' is connected to logic 0. 
Warning: In design 'mac_pipeline_superscalar_DATA_WIDTH8_LANE_NUM3_7', a pin on submodule 'r226' is connected to logic 1 or logic 0. (LINT-32)
   Pin 'TC' is connected to logic 1. 
Warning: In design 'mac_pipeline_superscalar_DATA_WIDTH8_LANE_NUM3_7', a pin on submodule 'r228' is connected to logic 1 or logic 0. (LINT-32)
   Pin 'TC' is connected to logic 1. 
Warning: In design 'mac_pipeline_superscalar_DATA_WIDTH8_LANE_NUM3_7', a pin on submodule 'r230' is connected to logic 1 or logic 0. (LINT-32)
   Pin 'TC' is connected to logic 1. 
Warning: In design 'mac_pipeline_superscalar_DATA_WIDTH8_LANE_NUM3_8', a pin on submodule 'add_60_I3' is connected to logic 1 or logic 0. (LINT-32)
   Pin 'CI' is connected to logic 0. 
Warning: In design 'mac_pipeline_superscalar_DATA_WIDTH8_LANE_NUM3_8', a pin on submodule 'add_60_I2' is connected to logic 1 or logic 0. (LINT-32)
   Pin 'CI' is connected to logic 0. 
Warning: In design 'mac_pipeline_superscalar_DATA_WIDTH8_LANE_NUM3_8', a pin on submodule 'add_60' is connected to logic 1 or logic 0. (LINT-32)
   Pin 'CI' is connected to logic 0. 
Warning: In design 'mac_pipeline_superscalar_DATA_WIDTH8_LANE_NUM3_8', a pin on submodule 'add_51_I3' is connected to logic 1 or logic 0. (LINT-32)
   Pin 'CI' is connected to logic 0. 
Warning: In design 'mac_pipeline_superscalar_DATA_WIDTH8_LANE_NUM3_8', a pin on submodule 'add_51_I2' is connected to logic 1 or logic 0. (LINT-32)
   Pin 'CI' is connected to logic 0. 
Warning: In design 'mac_pipeline_superscalar_DATA_WIDTH8_LANE_NUM3_8', a pin on submodule 'add_51' is connected to logic 1 or logic 0. (LINT-32)
   Pin 'CI' is connected to logic 0. 
Warning: In design 'mac_pipeline_superscalar_DATA_WIDTH8_LANE_NUM3_8', a pin on submodule 'r226' is connected to logic 1 or logic 0. (LINT-32)
   Pin 'TC' is connected to logic 1. 
Warning: In design 'mac_pipeline_superscalar_DATA_WIDTH8_LANE_NUM3_8', a pin on submodule 'r228' is connected to logic 1 or logic 0. (LINT-32)
   Pin 'TC' is connected to logic 1. 
Warning: In design 'mac_pipeline_superscalar_DATA_WIDTH8_LANE_NUM3_8', a pin on submodule 'r230' is connected to logic 1 or logic 0. (LINT-32)
   Pin 'TC' is connected to logic 1. 
Warning: In design 'mac_pipeline_superscalar_DATA_WIDTH8_LANE_NUM3_9', a pin on submodule 'add_60_I3' is connected to logic 1 or logic 0. (LINT-32)
   Pin 'CI' is connected to logic 0. 
Warning: In design 'mac_pipeline_superscalar_DATA_WIDTH8_LANE_NUM3_9', a pin on submodule 'add_60_I2' is connected to logic 1 or logic 0. (LINT-32)
   Pin 'CI' is connected to logic 0. 
Warning: In design 'mac_pipeline_superscalar_DATA_WIDTH8_LANE_NUM3_9', a pin on submodule 'add_60' is connected to logic 1 or logic 0. (LINT-32)
   Pin 'CI' is connected to logic 0. 
Warning: In design 'mac_pipeline_superscalar_DATA_WIDTH8_LANE_NUM3_9', a pin on submodule 'add_51_I3' is connected to logic 1 or logic 0. (LINT-32)
   Pin 'CI' is connected to logic 0. 
Warning: In design 'mac_pipeline_superscalar_DATA_WIDTH8_LANE_NUM3_9', a pin on submodule 'add_51_I2' is connected to logic 1 or logic 0. (LINT-32)
   Pin 'CI' is connected to logic 0. 
Warning: In design 'mac_pipeline_superscalar_DATA_WIDTH8_LANE_NUM3_9', a pin on submodule 'add_51' is connected to logic 1 or logic 0. (LINT-32)
   Pin 'CI' is connected to logic 0. 
Warning: In design 'mac_pipeline_superscalar_DATA_WIDTH8_LANE_NUM3_9', a pin on submodule 'r226' is connected to logic 1 or logic 0. (LINT-32)
   Pin 'TC' is connected to logic 1. 
Warning: In design 'mac_pipeline_superscalar_DATA_WIDTH8_LANE_NUM3_9', a pin on submodule 'r228' is connected to logic 1 or logic 0. (LINT-32)
   Pin 'TC' is connected to logic 1. 
Warning: In design 'mac_pipeline_superscalar_DATA_WIDTH8_LANE_NUM3_9', a pin on submodule 'r230' is connected to logic 1 or logic 0. (LINT-32)
   Pin 'TC' is connected to logic 1. 
Warning: In design 'mac_pipeline_superscalar_DATA_WIDTH8_LANE_NUM3_10', a pin on submodule 'add_60_I3' is connected to logic 1 or logic 0. (LINT-32)
   Pin 'CI' is connected to logic 0. 
Warning: In design 'mac_pipeline_superscalar_DATA_WIDTH8_LANE_NUM3_10', a pin on submodule 'add_60_I2' is connected to logic 1 or logic 0. (LINT-32)
   Pin 'CI' is connected to logic 0. 
Warning: In design 'mac_pipeline_superscalar_DATA_WIDTH8_LANE_NUM3_10', a pin on submodule 'add_60' is connected to logic 1 or logic 0. (LINT-32)
   Pin 'CI' is connected to logic 0. 
Warning: In design 'mac_pipeline_superscalar_DATA_WIDTH8_LANE_NUM3_10', a pin on submodule 'add_51_I3' is connected to logic 1 or logic 0. (LINT-32)
   Pin 'CI' is connected to logic 0. 
Warning: In design 'mac_pipeline_superscalar_DATA_WIDTH8_LANE_NUM3_10', a pin on submodule 'add_51_I2' is connected to logic 1 or logic 0. (LINT-32)
   Pin 'CI' is connected to logic 0. 
Warning: In design 'mac_pipeline_superscalar_DATA_WIDTH8_LANE_NUM3_10', a pin on submodule 'add_51' is connected to logic 1 or logic 0. (LINT-32)
   Pin 'CI' is connected to logic 0. 
Warning: In design 'mac_pipeline_superscalar_DATA_WIDTH8_LANE_NUM3_10', a pin on submodule 'r226' is connected to logic 1 or logic 0. (LINT-32)
   Pin 'TC' is connected to logic 1. 
Warning: In design 'mac_pipeline_superscalar_DATA_WIDTH8_LANE_NUM3_10', a pin on submodule 'r228' is connected to logic 1 or logic 0. (LINT-32)
   Pin 'TC' is connected to logic 1. 
Warning: In design 'mac_pipeline_superscalar_DATA_WIDTH8_LANE_NUM3_10', a pin on submodule 'r230' is connected to logic 1 or logic 0. (LINT-32)
   Pin 'TC' is connected to logic 1. 
Warning: In design 'mac_pipeline_superscalar_DATA_WIDTH8_LANE_NUM3_11', a pin on submodule 'add_60_I3' is connected to logic 1 or logic 0. (LINT-32)
   Pin 'CI' is connected to logic 0. 
Warning: In design 'mac_pipeline_superscalar_DATA_WIDTH8_LANE_NUM3_11', a pin on submodule 'add_60_I2' is connected to logic 1 or logic 0. (LINT-32)
   Pin 'CI' is connected to logic 0. 
Warning: In design 'mac_pipeline_superscalar_DATA_WIDTH8_LANE_NUM3_11', a pin on submodule 'add_60' is connected to logic 1 or logic 0. (LINT-32)
   Pin 'CI' is connected to logic 0. 
Warning: In design 'mac_pipeline_superscalar_DATA_WIDTH8_LANE_NUM3_11', a pin on submodule 'add_51_I3' is connected to logic 1 or logic 0. (LINT-32)
   Pin 'CI' is connected to logic 0. 
Warning: In design 'mac_pipeline_superscalar_DATA_WIDTH8_LANE_NUM3_11', a pin on submodule 'add_51_I2' is connected to logic 1 or logic 0. (LINT-32)
   Pin 'CI' is connected to logic 0. 
Warning: In design 'mac_pipeline_superscalar_DATA_WIDTH8_LANE_NUM3_11', a pin on submodule 'add_51' is connected to logic 1 or logic 0. (LINT-32)
   Pin 'CI' is connected to logic 0. 
Warning: In design 'mac_pipeline_superscalar_DATA_WIDTH8_LANE_NUM3_11', a pin on submodule 'r226' is connected to logic 1 or logic 0. (LINT-32)
   Pin 'TC' is connected to logic 1. 
Warning: In design 'mac_pipeline_superscalar_DATA_WIDTH8_LANE_NUM3_11', a pin on submodule 'r228' is connected to logic 1 or logic 0. (LINT-32)
   Pin 'TC' is connected to logic 1. 
Warning: In design 'mac_pipeline_superscalar_DATA_WIDTH8_LANE_NUM3_11', a pin on submodule 'r230' is connected to logic 1 or logic 0. (LINT-32)
   Pin 'TC' is connected to logic 1. 
Warning: In design 'mac_pipeline_superscalar_DATA_WIDTH8_LANE_NUM3_12', a pin on submodule 'add_60_I3' is connected to logic 1 or logic 0. (LINT-32)
   Pin 'CI' is connected to logic 0. 
Warning: In design 'mac_pipeline_superscalar_DATA_WIDTH8_LANE_NUM3_12', a pin on submodule 'add_60_I2' is connected to logic 1 or logic 0. (LINT-32)
   Pin 'CI' is connected to logic 0. 
Warning: In design 'mac_pipeline_superscalar_DATA_WIDTH8_LANE_NUM3_12', a pin on submodule 'add_60' is connected to logic 1 or logic 0. (LINT-32)
   Pin 'CI' is connected to logic 0. 
Warning: In design 'mac_pipeline_superscalar_DATA_WIDTH8_LANE_NUM3_12', a pin on submodule 'add_51_I3' is connected to logic 1 or logic 0. (LINT-32)
   Pin 'CI' is connected to logic 0. 
Warning: In design 'mac_pipeline_superscalar_DATA_WIDTH8_LANE_NUM3_12', a pin on submodule 'add_51_I2' is connected to logic 1 or logic 0. (LINT-32)
   Pin 'CI' is connected to logic 0. 
Warning: In design 'mac_pipeline_superscalar_DATA_WIDTH8_LANE_NUM3_12', a pin on submodule 'add_51' is connected to logic 1 or logic 0. (LINT-32)
   Pin 'CI' is connected to logic 0. 
Warning: In design 'mac_pipeline_superscalar_DATA_WIDTH8_LANE_NUM3_12', a pin on submodule 'r226' is connected to logic 1 or logic 0. (LINT-32)
   Pin 'TC' is connected to logic 1. 
Warning: In design 'mac_pipeline_superscalar_DATA_WIDTH8_LANE_NUM3_12', a pin on submodule 'r228' is connected to logic 1 or logic 0. (LINT-32)
   Pin 'TC' is connected to logic 1. 
Warning: In design 'mac_pipeline_superscalar_DATA_WIDTH8_LANE_NUM3_12', a pin on submodule 'r230' is connected to logic 1 or logic 0. (LINT-32)
   Pin 'TC' is connected to logic 1. 
Warning: In design 'mac_pipeline_superscalar_DATA_WIDTH8_LANE_NUM3_13', a pin on submodule 'add_60_I3' is connected to logic 1 or logic 0. (LINT-32)
   Pin 'CI' is connected to logic 0. 
Warning: In design 'mac_pipeline_superscalar_DATA_WIDTH8_LANE_NUM3_13', a pin on submodule 'add_60_I2' is connected to logic 1 or logic 0. (LINT-32)
   Pin 'CI' is connected to logic 0. 
Warning: In design 'mac_pipeline_superscalar_DATA_WIDTH8_LANE_NUM3_13', a pin on submodule 'add_60' is connected to logic 1 or logic 0. (LINT-32)
   Pin 'CI' is connected to logic 0. 
Warning: In design 'mac_pipeline_superscalar_DATA_WIDTH8_LANE_NUM3_13', a pin on submodule 'add_51_I3' is connected to logic 1 or logic 0. (LINT-32)
   Pin 'CI' is connected to logic 0. 
Warning: In design 'mac_pipeline_superscalar_DATA_WIDTH8_LANE_NUM3_13', a pin on submodule 'add_51_I2' is connected to logic 1 or logic 0. (LINT-32)
   Pin 'CI' is connected to logic 0. 
Warning: In design 'mac_pipeline_superscalar_DATA_WIDTH8_LANE_NUM3_13', a pin on submodule 'add_51' is connected to logic 1 or logic 0. (LINT-32)
   Pin 'CI' is connected to logic 0. 
Warning: In design 'mac_pipeline_superscalar_DATA_WIDTH8_LANE_NUM3_13', a pin on submodule 'r226' is connected to logic 1 or logic 0. (LINT-32)
   Pin 'TC' is connected to logic 1. 
Warning: In design 'mac_pipeline_superscalar_DATA_WIDTH8_LANE_NUM3_13', a pin on submodule 'r228' is connected to logic 1 or logic 0. (LINT-32)
   Pin 'TC' is connected to logic 1. 
Warning: In design 'mac_pipeline_superscalar_DATA_WIDTH8_LANE_NUM3_13', a pin on submodule 'r230' is connected to logic 1 or logic 0. (LINT-32)
   Pin 'TC' is connected to logic 1. 
Warning: In design 'mac_pipeline_superscalar_DATA_WIDTH8_LANE_NUM3_14', a pin on submodule 'add_60_I3' is connected to logic 1 or logic 0. (LINT-32)
   Pin 'CI' is connected to logic 0. 
Warning: In design 'mac_pipeline_superscalar_DATA_WIDTH8_LANE_NUM3_14', a pin on submodule 'add_60_I2' is connected to logic 1 or logic 0. (LINT-32)
   Pin 'CI' is connected to logic 0. 
Warning: In design 'mac_pipeline_superscalar_DATA_WIDTH8_LANE_NUM3_14', a pin on submodule 'add_60' is connected to logic 1 or logic 0. (LINT-32)
   Pin 'CI' is connected to logic 0. 
Warning: In design 'mac_pipeline_superscalar_DATA_WIDTH8_LANE_NUM3_14', a pin on submodule 'add_51_I3' is connected to logic 1 or logic 0. (LINT-32)
   Pin 'CI' is connected to logic 0. 
Warning: In design 'mac_pipeline_superscalar_DATA_WIDTH8_LANE_NUM3_14', a pin on submodule 'add_51_I2' is connected to logic 1 or logic 0. (LINT-32)
   Pin 'CI' is connected to logic 0. 
Warning: In design 'mac_pipeline_superscalar_DATA_WIDTH8_LANE_NUM3_14', a pin on submodule 'add_51' is connected to logic 1 or logic 0. (LINT-32)
   Pin 'CI' is connected to logic 0. 
Warning: In design 'mac_pipeline_superscalar_DATA_WIDTH8_LANE_NUM3_14', a pin on submodule 'r226' is connected to logic 1 or logic 0. (LINT-32)
   Pin 'TC' is connected to logic 1. 
Warning: In design 'mac_pipeline_superscalar_DATA_WIDTH8_LANE_NUM3_14', a pin on submodule 'r228' is connected to logic 1 or logic 0. (LINT-32)
   Pin 'TC' is connected to logic 1. 
Warning: In design 'mac_pipeline_superscalar_DATA_WIDTH8_LANE_NUM3_14', a pin on submodule 'r230' is connected to logic 1 or logic 0. (LINT-32)
   Pin 'TC' is connected to logic 1. 
Warning: In design 'adder_tree_0', a pin on submodule 'add_2_root_add_0_root_add_67_4' is connected to logic 1 or logic 0. (LINT-32)
   Pin 'CI' is connected to logic 0. 
Warning: In design 'adder_tree_0', a pin on submodule 'add_1_root_add_0_root_add_67_4' is connected to logic 1 or logic 0. (LINT-32)
   Pin 'CI' is connected to logic 0. 
Warning: In design 'adder_tree_0', a pin on submodule 'add_0_root_add_0_root_add_67_4' is connected to logic 1 or logic 0. (LINT-32)
   Pin 'CI' is connected to logic 0. 
Warning: In design 'adder_tree_0', a pin on submodule 'add_2_root_add_0_root_add_27_3' is connected to logic 1 or logic 0. (LINT-32)
   Pin 'CI' is connected to logic 0. 
Warning: In design 'adder_tree_0', a pin on submodule 'add_1_root_add_0_root_add_27_3' is connected to logic 1 or logic 0. (LINT-32)
   Pin 'CI' is connected to logic 0. 
Warning: In design 'adder_tree_0', a pin on submodule 'add_0_root_add_0_root_add_27_3' is connected to logic 1 or logic 0. (LINT-32)
   Pin 'CI' is connected to logic 0. 
Warning: In design 'adder_tree_0', a pin on submodule 'add_2_root_add_0_root_add_27_3_G2' is connected to logic 1 or logic 0. (LINT-32)
   Pin 'CI' is connected to logic 0. 
Warning: In design 'adder_tree_0', a pin on submodule 'add_1_root_add_0_root_add_27_3_G2' is connected to logic 1 or logic 0. (LINT-32)
   Pin 'CI' is connected to logic 0. 
Warning: In design 'adder_tree_0', a pin on submodule 'add_0_root_add_0_root_add_27_3_G2' is connected to logic 1 or logic 0. (LINT-32)
   Pin 'CI' is connected to logic 0. 
Warning: In design 'adder_tree_0', a pin on submodule 'add_2_root_add_0_root_add_27_3_G3' is connected to logic 1 or logic 0. (LINT-32)
   Pin 'CI' is connected to logic 0. 
Warning: In design 'adder_tree_0', a pin on submodule 'add_1_root_add_0_root_add_27_3_G3' is connected to logic 1 or logic 0. (LINT-32)
   Pin 'CI' is connected to logic 0. 
Warning: In design 'adder_tree_0', a pin on submodule 'add_0_root_add_0_root_add_27_3_G3' is connected to logic 1 or logic 0. (LINT-32)
   Pin 'CI' is connected to logic 0. 
Warning: In design 'adder_tree_0', a pin on submodule 'add_2_root_add_0_root_add_27_3_G4' is connected to logic 1 or logic 0. (LINT-32)
   Pin 'CI' is connected to logic 0. 
Warning: In design 'adder_tree_0', a pin on submodule 'add_1_root_add_0_root_add_27_3_G4' is connected to logic 1 or logic 0. (LINT-32)
   Pin 'CI' is connected to logic 0. 
Warning: In design 'adder_tree_0', a pin on submodule 'add_0_root_add_0_root_add_27_3_G4' is connected to logic 1 or logic 0. (LINT-32)
   Pin 'CI' is connected to logic 0. 
Warning: In design 'adder_tree_1', a pin on submodule 'add_2_root_add_0_root_add_67_4' is connected to logic 1 or logic 0. (LINT-32)
   Pin 'CI' is connected to logic 0. 
Warning: In design 'adder_tree_1', a pin on submodule 'add_1_root_add_0_root_add_67_4' is connected to logic 1 or logic 0. (LINT-32)
   Pin 'CI' is connected to logic 0. 
Warning: In design 'adder_tree_1', a pin on submodule 'add_0_root_add_0_root_add_67_4' is connected to logic 1 or logic 0. (LINT-32)
   Pin 'CI' is connected to logic 0. 
Warning: In design 'adder_tree_1', a pin on submodule 'add_2_root_add_0_root_add_27_3' is connected to logic 1 or logic 0. (LINT-32)
   Pin 'CI' is connected to logic 0. 
Warning: In design 'adder_tree_1', a pin on submodule 'add_1_root_add_0_root_add_27_3' is connected to logic 1 or logic 0. (LINT-32)
   Pin 'CI' is connected to logic 0. 
Warning: In design 'adder_tree_1', a pin on submodule 'add_0_root_add_0_root_add_27_3' is connected to logic 1 or logic 0. (LINT-32)
   Pin 'CI' is connected to logic 0. 
Warning: In design 'adder_tree_1', a pin on submodule 'add_2_root_add_0_root_add_27_3_G2' is connected to logic 1 or logic 0. (LINT-32)
   Pin 'CI' is connected to logic 0. 
Warning: In design 'adder_tree_1', a pin on submodule 'add_1_root_add_0_root_add_27_3_G2' is connected to logic 1 or logic 0. (LINT-32)
   Pin 'CI' is connected to logic 0. 
Warning: In design 'adder_tree_1', a pin on submodule 'add_0_root_add_0_root_add_27_3_G2' is connected to logic 1 or logic 0. (LINT-32)
   Pin 'CI' is connected to logic 0. 
Warning: In design 'adder_tree_1', a pin on submodule 'add_2_root_add_0_root_add_27_3_G3' is connected to logic 1 or logic 0. (LINT-32)
   Pin 'CI' is connected to logic 0. 
Warning: In design 'adder_tree_1', a pin on submodule 'add_1_root_add_0_root_add_27_3_G3' is connected to logic 1 or logic 0. (LINT-32)
   Pin 'CI' is connected to logic 0. 
Warning: In design 'adder_tree_1', a pin on submodule 'add_0_root_add_0_root_add_27_3_G3' is connected to logic 1 or logic 0. (LINT-32)
   Pin 'CI' is connected to logic 0. 
Warning: In design 'adder_tree_1', a pin on submodule 'add_2_root_add_0_root_add_27_3_G4' is connected to logic 1 or logic 0. (LINT-32)
   Pin 'CI' is connected to logic 0. 
Warning: In design 'adder_tree_1', a pin on submodule 'add_1_root_add_0_root_add_27_3_G4' is connected to logic 1 or logic 0. (LINT-32)
   Pin 'CI' is connected to logic 0. 
Warning: In design 'adder_tree_1', a pin on submodule 'add_0_root_add_0_root_add_27_3_G4' is connected to logic 1 or logic 0. (LINT-32)
   Pin 'CI' is connected to logic 0. 
Warning: In design 'bias_relu_0', a pin on submodule 'add_51' is connected to logic 1 or logic 0. (LINT-32)
   Pin 'A[7]' is connected to logic 0. 
Warning: In design 'bias_relu_0', a pin on submodule 'add_51' is connected to logic 1 or logic 0. (LINT-32)
   Pin 'A[6]' is connected to logic 0. 
Warning: In design 'bias_relu_0', a pin on submodule 'add_51' is connected to logic 1 or logic 0. (LINT-32)
   Pin 'A[5]' is connected to logic 0. 
Warning: In design 'bias_relu_0', a pin on submodule 'add_51' is connected to logic 1 or logic 0. (LINT-32)
   Pin 'A[4]' is connected to logic 0. 
Warning: In design 'bias_relu_0', a pin on submodule 'add_51' is connected to logic 1 or logic 0. (LINT-32)
   Pin 'A[3]' is connected to logic 0. 
Warning: In design 'bias_relu_0', a pin on submodule 'add_51' is connected to logic 1 or logic 0. (LINT-32)
   Pin 'A[2]' is connected to logic 0. 
Warning: In design 'bias_relu_0', a pin on submodule 'add_51' is connected to logic 1 or logic 0. (LINT-32)
   Pin 'A[1]' is connected to logic 0. 
Warning: In design 'bias_relu_0', a pin on submodule 'add_51' is connected to logic 1 or logic 0. (LINT-32)
   Pin 'A[0]' is connected to logic 0. 
Warning: In design 'bias_relu_0', a pin on submodule 'add_51' is connected to logic 1 or logic 0. (LINT-32)
   Pin 'CI' is connected to logic 0. 
Warning: In design 'bias_relu_1', a pin on submodule 'add_51' is connected to logic 1 or logic 0. (LINT-32)
   Pin 'A[7]' is connected to logic 0. 
Warning: In design 'bias_relu_1', a pin on submodule 'add_51' is connected to logic 1 or logic 0. (LINT-32)
   Pin 'A[6]' is connected to logic 0. 
Warning: In design 'bias_relu_1', a pin on submodule 'add_51' is connected to logic 1 or logic 0. (LINT-32)
   Pin 'A[5]' is connected to logic 0. 
Warning: In design 'bias_relu_1', a pin on submodule 'add_51' is connected to logic 1 or logic 0. (LINT-32)
   Pin 'A[4]' is connected to logic 0. 
Warning: In design 'bias_relu_1', a pin on submodule 'add_51' is connected to logic 1 or logic 0. (LINT-32)
   Pin 'A[3]' is connected to logic 0. 
Warning: In design 'bias_relu_1', a pin on submodule 'add_51' is connected to logic 1 or logic 0. (LINT-32)
   Pin 'A[2]' is connected to logic 0. 
Warning: In design 'bias_relu_1', a pin on submodule 'add_51' is connected to logic 1 or logic 0. (LINT-32)
   Pin 'A[1]' is connected to logic 0. 
Warning: In design 'bias_relu_1', a pin on submodule 'add_51' is connected to logic 1 or logic 0. (LINT-32)
   Pin 'A[0]' is connected to logic 0. 
Warning: In design 'bias_relu_1', a pin on submodule 'add_51' is connected to logic 1 or logic 0. (LINT-32)
   Pin 'CI' is connected to logic 0. 
Warning: In design 'mac_pipeline_superscalar_DATA_WIDTH8_LANE_NUM3_15_DW02_mult_0', a pin on submodule 'FS_1' is connected to logic 1 or logic 0. (LINT-32)
   Pin 'B[5]' is connected to logic 0. 
Warning: In design 'mac_pipeline_superscalar_DATA_WIDTH8_LANE_NUM3_15_DW02_mult_0', a pin on submodule 'FS_1' is connected to logic 1 or logic 0. (LINT-32)
   Pin 'B[4]' is connected to logic 0. 
Warning: In design 'mac_pipeline_superscalar_DATA_WIDTH8_LANE_NUM3_15_DW02_mult_0', a pin on submodule 'FS_1' is connected to logic 1 or logic 0. (LINT-32)
   Pin 'B[3]' is connected to logic 0. 
Warning: In design 'mac_pipeline_superscalar_DATA_WIDTH8_LANE_NUM3_15_DW02_mult_0', a pin on submodule 'FS_1' is connected to logic 1 or logic 0. (LINT-32)
   Pin 'B[2]' is connected to logic 0. 
Warning: In design 'mac_pipeline_superscalar_DATA_WIDTH8_LANE_NUM3_15_DW02_mult_0', a pin on submodule 'FS_1' is connected to logic 1 or logic 0. (LINT-32)
   Pin 'B[1]' is connected to logic 0. 
Warning: In design 'mac_pipeline_superscalar_DATA_WIDTH8_LANE_NUM3_15_DW02_mult_0', a pin on submodule 'FS_1' is connected to logic 1 or logic 0. (LINT-32)
   Pin 'B[0]' is connected to logic 0. 
Warning: In design 'mac_pipeline_superscalar_DATA_WIDTH8_LANE_NUM3_15_DW02_mult_0', a pin on submodule 'FS_1' is connected to logic 1 or logic 0. (LINT-32)
   Pin 'CI' is connected to logic 0. 
Warning: In design 'mac_pipeline_superscalar_DATA_WIDTH8_LANE_NUM3_15_DW02_mult_1', a pin on submodule 'FS_1' is connected to logic 1 or logic 0. (LINT-32)
   Pin 'B[5]' is connected to logic 0. 
Warning: In design 'mac_pipeline_superscalar_DATA_WIDTH8_LANE_NUM3_15_DW02_mult_1', a pin on submodule 'FS_1' is connected to logic 1 or logic 0. (LINT-32)
   Pin 'B[4]' is connected to logic 0. 
Warning: In design 'mac_pipeline_superscalar_DATA_WIDTH8_LANE_NUM3_15_DW02_mult_1', a pin on submodule 'FS_1' is connected to logic 1 or logic 0. (LINT-32)
   Pin 'B[3]' is connected to logic 0. 
Warning: In design 'mac_pipeline_superscalar_DATA_WIDTH8_LANE_NUM3_15_DW02_mult_1', a pin on submodule 'FS_1' is connected to logic 1 or logic 0. (LINT-32)
   Pin 'B[2]' is connected to logic 0. 
Warning: In design 'mac_pipeline_superscalar_DATA_WIDTH8_LANE_NUM3_15_DW02_mult_1', a pin on submodule 'FS_1' is connected to logic 1 or logic 0. (LINT-32)
   Pin 'B[1]' is connected to logic 0. 
Warning: In design 'mac_pipeline_superscalar_DATA_WIDTH8_LANE_NUM3_15_DW02_mult_1', a pin on submodule 'FS_1' is connected to logic 1 or logic 0. (LINT-32)
   Pin 'B[0]' is connected to logic 0. 
Warning: In design 'mac_pipeline_superscalar_DATA_WIDTH8_LANE_NUM3_15_DW02_mult_1', a pin on submodule 'FS_1' is connected to logic 1 or logic 0. (LINT-32)
   Pin 'CI' is connected to logic 0. 
Warning: In design 'mac_pipeline_superscalar_DATA_WIDTH8_LANE_NUM3_15_DW02_mult_2', a pin on submodule 'FS_1' is connected to logic 1 or logic 0. (LINT-32)
   Pin 'B[5]' is connected to logic 0. 
Warning: In design 'mac_pipeline_superscalar_DATA_WIDTH8_LANE_NUM3_15_DW02_mult_2', a pin on submodule 'FS_1' is connected to logic 1 or logic 0. (LINT-32)
   Pin 'B[4]' is connected to logic 0. 
Warning: In design 'mac_pipeline_superscalar_DATA_WIDTH8_LANE_NUM3_15_DW02_mult_2', a pin on submodule 'FS_1' is connected to logic 1 or logic 0. (LINT-32)
   Pin 'B[3]' is connected to logic 0. 
Warning: In design 'mac_pipeline_superscalar_DATA_WIDTH8_LANE_NUM3_15_DW02_mult_2', a pin on submodule 'FS_1' is connected to logic 1 or logic 0. (LINT-32)
   Pin 'B[2]' is connected to logic 0. 
Warning: In design 'mac_pipeline_superscalar_DATA_WIDTH8_LANE_NUM3_15_DW02_mult_2', a pin on submodule 'FS_1' is connected to logic 1 or logic 0. (LINT-32)
   Pin 'B[1]' is connected to logic 0. 
Warning: In design 'mac_pipeline_superscalar_DATA_WIDTH8_LANE_NUM3_15_DW02_mult_2', a pin on submodule 'FS_1' is connected to logic 1 or logic 0. (LINT-32)
   Pin 'B[0]' is connected to logic 0. 
Warning: In design 'mac_pipeline_superscalar_DATA_WIDTH8_LANE_NUM3_15_DW02_mult_2', a pin on submodule 'FS_1' is connected to logic 1 or logic 0. (LINT-32)
   Pin 'CI' is connected to logic 0. 
Warning: In design 'mac_pipeline_superscalar_DATA_WIDTH8_LANE_NUM3_14_DW02_mult_0_DW02_mult_3', a pin on submodule 'FS_1' is connected to logic 1 or logic 0. (LINT-32)
   Pin 'B[5]' is connected to logic 0. 
Warning: In design 'mac_pipeline_superscalar_DATA_WIDTH8_LANE_NUM3_14_DW02_mult_0_DW02_mult_3', a pin on submodule 'FS_1' is connected to logic 1 or logic 0. (LINT-32)
   Pin 'B[4]' is connected to logic 0. 
Warning: In design 'mac_pipeline_superscalar_DATA_WIDTH8_LANE_NUM3_14_DW02_mult_0_DW02_mult_3', a pin on submodule 'FS_1' is connected to logic 1 or logic 0. (LINT-32)
   Pin 'B[3]' is connected to logic 0. 
Warning: In design 'mac_pipeline_superscalar_DATA_WIDTH8_LANE_NUM3_14_DW02_mult_0_DW02_mult_3', a pin on submodule 'FS_1' is connected to logic 1 or logic 0. (LINT-32)
   Pin 'B[2]' is connected to logic 0. 
Warning: In design 'mac_pipeline_superscalar_DATA_WIDTH8_LANE_NUM3_14_DW02_mult_0_DW02_mult_3', a pin on submodule 'FS_1' is connected to logic 1 or logic 0. (LINT-32)
   Pin 'B[1]' is connected to logic 0. 
Warning: In design 'mac_pipeline_superscalar_DATA_WIDTH8_LANE_NUM3_14_DW02_mult_0_DW02_mult_3', a pin on submodule 'FS_1' is connected to logic 1 or logic 0. (LINT-32)
   Pin 'B[0]' is connected to logic 0. 
Warning: In design 'mac_pipeline_superscalar_DATA_WIDTH8_LANE_NUM3_14_DW02_mult_0_DW02_mult_3', a pin on submodule 'FS_1' is connected to logic 1 or logic 0. (LINT-32)
   Pin 'CI' is connected to logic 0. 
Warning: In design 'mac_pipeline_superscalar_DATA_WIDTH8_LANE_NUM3_14_DW02_mult_1_DW02_mult_4', a pin on submodule 'FS_1' is connected to logic 1 or logic 0. (LINT-32)
   Pin 'B[5]' is connected to logic 0. 
Warning: In design 'mac_pipeline_superscalar_DATA_WIDTH8_LANE_NUM3_14_DW02_mult_1_DW02_mult_4', a pin on submodule 'FS_1' is connected to logic 1 or logic 0. (LINT-32)
   Pin 'B[4]' is connected to logic 0. 
Warning: In design 'mac_pipeline_superscalar_DATA_WIDTH8_LANE_NUM3_14_DW02_mult_1_DW02_mult_4', a pin on submodule 'FS_1' is connected to logic 1 or logic 0. (LINT-32)
   Pin 'B[3]' is connected to logic 0. 
Warning: In design 'mac_pipeline_superscalar_DATA_WIDTH8_LANE_NUM3_14_DW02_mult_1_DW02_mult_4', a pin on submodule 'FS_1' is connected to logic 1 or logic 0. (LINT-32)
   Pin 'B[2]' is connected to logic 0. 
Warning: In design 'mac_pipeline_superscalar_DATA_WIDTH8_LANE_NUM3_14_DW02_mult_1_DW02_mult_4', a pin on submodule 'FS_1' is connected to logic 1 or logic 0. (LINT-32)
   Pin 'B[1]' is connected to logic 0. 
Warning: In design 'mac_pipeline_superscalar_DATA_WIDTH8_LANE_NUM3_14_DW02_mult_1_DW02_mult_4', a pin on submodule 'FS_1' is connected to logic 1 or logic 0. (LINT-32)
   Pin 'B[0]' is connected to logic 0. 
Warning: In design 'mac_pipeline_superscalar_DATA_WIDTH8_LANE_NUM3_14_DW02_mult_1_DW02_mult_4', a pin on submodule 'FS_1' is connected to logic 1 or logic 0. (LINT-32)
   Pin 'CI' is connected to logic 0. 
Warning: In design 'mac_pipeline_superscalar_DATA_WIDTH8_LANE_NUM3_14_DW02_mult_2_DW02_mult_5', a pin on submodule 'FS_1' is connected to logic 1 or logic 0. (LINT-32)
   Pin 'B[5]' is connected to logic 0. 
Warning: In design 'mac_pipeline_superscalar_DATA_WIDTH8_LANE_NUM3_14_DW02_mult_2_DW02_mult_5', a pin on submodule 'FS_1' is connected to logic 1 or logic 0. (LINT-32)
   Pin 'B[4]' is connected to logic 0. 
Warning: In design 'mac_pipeline_superscalar_DATA_WIDTH8_LANE_NUM3_14_DW02_mult_2_DW02_mult_5', a pin on submodule 'FS_1' is connected to logic 1 or logic 0. (LINT-32)
   Pin 'B[3]' is connected to logic 0. 
Warning: In design 'mac_pipeline_superscalar_DATA_WIDTH8_LANE_NUM3_14_DW02_mult_2_DW02_mult_5', a pin on submodule 'FS_1' is connected to logic 1 or logic 0. (LINT-32)
   Pin 'B[2]' is connected to logic 0. 
Warning: In design 'mac_pipeline_superscalar_DATA_WIDTH8_LANE_NUM3_14_DW02_mult_2_DW02_mult_5', a pin on submodule 'FS_1' is connected to logic 1 or logic 0. (LINT-32)
   Pin 'B[1]' is connected to logic 0. 
Warning: In design 'mac_pipeline_superscalar_DATA_WIDTH8_LANE_NUM3_14_DW02_mult_2_DW02_mult_5', a pin on submodule 'FS_1' is connected to logic 1 or logic 0. (LINT-32)
   Pin 'B[0]' is connected to logic 0. 
Warning: In design 'mac_pipeline_superscalar_DATA_WIDTH8_LANE_NUM3_14_DW02_mult_2_DW02_mult_5', a pin on submodule 'FS_1' is connected to logic 1 or logic 0. (LINT-32)
   Pin 'CI' is connected to logic 0. 
Warning: In design 'mac_pipeline_superscalar_DATA_WIDTH8_LANE_NUM3_13_DW02_mult_0_DW02_mult_6', a pin on submodule 'FS_1' is connected to logic 1 or logic 0. (LINT-32)
   Pin 'B[5]' is connected to logic 0. 
Warning: In design 'mac_pipeline_superscalar_DATA_WIDTH8_LANE_NUM3_13_DW02_mult_0_DW02_mult_6', a pin on submodule 'FS_1' is connected to logic 1 or logic 0. (LINT-32)
   Pin 'B[4]' is connected to logic 0. 
Warning: In design 'mac_pipeline_superscalar_DATA_WIDTH8_LANE_NUM3_13_DW02_mult_0_DW02_mult_6', a pin on submodule 'FS_1' is connected to logic 1 or logic 0. (LINT-32)
   Pin 'B[3]' is connected to logic 0. 
Warning: In design 'mac_pipeline_superscalar_DATA_WIDTH8_LANE_NUM3_13_DW02_mult_0_DW02_mult_6', a pin on submodule 'FS_1' is connected to logic 1 or logic 0. (LINT-32)
   Pin 'B[2]' is connected to logic 0. 
Warning: In design 'mac_pipeline_superscalar_DATA_WIDTH8_LANE_NUM3_13_DW02_mult_0_DW02_mult_6', a pin on submodule 'FS_1' is connected to logic 1 or logic 0. (LINT-32)
   Pin 'B[1]' is connected to logic 0. 
Warning: In design 'mac_pipeline_superscalar_DATA_WIDTH8_LANE_NUM3_13_DW02_mult_0_DW02_mult_6', a pin on submodule 'FS_1' is connected to logic 1 or logic 0. (LINT-32)
   Pin 'B[0]' is connected to logic 0. 
Warning: In design 'mac_pipeline_superscalar_DATA_WIDTH8_LANE_NUM3_13_DW02_mult_0_DW02_mult_6', a pin on submodule 'FS_1' is connected to logic 1 or logic 0. (LINT-32)
   Pin 'CI' is connected to logic 0. 
Warning: In design 'mac_pipeline_superscalar_DATA_WIDTH8_LANE_NUM3_13_DW02_mult_1_DW02_mult_7', a pin on submodule 'FS_1' is connected to logic 1 or logic 0. (LINT-32)
   Pin 'B[5]' is connected to logic 0. 
Warning: In design 'mac_pipeline_superscalar_DATA_WIDTH8_LANE_NUM3_13_DW02_mult_1_DW02_mult_7', a pin on submodule 'FS_1' is connected to logic 1 or logic 0. (LINT-32)
   Pin 'B[4]' is connected to logic 0. 
Warning: In design 'mac_pipeline_superscalar_DATA_WIDTH8_LANE_NUM3_13_DW02_mult_1_DW02_mult_7', a pin on submodule 'FS_1' is connected to logic 1 or logic 0. (LINT-32)
   Pin 'B[3]' is connected to logic 0. 
Warning: In design 'mac_pipeline_superscalar_DATA_WIDTH8_LANE_NUM3_13_DW02_mult_1_DW02_mult_7', a pin on submodule 'FS_1' is connected to logic 1 or logic 0. (LINT-32)
   Pin 'B[2]' is connected to logic 0. 
Warning: In design 'mac_pipeline_superscalar_DATA_WIDTH8_LANE_NUM3_13_DW02_mult_1_DW02_mult_7', a pin on submodule 'FS_1' is connected to logic 1 or logic 0. (LINT-32)
   Pin 'B[1]' is connected to logic 0. 
Warning: In design 'mac_pipeline_superscalar_DATA_WIDTH8_LANE_NUM3_13_DW02_mult_1_DW02_mult_7', a pin on submodule 'FS_1' is connected to logic 1 or logic 0. (LINT-32)
   Pin 'B[0]' is connected to logic 0. 
Warning: In design 'mac_pipeline_superscalar_DATA_WIDTH8_LANE_NUM3_13_DW02_mult_1_DW02_mult_7', a pin on submodule 'FS_1' is connected to logic 1 or logic 0. (LINT-32)
   Pin 'CI' is connected to logic 0. 
Warning: In design 'mac_pipeline_superscalar_DATA_WIDTH8_LANE_NUM3_13_DW02_mult_2_DW02_mult_8', a pin on submodule 'FS_1' is connected to logic 1 or logic 0. (LINT-32)
   Pin 'B[5]' is connected to logic 0. 
Warning: In design 'mac_pipeline_superscalar_DATA_WIDTH8_LANE_NUM3_13_DW02_mult_2_DW02_mult_8', a pin on submodule 'FS_1' is connected to logic 1 or logic 0. (LINT-32)
   Pin 'B[4]' is connected to logic 0. 
Warning: In design 'mac_pipeline_superscalar_DATA_WIDTH8_LANE_NUM3_13_DW02_mult_2_DW02_mult_8', a pin on submodule 'FS_1' is connected to logic 1 or logic 0. (LINT-32)
   Pin 'B[3]' is connected to logic 0. 
Warning: In design 'mac_pipeline_superscalar_DATA_WIDTH8_LANE_NUM3_13_DW02_mult_2_DW02_mult_8', a pin on submodule 'FS_1' is connected to logic 1 or logic 0. (LINT-32)
   Pin 'B[2]' is connected to logic 0. 
Warning: In design 'mac_pipeline_superscalar_DATA_WIDTH8_LANE_NUM3_13_DW02_mult_2_DW02_mult_8', a pin on submodule 'FS_1' is connected to logic 1 or logic 0. (LINT-32)
   Pin 'B[1]' is connected to logic 0. 
Warning: In design 'mac_pipeline_superscalar_DATA_WIDTH8_LANE_NUM3_13_DW02_mult_2_DW02_mult_8', a pin on submodule 'FS_1' is connected to logic 1 or logic 0. (LINT-32)
   Pin 'B[0]' is connected to logic 0. 
Warning: In design 'mac_pipeline_superscalar_DATA_WIDTH8_LANE_NUM3_13_DW02_mult_2_DW02_mult_8', a pin on submodule 'FS_1' is connected to logic 1 or logic 0. (LINT-32)
   Pin 'CI' is connected to logic 0. 
Warning: In design 'mac_pipeline_superscalar_DATA_WIDTH8_LANE_NUM3_12_DW02_mult_0_DW02_mult_9', a pin on submodule 'FS_1' is connected to logic 1 or logic 0. (LINT-32)
   Pin 'B[5]' is connected to logic 0. 
Warning: In design 'mac_pipeline_superscalar_DATA_WIDTH8_LANE_NUM3_12_DW02_mult_0_DW02_mult_9', a pin on submodule 'FS_1' is connected to logic 1 or logic 0. (LINT-32)
   Pin 'B[4]' is connected to logic 0. 
Warning: In design 'mac_pipeline_superscalar_DATA_WIDTH8_LANE_NUM3_12_DW02_mult_0_DW02_mult_9', a pin on submodule 'FS_1' is connected to logic 1 or logic 0. (LINT-32)
   Pin 'B[3]' is connected to logic 0. 
Warning: In design 'mac_pipeline_superscalar_DATA_WIDTH8_LANE_NUM3_12_DW02_mult_0_DW02_mult_9', a pin on submodule 'FS_1' is connected to logic 1 or logic 0. (LINT-32)
   Pin 'B[2]' is connected to logic 0. 
Warning: In design 'mac_pipeline_superscalar_DATA_WIDTH8_LANE_NUM3_12_DW02_mult_0_DW02_mult_9', a pin on submodule 'FS_1' is connected to logic 1 or logic 0. (LINT-32)
   Pin 'B[1]' is connected to logic 0. 
Warning: In design 'mac_pipeline_superscalar_DATA_WIDTH8_LANE_NUM3_12_DW02_mult_0_DW02_mult_9', a pin on submodule 'FS_1' is connected to logic 1 or logic 0. (LINT-32)
   Pin 'B[0]' is connected to logic 0. 
Warning: In design 'mac_pipeline_superscalar_DATA_WIDTH8_LANE_NUM3_12_DW02_mult_0_DW02_mult_9', a pin on submodule 'FS_1' is connected to logic 1 or logic 0. (LINT-32)
   Pin 'CI' is connected to logic 0. 
Warning: In design 'mac_pipeline_superscalar_DATA_WIDTH8_LANE_NUM3_12_DW02_mult_1_DW02_mult_10', a pin on submodule 'FS_1' is connected to logic 1 or logic 0. (LINT-32)
   Pin 'B[5]' is connected to logic 0. 
Warning: In design 'mac_pipeline_superscalar_DATA_WIDTH8_LANE_NUM3_12_DW02_mult_1_DW02_mult_10', a pin on submodule 'FS_1' is connected to logic 1 or logic 0. (LINT-32)
   Pin 'B[4]' is connected to logic 0. 
Warning: In design 'mac_pipeline_superscalar_DATA_WIDTH8_LANE_NUM3_12_DW02_mult_1_DW02_mult_10', a pin on submodule 'FS_1' is connected to logic 1 or logic 0. (LINT-32)
   Pin 'B[3]' is connected to logic 0. 
Warning: In design 'mac_pipeline_superscalar_DATA_WIDTH8_LANE_NUM3_12_DW02_mult_1_DW02_mult_10', a pin on submodule 'FS_1' is connected to logic 1 or logic 0. (LINT-32)
   Pin 'B[2]' is connected to logic 0. 
Warning: In design 'mac_pipeline_superscalar_DATA_WIDTH8_LANE_NUM3_12_DW02_mult_1_DW02_mult_10', a pin on submodule 'FS_1' is connected to logic 1 or logic 0. (LINT-32)
   Pin 'B[1]' is connected to logic 0. 
Warning: In design 'mac_pipeline_superscalar_DATA_WIDTH8_LANE_NUM3_12_DW02_mult_1_DW02_mult_10', a pin on submodule 'FS_1' is connected to logic 1 or logic 0. (LINT-32)
   Pin 'B[0]' is connected to logic 0. 
Warning: In design 'mac_pipeline_superscalar_DATA_WIDTH8_LANE_NUM3_12_DW02_mult_1_DW02_mult_10', a pin on submodule 'FS_1' is connected to logic 1 or logic 0. (LINT-32)
   Pin 'CI' is connected to logic 0. 
Warning: In design 'mac_pipeline_superscalar_DATA_WIDTH8_LANE_NUM3_12_DW02_mult_2_DW02_mult_11', a pin on submodule 'FS_1' is connected to logic 1 or logic 0. (LINT-32)
   Pin 'B[5]' is connected to logic 0. 
Warning: In design 'mac_pipeline_superscalar_DATA_WIDTH8_LANE_NUM3_12_DW02_mult_2_DW02_mult_11', a pin on submodule 'FS_1' is connected to logic 1 or logic 0. (LINT-32)
   Pin 'B[4]' is connected to logic 0. 
Warning: In design 'mac_pipeline_superscalar_DATA_WIDTH8_LANE_NUM3_12_DW02_mult_2_DW02_mult_11', a pin on submodule 'FS_1' is connected to logic 1 or logic 0. (LINT-32)
   Pin 'B[3]' is connected to logic 0. 
Warning: In design 'mac_pipeline_superscalar_DATA_WIDTH8_LANE_NUM3_12_DW02_mult_2_DW02_mult_11', a pin on submodule 'FS_1' is connected to logic 1 or logic 0. (LINT-32)
   Pin 'B[2]' is connected to logic 0. 
Warning: In design 'mac_pipeline_superscalar_DATA_WIDTH8_LANE_NUM3_12_DW02_mult_2_DW02_mult_11', a pin on submodule 'FS_1' is connected to logic 1 or logic 0. (LINT-32)
   Pin 'B[1]' is connected to logic 0. 
Warning: In design 'mac_pipeline_superscalar_DATA_WIDTH8_LANE_NUM3_12_DW02_mult_2_DW02_mult_11', a pin on submodule 'FS_1' is connected to logic 1 or logic 0. (LINT-32)
   Pin 'B[0]' is connected to logic 0. 
Warning: In design 'mac_pipeline_superscalar_DATA_WIDTH8_LANE_NUM3_12_DW02_mult_2_DW02_mult_11', a pin on submodule 'FS_1' is connected to logic 1 or logic 0. (LINT-32)
   Pin 'CI' is connected to logic 0. 
Warning: In design 'mac_pipeline_superscalar_DATA_WIDTH8_LANE_NUM3_11_DW02_mult_0_DW02_mult_12', a pin on submodule 'FS_1' is connected to logic 1 or logic 0. (LINT-32)
   Pin 'B[5]' is connected to logic 0. 
Warning: In design 'mac_pipeline_superscalar_DATA_WIDTH8_LANE_NUM3_11_DW02_mult_0_DW02_mult_12', a pin on submodule 'FS_1' is connected to logic 1 or logic 0. (LINT-32)
   Pin 'B[4]' is connected to logic 0. 
Warning: In design 'mac_pipeline_superscalar_DATA_WIDTH8_LANE_NUM3_11_DW02_mult_0_DW02_mult_12', a pin on submodule 'FS_1' is connected to logic 1 or logic 0. (LINT-32)
   Pin 'B[3]' is connected to logic 0. 
Warning: In design 'mac_pipeline_superscalar_DATA_WIDTH8_LANE_NUM3_11_DW02_mult_0_DW02_mult_12', a pin on submodule 'FS_1' is connected to logic 1 or logic 0. (LINT-32)
   Pin 'B[2]' is connected to logic 0. 
Warning: In design 'mac_pipeline_superscalar_DATA_WIDTH8_LANE_NUM3_11_DW02_mult_0_DW02_mult_12', a pin on submodule 'FS_1' is connected to logic 1 or logic 0. (LINT-32)
   Pin 'B[1]' is connected to logic 0. 
Warning: In design 'mac_pipeline_superscalar_DATA_WIDTH8_LANE_NUM3_11_DW02_mult_0_DW02_mult_12', a pin on submodule 'FS_1' is connected to logic 1 or logic 0. (LINT-32)
   Pin 'B[0]' is connected to logic 0. 
Warning: In design 'mac_pipeline_superscalar_DATA_WIDTH8_LANE_NUM3_11_DW02_mult_0_DW02_mult_12', a pin on submodule 'FS_1' is connected to logic 1 or logic 0. (LINT-32)
   Pin 'CI' is connected to logic 0. 
Warning: In design 'mac_pipeline_superscalar_DATA_WIDTH8_LANE_NUM3_11_DW02_mult_1_DW02_mult_13', a pin on submodule 'FS_1' is connected to logic 1 or logic 0. (LINT-32)
   Pin 'B[5]' is connected to logic 0. 
Warning: In design 'mac_pipeline_superscalar_DATA_WIDTH8_LANE_NUM3_11_DW02_mult_1_DW02_mult_13', a pin on submodule 'FS_1' is connected to logic 1 or logic 0. (LINT-32)
   Pin 'B[4]' is connected to logic 0. 
Warning: In design 'mac_pipeline_superscalar_DATA_WIDTH8_LANE_NUM3_11_DW02_mult_1_DW02_mult_13', a pin on submodule 'FS_1' is connected to logic 1 or logic 0. (LINT-32)
   Pin 'B[3]' is connected to logic 0. 
Warning: In design 'mac_pipeline_superscalar_DATA_WIDTH8_LANE_NUM3_11_DW02_mult_1_DW02_mult_13', a pin on submodule 'FS_1' is connected to logic 1 or logic 0. (LINT-32)
   Pin 'B[2]' is connected to logic 0. 
Warning: In design 'mac_pipeline_superscalar_DATA_WIDTH8_LANE_NUM3_11_DW02_mult_1_DW02_mult_13', a pin on submodule 'FS_1' is connected to logic 1 or logic 0. (LINT-32)
   Pin 'B[1]' is connected to logic 0. 
Warning: In design 'mac_pipeline_superscalar_DATA_WIDTH8_LANE_NUM3_11_DW02_mult_1_DW02_mult_13', a pin on submodule 'FS_1' is connected to logic 1 or logic 0. (LINT-32)
   Pin 'B[0]' is connected to logic 0. 
Warning: In design 'mac_pipeline_superscalar_DATA_WIDTH8_LANE_NUM3_11_DW02_mult_1_DW02_mult_13', a pin on submodule 'FS_1' is connected to logic 1 or logic 0. (LINT-32)
   Pin 'CI' is connected to logic 0. 
Warning: In design 'mac_pipeline_superscalar_DATA_WIDTH8_LANE_NUM3_11_DW02_mult_2_DW02_mult_14', a pin on submodule 'FS_1' is connected to logic 1 or logic 0. (LINT-32)
   Pin 'B[5]' is connected to logic 0. 
Warning: In design 'mac_pipeline_superscalar_DATA_WIDTH8_LANE_NUM3_11_DW02_mult_2_DW02_mult_14', a pin on submodule 'FS_1' is connected to logic 1 or logic 0. (LINT-32)
   Pin 'B[4]' is connected to logic 0. 
Warning: In design 'mac_pipeline_superscalar_DATA_WIDTH8_LANE_NUM3_11_DW02_mult_2_DW02_mult_14', a pin on submodule 'FS_1' is connected to logic 1 or logic 0. (LINT-32)
   Pin 'B[3]' is connected to logic 0. 
Warning: In design 'mac_pipeline_superscalar_DATA_WIDTH8_LANE_NUM3_11_DW02_mult_2_DW02_mult_14', a pin on submodule 'FS_1' is connected to logic 1 or logic 0. (LINT-32)
   Pin 'B[2]' is connected to logic 0. 
Warning: In design 'mac_pipeline_superscalar_DATA_WIDTH8_LANE_NUM3_11_DW02_mult_2_DW02_mult_14', a pin on submodule 'FS_1' is connected to logic 1 or logic 0. (LINT-32)
   Pin 'B[1]' is connected to logic 0. 
Warning: In design 'mac_pipeline_superscalar_DATA_WIDTH8_LANE_NUM3_11_DW02_mult_2_DW02_mult_14', a pin on submodule 'FS_1' is connected to logic 1 or logic 0. (LINT-32)
   Pin 'B[0]' is connected to logic 0. 
Warning: In design 'mac_pipeline_superscalar_DATA_WIDTH8_LANE_NUM3_11_DW02_mult_2_DW02_mult_14', a pin on submodule 'FS_1' is connected to logic 1 or logic 0. (LINT-32)
   Pin 'CI' is connected to logic 0. 
Warning: In design 'mac_pipeline_superscalar_DATA_WIDTH8_LANE_NUM3_10_DW02_mult_0_DW02_mult_15', a pin on submodule 'FS_1' is connected to logic 1 or logic 0. (LINT-32)
   Pin 'B[5]' is connected to logic 0. 
Warning: In design 'mac_pipeline_superscalar_DATA_WIDTH8_LANE_NUM3_10_DW02_mult_0_DW02_mult_15', a pin on submodule 'FS_1' is connected to logic 1 or logic 0. (LINT-32)
   Pin 'B[4]' is connected to logic 0. 
Warning: In design 'mac_pipeline_superscalar_DATA_WIDTH8_LANE_NUM3_10_DW02_mult_0_DW02_mult_15', a pin on submodule 'FS_1' is connected to logic 1 or logic 0. (LINT-32)
   Pin 'B[3]' is connected to logic 0. 
Warning: In design 'mac_pipeline_superscalar_DATA_WIDTH8_LANE_NUM3_10_DW02_mult_0_DW02_mult_15', a pin on submodule 'FS_1' is connected to logic 1 or logic 0. (LINT-32)
   Pin 'B[2]' is connected to logic 0. 
Warning: In design 'mac_pipeline_superscalar_DATA_WIDTH8_LANE_NUM3_10_DW02_mult_0_DW02_mult_15', a pin on submodule 'FS_1' is connected to logic 1 or logic 0. (LINT-32)
   Pin 'B[1]' is connected to logic 0. 
Warning: In design 'mac_pipeline_superscalar_DATA_WIDTH8_LANE_NUM3_10_DW02_mult_0_DW02_mult_15', a pin on submodule 'FS_1' is connected to logic 1 or logic 0. (LINT-32)
   Pin 'B[0]' is connected to logic 0. 
Warning: In design 'mac_pipeline_superscalar_DATA_WIDTH8_LANE_NUM3_10_DW02_mult_0_DW02_mult_15', a pin on submodule 'FS_1' is connected to logic 1 or logic 0. (LINT-32)
   Pin 'CI' is connected to logic 0. 
Warning: In design 'mac_pipeline_superscalar_DATA_WIDTH8_LANE_NUM3_10_DW02_mult_1_DW02_mult_16', a pin on submodule 'FS_1' is connected to logic 1 or logic 0. (LINT-32)
   Pin 'B[5]' is connected to logic 0. 
Warning: In design 'mac_pipeline_superscalar_DATA_WIDTH8_LANE_NUM3_10_DW02_mult_1_DW02_mult_16', a pin on submodule 'FS_1' is connected to logic 1 or logic 0. (LINT-32)
   Pin 'B[4]' is connected to logic 0. 
Warning: In design 'mac_pipeline_superscalar_DATA_WIDTH8_LANE_NUM3_10_DW02_mult_1_DW02_mult_16', a pin on submodule 'FS_1' is connected to logic 1 or logic 0. (LINT-32)
   Pin 'B[3]' is connected to logic 0. 
Warning: In design 'mac_pipeline_superscalar_DATA_WIDTH8_LANE_NUM3_10_DW02_mult_1_DW02_mult_16', a pin on submodule 'FS_1' is connected to logic 1 or logic 0. (LINT-32)
   Pin 'B[2]' is connected to logic 0. 
Warning: In design 'mac_pipeline_superscalar_DATA_WIDTH8_LANE_NUM3_10_DW02_mult_1_DW02_mult_16', a pin on submodule 'FS_1' is connected to logic 1 or logic 0. (LINT-32)
   Pin 'B[1]' is connected to logic 0. 
Warning: In design 'mac_pipeline_superscalar_DATA_WIDTH8_LANE_NUM3_10_DW02_mult_1_DW02_mult_16', a pin on submodule 'FS_1' is connected to logic 1 or logic 0. (LINT-32)
   Pin 'B[0]' is connected to logic 0. 
Warning: In design 'mac_pipeline_superscalar_DATA_WIDTH8_LANE_NUM3_10_DW02_mult_1_DW02_mult_16', a pin on submodule 'FS_1' is connected to logic 1 or logic 0. (LINT-32)
   Pin 'CI' is connected to logic 0. 
Warning: In design 'mac_pipeline_superscalar_DATA_WIDTH8_LANE_NUM3_10_DW02_mult_2_DW02_mult_17', a pin on submodule 'FS_1' is connected to logic 1 or logic 0. (LINT-32)
   Pin 'B[5]' is connected to logic 0. 
Warning: In design 'mac_pipeline_superscalar_DATA_WIDTH8_LANE_NUM3_10_DW02_mult_2_DW02_mult_17', a pin on submodule 'FS_1' is connected to logic 1 or logic 0. (LINT-32)
   Pin 'B[4]' is connected to logic 0. 
Warning: In design 'mac_pipeline_superscalar_DATA_WIDTH8_LANE_NUM3_10_DW02_mult_2_DW02_mult_17', a pin on submodule 'FS_1' is connected to logic 1 or logic 0. (LINT-32)
   Pin 'B[3]' is connected to logic 0. 
Warning: In design 'mac_pipeline_superscalar_DATA_WIDTH8_LANE_NUM3_10_DW02_mult_2_DW02_mult_17', a pin on submodule 'FS_1' is connected to logic 1 or logic 0. (LINT-32)
   Pin 'B[2]' is connected to logic 0. 
Warning: In design 'mac_pipeline_superscalar_DATA_WIDTH8_LANE_NUM3_10_DW02_mult_2_DW02_mult_17', a pin on submodule 'FS_1' is connected to logic 1 or logic 0. (LINT-32)
   Pin 'B[1]' is connected to logic 0. 
Warning: In design 'mac_pipeline_superscalar_DATA_WIDTH8_LANE_NUM3_10_DW02_mult_2_DW02_mult_17', a pin on submodule 'FS_1' is connected to logic 1 or logic 0. (LINT-32)
   Pin 'B[0]' is connected to logic 0. 
Warning: In design 'mac_pipeline_superscalar_DATA_WIDTH8_LANE_NUM3_10_DW02_mult_2_DW02_mult_17', a pin on submodule 'FS_1' is connected to logic 1 or logic 0. (LINT-32)
   Pin 'CI' is connected to logic 0. 
Warning: In design 'mac_pipeline_superscalar_DATA_WIDTH8_LANE_NUM3_9_DW02_mult_0_DW02_mult_18', a pin on submodule 'FS_1' is connected to logic 1 or logic 0. (LINT-32)
   Pin 'B[5]' is connected to logic 0. 
Warning: In design 'mac_pipeline_superscalar_DATA_WIDTH8_LANE_NUM3_9_DW02_mult_0_DW02_mult_18', a pin on submodule 'FS_1' is connected to logic 1 or logic 0. (LINT-32)
   Pin 'B[4]' is connected to logic 0. 
Warning: In design 'mac_pipeline_superscalar_DATA_WIDTH8_LANE_NUM3_9_DW02_mult_0_DW02_mult_18', a pin on submodule 'FS_1' is connected to logic 1 or logic 0. (LINT-32)
   Pin 'B[3]' is connected to logic 0. 
Warning: In design 'mac_pipeline_superscalar_DATA_WIDTH8_LANE_NUM3_9_DW02_mult_0_DW02_mult_18', a pin on submodule 'FS_1' is connected to logic 1 or logic 0. (LINT-32)
   Pin 'B[2]' is connected to logic 0. 
Warning: In design 'mac_pipeline_superscalar_DATA_WIDTH8_LANE_NUM3_9_DW02_mult_0_DW02_mult_18', a pin on submodule 'FS_1' is connected to logic 1 or logic 0. (LINT-32)
   Pin 'B[1]' is connected to logic 0. 
Warning: In design 'mac_pipeline_superscalar_DATA_WIDTH8_LANE_NUM3_9_DW02_mult_0_DW02_mult_18', a pin on submodule 'FS_1' is connected to logic 1 or logic 0. (LINT-32)
   Pin 'B[0]' is connected to logic 0. 
Warning: In design 'mac_pipeline_superscalar_DATA_WIDTH8_LANE_NUM3_9_DW02_mult_0_DW02_mult_18', a pin on submodule 'FS_1' is connected to logic 1 or logic 0. (LINT-32)
   Pin 'CI' is connected to logic 0. 
Warning: In design 'mac_pipeline_superscalar_DATA_WIDTH8_LANE_NUM3_9_DW02_mult_1_DW02_mult_19', a pin on submodule 'FS_1' is connected to logic 1 or logic 0. (LINT-32)
   Pin 'B[5]' is connected to logic 0. 
Warning: In design 'mac_pipeline_superscalar_DATA_WIDTH8_LANE_NUM3_9_DW02_mult_1_DW02_mult_19', a pin on submodule 'FS_1' is connected to logic 1 or logic 0. (LINT-32)
   Pin 'B[4]' is connected to logic 0. 
Warning: In design 'mac_pipeline_superscalar_DATA_WIDTH8_LANE_NUM3_9_DW02_mult_1_DW02_mult_19', a pin on submodule 'FS_1' is connected to logic 1 or logic 0. (LINT-32)
   Pin 'B[3]' is connected to logic 0. 
Warning: In design 'mac_pipeline_superscalar_DATA_WIDTH8_LANE_NUM3_9_DW02_mult_1_DW02_mult_19', a pin on submodule 'FS_1' is connected to logic 1 or logic 0. (LINT-32)
   Pin 'B[2]' is connected to logic 0. 
Warning: In design 'mac_pipeline_superscalar_DATA_WIDTH8_LANE_NUM3_9_DW02_mult_1_DW02_mult_19', a pin on submodule 'FS_1' is connected to logic 1 or logic 0. (LINT-32)
   Pin 'B[1]' is connected to logic 0. 
Warning: In design 'mac_pipeline_superscalar_DATA_WIDTH8_LANE_NUM3_9_DW02_mult_1_DW02_mult_19', a pin on submodule 'FS_1' is connected to logic 1 or logic 0. (LINT-32)
   Pin 'B[0]' is connected to logic 0. 
Warning: In design 'mac_pipeline_superscalar_DATA_WIDTH8_LANE_NUM3_9_DW02_mult_1_DW02_mult_19', a pin on submodule 'FS_1' is connected to logic 1 or logic 0. (LINT-32)
   Pin 'CI' is connected to logic 0. 
Warning: In design 'mac_pipeline_superscalar_DATA_WIDTH8_LANE_NUM3_9_DW02_mult_2_DW02_mult_20', a pin on submodule 'FS_1' is connected to logic 1 or logic 0. (LINT-32)
   Pin 'B[5]' is connected to logic 0. 
Warning: In design 'mac_pipeline_superscalar_DATA_WIDTH8_LANE_NUM3_9_DW02_mult_2_DW02_mult_20', a pin on submodule 'FS_1' is connected to logic 1 or logic 0. (LINT-32)
   Pin 'B[4]' is connected to logic 0. 
Warning: In design 'mac_pipeline_superscalar_DATA_WIDTH8_LANE_NUM3_9_DW02_mult_2_DW02_mult_20', a pin on submodule 'FS_1' is connected to logic 1 or logic 0. (LINT-32)
   Pin 'B[3]' is connected to logic 0. 
Warning: In design 'mac_pipeline_superscalar_DATA_WIDTH8_LANE_NUM3_9_DW02_mult_2_DW02_mult_20', a pin on submodule 'FS_1' is connected to logic 1 or logic 0. (LINT-32)
   Pin 'B[2]' is connected to logic 0. 
Warning: In design 'mac_pipeline_superscalar_DATA_WIDTH8_LANE_NUM3_9_DW02_mult_2_DW02_mult_20', a pin on submodule 'FS_1' is connected to logic 1 or logic 0. (LINT-32)
   Pin 'B[1]' is connected to logic 0. 
Warning: In design 'mac_pipeline_superscalar_DATA_WIDTH8_LANE_NUM3_9_DW02_mult_2_DW02_mult_20', a pin on submodule 'FS_1' is connected to logic 1 or logic 0. (LINT-32)
   Pin 'B[0]' is connected to logic 0. 
Warning: In design 'mac_pipeline_superscalar_DATA_WIDTH8_LANE_NUM3_9_DW02_mult_2_DW02_mult_20', a pin on submodule 'FS_1' is connected to logic 1 or logic 0. (LINT-32)
   Pin 'CI' is connected to logic 0. 
Warning: In design 'mac_pipeline_superscalar_DATA_WIDTH8_LANE_NUM3_8_DW02_mult_0_DW02_mult_21', a pin on submodule 'FS_1' is connected to logic 1 or logic 0. (LINT-32)
   Pin 'B[5]' is connected to logic 0. 
Warning: In design 'mac_pipeline_superscalar_DATA_WIDTH8_LANE_NUM3_8_DW02_mult_0_DW02_mult_21', a pin on submodule 'FS_1' is connected to logic 1 or logic 0. (LINT-32)
   Pin 'B[4]' is connected to logic 0. 
Warning: In design 'mac_pipeline_superscalar_DATA_WIDTH8_LANE_NUM3_8_DW02_mult_0_DW02_mult_21', a pin on submodule 'FS_1' is connected to logic 1 or logic 0. (LINT-32)
   Pin 'B[3]' is connected to logic 0. 
Warning: In design 'mac_pipeline_superscalar_DATA_WIDTH8_LANE_NUM3_8_DW02_mult_0_DW02_mult_21', a pin on submodule 'FS_1' is connected to logic 1 or logic 0. (LINT-32)
   Pin 'B[2]' is connected to logic 0. 
Warning: In design 'mac_pipeline_superscalar_DATA_WIDTH8_LANE_NUM3_8_DW02_mult_0_DW02_mult_21', a pin on submodule 'FS_1' is connected to logic 1 or logic 0. (LINT-32)
   Pin 'B[1]' is connected to logic 0. 
Warning: In design 'mac_pipeline_superscalar_DATA_WIDTH8_LANE_NUM3_8_DW02_mult_0_DW02_mult_21', a pin on submodule 'FS_1' is connected to logic 1 or logic 0. (LINT-32)
   Pin 'B[0]' is connected to logic 0. 
Warning: In design 'mac_pipeline_superscalar_DATA_WIDTH8_LANE_NUM3_8_DW02_mult_0_DW02_mult_21', a pin on submodule 'FS_1' is connected to logic 1 or logic 0. (LINT-32)
   Pin 'CI' is connected to logic 0. 
Warning: In design 'mac_pipeline_superscalar_DATA_WIDTH8_LANE_NUM3_8_DW02_mult_1_DW02_mult_22', a pin on submodule 'FS_1' is connected to logic 1 or logic 0. (LINT-32)
   Pin 'B[5]' is connected to logic 0. 
Warning: In design 'mac_pipeline_superscalar_DATA_WIDTH8_LANE_NUM3_8_DW02_mult_1_DW02_mult_22', a pin on submodule 'FS_1' is connected to logic 1 or logic 0. (LINT-32)
   Pin 'B[4]' is connected to logic 0. 
Warning: In design 'mac_pipeline_superscalar_DATA_WIDTH8_LANE_NUM3_8_DW02_mult_1_DW02_mult_22', a pin on submodule 'FS_1' is connected to logic 1 or logic 0. (LINT-32)
   Pin 'B[3]' is connected to logic 0. 
Warning: In design 'mac_pipeline_superscalar_DATA_WIDTH8_LANE_NUM3_8_DW02_mult_1_DW02_mult_22', a pin on submodule 'FS_1' is connected to logic 1 or logic 0. (LINT-32)
   Pin 'B[2]' is connected to logic 0. 
Warning: In design 'mac_pipeline_superscalar_DATA_WIDTH8_LANE_NUM3_8_DW02_mult_1_DW02_mult_22', a pin on submodule 'FS_1' is connected to logic 1 or logic 0. (LINT-32)
   Pin 'B[1]' is connected to logic 0. 
Warning: In design 'mac_pipeline_superscalar_DATA_WIDTH8_LANE_NUM3_8_DW02_mult_1_DW02_mult_22', a pin on submodule 'FS_1' is connected to logic 1 or logic 0. (LINT-32)
   Pin 'B[0]' is connected to logic 0. 
Warning: In design 'mac_pipeline_superscalar_DATA_WIDTH8_LANE_NUM3_8_DW02_mult_1_DW02_mult_22', a pin on submodule 'FS_1' is connected to logic 1 or logic 0. (LINT-32)
   Pin 'CI' is connected to logic 0. 
Warning: In design 'mac_pipeline_superscalar_DATA_WIDTH8_LANE_NUM3_8_DW02_mult_2_DW02_mult_23', a pin on submodule 'FS_1' is connected to logic 1 or logic 0. (LINT-32)
   Pin 'B[5]' is connected to logic 0. 
Warning: In design 'mac_pipeline_superscalar_DATA_WIDTH8_LANE_NUM3_8_DW02_mult_2_DW02_mult_23', a pin on submodule 'FS_1' is connected to logic 1 or logic 0. (LINT-32)
   Pin 'B[4]' is connected to logic 0. 
Warning: In design 'mac_pipeline_superscalar_DATA_WIDTH8_LANE_NUM3_8_DW02_mult_2_DW02_mult_23', a pin on submodule 'FS_1' is connected to logic 1 or logic 0. (LINT-32)
   Pin 'B[3]' is connected to logic 0. 
Warning: In design 'mac_pipeline_superscalar_DATA_WIDTH8_LANE_NUM3_8_DW02_mult_2_DW02_mult_23', a pin on submodule 'FS_1' is connected to logic 1 or logic 0. (LINT-32)
   Pin 'B[2]' is connected to logic 0. 
Warning: In design 'mac_pipeline_superscalar_DATA_WIDTH8_LANE_NUM3_8_DW02_mult_2_DW02_mult_23', a pin on submodule 'FS_1' is connected to logic 1 or logic 0. (LINT-32)
   Pin 'B[1]' is connected to logic 0. 
Warning: In design 'mac_pipeline_superscalar_DATA_WIDTH8_LANE_NUM3_8_DW02_mult_2_DW02_mult_23', a pin on submodule 'FS_1' is connected to logic 1 or logic 0. (LINT-32)
   Pin 'B[0]' is connected to logic 0. 
Warning: In design 'mac_pipeline_superscalar_DATA_WIDTH8_LANE_NUM3_8_DW02_mult_2_DW02_mult_23', a pin on submodule 'FS_1' is connected to logic 1 or logic 0. (LINT-32)
   Pin 'CI' is connected to logic 0. 
Warning: In design 'mac_pipeline_superscalar_DATA_WIDTH8_LANE_NUM3_7_DW02_mult_0_DW02_mult_24', a pin on submodule 'FS_1' is connected to logic 1 or logic 0. (LINT-32)
   Pin 'B[5]' is connected to logic 0. 
Warning: In design 'mac_pipeline_superscalar_DATA_WIDTH8_LANE_NUM3_7_DW02_mult_0_DW02_mult_24', a pin on submodule 'FS_1' is connected to logic 1 or logic 0. (LINT-32)
   Pin 'B[4]' is connected to logic 0. 
Warning: In design 'mac_pipeline_superscalar_DATA_WIDTH8_LANE_NUM3_7_DW02_mult_0_DW02_mult_24', a pin on submodule 'FS_1' is connected to logic 1 or logic 0. (LINT-32)
   Pin 'B[3]' is connected to logic 0. 
Warning: In design 'mac_pipeline_superscalar_DATA_WIDTH8_LANE_NUM3_7_DW02_mult_0_DW02_mult_24', a pin on submodule 'FS_1' is connected to logic 1 or logic 0. (LINT-32)
   Pin 'B[2]' is connected to logic 0. 
Warning: In design 'mac_pipeline_superscalar_DATA_WIDTH8_LANE_NUM3_7_DW02_mult_0_DW02_mult_24', a pin on submodule 'FS_1' is connected to logic 1 or logic 0. (LINT-32)
   Pin 'B[1]' is connected to logic 0. 
Warning: In design 'mac_pipeline_superscalar_DATA_WIDTH8_LANE_NUM3_7_DW02_mult_0_DW02_mult_24', a pin on submodule 'FS_1' is connected to logic 1 or logic 0. (LINT-32)
   Pin 'B[0]' is connected to logic 0. 
Warning: In design 'mac_pipeline_superscalar_DATA_WIDTH8_LANE_NUM3_7_DW02_mult_0_DW02_mult_24', a pin on submodule 'FS_1' is connected to logic 1 or logic 0. (LINT-32)
   Pin 'CI' is connected to logic 0. 
Warning: In design 'mac_pipeline_superscalar_DATA_WIDTH8_LANE_NUM3_7_DW02_mult_1_DW02_mult_25', a pin on submodule 'FS_1' is connected to logic 1 or logic 0. (LINT-32)
   Pin 'B[5]' is connected to logic 0. 
Warning: In design 'mac_pipeline_superscalar_DATA_WIDTH8_LANE_NUM3_7_DW02_mult_1_DW02_mult_25', a pin on submodule 'FS_1' is connected to logic 1 or logic 0. (LINT-32)
   Pin 'B[4]' is connected to logic 0. 
Warning: In design 'mac_pipeline_superscalar_DATA_WIDTH8_LANE_NUM3_7_DW02_mult_1_DW02_mult_25', a pin on submodule 'FS_1' is connected to logic 1 or logic 0. (LINT-32)
   Pin 'B[3]' is connected to logic 0. 
Warning: In design 'mac_pipeline_superscalar_DATA_WIDTH8_LANE_NUM3_7_DW02_mult_1_DW02_mult_25', a pin on submodule 'FS_1' is connected to logic 1 or logic 0. (LINT-32)
   Pin 'B[2]' is connected to logic 0. 
Warning: In design 'mac_pipeline_superscalar_DATA_WIDTH8_LANE_NUM3_7_DW02_mult_1_DW02_mult_25', a pin on submodule 'FS_1' is connected to logic 1 or logic 0. (LINT-32)
   Pin 'B[1]' is connected to logic 0. 
Warning: In design 'mac_pipeline_superscalar_DATA_WIDTH8_LANE_NUM3_7_DW02_mult_1_DW02_mult_25', a pin on submodule 'FS_1' is connected to logic 1 or logic 0. (LINT-32)
   Pin 'B[0]' is connected to logic 0. 
Warning: In design 'mac_pipeline_superscalar_DATA_WIDTH8_LANE_NUM3_7_DW02_mult_1_DW02_mult_25', a pin on submodule 'FS_1' is connected to logic 1 or logic 0. (LINT-32)
   Pin 'CI' is connected to logic 0. 
Warning: In design 'mac_pipeline_superscalar_DATA_WIDTH8_LANE_NUM3_7_DW02_mult_2_DW02_mult_26', a pin on submodule 'FS_1' is connected to logic 1 or logic 0. (LINT-32)
   Pin 'B[5]' is connected to logic 0. 
Warning: In design 'mac_pipeline_superscalar_DATA_WIDTH8_LANE_NUM3_7_DW02_mult_2_DW02_mult_26', a pin on submodule 'FS_1' is connected to logic 1 or logic 0. (LINT-32)
   Pin 'B[4]' is connected to logic 0. 
Warning: In design 'mac_pipeline_superscalar_DATA_WIDTH8_LANE_NUM3_7_DW02_mult_2_DW02_mult_26', a pin on submodule 'FS_1' is connected to logic 1 or logic 0. (LINT-32)
   Pin 'B[3]' is connected to logic 0. 
Warning: In design 'mac_pipeline_superscalar_DATA_WIDTH8_LANE_NUM3_7_DW02_mult_2_DW02_mult_26', a pin on submodule 'FS_1' is connected to logic 1 or logic 0. (LINT-32)
   Pin 'B[2]' is connected to logic 0. 
Warning: In design 'mac_pipeline_superscalar_DATA_WIDTH8_LANE_NUM3_7_DW02_mult_2_DW02_mult_26', a pin on submodule 'FS_1' is connected to logic 1 or logic 0. (LINT-32)
   Pin 'B[1]' is connected to logic 0. 
Warning: In design 'mac_pipeline_superscalar_DATA_WIDTH8_LANE_NUM3_7_DW02_mult_2_DW02_mult_26', a pin on submodule 'FS_1' is connected to logic 1 or logic 0. (LINT-32)
   Pin 'B[0]' is connected to logic 0. 
Warning: In design 'mac_pipeline_superscalar_DATA_WIDTH8_LANE_NUM3_7_DW02_mult_2_DW02_mult_26', a pin on submodule 'FS_1' is connected to logic 1 or logic 0. (LINT-32)
   Pin 'CI' is connected to logic 0. 
Warning: In design 'mac_pipeline_superscalar_DATA_WIDTH8_LANE_NUM3_6_DW02_mult_0_DW02_mult_27', a pin on submodule 'FS_1' is connected to logic 1 or logic 0. (LINT-32)
   Pin 'B[5]' is connected to logic 0. 
Warning: In design 'mac_pipeline_superscalar_DATA_WIDTH8_LANE_NUM3_6_DW02_mult_0_DW02_mult_27', a pin on submodule 'FS_1' is connected to logic 1 or logic 0. (LINT-32)
   Pin 'B[4]' is connected to logic 0. 
Warning: In design 'mac_pipeline_superscalar_DATA_WIDTH8_LANE_NUM3_6_DW02_mult_0_DW02_mult_27', a pin on submodule 'FS_1' is connected to logic 1 or logic 0. (LINT-32)
   Pin 'B[3]' is connected to logic 0. 
Warning: In design 'mac_pipeline_superscalar_DATA_WIDTH8_LANE_NUM3_6_DW02_mult_0_DW02_mult_27', a pin on submodule 'FS_1' is connected to logic 1 or logic 0. (LINT-32)
   Pin 'B[2]' is connected to logic 0. 
Warning: In design 'mac_pipeline_superscalar_DATA_WIDTH8_LANE_NUM3_6_DW02_mult_0_DW02_mult_27', a pin on submodule 'FS_1' is connected to logic 1 or logic 0. (LINT-32)
   Pin 'B[1]' is connected to logic 0. 
Warning: In design 'mac_pipeline_superscalar_DATA_WIDTH8_LANE_NUM3_6_DW02_mult_0_DW02_mult_27', a pin on submodule 'FS_1' is connected to logic 1 or logic 0. (LINT-32)
   Pin 'B[0]' is connected to logic 0. 
Warning: In design 'mac_pipeline_superscalar_DATA_WIDTH8_LANE_NUM3_6_DW02_mult_0_DW02_mult_27', a pin on submodule 'FS_1' is connected to logic 1 or logic 0. (LINT-32)
   Pin 'CI' is connected to logic 0. 
Warning: In design 'mac_pipeline_superscalar_DATA_WIDTH8_LANE_NUM3_6_DW02_mult_1_DW02_mult_28', a pin on submodule 'FS_1' is connected to logic 1 or logic 0. (LINT-32)
   Pin 'B[5]' is connected to logic 0. 
Warning: In design 'mac_pipeline_superscalar_DATA_WIDTH8_LANE_NUM3_6_DW02_mult_1_DW02_mult_28', a pin on submodule 'FS_1' is connected to logic 1 or logic 0. (LINT-32)
   Pin 'B[4]' is connected to logic 0. 
Warning: In design 'mac_pipeline_superscalar_DATA_WIDTH8_LANE_NUM3_6_DW02_mult_1_DW02_mult_28', a pin on submodule 'FS_1' is connected to logic 1 or logic 0. (LINT-32)
   Pin 'B[3]' is connected to logic 0. 
Warning: In design 'mac_pipeline_superscalar_DATA_WIDTH8_LANE_NUM3_6_DW02_mult_1_DW02_mult_28', a pin on submodule 'FS_1' is connected to logic 1 or logic 0. (LINT-32)
   Pin 'B[2]' is connected to logic 0. 
Warning: In design 'mac_pipeline_superscalar_DATA_WIDTH8_LANE_NUM3_6_DW02_mult_1_DW02_mult_28', a pin on submodule 'FS_1' is connected to logic 1 or logic 0. (LINT-32)
   Pin 'B[1]' is connected to logic 0. 
Warning: In design 'mac_pipeline_superscalar_DATA_WIDTH8_LANE_NUM3_6_DW02_mult_1_DW02_mult_28', a pin on submodule 'FS_1' is connected to logic 1 or logic 0. (LINT-32)
   Pin 'B[0]' is connected to logic 0. 
Warning: In design 'mac_pipeline_superscalar_DATA_WIDTH8_LANE_NUM3_6_DW02_mult_1_DW02_mult_28', a pin on submodule 'FS_1' is connected to logic 1 or logic 0. (LINT-32)
   Pin 'CI' is connected to logic 0. 
Warning: In design 'mac_pipeline_superscalar_DATA_WIDTH8_LANE_NUM3_6_DW02_mult_2_DW02_mult_29', a pin on submodule 'FS_1' is connected to logic 1 or logic 0. (LINT-32)
   Pin 'B[5]' is connected to logic 0. 
Warning: In design 'mac_pipeline_superscalar_DATA_WIDTH8_LANE_NUM3_6_DW02_mult_2_DW02_mult_29', a pin on submodule 'FS_1' is connected to logic 1 or logic 0. (LINT-32)
   Pin 'B[4]' is connected to logic 0. 
Warning: In design 'mac_pipeline_superscalar_DATA_WIDTH8_LANE_NUM3_6_DW02_mult_2_DW02_mult_29', a pin on submodule 'FS_1' is connected to logic 1 or logic 0. (LINT-32)
   Pin 'B[3]' is connected to logic 0. 
Warning: In design 'mac_pipeline_superscalar_DATA_WIDTH8_LANE_NUM3_6_DW02_mult_2_DW02_mult_29', a pin on submodule 'FS_1' is connected to logic 1 or logic 0. (LINT-32)
   Pin 'B[2]' is connected to logic 0. 
Warning: In design 'mac_pipeline_superscalar_DATA_WIDTH8_LANE_NUM3_6_DW02_mult_2_DW02_mult_29', a pin on submodule 'FS_1' is connected to logic 1 or logic 0. (LINT-32)
   Pin 'B[1]' is connected to logic 0. 
Warning: In design 'mac_pipeline_superscalar_DATA_WIDTH8_LANE_NUM3_6_DW02_mult_2_DW02_mult_29', a pin on submodule 'FS_1' is connected to logic 1 or logic 0. (LINT-32)
   Pin 'B[0]' is connected to logic 0. 
Warning: In design 'mac_pipeline_superscalar_DATA_WIDTH8_LANE_NUM3_6_DW02_mult_2_DW02_mult_29', a pin on submodule 'FS_1' is connected to logic 1 or logic 0. (LINT-32)
   Pin 'CI' is connected to logic 0. 
Warning: In design 'mac_pipeline_superscalar_DATA_WIDTH8_LANE_NUM3_5_DW02_mult_0_DW02_mult_30', a pin on submodule 'FS_1' is connected to logic 1 or logic 0. (LINT-32)
   Pin 'B[5]' is connected to logic 0. 
Warning: In design 'mac_pipeline_superscalar_DATA_WIDTH8_LANE_NUM3_5_DW02_mult_0_DW02_mult_30', a pin on submodule 'FS_1' is connected to logic 1 or logic 0. (LINT-32)
   Pin 'B[4]' is connected to logic 0. 
Warning: In design 'mac_pipeline_superscalar_DATA_WIDTH8_LANE_NUM3_5_DW02_mult_0_DW02_mult_30', a pin on submodule 'FS_1' is connected to logic 1 or logic 0. (LINT-32)
   Pin 'B[3]' is connected to logic 0. 
Warning: In design 'mac_pipeline_superscalar_DATA_WIDTH8_LANE_NUM3_5_DW02_mult_0_DW02_mult_30', a pin on submodule 'FS_1' is connected to logic 1 or logic 0. (LINT-32)
   Pin 'B[2]' is connected to logic 0. 
Warning: In design 'mac_pipeline_superscalar_DATA_WIDTH8_LANE_NUM3_5_DW02_mult_0_DW02_mult_30', a pin on submodule 'FS_1' is connected to logic 1 or logic 0. (LINT-32)
   Pin 'B[1]' is connected to logic 0. 
Warning: In design 'mac_pipeline_superscalar_DATA_WIDTH8_LANE_NUM3_5_DW02_mult_0_DW02_mult_30', a pin on submodule 'FS_1' is connected to logic 1 or logic 0. (LINT-32)
   Pin 'B[0]' is connected to logic 0. 
Warning: In design 'mac_pipeline_superscalar_DATA_WIDTH8_LANE_NUM3_5_DW02_mult_0_DW02_mult_30', a pin on submodule 'FS_1' is connected to logic 1 or logic 0. (LINT-32)
   Pin 'CI' is connected to logic 0. 
Warning: In design 'mac_pipeline_superscalar_DATA_WIDTH8_LANE_NUM3_5_DW02_mult_1_DW02_mult_31', a pin on submodule 'FS_1' is connected to logic 1 or logic 0. (LINT-32)
   Pin 'B[5]' is connected to logic 0. 
Warning: In design 'mac_pipeline_superscalar_DATA_WIDTH8_LANE_NUM3_5_DW02_mult_1_DW02_mult_31', a pin on submodule 'FS_1' is connected to logic 1 or logic 0. (LINT-32)
   Pin 'B[4]' is connected to logic 0. 
Warning: In design 'mac_pipeline_superscalar_DATA_WIDTH8_LANE_NUM3_5_DW02_mult_1_DW02_mult_31', a pin on submodule 'FS_1' is connected to logic 1 or logic 0. (LINT-32)
   Pin 'B[3]' is connected to logic 0. 
Warning: In design 'mac_pipeline_superscalar_DATA_WIDTH8_LANE_NUM3_5_DW02_mult_1_DW02_mult_31', a pin on submodule 'FS_1' is connected to logic 1 or logic 0. (LINT-32)
   Pin 'B[2]' is connected to logic 0. 
Warning: In design 'mac_pipeline_superscalar_DATA_WIDTH8_LANE_NUM3_5_DW02_mult_1_DW02_mult_31', a pin on submodule 'FS_1' is connected to logic 1 or logic 0. (LINT-32)
   Pin 'B[1]' is connected to logic 0. 
Warning: In design 'mac_pipeline_superscalar_DATA_WIDTH8_LANE_NUM3_5_DW02_mult_1_DW02_mult_31', a pin on submodule 'FS_1' is connected to logic 1 or logic 0. (LINT-32)
   Pin 'B[0]' is connected to logic 0. 
Warning: In design 'mac_pipeline_superscalar_DATA_WIDTH8_LANE_NUM3_5_DW02_mult_1_DW02_mult_31', a pin on submodule 'FS_1' is connected to logic 1 or logic 0. (LINT-32)
   Pin 'CI' is connected to logic 0. 
Warning: In design 'mac_pipeline_superscalar_DATA_WIDTH8_LANE_NUM3_5_DW02_mult_2_DW02_mult_32', a pin on submodule 'FS_1' is connected to logic 1 or logic 0. (LINT-32)
   Pin 'B[5]' is connected to logic 0. 
Warning: In design 'mac_pipeline_superscalar_DATA_WIDTH8_LANE_NUM3_5_DW02_mult_2_DW02_mult_32', a pin on submodule 'FS_1' is connected to logic 1 or logic 0. (LINT-32)
   Pin 'B[4]' is connected to logic 0. 
Warning: In design 'mac_pipeline_superscalar_DATA_WIDTH8_LANE_NUM3_5_DW02_mult_2_DW02_mult_32', a pin on submodule 'FS_1' is connected to logic 1 or logic 0. (LINT-32)
   Pin 'B[3]' is connected to logic 0. 
Warning: In design 'mac_pipeline_superscalar_DATA_WIDTH8_LANE_NUM3_5_DW02_mult_2_DW02_mult_32', a pin on submodule 'FS_1' is connected to logic 1 or logic 0. (LINT-32)
   Pin 'B[2]' is connected to logic 0. 
Warning: In design 'mac_pipeline_superscalar_DATA_WIDTH8_LANE_NUM3_5_DW02_mult_2_DW02_mult_32', a pin on submodule 'FS_1' is connected to logic 1 or logic 0. (LINT-32)
   Pin 'B[1]' is connected to logic 0. 
Warning: In design 'mac_pipeline_superscalar_DATA_WIDTH8_LANE_NUM3_5_DW02_mult_2_DW02_mult_32', a pin on submodule 'FS_1' is connected to logic 1 or logic 0. (LINT-32)
   Pin 'B[0]' is connected to logic 0. 
Warning: In design 'mac_pipeline_superscalar_DATA_WIDTH8_LANE_NUM3_5_DW02_mult_2_DW02_mult_32', a pin on submodule 'FS_1' is connected to logic 1 or logic 0. (LINT-32)
   Pin 'CI' is connected to logic 0. 
Warning: In design 'mac_pipeline_superscalar_DATA_WIDTH8_LANE_NUM3_4_DW02_mult_0_DW02_mult_33', a pin on submodule 'FS_1' is connected to logic 1 or logic 0. (LINT-32)
   Pin 'B[5]' is connected to logic 0. 
Warning: In design 'mac_pipeline_superscalar_DATA_WIDTH8_LANE_NUM3_4_DW02_mult_0_DW02_mult_33', a pin on submodule 'FS_1' is connected to logic 1 or logic 0. (LINT-32)
   Pin 'B[4]' is connected to logic 0. 
Warning: In design 'mac_pipeline_superscalar_DATA_WIDTH8_LANE_NUM3_4_DW02_mult_0_DW02_mult_33', a pin on submodule 'FS_1' is connected to logic 1 or logic 0. (LINT-32)
   Pin 'B[3]' is connected to logic 0. 
Warning: In design 'mac_pipeline_superscalar_DATA_WIDTH8_LANE_NUM3_4_DW02_mult_0_DW02_mult_33', a pin on submodule 'FS_1' is connected to logic 1 or logic 0. (LINT-32)
   Pin 'B[2]' is connected to logic 0. 
Warning: In design 'mac_pipeline_superscalar_DATA_WIDTH8_LANE_NUM3_4_DW02_mult_0_DW02_mult_33', a pin on submodule 'FS_1' is connected to logic 1 or logic 0. (LINT-32)
   Pin 'B[1]' is connected to logic 0. 
Warning: In design 'mac_pipeline_superscalar_DATA_WIDTH8_LANE_NUM3_4_DW02_mult_0_DW02_mult_33', a pin on submodule 'FS_1' is connected to logic 1 or logic 0. (LINT-32)
   Pin 'B[0]' is connected to logic 0. 
Warning: In design 'mac_pipeline_superscalar_DATA_WIDTH8_LANE_NUM3_4_DW02_mult_0_DW02_mult_33', a pin on submodule 'FS_1' is connected to logic 1 or logic 0. (LINT-32)
   Pin 'CI' is connected to logic 0. 
Warning: In design 'mac_pipeline_superscalar_DATA_WIDTH8_LANE_NUM3_4_DW02_mult_1_DW02_mult_34', a pin on submodule 'FS_1' is connected to logic 1 or logic 0. (LINT-32)
   Pin 'B[5]' is connected to logic 0. 
Warning: In design 'mac_pipeline_superscalar_DATA_WIDTH8_LANE_NUM3_4_DW02_mult_1_DW02_mult_34', a pin on submodule 'FS_1' is connected to logic 1 or logic 0. (LINT-32)
   Pin 'B[4]' is connected to logic 0. 
Warning: In design 'mac_pipeline_superscalar_DATA_WIDTH8_LANE_NUM3_4_DW02_mult_1_DW02_mult_34', a pin on submodule 'FS_1' is connected to logic 1 or logic 0. (LINT-32)
   Pin 'B[3]' is connected to logic 0. 
Warning: In design 'mac_pipeline_superscalar_DATA_WIDTH8_LANE_NUM3_4_DW02_mult_1_DW02_mult_34', a pin on submodule 'FS_1' is connected to logic 1 or logic 0. (LINT-32)
   Pin 'B[2]' is connected to logic 0. 
Warning: In design 'mac_pipeline_superscalar_DATA_WIDTH8_LANE_NUM3_4_DW02_mult_1_DW02_mult_34', a pin on submodule 'FS_1' is connected to logic 1 or logic 0. (LINT-32)
   Pin 'B[1]' is connected to logic 0. 
Warning: In design 'mac_pipeline_superscalar_DATA_WIDTH8_LANE_NUM3_4_DW02_mult_1_DW02_mult_34', a pin on submodule 'FS_1' is connected to logic 1 or logic 0. (LINT-32)
   Pin 'B[0]' is connected to logic 0. 
Warning: In design 'mac_pipeline_superscalar_DATA_WIDTH8_LANE_NUM3_4_DW02_mult_1_DW02_mult_34', a pin on submodule 'FS_1' is connected to logic 1 or logic 0. (LINT-32)
   Pin 'CI' is connected to logic 0. 
Warning: In design 'mac_pipeline_superscalar_DATA_WIDTH8_LANE_NUM3_4_DW02_mult_2_DW02_mult_35', a pin on submodule 'FS_1' is connected to logic 1 or logic 0. (LINT-32)
   Pin 'B[5]' is connected to logic 0. 
Warning: In design 'mac_pipeline_superscalar_DATA_WIDTH8_LANE_NUM3_4_DW02_mult_2_DW02_mult_35', a pin on submodule 'FS_1' is connected to logic 1 or logic 0. (LINT-32)
   Pin 'B[4]' is connected to logic 0. 
Warning: In design 'mac_pipeline_superscalar_DATA_WIDTH8_LANE_NUM3_4_DW02_mult_2_DW02_mult_35', a pin on submodule 'FS_1' is connected to logic 1 or logic 0. (LINT-32)
   Pin 'B[3]' is connected to logic 0. 
Warning: In design 'mac_pipeline_superscalar_DATA_WIDTH8_LANE_NUM3_4_DW02_mult_2_DW02_mult_35', a pin on submodule 'FS_1' is connected to logic 1 or logic 0. (LINT-32)
   Pin 'B[2]' is connected to logic 0. 
Warning: In design 'mac_pipeline_superscalar_DATA_WIDTH8_LANE_NUM3_4_DW02_mult_2_DW02_mult_35', a pin on submodule 'FS_1' is connected to logic 1 or logic 0. (LINT-32)
   Pin 'B[1]' is connected to logic 0. 
Warning: In design 'mac_pipeline_superscalar_DATA_WIDTH8_LANE_NUM3_4_DW02_mult_2_DW02_mult_35', a pin on submodule 'FS_1' is connected to logic 1 or logic 0. (LINT-32)
   Pin 'B[0]' is connected to logic 0. 
Warning: In design 'mac_pipeline_superscalar_DATA_WIDTH8_LANE_NUM3_4_DW02_mult_2_DW02_mult_35', a pin on submodule 'FS_1' is connected to logic 1 or logic 0. (LINT-32)
   Pin 'CI' is connected to logic 0. 
Warning: In design 'mac_pipeline_superscalar_DATA_WIDTH8_LANE_NUM3_3_DW02_mult_0_DW02_mult_36', a pin on submodule 'FS_1' is connected to logic 1 or logic 0. (LINT-32)
   Pin 'B[5]' is connected to logic 0. 
Warning: In design 'mac_pipeline_superscalar_DATA_WIDTH8_LANE_NUM3_3_DW02_mult_0_DW02_mult_36', a pin on submodule 'FS_1' is connected to logic 1 or logic 0. (LINT-32)
   Pin 'B[4]' is connected to logic 0. 
Warning: In design 'mac_pipeline_superscalar_DATA_WIDTH8_LANE_NUM3_3_DW02_mult_0_DW02_mult_36', a pin on submodule 'FS_1' is connected to logic 1 or logic 0. (LINT-32)
   Pin 'B[3]' is connected to logic 0. 
Warning: In design 'mac_pipeline_superscalar_DATA_WIDTH8_LANE_NUM3_3_DW02_mult_0_DW02_mult_36', a pin on submodule 'FS_1' is connected to logic 1 or logic 0. (LINT-32)
   Pin 'B[2]' is connected to logic 0. 
Warning: In design 'mac_pipeline_superscalar_DATA_WIDTH8_LANE_NUM3_3_DW02_mult_0_DW02_mult_36', a pin on submodule 'FS_1' is connected to logic 1 or logic 0. (LINT-32)
   Pin 'B[1]' is connected to logic 0. 
Warning: In design 'mac_pipeline_superscalar_DATA_WIDTH8_LANE_NUM3_3_DW02_mult_0_DW02_mult_36', a pin on submodule 'FS_1' is connected to logic 1 or logic 0. (LINT-32)
   Pin 'B[0]' is connected to logic 0. 
Warning: In design 'mac_pipeline_superscalar_DATA_WIDTH8_LANE_NUM3_3_DW02_mult_0_DW02_mult_36', a pin on submodule 'FS_1' is connected to logic 1 or logic 0. (LINT-32)
   Pin 'CI' is connected to logic 0. 
Warning: In design 'mac_pipeline_superscalar_DATA_WIDTH8_LANE_NUM3_3_DW02_mult_1_DW02_mult_37', a pin on submodule 'FS_1' is connected to logic 1 or logic 0. (LINT-32)
   Pin 'B[5]' is connected to logic 0. 
Warning: In design 'mac_pipeline_superscalar_DATA_WIDTH8_LANE_NUM3_3_DW02_mult_1_DW02_mult_37', a pin on submodule 'FS_1' is connected to logic 1 or logic 0. (LINT-32)
   Pin 'B[4]' is connected to logic 0. 
Warning: In design 'mac_pipeline_superscalar_DATA_WIDTH8_LANE_NUM3_3_DW02_mult_1_DW02_mult_37', a pin on submodule 'FS_1' is connected to logic 1 or logic 0. (LINT-32)
   Pin 'B[3]' is connected to logic 0. 
Warning: In design 'mac_pipeline_superscalar_DATA_WIDTH8_LANE_NUM3_3_DW02_mult_1_DW02_mult_37', a pin on submodule 'FS_1' is connected to logic 1 or logic 0. (LINT-32)
   Pin 'B[2]' is connected to logic 0. 
Warning: In design 'mac_pipeline_superscalar_DATA_WIDTH8_LANE_NUM3_3_DW02_mult_1_DW02_mult_37', a pin on submodule 'FS_1' is connected to logic 1 or logic 0. (LINT-32)
   Pin 'B[1]' is connected to logic 0. 
Warning: In design 'mac_pipeline_superscalar_DATA_WIDTH8_LANE_NUM3_3_DW02_mult_1_DW02_mult_37', a pin on submodule 'FS_1' is connected to logic 1 or logic 0. (LINT-32)
   Pin 'B[0]' is connected to logic 0. 
Warning: In design 'mac_pipeline_superscalar_DATA_WIDTH8_LANE_NUM3_3_DW02_mult_1_DW02_mult_37', a pin on submodule 'FS_1' is connected to logic 1 or logic 0. (LINT-32)
   Pin 'CI' is connected to logic 0. 
Warning: In design 'mac_pipeline_superscalar_DATA_WIDTH8_LANE_NUM3_3_DW02_mult_2_DW02_mult_38', a pin on submodule 'FS_1' is connected to logic 1 or logic 0. (LINT-32)
   Pin 'B[5]' is connected to logic 0. 
Warning: In design 'mac_pipeline_superscalar_DATA_WIDTH8_LANE_NUM3_3_DW02_mult_2_DW02_mult_38', a pin on submodule 'FS_1' is connected to logic 1 or logic 0. (LINT-32)
   Pin 'B[4]' is connected to logic 0. 
Warning: In design 'mac_pipeline_superscalar_DATA_WIDTH8_LANE_NUM3_3_DW02_mult_2_DW02_mult_38', a pin on submodule 'FS_1' is connected to logic 1 or logic 0. (LINT-32)
   Pin 'B[3]' is connected to logic 0. 
Warning: In design 'mac_pipeline_superscalar_DATA_WIDTH8_LANE_NUM3_3_DW02_mult_2_DW02_mult_38', a pin on submodule 'FS_1' is connected to logic 1 or logic 0. (LINT-32)
   Pin 'B[2]' is connected to logic 0. 
Warning: In design 'mac_pipeline_superscalar_DATA_WIDTH8_LANE_NUM3_3_DW02_mult_2_DW02_mult_38', a pin on submodule 'FS_1' is connected to logic 1 or logic 0. (LINT-32)
   Pin 'B[1]' is connected to logic 0. 
Warning: In design 'mac_pipeline_superscalar_DATA_WIDTH8_LANE_NUM3_3_DW02_mult_2_DW02_mult_38', a pin on submodule 'FS_1' is connected to logic 1 or logic 0. (LINT-32)
   Pin 'B[0]' is connected to logic 0. 
Warning: In design 'mac_pipeline_superscalar_DATA_WIDTH8_LANE_NUM3_3_DW02_mult_2_DW02_mult_38', a pin on submodule 'FS_1' is connected to logic 1 or logic 0. (LINT-32)
   Pin 'CI' is connected to logic 0. 
Warning: In design 'mac_pipeline_superscalar_DATA_WIDTH8_LANE_NUM3_2_DW02_mult_0_DW02_mult_39', a pin on submodule 'FS_1' is connected to logic 1 or logic 0. (LINT-32)
   Pin 'B[5]' is connected to logic 0. 
Warning: In design 'mac_pipeline_superscalar_DATA_WIDTH8_LANE_NUM3_2_DW02_mult_0_DW02_mult_39', a pin on submodule 'FS_1' is connected to logic 1 or logic 0. (LINT-32)
   Pin 'B[4]' is connected to logic 0. 
Warning: In design 'mac_pipeline_superscalar_DATA_WIDTH8_LANE_NUM3_2_DW02_mult_0_DW02_mult_39', a pin on submodule 'FS_1' is connected to logic 1 or logic 0. (LINT-32)
   Pin 'B[3]' is connected to logic 0. 
Warning: In design 'mac_pipeline_superscalar_DATA_WIDTH8_LANE_NUM3_2_DW02_mult_0_DW02_mult_39', a pin on submodule 'FS_1' is connected to logic 1 or logic 0. (LINT-32)
   Pin 'B[2]' is connected to logic 0. 
Warning: In design 'mac_pipeline_superscalar_DATA_WIDTH8_LANE_NUM3_2_DW02_mult_0_DW02_mult_39', a pin on submodule 'FS_1' is connected to logic 1 or logic 0. (LINT-32)
   Pin 'B[1]' is connected to logic 0. 
Warning: In design 'mac_pipeline_superscalar_DATA_WIDTH8_LANE_NUM3_2_DW02_mult_0_DW02_mult_39', a pin on submodule 'FS_1' is connected to logic 1 or logic 0. (LINT-32)
   Pin 'B[0]' is connected to logic 0. 
Warning: In design 'mac_pipeline_superscalar_DATA_WIDTH8_LANE_NUM3_2_DW02_mult_0_DW02_mult_39', a pin on submodule 'FS_1' is connected to logic 1 or logic 0. (LINT-32)
   Pin 'CI' is connected to logic 0. 
Warning: In design 'mac_pipeline_superscalar_DATA_WIDTH8_LANE_NUM3_2_DW02_mult_1_DW02_mult_40', a pin on submodule 'FS_1' is connected to logic 1 or logic 0. (LINT-32)
   Pin 'B[5]' is connected to logic 0. 
Warning: In design 'mac_pipeline_superscalar_DATA_WIDTH8_LANE_NUM3_2_DW02_mult_1_DW02_mult_40', a pin on submodule 'FS_1' is connected to logic 1 or logic 0. (LINT-32)
   Pin 'B[4]' is connected to logic 0. 
Warning: In design 'mac_pipeline_superscalar_DATA_WIDTH8_LANE_NUM3_2_DW02_mult_1_DW02_mult_40', a pin on submodule 'FS_1' is connected to logic 1 or logic 0. (LINT-32)
   Pin 'B[3]' is connected to logic 0. 
Warning: In design 'mac_pipeline_superscalar_DATA_WIDTH8_LANE_NUM3_2_DW02_mult_1_DW02_mult_40', a pin on submodule 'FS_1' is connected to logic 1 or logic 0. (LINT-32)
   Pin 'B[2]' is connected to logic 0. 
Warning: In design 'mac_pipeline_superscalar_DATA_WIDTH8_LANE_NUM3_2_DW02_mult_1_DW02_mult_40', a pin on submodule 'FS_1' is connected to logic 1 or logic 0. (LINT-32)
   Pin 'B[1]' is connected to logic 0. 
Warning: In design 'mac_pipeline_superscalar_DATA_WIDTH8_LANE_NUM3_2_DW02_mult_1_DW02_mult_40', a pin on submodule 'FS_1' is connected to logic 1 or logic 0. (LINT-32)
   Pin 'B[0]' is connected to logic 0. 
Warning: In design 'mac_pipeline_superscalar_DATA_WIDTH8_LANE_NUM3_2_DW02_mult_1_DW02_mult_40', a pin on submodule 'FS_1' is connected to logic 1 or logic 0. (LINT-32)
   Pin 'CI' is connected to logic 0. 
Warning: In design 'mac_pipeline_superscalar_DATA_WIDTH8_LANE_NUM3_2_DW02_mult_2_DW02_mult_41', a pin on submodule 'FS_1' is connected to logic 1 or logic 0. (LINT-32)
   Pin 'B[5]' is connected to logic 0. 
Warning: In design 'mac_pipeline_superscalar_DATA_WIDTH8_LANE_NUM3_2_DW02_mult_2_DW02_mult_41', a pin on submodule 'FS_1' is connected to logic 1 or logic 0. (LINT-32)
   Pin 'B[4]' is connected to logic 0. 
Warning: In design 'mac_pipeline_superscalar_DATA_WIDTH8_LANE_NUM3_2_DW02_mult_2_DW02_mult_41', a pin on submodule 'FS_1' is connected to logic 1 or logic 0. (LINT-32)
   Pin 'B[3]' is connected to logic 0. 
Warning: In design 'mac_pipeline_superscalar_DATA_WIDTH8_LANE_NUM3_2_DW02_mult_2_DW02_mult_41', a pin on submodule 'FS_1' is connected to logic 1 or logic 0. (LINT-32)
   Pin 'B[2]' is connected to logic 0. 
Warning: In design 'mac_pipeline_superscalar_DATA_WIDTH8_LANE_NUM3_2_DW02_mult_2_DW02_mult_41', a pin on submodule 'FS_1' is connected to logic 1 or logic 0. (LINT-32)
   Pin 'B[1]' is connected to logic 0. 
Warning: In design 'mac_pipeline_superscalar_DATA_WIDTH8_LANE_NUM3_2_DW02_mult_2_DW02_mult_41', a pin on submodule 'FS_1' is connected to logic 1 or logic 0. (LINT-32)
   Pin 'B[0]' is connected to logic 0. 
Warning: In design 'mac_pipeline_superscalar_DATA_WIDTH8_LANE_NUM3_2_DW02_mult_2_DW02_mult_41', a pin on submodule 'FS_1' is connected to logic 1 or logic 0. (LINT-32)
   Pin 'CI' is connected to logic 0. 
Warning: In design 'mac_pipeline_superscalar_DATA_WIDTH8_LANE_NUM3_1_DW02_mult_0_DW02_mult_42', a pin on submodule 'FS_1' is connected to logic 1 or logic 0. (LINT-32)
   Pin 'B[5]' is connected to logic 0. 
Warning: In design 'mac_pipeline_superscalar_DATA_WIDTH8_LANE_NUM3_1_DW02_mult_0_DW02_mult_42', a pin on submodule 'FS_1' is connected to logic 1 or logic 0. (LINT-32)
   Pin 'B[4]' is connected to logic 0. 
Warning: In design 'mac_pipeline_superscalar_DATA_WIDTH8_LANE_NUM3_1_DW02_mult_0_DW02_mult_42', a pin on submodule 'FS_1' is connected to logic 1 or logic 0. (LINT-32)
   Pin 'B[3]' is connected to logic 0. 
Warning: In design 'mac_pipeline_superscalar_DATA_WIDTH8_LANE_NUM3_1_DW02_mult_0_DW02_mult_42', a pin on submodule 'FS_1' is connected to logic 1 or logic 0. (LINT-32)
   Pin 'B[2]' is connected to logic 0. 
Warning: In design 'mac_pipeline_superscalar_DATA_WIDTH8_LANE_NUM3_1_DW02_mult_0_DW02_mult_42', a pin on submodule 'FS_1' is connected to logic 1 or logic 0. (LINT-32)
   Pin 'B[1]' is connected to logic 0. 
Warning: In design 'mac_pipeline_superscalar_DATA_WIDTH8_LANE_NUM3_1_DW02_mult_0_DW02_mult_42', a pin on submodule 'FS_1' is connected to logic 1 or logic 0. (LINT-32)
   Pin 'B[0]' is connected to logic 0. 
Warning: In design 'mac_pipeline_superscalar_DATA_WIDTH8_LANE_NUM3_1_DW02_mult_0_DW02_mult_42', a pin on submodule 'FS_1' is connected to logic 1 or logic 0. (LINT-32)
   Pin 'CI' is connected to logic 0. 
Warning: In design 'mac_pipeline_superscalar_DATA_WIDTH8_LANE_NUM3_1_DW02_mult_1_DW02_mult_43', a pin on submodule 'FS_1' is connected to logic 1 or logic 0. (LINT-32)
   Pin 'B[5]' is connected to logic 0. 
Warning: In design 'mac_pipeline_superscalar_DATA_WIDTH8_LANE_NUM3_1_DW02_mult_1_DW02_mult_43', a pin on submodule 'FS_1' is connected to logic 1 or logic 0. (LINT-32)
   Pin 'B[4]' is connected to logic 0. 
Warning: In design 'mac_pipeline_superscalar_DATA_WIDTH8_LANE_NUM3_1_DW02_mult_1_DW02_mult_43', a pin on submodule 'FS_1' is connected to logic 1 or logic 0. (LINT-32)
   Pin 'B[3]' is connected to logic 0. 
Warning: In design 'mac_pipeline_superscalar_DATA_WIDTH8_LANE_NUM3_1_DW02_mult_1_DW02_mult_43', a pin on submodule 'FS_1' is connected to logic 1 or logic 0. (LINT-32)
   Pin 'B[2]' is connected to logic 0. 
Warning: In design 'mac_pipeline_superscalar_DATA_WIDTH8_LANE_NUM3_1_DW02_mult_1_DW02_mult_43', a pin on submodule 'FS_1' is connected to logic 1 or logic 0. (LINT-32)
   Pin 'B[1]' is connected to logic 0. 
Warning: In design 'mac_pipeline_superscalar_DATA_WIDTH8_LANE_NUM3_1_DW02_mult_1_DW02_mult_43', a pin on submodule 'FS_1' is connected to logic 1 or logic 0. (LINT-32)
   Pin 'B[0]' is connected to logic 0. 
Warning: In design 'mac_pipeline_superscalar_DATA_WIDTH8_LANE_NUM3_1_DW02_mult_1_DW02_mult_43', a pin on submodule 'FS_1' is connected to logic 1 or logic 0. (LINT-32)
   Pin 'CI' is connected to logic 0. 
Warning: In design 'mac_pipeline_superscalar_DATA_WIDTH8_LANE_NUM3_1_DW02_mult_2_DW02_mult_44', a pin on submodule 'FS_1' is connected to logic 1 or logic 0. (LINT-32)
   Pin 'B[5]' is connected to logic 0. 
Warning: In design 'mac_pipeline_superscalar_DATA_WIDTH8_LANE_NUM3_1_DW02_mult_2_DW02_mult_44', a pin on submodule 'FS_1' is connected to logic 1 or logic 0. (LINT-32)
   Pin 'B[4]' is connected to logic 0. 
Warning: In design 'mac_pipeline_superscalar_DATA_WIDTH8_LANE_NUM3_1_DW02_mult_2_DW02_mult_44', a pin on submodule 'FS_1' is connected to logic 1 or logic 0. (LINT-32)
   Pin 'B[3]' is connected to logic 0. 
Warning: In design 'mac_pipeline_superscalar_DATA_WIDTH8_LANE_NUM3_1_DW02_mult_2_DW02_mult_44', a pin on submodule 'FS_1' is connected to logic 1 or logic 0. (LINT-32)
   Pin 'B[2]' is connected to logic 0. 
Warning: In design 'mac_pipeline_superscalar_DATA_WIDTH8_LANE_NUM3_1_DW02_mult_2_DW02_mult_44', a pin on submodule 'FS_1' is connected to logic 1 or logic 0. (LINT-32)
   Pin 'B[1]' is connected to logic 0. 
Warning: In design 'mac_pipeline_superscalar_DATA_WIDTH8_LANE_NUM3_1_DW02_mult_2_DW02_mult_44', a pin on submodule 'FS_1' is connected to logic 1 or logic 0. (LINT-32)
   Pin 'B[0]' is connected to logic 0. 
Warning: In design 'mac_pipeline_superscalar_DATA_WIDTH8_LANE_NUM3_1_DW02_mult_2_DW02_mult_44', a pin on submodule 'FS_1' is connected to logic 1 or logic 0. (LINT-32)
   Pin 'CI' is connected to logic 0. 
Warning: In design 'mac_pipeline_superscalar_DATA_WIDTH8_LANE_NUM3_0_DW02_mult_0_DW02_mult_45', a pin on submodule 'FS_1' is connected to logic 1 or logic 0. (LINT-32)
   Pin 'B[5]' is connected to logic 0. 
Warning: In design 'mac_pipeline_superscalar_DATA_WIDTH8_LANE_NUM3_0_DW02_mult_0_DW02_mult_45', a pin on submodule 'FS_1' is connected to logic 1 or logic 0. (LINT-32)
   Pin 'B[4]' is connected to logic 0. 
Warning: In design 'mac_pipeline_superscalar_DATA_WIDTH8_LANE_NUM3_0_DW02_mult_0_DW02_mult_45', a pin on submodule 'FS_1' is connected to logic 1 or logic 0. (LINT-32)
   Pin 'B[3]' is connected to logic 0. 
Warning: In design 'mac_pipeline_superscalar_DATA_WIDTH8_LANE_NUM3_0_DW02_mult_0_DW02_mult_45', a pin on submodule 'FS_1' is connected to logic 1 or logic 0. (LINT-32)
   Pin 'B[2]' is connected to logic 0. 
Warning: In design 'mac_pipeline_superscalar_DATA_WIDTH8_LANE_NUM3_0_DW02_mult_0_DW02_mult_45', a pin on submodule 'FS_1' is connected to logic 1 or logic 0. (LINT-32)
   Pin 'B[1]' is connected to logic 0. 
Warning: In design 'mac_pipeline_superscalar_DATA_WIDTH8_LANE_NUM3_0_DW02_mult_0_DW02_mult_45', a pin on submodule 'FS_1' is connected to logic 1 or logic 0. (LINT-32)
   Pin 'B[0]' is connected to logic 0. 
Warning: In design 'mac_pipeline_superscalar_DATA_WIDTH8_LANE_NUM3_0_DW02_mult_0_DW02_mult_45', a pin on submodule 'FS_1' is connected to logic 1 or logic 0. (LINT-32)
   Pin 'CI' is connected to logic 0. 
Warning: In design 'mac_pipeline_superscalar_DATA_WIDTH8_LANE_NUM3_0_DW02_mult_1_DW02_mult_46', a pin on submodule 'FS_1' is connected to logic 1 or logic 0. (LINT-32)
   Pin 'B[5]' is connected to logic 0. 
Warning: In design 'mac_pipeline_superscalar_DATA_WIDTH8_LANE_NUM3_0_DW02_mult_1_DW02_mult_46', a pin on submodule 'FS_1' is connected to logic 1 or logic 0. (LINT-32)
   Pin 'B[4]' is connected to logic 0. 
Warning: In design 'mac_pipeline_superscalar_DATA_WIDTH8_LANE_NUM3_0_DW02_mult_1_DW02_mult_46', a pin on submodule 'FS_1' is connected to logic 1 or logic 0. (LINT-32)
   Pin 'B[3]' is connected to logic 0. 
Warning: In design 'mac_pipeline_superscalar_DATA_WIDTH8_LANE_NUM3_0_DW02_mult_1_DW02_mult_46', a pin on submodule 'FS_1' is connected to logic 1 or logic 0. (LINT-32)
   Pin 'B[2]' is connected to logic 0. 
Warning: In design 'mac_pipeline_superscalar_DATA_WIDTH8_LANE_NUM3_0_DW02_mult_1_DW02_mult_46', a pin on submodule 'FS_1' is connected to logic 1 or logic 0. (LINT-32)
   Pin 'B[1]' is connected to logic 0. 
Warning: In design 'mac_pipeline_superscalar_DATA_WIDTH8_LANE_NUM3_0_DW02_mult_1_DW02_mult_46', a pin on submodule 'FS_1' is connected to logic 1 or logic 0. (LINT-32)
   Pin 'B[0]' is connected to logic 0. 
Warning: In design 'mac_pipeline_superscalar_DATA_WIDTH8_LANE_NUM3_0_DW02_mult_1_DW02_mult_46', a pin on submodule 'FS_1' is connected to logic 1 or logic 0. (LINT-32)
   Pin 'CI' is connected to logic 0. 
Warning: In design 'mac_pipeline_superscalar_DATA_WIDTH8_LANE_NUM3_0_DW02_mult_2_DW02_mult_47', a pin on submodule 'FS_1' is connected to logic 1 or logic 0. (LINT-32)
   Pin 'B[5]' is connected to logic 0. 
Warning: In design 'mac_pipeline_superscalar_DATA_WIDTH8_LANE_NUM3_0_DW02_mult_2_DW02_mult_47', a pin on submodule 'FS_1' is connected to logic 1 or logic 0. (LINT-32)
   Pin 'B[4]' is connected to logic 0. 
Warning: In design 'mac_pipeline_superscalar_DATA_WIDTH8_LANE_NUM3_0_DW02_mult_2_DW02_mult_47', a pin on submodule 'FS_1' is connected to logic 1 or logic 0. (LINT-32)
   Pin 'B[3]' is connected to logic 0. 
Warning: In design 'mac_pipeline_superscalar_DATA_WIDTH8_LANE_NUM3_0_DW02_mult_2_DW02_mult_47', a pin on submodule 'FS_1' is connected to logic 1 or logic 0. (LINT-32)
   Pin 'B[2]' is connected to logic 0. 
Warning: In design 'mac_pipeline_superscalar_DATA_WIDTH8_LANE_NUM3_0_DW02_mult_2_DW02_mult_47', a pin on submodule 'FS_1' is connected to logic 1 or logic 0. (LINT-32)
   Pin 'B[1]' is connected to logic 0. 
Warning: In design 'mac_pipeline_superscalar_DATA_WIDTH8_LANE_NUM3_0_DW02_mult_2_DW02_mult_47', a pin on submodule 'FS_1' is connected to logic 1 or logic 0. (LINT-32)
   Pin 'B[0]' is connected to logic 0. 
Warning: In design 'mac_pipeline_superscalar_DATA_WIDTH8_LANE_NUM3_0_DW02_mult_2_DW02_mult_47', a pin on submodule 'FS_1' is connected to logic 1 or logic 0. (LINT-32)
   Pin 'CI' is connected to logic 0. 
Warning: In design 'mac_pipeline_superscalar_DATA_WIDTH8_LANE_NUM3_15', the same net is connected to more than one pin on submodule 'add_60_I3'. (LINT-33)
   Net 'N277' is connected to pins 'B[19]', 'B[18]'', 'B[17]', 'B[16]', 'B[15]'.
Warning: In design 'mac_pipeline_superscalar_DATA_WIDTH8_LANE_NUM3_15', the same net is connected to more than one pin on submodule 'add_60_I2'. (LINT-33)
   Net 'N241' is connected to pins 'B[19]', 'B[18]'', 'B[17]', 'B[16]', 'B[15]'.
Warning: In design 'mac_pipeline_superscalar_DATA_WIDTH8_LANE_NUM3_15', the same net is connected to more than one pin on submodule 'add_60'. (LINT-33)
   Net 'N205' is connected to pins 'B[19]', 'B[18]'', 'B[17]', 'B[16]', 'B[15]'.
Warning: In design 'mac_pipeline_superscalar_DATA_WIDTH8_LANE_NUM3_15', the same net is connected to more than one pin on submodule 'add_51_I3'. (LINT-33)
   Net 'N277' is connected to pins 'B[19]', 'B[18]'', 'B[17]', 'B[16]', 'B[15]'.
Warning: In design 'mac_pipeline_superscalar_DATA_WIDTH8_LANE_NUM3_15', the same net is connected to more than one pin on submodule 'add_51_I2'. (LINT-33)
   Net 'N241' is connected to pins 'B[19]', 'B[18]'', 'B[17]', 'B[16]', 'B[15]'.
Warning: In design 'mac_pipeline_superscalar_DATA_WIDTH8_LANE_NUM3_15', the same net is connected to more than one pin on submodule 'add_51'. (LINT-33)
   Net 'N205' is connected to pins 'B[19]', 'B[18]'', 'B[17]', 'B[16]', 'B[15]'.
Warning: In design 'bias_relu_2', the same net is connected to more than one pin on submodule 'add_51'. (LINT-33)
   Net 'n32' is connected to pins 'A[7]', 'A[6]'', 'A[5]', 'A[4]', 'A[3]', 'A[2]', 'A[1]', 'A[0]'.
Warning: In design 'bias_relu_2', the same net is connected to more than one pin on submodule 'add_51'. (LINT-33)
   Net 'n1' is connected to pins 'B[31]', 'B[30]'', 'B[29]', 'B[28]', 'B[27]', 'B[26]', 'B[25]', 'B[24]', 'B[23]', 'B[22]', 'B[21]', 'B[20]'.
Warning: In design 'mac_pipeline_superscalar_DATA_WIDTH8_LANE_NUM3_0', the same net is connected to more than one pin on submodule 'add_60_I3'. (LINT-33)
   Net 'N277' is connected to pins 'B[19]', 'B[18]'', 'B[17]', 'B[16]', 'B[15]'.
Warning: In design 'mac_pipeline_superscalar_DATA_WIDTH8_LANE_NUM3_0', the same net is connected to more than one pin on submodule 'add_60_I2'. (LINT-33)
   Net 'N241' is connected to pins 'B[19]', 'B[18]'', 'B[17]', 'B[16]', 'B[15]'.
Warning: In design 'mac_pipeline_superscalar_DATA_WIDTH8_LANE_NUM3_0', the same net is connected to more than one pin on submodule 'add_60'. (LINT-33)
   Net 'N205' is connected to pins 'B[19]', 'B[18]'', 'B[17]', 'B[16]', 'B[15]'.
Warning: In design 'mac_pipeline_superscalar_DATA_WIDTH8_LANE_NUM3_0', the same net is connected to more than one pin on submodule 'add_51_I3'. (LINT-33)
   Net 'N277' is connected to pins 'B[19]', 'B[18]'', 'B[17]', 'B[16]', 'B[15]'.
Warning: In design 'mac_pipeline_superscalar_DATA_WIDTH8_LANE_NUM3_0', the same net is connected to more than one pin on submodule 'add_51_I2'. (LINT-33)
   Net 'N241' is connected to pins 'B[19]', 'B[18]'', 'B[17]', 'B[16]', 'B[15]'.
Warning: In design 'mac_pipeline_superscalar_DATA_WIDTH8_LANE_NUM3_0', the same net is connected to more than one pin on submodule 'add_51'. (LINT-33)
   Net 'N205' is connected to pins 'B[19]', 'B[18]'', 'B[17]', 'B[16]', 'B[15]'.
Warning: In design 'mac_pipeline_superscalar_DATA_WIDTH8_LANE_NUM3_1', the same net is connected to more than one pin on submodule 'add_60_I3'. (LINT-33)
   Net 'N277' is connected to pins 'B[19]', 'B[18]'', 'B[17]', 'B[16]', 'B[15]'.
Warning: In design 'mac_pipeline_superscalar_DATA_WIDTH8_LANE_NUM3_1', the same net is connected to more than one pin on submodule 'add_60_I2'. (LINT-33)
   Net 'N241' is connected to pins 'B[19]', 'B[18]'', 'B[17]', 'B[16]', 'B[15]'.
Warning: In design 'mac_pipeline_superscalar_DATA_WIDTH8_LANE_NUM3_1', the same net is connected to more than one pin on submodule 'add_60'. (LINT-33)
   Net 'N205' is connected to pins 'B[19]', 'B[18]'', 'B[17]', 'B[16]', 'B[15]'.
Warning: In design 'mac_pipeline_superscalar_DATA_WIDTH8_LANE_NUM3_1', the same net is connected to more than one pin on submodule 'add_51_I3'. (LINT-33)
   Net 'N277' is connected to pins 'B[19]', 'B[18]'', 'B[17]', 'B[16]', 'B[15]'.
Warning: In design 'mac_pipeline_superscalar_DATA_WIDTH8_LANE_NUM3_1', the same net is connected to more than one pin on submodule 'add_51_I2'. (LINT-33)
   Net 'N241' is connected to pins 'B[19]', 'B[18]'', 'B[17]', 'B[16]', 'B[15]'.
Warning: In design 'mac_pipeline_superscalar_DATA_WIDTH8_LANE_NUM3_1', the same net is connected to more than one pin on submodule 'add_51'. (LINT-33)
   Net 'N205' is connected to pins 'B[19]', 'B[18]'', 'B[17]', 'B[16]', 'B[15]'.
Warning: In design 'mac_pipeline_superscalar_DATA_WIDTH8_LANE_NUM3_2', the same net is connected to more than one pin on submodule 'add_60_I3'. (LINT-33)
   Net 'N277' is connected to pins 'B[19]', 'B[18]'', 'B[17]', 'B[16]', 'B[15]'.
Warning: In design 'mac_pipeline_superscalar_DATA_WIDTH8_LANE_NUM3_2', the same net is connected to more than one pin on submodule 'add_60_I2'. (LINT-33)
   Net 'N241' is connected to pins 'B[19]', 'B[18]'', 'B[17]', 'B[16]', 'B[15]'.
Warning: In design 'mac_pipeline_superscalar_DATA_WIDTH8_LANE_NUM3_2', the same net is connected to more than one pin on submodule 'add_60'. (LINT-33)
   Net 'N205' is connected to pins 'B[19]', 'B[18]'', 'B[17]', 'B[16]', 'B[15]'.
Warning: In design 'mac_pipeline_superscalar_DATA_WIDTH8_LANE_NUM3_2', the same net is connected to more than one pin on submodule 'add_51_I3'. (LINT-33)
   Net 'N277' is connected to pins 'B[19]', 'B[18]'', 'B[17]', 'B[16]', 'B[15]'.
Warning: In design 'mac_pipeline_superscalar_DATA_WIDTH8_LANE_NUM3_2', the same net is connected to more than one pin on submodule 'add_51_I2'. (LINT-33)
   Net 'N241' is connected to pins 'B[19]', 'B[18]'', 'B[17]', 'B[16]', 'B[15]'.
Warning: In design 'mac_pipeline_superscalar_DATA_WIDTH8_LANE_NUM3_2', the same net is connected to more than one pin on submodule 'add_51'. (LINT-33)
   Net 'N205' is connected to pins 'B[19]', 'B[18]'', 'B[17]', 'B[16]', 'B[15]'.
Warning: In design 'mac_pipeline_superscalar_DATA_WIDTH8_LANE_NUM3_3', the same net is connected to more than one pin on submodule 'add_60_I3'. (LINT-33)
   Net 'N277' is connected to pins 'B[19]', 'B[18]'', 'B[17]', 'B[16]', 'B[15]'.
Warning: In design 'mac_pipeline_superscalar_DATA_WIDTH8_LANE_NUM3_3', the same net is connected to more than one pin on submodule 'add_60_I2'. (LINT-33)
   Net 'N241' is connected to pins 'B[19]', 'B[18]'', 'B[17]', 'B[16]', 'B[15]'.
Warning: In design 'mac_pipeline_superscalar_DATA_WIDTH8_LANE_NUM3_3', the same net is connected to more than one pin on submodule 'add_60'. (LINT-33)
   Net 'N205' is connected to pins 'B[19]', 'B[18]'', 'B[17]', 'B[16]', 'B[15]'.
Warning: In design 'mac_pipeline_superscalar_DATA_WIDTH8_LANE_NUM3_3', the same net is connected to more than one pin on submodule 'add_51_I3'. (LINT-33)
   Net 'N277' is connected to pins 'B[19]', 'B[18]'', 'B[17]', 'B[16]', 'B[15]'.
Warning: In design 'mac_pipeline_superscalar_DATA_WIDTH8_LANE_NUM3_3', the same net is connected to more than one pin on submodule 'add_51_I2'. (LINT-33)
   Net 'N241' is connected to pins 'B[19]', 'B[18]'', 'B[17]', 'B[16]', 'B[15]'.
Warning: In design 'mac_pipeline_superscalar_DATA_WIDTH8_LANE_NUM3_3', the same net is connected to more than one pin on submodule 'add_51'. (LINT-33)
   Net 'N205' is connected to pins 'B[19]', 'B[18]'', 'B[17]', 'B[16]', 'B[15]'.
Warning: In design 'mac_pipeline_superscalar_DATA_WIDTH8_LANE_NUM3_4', the same net is connected to more than one pin on submodule 'add_60_I3'. (LINT-33)
   Net 'N277' is connected to pins 'B[19]', 'B[18]'', 'B[17]', 'B[16]', 'B[15]'.
Warning: In design 'mac_pipeline_superscalar_DATA_WIDTH8_LANE_NUM3_4', the same net is connected to more than one pin on submodule 'add_60_I2'. (LINT-33)
   Net 'N241' is connected to pins 'B[19]', 'B[18]'', 'B[17]', 'B[16]', 'B[15]'.
Warning: In design 'mac_pipeline_superscalar_DATA_WIDTH8_LANE_NUM3_4', the same net is connected to more than one pin on submodule 'add_60'. (LINT-33)
   Net 'N205' is connected to pins 'B[19]', 'B[18]'', 'B[17]', 'B[16]', 'B[15]'.
Warning: In design 'mac_pipeline_superscalar_DATA_WIDTH8_LANE_NUM3_4', the same net is connected to more than one pin on submodule 'add_51_I3'. (LINT-33)
   Net 'N277' is connected to pins 'B[19]', 'B[18]'', 'B[17]', 'B[16]', 'B[15]'.
Warning: In design 'mac_pipeline_superscalar_DATA_WIDTH8_LANE_NUM3_4', the same net is connected to more than one pin on submodule 'add_51_I2'. (LINT-33)
   Net 'N241' is connected to pins 'B[19]', 'B[18]'', 'B[17]', 'B[16]', 'B[15]'.
Warning: In design 'mac_pipeline_superscalar_DATA_WIDTH8_LANE_NUM3_4', the same net is connected to more than one pin on submodule 'add_51'. (LINT-33)
   Net 'N205' is connected to pins 'B[19]', 'B[18]'', 'B[17]', 'B[16]', 'B[15]'.
Warning: In design 'mac_pipeline_superscalar_DATA_WIDTH8_LANE_NUM3_5', the same net is connected to more than one pin on submodule 'add_60_I3'. (LINT-33)
   Net 'N277' is connected to pins 'B[19]', 'B[18]'', 'B[17]', 'B[16]', 'B[15]'.
Warning: In design 'mac_pipeline_superscalar_DATA_WIDTH8_LANE_NUM3_5', the same net is connected to more than one pin on submodule 'add_60_I2'. (LINT-33)
   Net 'N241' is connected to pins 'B[19]', 'B[18]'', 'B[17]', 'B[16]', 'B[15]'.
Warning: In design 'mac_pipeline_superscalar_DATA_WIDTH8_LANE_NUM3_5', the same net is connected to more than one pin on submodule 'add_60'. (LINT-33)
   Net 'N205' is connected to pins 'B[19]', 'B[18]'', 'B[17]', 'B[16]', 'B[15]'.
Warning: In design 'mac_pipeline_superscalar_DATA_WIDTH8_LANE_NUM3_5', the same net is connected to more than one pin on submodule 'add_51_I3'. (LINT-33)
   Net 'N277' is connected to pins 'B[19]', 'B[18]'', 'B[17]', 'B[16]', 'B[15]'.
Warning: In design 'mac_pipeline_superscalar_DATA_WIDTH8_LANE_NUM3_5', the same net is connected to more than one pin on submodule 'add_51_I2'. (LINT-33)
   Net 'N241' is connected to pins 'B[19]', 'B[18]'', 'B[17]', 'B[16]', 'B[15]'.
Warning: In design 'mac_pipeline_superscalar_DATA_WIDTH8_LANE_NUM3_5', the same net is connected to more than one pin on submodule 'add_51'. (LINT-33)
   Net 'N205' is connected to pins 'B[19]', 'B[18]'', 'B[17]', 'B[16]', 'B[15]'.
Warning: In design 'mac_pipeline_superscalar_DATA_WIDTH8_LANE_NUM3_6', the same net is connected to more than one pin on submodule 'add_60_I3'. (LINT-33)
   Net 'N277' is connected to pins 'B[19]', 'B[18]'', 'B[17]', 'B[16]', 'B[15]'.
Warning: In design 'mac_pipeline_superscalar_DATA_WIDTH8_LANE_NUM3_6', the same net is connected to more than one pin on submodule 'add_60_I2'. (LINT-33)
   Net 'N241' is connected to pins 'B[19]', 'B[18]'', 'B[17]', 'B[16]', 'B[15]'.
Warning: In design 'mac_pipeline_superscalar_DATA_WIDTH8_LANE_NUM3_6', the same net is connected to more than one pin on submodule 'add_60'. (LINT-33)
   Net 'N205' is connected to pins 'B[19]', 'B[18]'', 'B[17]', 'B[16]', 'B[15]'.
Warning: In design 'mac_pipeline_superscalar_DATA_WIDTH8_LANE_NUM3_6', the same net is connected to more than one pin on submodule 'add_51_I3'. (LINT-33)
   Net 'N277' is connected to pins 'B[19]', 'B[18]'', 'B[17]', 'B[16]', 'B[15]'.
Warning: In design 'mac_pipeline_superscalar_DATA_WIDTH8_LANE_NUM3_6', the same net is connected to more than one pin on submodule 'add_51_I2'. (LINT-33)
   Net 'N241' is connected to pins 'B[19]', 'B[18]'', 'B[17]', 'B[16]', 'B[15]'.
Warning: In design 'mac_pipeline_superscalar_DATA_WIDTH8_LANE_NUM3_6', the same net is connected to more than one pin on submodule 'add_51'. (LINT-33)
   Net 'N205' is connected to pins 'B[19]', 'B[18]'', 'B[17]', 'B[16]', 'B[15]'.
Warning: In design 'mac_pipeline_superscalar_DATA_WIDTH8_LANE_NUM3_7', the same net is connected to more than one pin on submodule 'add_60_I3'. (LINT-33)
   Net 'N277' is connected to pins 'B[19]', 'B[18]'', 'B[17]', 'B[16]', 'B[15]'.
Warning: In design 'mac_pipeline_superscalar_DATA_WIDTH8_LANE_NUM3_7', the same net is connected to more than one pin on submodule 'add_60_I2'. (LINT-33)
   Net 'N241' is connected to pins 'B[19]', 'B[18]'', 'B[17]', 'B[16]', 'B[15]'.
Warning: In design 'mac_pipeline_superscalar_DATA_WIDTH8_LANE_NUM3_7', the same net is connected to more than one pin on submodule 'add_60'. (LINT-33)
   Net 'N205' is connected to pins 'B[19]', 'B[18]'', 'B[17]', 'B[16]', 'B[15]'.
Warning: In design 'mac_pipeline_superscalar_DATA_WIDTH8_LANE_NUM3_7', the same net is connected to more than one pin on submodule 'add_51_I3'. (LINT-33)
   Net 'N277' is connected to pins 'B[19]', 'B[18]'', 'B[17]', 'B[16]', 'B[15]'.
Warning: In design 'mac_pipeline_superscalar_DATA_WIDTH8_LANE_NUM3_7', the same net is connected to more than one pin on submodule 'add_51_I2'. (LINT-33)
   Net 'N241' is connected to pins 'B[19]', 'B[18]'', 'B[17]', 'B[16]', 'B[15]'.
Warning: In design 'mac_pipeline_superscalar_DATA_WIDTH8_LANE_NUM3_7', the same net is connected to more than one pin on submodule 'add_51'. (LINT-33)
   Net 'N205' is connected to pins 'B[19]', 'B[18]'', 'B[17]', 'B[16]', 'B[15]'.
Warning: In design 'mac_pipeline_superscalar_DATA_WIDTH8_LANE_NUM3_8', the same net is connected to more than one pin on submodule 'add_60_I3'. (LINT-33)
   Net 'N277' is connected to pins 'B[19]', 'B[18]'', 'B[17]', 'B[16]', 'B[15]'.
Warning: In design 'mac_pipeline_superscalar_DATA_WIDTH8_LANE_NUM3_8', the same net is connected to more than one pin on submodule 'add_60_I2'. (LINT-33)
   Net 'N241' is connected to pins 'B[19]', 'B[18]'', 'B[17]', 'B[16]', 'B[15]'.
Warning: In design 'mac_pipeline_superscalar_DATA_WIDTH8_LANE_NUM3_8', the same net is connected to more than one pin on submodule 'add_60'. (LINT-33)
   Net 'N205' is connected to pins 'B[19]', 'B[18]'', 'B[17]', 'B[16]', 'B[15]'.
Warning: In design 'mac_pipeline_superscalar_DATA_WIDTH8_LANE_NUM3_8', the same net is connected to more than one pin on submodule 'add_51_I3'. (LINT-33)
   Net 'N277' is connected to pins 'B[19]', 'B[18]'', 'B[17]', 'B[16]', 'B[15]'.
Warning: In design 'mac_pipeline_superscalar_DATA_WIDTH8_LANE_NUM3_8', the same net is connected to more than one pin on submodule 'add_51_I2'. (LINT-33)
   Net 'N241' is connected to pins 'B[19]', 'B[18]'', 'B[17]', 'B[16]', 'B[15]'.
Warning: In design 'mac_pipeline_superscalar_DATA_WIDTH8_LANE_NUM3_8', the same net is connected to more than one pin on submodule 'add_51'. (LINT-33)
   Net 'N205' is connected to pins 'B[19]', 'B[18]'', 'B[17]', 'B[16]', 'B[15]'.
Warning: In design 'mac_pipeline_superscalar_DATA_WIDTH8_LANE_NUM3_9', the same net is connected to more than one pin on submodule 'add_60_I3'. (LINT-33)
   Net 'N277' is connected to pins 'B[19]', 'B[18]'', 'B[17]', 'B[16]', 'B[15]'.
Warning: In design 'mac_pipeline_superscalar_DATA_WIDTH8_LANE_NUM3_9', the same net is connected to more than one pin on submodule 'add_60_I2'. (LINT-33)
   Net 'N241' is connected to pins 'B[19]', 'B[18]'', 'B[17]', 'B[16]', 'B[15]'.
Warning: In design 'mac_pipeline_superscalar_DATA_WIDTH8_LANE_NUM3_9', the same net is connected to more than one pin on submodule 'add_60'. (LINT-33)
   Net 'N205' is connected to pins 'B[19]', 'B[18]'', 'B[17]', 'B[16]', 'B[15]'.
Warning: In design 'mac_pipeline_superscalar_DATA_WIDTH8_LANE_NUM3_9', the same net is connected to more than one pin on submodule 'add_51_I3'. (LINT-33)
   Net 'N277' is connected to pins 'B[19]', 'B[18]'', 'B[17]', 'B[16]', 'B[15]'.
Warning: In design 'mac_pipeline_superscalar_DATA_WIDTH8_LANE_NUM3_9', the same net is connected to more than one pin on submodule 'add_51_I2'. (LINT-33)
   Net 'N241' is connected to pins 'B[19]', 'B[18]'', 'B[17]', 'B[16]', 'B[15]'.
Warning: In design 'mac_pipeline_superscalar_DATA_WIDTH8_LANE_NUM3_9', the same net is connected to more than one pin on submodule 'add_51'. (LINT-33)
   Net 'N205' is connected to pins 'B[19]', 'B[18]'', 'B[17]', 'B[16]', 'B[15]'.
Warning: In design 'mac_pipeline_superscalar_DATA_WIDTH8_LANE_NUM3_10', the same net is connected to more than one pin on submodule 'add_60_I3'. (LINT-33)
   Net 'N277' is connected to pins 'B[19]', 'B[18]'', 'B[17]', 'B[16]', 'B[15]'.
Warning: In design 'mac_pipeline_superscalar_DATA_WIDTH8_LANE_NUM3_10', the same net is connected to more than one pin on submodule 'add_60_I2'. (LINT-33)
   Net 'N241' is connected to pins 'B[19]', 'B[18]'', 'B[17]', 'B[16]', 'B[15]'.
Warning: In design 'mac_pipeline_superscalar_DATA_WIDTH8_LANE_NUM3_10', the same net is connected to more than one pin on submodule 'add_60'. (LINT-33)
   Net 'N205' is connected to pins 'B[19]', 'B[18]'', 'B[17]', 'B[16]', 'B[15]'.
Warning: In design 'mac_pipeline_superscalar_DATA_WIDTH8_LANE_NUM3_10', the same net is connected to more than one pin on submodule 'add_51_I3'. (LINT-33)
   Net 'N277' is connected to pins 'B[19]', 'B[18]'', 'B[17]', 'B[16]', 'B[15]'.
Warning: In design 'mac_pipeline_superscalar_DATA_WIDTH8_LANE_NUM3_10', the same net is connected to more than one pin on submodule 'add_51_I2'. (LINT-33)
   Net 'N241' is connected to pins 'B[19]', 'B[18]'', 'B[17]', 'B[16]', 'B[15]'.
Warning: In design 'mac_pipeline_superscalar_DATA_WIDTH8_LANE_NUM3_10', the same net is connected to more than one pin on submodule 'add_51'. (LINT-33)
   Net 'N205' is connected to pins 'B[19]', 'B[18]'', 'B[17]', 'B[16]', 'B[15]'.
Warning: In design 'mac_pipeline_superscalar_DATA_WIDTH8_LANE_NUM3_11', the same net is connected to more than one pin on submodule 'add_60_I3'. (LINT-33)
   Net 'N277' is connected to pins 'B[19]', 'B[18]'', 'B[17]', 'B[16]', 'B[15]'.
Warning: In design 'mac_pipeline_superscalar_DATA_WIDTH8_LANE_NUM3_11', the same net is connected to more than one pin on submodule 'add_60_I2'. (LINT-33)
   Net 'N241' is connected to pins 'B[19]', 'B[18]'', 'B[17]', 'B[16]', 'B[15]'.
Warning: In design 'mac_pipeline_superscalar_DATA_WIDTH8_LANE_NUM3_11', the same net is connected to more than one pin on submodule 'add_60'. (LINT-33)
   Net 'N205' is connected to pins 'B[19]', 'B[18]'', 'B[17]', 'B[16]', 'B[15]'.
Warning: In design 'mac_pipeline_superscalar_DATA_WIDTH8_LANE_NUM3_11', the same net is connected to more than one pin on submodule 'add_51_I3'. (LINT-33)
   Net 'N277' is connected to pins 'B[19]', 'B[18]'', 'B[17]', 'B[16]', 'B[15]'.
Warning: In design 'mac_pipeline_superscalar_DATA_WIDTH8_LANE_NUM3_11', the same net is connected to more than one pin on submodule 'add_51_I2'. (LINT-33)
   Net 'N241' is connected to pins 'B[19]', 'B[18]'', 'B[17]', 'B[16]', 'B[15]'.
Warning: In design 'mac_pipeline_superscalar_DATA_WIDTH8_LANE_NUM3_11', the same net is connected to more than one pin on submodule 'add_51'. (LINT-33)
   Net 'N205' is connected to pins 'B[19]', 'B[18]'', 'B[17]', 'B[16]', 'B[15]'.
Warning: In design 'mac_pipeline_superscalar_DATA_WIDTH8_LANE_NUM3_12', the same net is connected to more than one pin on submodule 'add_60_I3'. (LINT-33)
   Net 'N277' is connected to pins 'B[19]', 'B[18]'', 'B[17]', 'B[16]', 'B[15]'.
Warning: In design 'mac_pipeline_superscalar_DATA_WIDTH8_LANE_NUM3_12', the same net is connected to more than one pin on submodule 'add_60_I2'. (LINT-33)
   Net 'N241' is connected to pins 'B[19]', 'B[18]'', 'B[17]', 'B[16]', 'B[15]'.
Warning: In design 'mac_pipeline_superscalar_DATA_WIDTH8_LANE_NUM3_12', the same net is connected to more than one pin on submodule 'add_60'. (LINT-33)
   Net 'N205' is connected to pins 'B[19]', 'B[18]'', 'B[17]', 'B[16]', 'B[15]'.
Warning: In design 'mac_pipeline_superscalar_DATA_WIDTH8_LANE_NUM3_12', the same net is connected to more than one pin on submodule 'add_51_I3'. (LINT-33)
   Net 'N277' is connected to pins 'B[19]', 'B[18]'', 'B[17]', 'B[16]', 'B[15]'.
Warning: In design 'mac_pipeline_superscalar_DATA_WIDTH8_LANE_NUM3_12', the same net is connected to more than one pin on submodule 'add_51_I2'. (LINT-33)
   Net 'N241' is connected to pins 'B[19]', 'B[18]'', 'B[17]', 'B[16]', 'B[15]'.
Warning: In design 'mac_pipeline_superscalar_DATA_WIDTH8_LANE_NUM3_12', the same net is connected to more than one pin on submodule 'add_51'. (LINT-33)
   Net 'N205' is connected to pins 'B[19]', 'B[18]'', 'B[17]', 'B[16]', 'B[15]'.
Warning: In design 'mac_pipeline_superscalar_DATA_WIDTH8_LANE_NUM3_13', the same net is connected to more than one pin on submodule 'add_60_I3'. (LINT-33)
   Net 'N277' is connected to pins 'B[19]', 'B[18]'', 'B[17]', 'B[16]', 'B[15]'.
Warning: In design 'mac_pipeline_superscalar_DATA_WIDTH8_LANE_NUM3_13', the same net is connected to more than one pin on submodule 'add_60_I2'. (LINT-33)
   Net 'N241' is connected to pins 'B[19]', 'B[18]'', 'B[17]', 'B[16]', 'B[15]'.
Warning: In design 'mac_pipeline_superscalar_DATA_WIDTH8_LANE_NUM3_13', the same net is connected to more than one pin on submodule 'add_60'. (LINT-33)
   Net 'N205' is connected to pins 'B[19]', 'B[18]'', 'B[17]', 'B[16]', 'B[15]'.
Warning: In design 'mac_pipeline_superscalar_DATA_WIDTH8_LANE_NUM3_13', the same net is connected to more than one pin on submodule 'add_51_I3'. (LINT-33)
   Net 'N277' is connected to pins 'B[19]', 'B[18]'', 'B[17]', 'B[16]', 'B[15]'.
Warning: In design 'mac_pipeline_superscalar_DATA_WIDTH8_LANE_NUM3_13', the same net is connected to more than one pin on submodule 'add_51_I2'. (LINT-33)
   Net 'N241' is connected to pins 'B[19]', 'B[18]'', 'B[17]', 'B[16]', 'B[15]'.
Warning: In design 'mac_pipeline_superscalar_DATA_WIDTH8_LANE_NUM3_13', the same net is connected to more than one pin on submodule 'add_51'. (LINT-33)
   Net 'N205' is connected to pins 'B[19]', 'B[18]'', 'B[17]', 'B[16]', 'B[15]'.
Warning: In design 'mac_pipeline_superscalar_DATA_WIDTH8_LANE_NUM3_14', the same net is connected to more than one pin on submodule 'add_60_I3'. (LINT-33)
   Net 'N277' is connected to pins 'B[19]', 'B[18]'', 'B[17]', 'B[16]', 'B[15]'.
Warning: In design 'mac_pipeline_superscalar_DATA_WIDTH8_LANE_NUM3_14', the same net is connected to more than one pin on submodule 'add_60_I2'. (LINT-33)
   Net 'N241' is connected to pins 'B[19]', 'B[18]'', 'B[17]', 'B[16]', 'B[15]'.
Warning: In design 'mac_pipeline_superscalar_DATA_WIDTH8_LANE_NUM3_14', the same net is connected to more than one pin on submodule 'add_60'. (LINT-33)
   Net 'N205' is connected to pins 'B[19]', 'B[18]'', 'B[17]', 'B[16]', 'B[15]'.
Warning: In design 'mac_pipeline_superscalar_DATA_WIDTH8_LANE_NUM3_14', the same net is connected to more than one pin on submodule 'add_51_I3'. (LINT-33)
   Net 'N277' is connected to pins 'B[19]', 'B[18]'', 'B[17]', 'B[16]', 'B[15]'.
Warning: In design 'mac_pipeline_superscalar_DATA_WIDTH8_LANE_NUM3_14', the same net is connected to more than one pin on submodule 'add_51_I2'. (LINT-33)
   Net 'N241' is connected to pins 'B[19]', 'B[18]'', 'B[17]', 'B[16]', 'B[15]'.
Warning: In design 'mac_pipeline_superscalar_DATA_WIDTH8_LANE_NUM3_14', the same net is connected to more than one pin on submodule 'add_51'. (LINT-33)
   Net 'N205' is connected to pins 'B[19]', 'B[18]'', 'B[17]', 'B[16]', 'B[15]'.
Warning: In design 'bias_relu_0', the same net is connected to more than one pin on submodule 'add_51'. (LINT-33)
   Net 'n8' is connected to pins 'A[7]', 'A[6]'', 'A[5]', 'A[4]', 'A[3]', 'A[2]', 'A[1]', 'A[0]'.
Warning: In design 'bias_relu_0', the same net is connected to more than one pin on submodule 'add_51'. (LINT-33)
   Net 'bias[31]' is connected to pins 'B[31]', 'B[30]'', 'B[29]', 'B[28]', 'B[27]', 'B[26]', 'B[25]', 'B[24]', 'B[23]', 'B[22]', 'B[21]', 'B[20]'.
Warning: In design 'bias_relu_1', the same net is connected to more than one pin on submodule 'add_51'. (LINT-33)
   Net 'n8' is connected to pins 'A[7]', 'A[6]'', 'A[5]', 'A[4]', 'A[3]', 'A[2]', 'A[1]', 'A[0]'.
Warning: In design 'bias_relu_1', the same net is connected to more than one pin on submodule 'add_51'. (LINT-33)
   Net 'bias[31]' is connected to pins 'B[31]', 'B[30]'', 'B[29]', 'B[28]', 'B[27]', 'B[26]', 'B[25]', 'B[24]', 'B[23]', 'B[22]', 'B[21]', 'B[20]'.
Warning: In design 'mac_pipeline_superscalar_DATA_WIDTH8_LANE_NUM3_15_DW02_mult_0', the same net is connected to more than one pin on submodule 'FS_1'. (LINT-33)
   Net 'n48' is connected to pins 'B[5]', 'B[4]'', 'B[3]', 'B[2]', 'B[1]'.
Warning: In design 'mac_pipeline_superscalar_DATA_WIDTH8_LANE_NUM3_15_DW02_mult_0', the same net is connected to more than one pin on submodule 'FS_1'. (LINT-33)
   Net '*Logic0*' is connected to pins 'B[0]', 'CI''.
Warning: In design 'mac_pipeline_superscalar_DATA_WIDTH8_LANE_NUM3_15_DW02_mult_1', the same net is connected to more than one pin on submodule 'FS_1'. (LINT-33)
   Net 'n48' is connected to pins 'B[5]', 'B[4]'', 'B[3]', 'B[2]', 'B[1]'.
Warning: In design 'mac_pipeline_superscalar_DATA_WIDTH8_LANE_NUM3_15_DW02_mult_1', the same net is connected to more than one pin on submodule 'FS_1'. (LINT-33)
   Net '*Logic0*' is connected to pins 'B[0]', 'CI''.
Warning: In design 'mac_pipeline_superscalar_DATA_WIDTH8_LANE_NUM3_15_DW02_mult_2', the same net is connected to more than one pin on submodule 'FS_1'. (LINT-33)
   Net 'n48' is connected to pins 'B[5]', 'B[4]'', 'B[3]', 'B[2]', 'B[1]'.
Warning: In design 'mac_pipeline_superscalar_DATA_WIDTH8_LANE_NUM3_15_DW02_mult_2', the same net is connected to more than one pin on submodule 'FS_1'. (LINT-33)
   Net '*Logic0*' is connected to pins 'B[0]', 'CI''.
Warning: In design 'mac_pipeline_superscalar_DATA_WIDTH8_LANE_NUM3_14_DW02_mult_0_DW02_mult_3', the same net is connected to more than one pin on submodule 'FS_1'. (LINT-33)
   Net 'n48' is connected to pins 'B[5]', 'B[4]'', 'B[3]', 'B[2]', 'B[1]'.
Warning: In design 'mac_pipeline_superscalar_DATA_WIDTH8_LANE_NUM3_14_DW02_mult_0_DW02_mult_3', the same net is connected to more than one pin on submodule 'FS_1'. (LINT-33)
   Net '*Logic0*' is connected to pins 'B[0]', 'CI''.
Warning: In design 'mac_pipeline_superscalar_DATA_WIDTH8_LANE_NUM3_14_DW02_mult_1_DW02_mult_4', the same net is connected to more than one pin on submodule 'FS_1'. (LINT-33)
   Net 'n48' is connected to pins 'B[5]', 'B[4]'', 'B[3]', 'B[2]', 'B[1]'.
Warning: In design 'mac_pipeline_superscalar_DATA_WIDTH8_LANE_NUM3_14_DW02_mult_1_DW02_mult_4', the same net is connected to more than one pin on submodule 'FS_1'. (LINT-33)
   Net '*Logic0*' is connected to pins 'B[0]', 'CI''.
Warning: In design 'mac_pipeline_superscalar_DATA_WIDTH8_LANE_NUM3_14_DW02_mult_2_DW02_mult_5', the same net is connected to more than one pin on submodule 'FS_1'. (LINT-33)
   Net 'n48' is connected to pins 'B[5]', 'B[4]'', 'B[3]', 'B[2]', 'B[1]'.
Warning: In design 'mac_pipeline_superscalar_DATA_WIDTH8_LANE_NUM3_14_DW02_mult_2_DW02_mult_5', the same net is connected to more than one pin on submodule 'FS_1'. (LINT-33)
   Net '*Logic0*' is connected to pins 'B[0]', 'CI''.
Warning: In design 'mac_pipeline_superscalar_DATA_WIDTH8_LANE_NUM3_13_DW02_mult_0_DW02_mult_6', the same net is connected to more than one pin on submodule 'FS_1'. (LINT-33)
   Net 'n48' is connected to pins 'B[5]', 'B[4]'', 'B[3]', 'B[2]', 'B[1]'.
Warning: In design 'mac_pipeline_superscalar_DATA_WIDTH8_LANE_NUM3_13_DW02_mult_0_DW02_mult_6', the same net is connected to more than one pin on submodule 'FS_1'. (LINT-33)
   Net '*Logic0*' is connected to pins 'B[0]', 'CI''.
Warning: In design 'mac_pipeline_superscalar_DATA_WIDTH8_LANE_NUM3_13_DW02_mult_1_DW02_mult_7', the same net is connected to more than one pin on submodule 'FS_1'. (LINT-33)
   Net 'n48' is connected to pins 'B[5]', 'B[4]'', 'B[3]', 'B[2]', 'B[1]'.
Warning: In design 'mac_pipeline_superscalar_DATA_WIDTH8_LANE_NUM3_13_DW02_mult_1_DW02_mult_7', the same net is connected to more than one pin on submodule 'FS_1'. (LINT-33)
   Net '*Logic0*' is connected to pins 'B[0]', 'CI''.
Warning: In design 'mac_pipeline_superscalar_DATA_WIDTH8_LANE_NUM3_13_DW02_mult_2_DW02_mult_8', the same net is connected to more than one pin on submodule 'FS_1'. (LINT-33)
   Net 'n48' is connected to pins 'B[5]', 'B[4]'', 'B[3]', 'B[2]', 'B[1]'.
Warning: In design 'mac_pipeline_superscalar_DATA_WIDTH8_LANE_NUM3_13_DW02_mult_2_DW02_mult_8', the same net is connected to more than one pin on submodule 'FS_1'. (LINT-33)
   Net '*Logic0*' is connected to pins 'B[0]', 'CI''.
Warning: In design 'mac_pipeline_superscalar_DATA_WIDTH8_LANE_NUM3_12_DW02_mult_0_DW02_mult_9', the same net is connected to more than one pin on submodule 'FS_1'. (LINT-33)
   Net 'n48' is connected to pins 'B[5]', 'B[4]'', 'B[3]', 'B[2]', 'B[1]'.
Warning: In design 'mac_pipeline_superscalar_DATA_WIDTH8_LANE_NUM3_12_DW02_mult_0_DW02_mult_9', the same net is connected to more than one pin on submodule 'FS_1'. (LINT-33)
   Net '*Logic0*' is connected to pins 'B[0]', 'CI''.
Warning: In design 'mac_pipeline_superscalar_DATA_WIDTH8_LANE_NUM3_12_DW02_mult_1_DW02_mult_10', the same net is connected to more than one pin on submodule 'FS_1'. (LINT-33)
   Net 'n48' is connected to pins 'B[5]', 'B[4]'', 'B[3]', 'B[2]', 'B[1]'.
Warning: In design 'mac_pipeline_superscalar_DATA_WIDTH8_LANE_NUM3_12_DW02_mult_1_DW02_mult_10', the same net is connected to more than one pin on submodule 'FS_1'. (LINT-33)
   Net '*Logic0*' is connected to pins 'B[0]', 'CI''.
Warning: In design 'mac_pipeline_superscalar_DATA_WIDTH8_LANE_NUM3_12_DW02_mult_2_DW02_mult_11', the same net is connected to more than one pin on submodule 'FS_1'. (LINT-33)
   Net 'n48' is connected to pins 'B[5]', 'B[4]'', 'B[3]', 'B[2]', 'B[1]'.
Warning: In design 'mac_pipeline_superscalar_DATA_WIDTH8_LANE_NUM3_12_DW02_mult_2_DW02_mult_11', the same net is connected to more than one pin on submodule 'FS_1'. (LINT-33)
   Net '*Logic0*' is connected to pins 'B[0]', 'CI''.
Warning: In design 'mac_pipeline_superscalar_DATA_WIDTH8_LANE_NUM3_11_DW02_mult_0_DW02_mult_12', the same net is connected to more than one pin on submodule 'FS_1'. (LINT-33)
   Net 'n48' is connected to pins 'B[5]', 'B[4]'', 'B[3]', 'B[2]', 'B[1]'.
Warning: In design 'mac_pipeline_superscalar_DATA_WIDTH8_LANE_NUM3_11_DW02_mult_0_DW02_mult_12', the same net is connected to more than one pin on submodule 'FS_1'. (LINT-33)
   Net '*Logic0*' is connected to pins 'B[0]', 'CI''.
Warning: In design 'mac_pipeline_superscalar_DATA_WIDTH8_LANE_NUM3_11_DW02_mult_1_DW02_mult_13', the same net is connected to more than one pin on submodule 'FS_1'. (LINT-33)
   Net 'n48' is connected to pins 'B[5]', 'B[4]'', 'B[3]', 'B[2]', 'B[1]'.
Warning: In design 'mac_pipeline_superscalar_DATA_WIDTH8_LANE_NUM3_11_DW02_mult_1_DW02_mult_13', the same net is connected to more than one pin on submodule 'FS_1'. (LINT-33)
   Net '*Logic0*' is connected to pins 'B[0]', 'CI''.
Warning: In design 'mac_pipeline_superscalar_DATA_WIDTH8_LANE_NUM3_11_DW02_mult_2_DW02_mult_14', the same net is connected to more than one pin on submodule 'FS_1'. (LINT-33)
   Net 'n48' is connected to pins 'B[5]', 'B[4]'', 'B[3]', 'B[2]', 'B[1]'.
Warning: In design 'mac_pipeline_superscalar_DATA_WIDTH8_LANE_NUM3_11_DW02_mult_2_DW02_mult_14', the same net is connected to more than one pin on submodule 'FS_1'. (LINT-33)
   Net '*Logic0*' is connected to pins 'B[0]', 'CI''.
Warning: In design 'mac_pipeline_superscalar_DATA_WIDTH8_LANE_NUM3_10_DW02_mult_0_DW02_mult_15', the same net is connected to more than one pin on submodule 'FS_1'. (LINT-33)
   Net 'n48' is connected to pins 'B[5]', 'B[4]'', 'B[3]', 'B[2]', 'B[1]'.
Warning: In design 'mac_pipeline_superscalar_DATA_WIDTH8_LANE_NUM3_10_DW02_mult_0_DW02_mult_15', the same net is connected to more than one pin on submodule 'FS_1'. (LINT-33)
   Net '*Logic0*' is connected to pins 'B[0]', 'CI''.
Warning: In design 'mac_pipeline_superscalar_DATA_WIDTH8_LANE_NUM3_10_DW02_mult_1_DW02_mult_16', the same net is connected to more than one pin on submodule 'FS_1'. (LINT-33)
   Net 'n48' is connected to pins 'B[5]', 'B[4]'', 'B[3]', 'B[2]', 'B[1]'.
Warning: In design 'mac_pipeline_superscalar_DATA_WIDTH8_LANE_NUM3_10_DW02_mult_1_DW02_mult_16', the same net is connected to more than one pin on submodule 'FS_1'. (LINT-33)
   Net '*Logic0*' is connected to pins 'B[0]', 'CI''.
Warning: In design 'mac_pipeline_superscalar_DATA_WIDTH8_LANE_NUM3_10_DW02_mult_2_DW02_mult_17', the same net is connected to more than one pin on submodule 'FS_1'. (LINT-33)
   Net 'n48' is connected to pins 'B[5]', 'B[4]'', 'B[3]', 'B[2]', 'B[1]'.
Warning: In design 'mac_pipeline_superscalar_DATA_WIDTH8_LANE_NUM3_10_DW02_mult_2_DW02_mult_17', the same net is connected to more than one pin on submodule 'FS_1'. (LINT-33)
   Net '*Logic0*' is connected to pins 'B[0]', 'CI''.
Warning: In design 'mac_pipeline_superscalar_DATA_WIDTH8_LANE_NUM3_9_DW02_mult_0_DW02_mult_18', the same net is connected to more than one pin on submodule 'FS_1'. (LINT-33)
   Net 'n48' is connected to pins 'B[5]', 'B[4]'', 'B[3]', 'B[2]', 'B[1]'.
Warning: In design 'mac_pipeline_superscalar_DATA_WIDTH8_LANE_NUM3_9_DW02_mult_0_DW02_mult_18', the same net is connected to more than one pin on submodule 'FS_1'. (LINT-33)
   Net '*Logic0*' is connected to pins 'B[0]', 'CI''.
Warning: In design 'mac_pipeline_superscalar_DATA_WIDTH8_LANE_NUM3_9_DW02_mult_1_DW02_mult_19', the same net is connected to more than one pin on submodule 'FS_1'. (LINT-33)
   Net 'n48' is connected to pins 'B[5]', 'B[4]'', 'B[3]', 'B[2]', 'B[1]'.
Warning: In design 'mac_pipeline_superscalar_DATA_WIDTH8_LANE_NUM3_9_DW02_mult_1_DW02_mult_19', the same net is connected to more than one pin on submodule 'FS_1'. (LINT-33)
   Net '*Logic0*' is connected to pins 'B[0]', 'CI''.
Warning: In design 'mac_pipeline_superscalar_DATA_WIDTH8_LANE_NUM3_9_DW02_mult_2_DW02_mult_20', the same net is connected to more than one pin on submodule 'FS_1'. (LINT-33)
   Net 'n48' is connected to pins 'B[5]', 'B[4]'', 'B[3]', 'B[2]', 'B[1]'.
Warning: In design 'mac_pipeline_superscalar_DATA_WIDTH8_LANE_NUM3_9_DW02_mult_2_DW02_mult_20', the same net is connected to more than one pin on submodule 'FS_1'. (LINT-33)
   Net '*Logic0*' is connected to pins 'B[0]', 'CI''.
Warning: In design 'mac_pipeline_superscalar_DATA_WIDTH8_LANE_NUM3_8_DW02_mult_0_DW02_mult_21', the same net is connected to more than one pin on submodule 'FS_1'. (LINT-33)
   Net 'n48' is connected to pins 'B[5]', 'B[4]'', 'B[3]', 'B[2]', 'B[1]'.
Warning: In design 'mac_pipeline_superscalar_DATA_WIDTH8_LANE_NUM3_8_DW02_mult_0_DW02_mult_21', the same net is connected to more than one pin on submodule 'FS_1'. (LINT-33)
   Net '*Logic0*' is connected to pins 'B[0]', 'CI''.
Warning: In design 'mac_pipeline_superscalar_DATA_WIDTH8_LANE_NUM3_8_DW02_mult_1_DW02_mult_22', the same net is connected to more than one pin on submodule 'FS_1'. (LINT-33)
   Net 'n48' is connected to pins 'B[5]', 'B[4]'', 'B[3]', 'B[2]', 'B[1]'.
Warning: In design 'mac_pipeline_superscalar_DATA_WIDTH8_LANE_NUM3_8_DW02_mult_1_DW02_mult_22', the same net is connected to more than one pin on submodule 'FS_1'. (LINT-33)
   Net '*Logic0*' is connected to pins 'B[0]', 'CI''.
Warning: In design 'mac_pipeline_superscalar_DATA_WIDTH8_LANE_NUM3_8_DW02_mult_2_DW02_mult_23', the same net is connected to more than one pin on submodule 'FS_1'. (LINT-33)
   Net 'n48' is connected to pins 'B[5]', 'B[4]'', 'B[3]', 'B[2]', 'B[1]'.
Warning: In design 'mac_pipeline_superscalar_DATA_WIDTH8_LANE_NUM3_8_DW02_mult_2_DW02_mult_23', the same net is connected to more than one pin on submodule 'FS_1'. (LINT-33)
   Net '*Logic0*' is connected to pins 'B[0]', 'CI''.
Warning: In design 'mac_pipeline_superscalar_DATA_WIDTH8_LANE_NUM3_7_DW02_mult_0_DW02_mult_24', the same net is connected to more than one pin on submodule 'FS_1'. (LINT-33)
   Net 'n48' is connected to pins 'B[5]', 'B[4]'', 'B[3]', 'B[2]', 'B[1]'.
Warning: In design 'mac_pipeline_superscalar_DATA_WIDTH8_LANE_NUM3_7_DW02_mult_0_DW02_mult_24', the same net is connected to more than one pin on submodule 'FS_1'. (LINT-33)
   Net '*Logic0*' is connected to pins 'B[0]', 'CI''.
Warning: In design 'mac_pipeline_superscalar_DATA_WIDTH8_LANE_NUM3_7_DW02_mult_1_DW02_mult_25', the same net is connected to more than one pin on submodule 'FS_1'. (LINT-33)
   Net 'n48' is connected to pins 'B[5]', 'B[4]'', 'B[3]', 'B[2]', 'B[1]'.
Warning: In design 'mac_pipeline_superscalar_DATA_WIDTH8_LANE_NUM3_7_DW02_mult_1_DW02_mult_25', the same net is connected to more than one pin on submodule 'FS_1'. (LINT-33)
   Net '*Logic0*' is connected to pins 'B[0]', 'CI''.
Warning: In design 'mac_pipeline_superscalar_DATA_WIDTH8_LANE_NUM3_7_DW02_mult_2_DW02_mult_26', the same net is connected to more than one pin on submodule 'FS_1'. (LINT-33)
   Net 'n48' is connected to pins 'B[5]', 'B[4]'', 'B[3]', 'B[2]', 'B[1]'.
Warning: In design 'mac_pipeline_superscalar_DATA_WIDTH8_LANE_NUM3_7_DW02_mult_2_DW02_mult_26', the same net is connected to more than one pin on submodule 'FS_1'. (LINT-33)
   Net '*Logic0*' is connected to pins 'B[0]', 'CI''.
Warning: In design 'mac_pipeline_superscalar_DATA_WIDTH8_LANE_NUM3_6_DW02_mult_0_DW02_mult_27', the same net is connected to more than one pin on submodule 'FS_1'. (LINT-33)
   Net 'n48' is connected to pins 'B[5]', 'B[4]'', 'B[3]', 'B[2]', 'B[1]'.
Warning: In design 'mac_pipeline_superscalar_DATA_WIDTH8_LANE_NUM3_6_DW02_mult_0_DW02_mult_27', the same net is connected to more than one pin on submodule 'FS_1'. (LINT-33)
   Net '*Logic0*' is connected to pins 'B[0]', 'CI''.
Warning: In design 'mac_pipeline_superscalar_DATA_WIDTH8_LANE_NUM3_6_DW02_mult_1_DW02_mult_28', the same net is connected to more than one pin on submodule 'FS_1'. (LINT-33)
   Net 'n48' is connected to pins 'B[5]', 'B[4]'', 'B[3]', 'B[2]', 'B[1]'.
Warning: In design 'mac_pipeline_superscalar_DATA_WIDTH8_LANE_NUM3_6_DW02_mult_1_DW02_mult_28', the same net is connected to more than one pin on submodule 'FS_1'. (LINT-33)
   Net '*Logic0*' is connected to pins 'B[0]', 'CI''.
Warning: In design 'mac_pipeline_superscalar_DATA_WIDTH8_LANE_NUM3_6_DW02_mult_2_DW02_mult_29', the same net is connected to more than one pin on submodule 'FS_1'. (LINT-33)
   Net 'n48' is connected to pins 'B[5]', 'B[4]'', 'B[3]', 'B[2]', 'B[1]'.
Warning: In design 'mac_pipeline_superscalar_DATA_WIDTH8_LANE_NUM3_6_DW02_mult_2_DW02_mult_29', the same net is connected to more than one pin on submodule 'FS_1'. (LINT-33)
   Net '*Logic0*' is connected to pins 'B[0]', 'CI''.
Warning: In design 'mac_pipeline_superscalar_DATA_WIDTH8_LANE_NUM3_5_DW02_mult_0_DW02_mult_30', the same net is connected to more than one pin on submodule 'FS_1'. (LINT-33)
   Net 'n48' is connected to pins 'B[5]', 'B[4]'', 'B[3]', 'B[2]', 'B[1]'.
Warning: In design 'mac_pipeline_superscalar_DATA_WIDTH8_LANE_NUM3_5_DW02_mult_0_DW02_mult_30', the same net is connected to more than one pin on submodule 'FS_1'. (LINT-33)
   Net '*Logic0*' is connected to pins 'B[0]', 'CI''.
Warning: In design 'mac_pipeline_superscalar_DATA_WIDTH8_LANE_NUM3_5_DW02_mult_1_DW02_mult_31', the same net is connected to more than one pin on submodule 'FS_1'. (LINT-33)
   Net 'n48' is connected to pins 'B[5]', 'B[4]'', 'B[3]', 'B[2]', 'B[1]'.
Warning: In design 'mac_pipeline_superscalar_DATA_WIDTH8_LANE_NUM3_5_DW02_mult_1_DW02_mult_31', the same net is connected to more than one pin on submodule 'FS_1'. (LINT-33)
   Net '*Logic0*' is connected to pins 'B[0]', 'CI''.
Warning: In design 'mac_pipeline_superscalar_DATA_WIDTH8_LANE_NUM3_5_DW02_mult_2_DW02_mult_32', the same net is connected to more than one pin on submodule 'FS_1'. (LINT-33)
   Net 'n48' is connected to pins 'B[5]', 'B[4]'', 'B[3]', 'B[2]', 'B[1]'.
Warning: In design 'mac_pipeline_superscalar_DATA_WIDTH8_LANE_NUM3_5_DW02_mult_2_DW02_mult_32', the same net is connected to more than one pin on submodule 'FS_1'. (LINT-33)
   Net '*Logic0*' is connected to pins 'B[0]', 'CI''.
Warning: In design 'mac_pipeline_superscalar_DATA_WIDTH8_LANE_NUM3_4_DW02_mult_0_DW02_mult_33', the same net is connected to more than one pin on submodule 'FS_1'. (LINT-33)
   Net 'n48' is connected to pins 'B[5]', 'B[4]'', 'B[3]', 'B[2]', 'B[1]'.
Warning: In design 'mac_pipeline_superscalar_DATA_WIDTH8_LANE_NUM3_4_DW02_mult_0_DW02_mult_33', the same net is connected to more than one pin on submodule 'FS_1'. (LINT-33)
   Net '*Logic0*' is connected to pins 'B[0]', 'CI''.
Warning: In design 'mac_pipeline_superscalar_DATA_WIDTH8_LANE_NUM3_4_DW02_mult_1_DW02_mult_34', the same net is connected to more than one pin on submodule 'FS_1'. (LINT-33)
   Net 'n48' is connected to pins 'B[5]', 'B[4]'', 'B[3]', 'B[2]', 'B[1]'.
Warning: In design 'mac_pipeline_superscalar_DATA_WIDTH8_LANE_NUM3_4_DW02_mult_1_DW02_mult_34', the same net is connected to more than one pin on submodule 'FS_1'. (LINT-33)
   Net '*Logic0*' is connected to pins 'B[0]', 'CI''.
Warning: In design 'mac_pipeline_superscalar_DATA_WIDTH8_LANE_NUM3_4_DW02_mult_2_DW02_mult_35', the same net is connected to more than one pin on submodule 'FS_1'. (LINT-33)
   Net 'n48' is connected to pins 'B[5]', 'B[4]'', 'B[3]', 'B[2]', 'B[1]'.
Warning: In design 'mac_pipeline_superscalar_DATA_WIDTH8_LANE_NUM3_4_DW02_mult_2_DW02_mult_35', the same net is connected to more than one pin on submodule 'FS_1'. (LINT-33)
   Net '*Logic0*' is connected to pins 'B[0]', 'CI''.
Warning: In design 'mac_pipeline_superscalar_DATA_WIDTH8_LANE_NUM3_3_DW02_mult_0_DW02_mult_36', the same net is connected to more than one pin on submodule 'FS_1'. (LINT-33)
   Net 'n48' is connected to pins 'B[5]', 'B[4]'', 'B[3]', 'B[2]', 'B[1]'.
Warning: In design 'mac_pipeline_superscalar_DATA_WIDTH8_LANE_NUM3_3_DW02_mult_0_DW02_mult_36', the same net is connected to more than one pin on submodule 'FS_1'. (LINT-33)
   Net '*Logic0*' is connected to pins 'B[0]', 'CI''.
Warning: In design 'mac_pipeline_superscalar_DATA_WIDTH8_LANE_NUM3_3_DW02_mult_1_DW02_mult_37', the same net is connected to more than one pin on submodule 'FS_1'. (LINT-33)
   Net 'n48' is connected to pins 'B[5]', 'B[4]'', 'B[3]', 'B[2]', 'B[1]'.
Warning: In design 'mac_pipeline_superscalar_DATA_WIDTH8_LANE_NUM3_3_DW02_mult_1_DW02_mult_37', the same net is connected to more than one pin on submodule 'FS_1'. (LINT-33)
   Net '*Logic0*' is connected to pins 'B[0]', 'CI''.
Warning: In design 'mac_pipeline_superscalar_DATA_WIDTH8_LANE_NUM3_3_DW02_mult_2_DW02_mult_38', the same net is connected to more than one pin on submodule 'FS_1'. (LINT-33)
   Net 'n48' is connected to pins 'B[5]', 'B[4]'', 'B[3]', 'B[2]', 'B[1]'.
Warning: In design 'mac_pipeline_superscalar_DATA_WIDTH8_LANE_NUM3_3_DW02_mult_2_DW02_mult_38', the same net is connected to more than one pin on submodule 'FS_1'. (LINT-33)
   Net '*Logic0*' is connected to pins 'B[0]', 'CI''.
Warning: In design 'mac_pipeline_superscalar_DATA_WIDTH8_LANE_NUM3_2_DW02_mult_0_DW02_mult_39', the same net is connected to more than one pin on submodule 'FS_1'. (LINT-33)
   Net 'n48' is connected to pins 'B[5]', 'B[4]'', 'B[3]', 'B[2]', 'B[1]'.
Warning: In design 'mac_pipeline_superscalar_DATA_WIDTH8_LANE_NUM3_2_DW02_mult_0_DW02_mult_39', the same net is connected to more than one pin on submodule 'FS_1'. (LINT-33)
   Net '*Logic0*' is connected to pins 'B[0]', 'CI''.
Warning: In design 'mac_pipeline_superscalar_DATA_WIDTH8_LANE_NUM3_2_DW02_mult_1_DW02_mult_40', the same net is connected to more than one pin on submodule 'FS_1'. (LINT-33)
   Net 'n48' is connected to pins 'B[5]', 'B[4]'', 'B[3]', 'B[2]', 'B[1]'.
Warning: In design 'mac_pipeline_superscalar_DATA_WIDTH8_LANE_NUM3_2_DW02_mult_1_DW02_mult_40', the same net is connected to more than one pin on submodule 'FS_1'. (LINT-33)
   Net '*Logic0*' is connected to pins 'B[0]', 'CI''.
Warning: In design 'mac_pipeline_superscalar_DATA_WIDTH8_LANE_NUM3_2_DW02_mult_2_DW02_mult_41', the same net is connected to more than one pin on submodule 'FS_1'. (LINT-33)
   Net 'n48' is connected to pins 'B[5]', 'B[4]'', 'B[3]', 'B[2]', 'B[1]'.
Warning: In design 'mac_pipeline_superscalar_DATA_WIDTH8_LANE_NUM3_2_DW02_mult_2_DW02_mult_41', the same net is connected to more than one pin on submodule 'FS_1'. (LINT-33)
   Net '*Logic0*' is connected to pins 'B[0]', 'CI''.
Warning: In design 'mac_pipeline_superscalar_DATA_WIDTH8_LANE_NUM3_1_DW02_mult_0_DW02_mult_42', the same net is connected to more than one pin on submodule 'FS_1'. (LINT-33)
   Net 'n48' is connected to pins 'B[5]', 'B[4]'', 'B[3]', 'B[2]', 'B[1]'.
Warning: In design 'mac_pipeline_superscalar_DATA_WIDTH8_LANE_NUM3_1_DW02_mult_0_DW02_mult_42', the same net is connected to more than one pin on submodule 'FS_1'. (LINT-33)
   Net '*Logic0*' is connected to pins 'B[0]', 'CI''.
Warning: In design 'mac_pipeline_superscalar_DATA_WIDTH8_LANE_NUM3_1_DW02_mult_1_DW02_mult_43', the same net is connected to more than one pin on submodule 'FS_1'. (LINT-33)
   Net 'n48' is connected to pins 'B[5]', 'B[4]'', 'B[3]', 'B[2]', 'B[1]'.
Warning: In design 'mac_pipeline_superscalar_DATA_WIDTH8_LANE_NUM3_1_DW02_mult_1_DW02_mult_43', the same net is connected to more than one pin on submodule 'FS_1'. (LINT-33)
   Net '*Logic0*' is connected to pins 'B[0]', 'CI''.
Warning: In design 'mac_pipeline_superscalar_DATA_WIDTH8_LANE_NUM3_1_DW02_mult_2_DW02_mult_44', the same net is connected to more than one pin on submodule 'FS_1'. (LINT-33)
   Net 'n48' is connected to pins 'B[5]', 'B[4]'', 'B[3]', 'B[2]', 'B[1]'.
Warning: In design 'mac_pipeline_superscalar_DATA_WIDTH8_LANE_NUM3_1_DW02_mult_2_DW02_mult_44', the same net is connected to more than one pin on submodule 'FS_1'. (LINT-33)
   Net '*Logic0*' is connected to pins 'B[0]', 'CI''.
Warning: In design 'mac_pipeline_superscalar_DATA_WIDTH8_LANE_NUM3_0_DW02_mult_0_DW02_mult_45', the same net is connected to more than one pin on submodule 'FS_1'. (LINT-33)
   Net 'n48' is connected to pins 'B[5]', 'B[4]'', 'B[3]', 'B[2]', 'B[1]'.
Warning: In design 'mac_pipeline_superscalar_DATA_WIDTH8_LANE_NUM3_0_DW02_mult_0_DW02_mult_45', the same net is connected to more than one pin on submodule 'FS_1'. (LINT-33)
   Net '*Logic0*' is connected to pins 'B[0]', 'CI''.
Warning: In design 'mac_pipeline_superscalar_DATA_WIDTH8_LANE_NUM3_0_DW02_mult_1_DW02_mult_46', the same net is connected to more than one pin on submodule 'FS_1'. (LINT-33)
   Net 'n48' is connected to pins 'B[5]', 'B[4]'', 'B[3]', 'B[2]', 'B[1]'.
Warning: In design 'mac_pipeline_superscalar_DATA_WIDTH8_LANE_NUM3_0_DW02_mult_1_DW02_mult_46', the same net is connected to more than one pin on submodule 'FS_1'. (LINT-33)
   Net '*Logic0*' is connected to pins 'B[0]', 'CI''.
Warning: In design 'mac_pipeline_superscalar_DATA_WIDTH8_LANE_NUM3_0_DW02_mult_2_DW02_mult_47', the same net is connected to more than one pin on submodule 'FS_1'. (LINT-33)
   Net 'n48' is connected to pins 'B[5]', 'B[4]'', 'B[3]', 'B[2]', 'B[1]'.
Warning: In design 'mac_pipeline_superscalar_DATA_WIDTH8_LANE_NUM3_0_DW02_mult_2_DW02_mult_47', the same net is connected to more than one pin on submodule 'FS_1'. (LINT-33)
   Net '*Logic0*' is connected to pins 'B[0]', 'CI''.
Warning: In design 'SPRNN_Top', three-state bus 'memB_din[0]' has non three-state driver 'U3260/ZN'. (LINT-34)
Warning: In design 'SPRNN_Top', three-state bus 'memB_din[1]' has non three-state driver 'U3259/ZN'. (LINT-34)
Warning: In design 'SPRNN_Top', three-state bus 'memB_din[2]' has non three-state driver 'U3258/ZN'. (LINT-34)
Warning: In design 'SPRNN_Top', three-state bus 'memB_din[3]' has non three-state driver 'U3257/ZN'. (LINT-34)
Warning: In design 'SPRNN_Top', three-state bus 'memB_din[4]' has non three-state driver 'U3256/ZN'. (LINT-34)
Warning: In design 'SPRNN_Top', three-state bus 'memB_din[5]' has non three-state driver 'U3255/ZN'. (LINT-34)
Warning: In design 'SPRNN_Top', three-state bus 'memB_din[6]' has non three-state driver 'U3254/ZN'. (LINT-34)
Warning: In design 'SPRNN_Top', three-state bus 'memB_din[7]' has non three-state driver 'U3253/ZN'. (LINT-34)
Warning: In design 'SPRNN_Top', three-state bus 'memB_din[8]' has non three-state driver 'U3252/ZN'. (LINT-34)
Warning: In design 'SPRNN_Top', three-state bus 'memB_din[9]' has non three-state driver 'U3251/ZN'. (LINT-34)
Warning: In design 'SPRNN_Top', three-state bus 'memB_din[10]' has non three-state driver 'U3250/ZN'. (LINT-34)
Warning: In design 'SPRNN_Top', three-state bus 'memB_din[11]' has non three-state driver 'U3249/ZN'. (LINT-34)
Warning: In design 'SPRNN_Top', three-state bus 'memB_din[12]' has non three-state driver 'U3248/ZN'. (LINT-34)
Warning: In design 'SPRNN_Top', three-state bus 'memB_din[13]' has non three-state driver 'U3247/ZN'. (LINT-34)
Warning: In design 'SPRNN_Top', three-state bus 'memB_din[14]' has non three-state driver 'U3246/ZN'. (LINT-34)
Warning: In design 'SPRNN_Top', three-state bus 'memB_din[15]' has non three-state driver 'U3245/ZN'. (LINT-34)
Warning: In design 'SPRNN_Top', three-state bus 'memB_din[16]' has non three-state driver 'U3244/ZN'. (LINT-34)
Warning: In design 'SPRNN_Top', three-state bus 'memB_din[17]' has non three-state driver 'U3243/ZN'. (LINT-34)
Warning: In design 'SPRNN_Top', three-state bus 'memB_din[18]' has non three-state driver 'U3242/ZN'. (LINT-34)
Warning: In design 'SPRNN_Top', three-state bus 'memB_din[19]' has non three-state driver 'U3241/ZN'. (LINT-34)
Warning: In design 'SPRNN_Top', three-state bus 'memB_din[20]' has non three-state driver 'U3240/ZN'. (LINT-34)
Warning: In design 'SPRNN_Top', three-state bus 'memB_din[21]' has non three-state driver 'U3239/ZN'. (LINT-34)
Warning: In design 'SPRNN_Top', three-state bus 'memB_din[22]' has non three-state driver 'U3238/ZN'. (LINT-34)
Warning: In design 'SPRNN_Top', three-state bus 'memB_din[23]' has non three-state driver 'U3237/ZN'. (LINT-34)
Warning: In design 'SPRNN_Top', three-state bus 'memB_din[24]' has non three-state driver 'U3236/ZN'. (LINT-34)
Warning: In design 'SPRNN_Top', three-state bus 'memB_din[25]' has non three-state driver 'U3235/ZN'. (LINT-34)
Warning: In design 'SPRNN_Top', three-state bus 'memB_din[26]' has non three-state driver 'U3234/ZN'. (LINT-34)
Warning: In design 'SPRNN_Top', three-state bus 'memB_din[27]' has non three-state driver 'U3233/ZN'. (LINT-34)
Warning: In design 'SPRNN_Top', three-state bus 'memB_din[28]' has non three-state driver 'U3232/ZN'. (LINT-34)
Warning: In design 'SPRNN_Top', three-state bus 'memB_din[29]' has non three-state driver 'U3231/ZN'. (LINT-34)
Warning: In design 'SPRNN_Top', three-state bus 'memB_din[30]' has non three-state driver 'U3230/ZN'. (LINT-34)
Warning: In design 'SPRNN_Top', three-state bus 'memB_din[31]' has non three-state driver 'U3229/ZN'. (LINT-34)
Warning: In design 'SPRNN_Top', three-state bus 'memB_din[32]' has non three-state driver 'U3228/ZN'. (LINT-34)
Warning: In design 'SPRNN_Top', three-state bus 'memB_din[33]' has non three-state driver 'U3227/ZN'. (LINT-34)
Warning: In design 'SPRNN_Top', three-state bus 'memB_din[34]' has non three-state driver 'U3226/ZN'. (LINT-34)
Warning: In design 'SPRNN_Top', three-state bus 'memB_din[35]' has non three-state driver 'U3225/ZN'. (LINT-34)
Warning: In design 'SPRNN_Top', three-state bus 'memB_din[36]' has non three-state driver 'U3224/ZN'. (LINT-34)
Warning: In design 'SPRNN_Top', three-state bus 'memB_din[37]' has non three-state driver 'U3223/ZN'. (LINT-34)
Warning: In design 'SPRNN_Top', three-state bus 'memB_din[38]' has non three-state driver 'U3222/ZN'. (LINT-34)
Warning: In design 'SPRNN_Top', three-state bus 'memB_din[39]' has non three-state driver 'U3221/ZN'. (LINT-34)
Warning: In design 'SPRNN_Top', three-state bus 'memB_din[40]' has non three-state driver 'U3220/ZN'. (LINT-34)
Warning: In design 'SPRNN_Top', three-state bus 'memB_din[41]' has non three-state driver 'U3219/ZN'. (LINT-34)
Warning: In design 'SPRNN_Top', three-state bus 'memB_din[42]' has non three-state driver 'U3218/ZN'. (LINT-34)
Warning: In design 'SPRNN_Top', three-state bus 'memB_din[43]' has non three-state driver 'U3217/ZN'. (LINT-34)
Warning: In design 'SPRNN_Top', three-state bus 'memB_din[44]' has non three-state driver 'U3216/ZN'. (LINT-34)
Warning: In design 'SPRNN_Top', three-state bus 'memB_din[45]' has non three-state driver 'U3215/ZN'. (LINT-34)
Warning: In design 'SPRNN_Top', three-state bus 'memB_din[46]' has non three-state driver 'U3214/ZN'. (LINT-34)
Warning: In design 'SPRNN_Top', three-state bus 'memB_din[47]' has non three-state driver 'U3213/ZN'. (LINT-34)
Warning: In design 'SPRNN_Top', three-state bus 'memB_din[48]' has non three-state driver 'U3212/ZN'. (LINT-34)
Warning: In design 'SPRNN_Top', three-state bus 'memB_din[49]' has non three-state driver 'U3211/ZN'. (LINT-34)
Warning: In design 'SPRNN_Top', three-state bus 'memB_din[50]' has non three-state driver 'U3210/ZN'. (LINT-34)
Warning: In design 'SPRNN_Top', three-state bus 'memB_din[51]' has non three-state driver 'U3209/ZN'. (LINT-34)
Warning: In design 'SPRNN_Top', three-state bus 'memB_din[52]' has non three-state driver 'U3208/ZN'. (LINT-34)
Warning: In design 'SPRNN_Top', three-state bus 'memB_din[53]' has non three-state driver 'U3207/ZN'. (LINT-34)
Warning: In design 'SPRNN_Top', three-state bus 'memB_din[54]' has non three-state driver 'U3206/ZN'. (LINT-34)
Warning: In design 'SPRNN_Top', three-state bus 'memB_din[55]' has non three-state driver 'U3205/ZN'. (LINT-34)
Warning: In design 'SPRNN_Top', three-state bus 'memB_din[56]' has non three-state driver 'U3204/ZN'. (LINT-34)
Warning: In design 'SPRNN_Top', three-state bus 'memB_din[57]' has non three-state driver 'U3203/ZN'. (LINT-34)
Warning: In design 'SPRNN_Top', three-state bus 'memB_din[58]' has non three-state driver 'U3202/ZN'. (LINT-34)
Warning: In design 'SPRNN_Top', three-state bus 'memB_din[59]' has non three-state driver 'U3201/ZN'. (LINT-34)
Warning: In design 'SPRNN_Top', three-state bus 'memB_din[60]' has non three-state driver 'U3200/ZN'. (LINT-34)
Warning: In design 'SPRNN_Top', three-state bus 'memB_din[61]' has non three-state driver 'U3199/ZN'. (LINT-34)
Warning: In design 'SPRNN_Top', three-state bus 'memB_din[62]' has non three-state driver 'U3198/ZN'. (LINT-34)
Warning: In design 'SPRNN_Top', three-state bus 'memB_din[63]' has non three-state driver 'U3197/ZN'. (LINT-34)
Warning: In design 'SPRNN_Top', three-state bus 'memB_din[64]' has non three-state driver 'U3196/ZN'. (LINT-34)
Warning: In design 'SPRNN_Top', three-state bus 'memB_din[65]' has non three-state driver 'U3195/ZN'. (LINT-34)
Warning: In design 'SPRNN_Top', three-state bus 'memB_din[66]' has non three-state driver 'U3194/ZN'. (LINT-34)
Warning: In design 'SPRNN_Top', three-state bus 'memB_din[67]' has non three-state driver 'U3193/ZN'. (LINT-34)
Warning: In design 'SPRNN_Top', three-state bus 'memB_din[68]' has non three-state driver 'U3192/ZN'. (LINT-34)
Warning: In design 'SPRNN_Top', three-state bus 'memB_din[69]' has non three-state driver 'U3191/ZN'. (LINT-34)
Warning: In design 'SPRNN_Top', three-state bus 'memB_din[70]' has non three-state driver 'U3190/ZN'. (LINT-34)
Warning: In design 'SPRNN_Top', three-state bus 'memB_din[71]' has non three-state driver 'U3189/ZN'. (LINT-34)
Warning: In design 'SPRNN_Top', three-state bus 'memB_din[72]' has non three-state driver 'U3188/ZN'. (LINT-34)
Warning: In design 'SPRNN_Top', three-state bus 'memB_din[73]' has non three-state driver 'U3187/ZN'. (LINT-34)
Warning: In design 'SPRNN_Top', three-state bus 'memB_din[74]' has non three-state driver 'U3186/ZN'. (LINT-34)
Warning: In design 'SPRNN_Top', three-state bus 'memB_din[75]' has non three-state driver 'U3185/ZN'. (LINT-34)
Warning: In design 'SPRNN_Top', three-state bus 'memB_din[76]' has non three-state driver 'U3184/ZN'. (LINT-34)
Warning: In design 'SPRNN_Top', three-state bus 'memB_din[77]' has non three-state driver 'U3183/ZN'. (LINT-34)
Warning: In design 'SPRNN_Top', three-state bus 'memB_din[78]' has non three-state driver 'U3182/ZN'. (LINT-34)
Warning: In design 'SPRNN_Top', three-state bus 'memB_din[79]' has non three-state driver 'U3181/ZN'. (LINT-34)
Warning: In design 'SPRNN_Top', three-state bus 'memB_din[80]' has non three-state driver 'U3180/ZN'. (LINT-34)
Warning: In design 'SPRNN_Top', three-state bus 'memB_din[81]' has non three-state driver 'U3179/ZN'. (LINT-34)
Warning: In design 'SPRNN_Top', three-state bus 'memB_din[82]' has non three-state driver 'U3178/ZN'. (LINT-34)
Warning: In design 'SPRNN_Top', three-state bus 'memB_din[83]' has non three-state driver 'U3177/ZN'. (LINT-34)
Warning: In design 'SPRNN_Top', three-state bus 'memB_din[84]' has non three-state driver 'U3176/ZN'. (LINT-34)
Warning: In design 'SPRNN_Top', three-state bus 'memB_din[85]' has non three-state driver 'U3175/ZN'. (LINT-34)
Warning: In design 'SPRNN_Top', three-state bus 'memB_din[86]' has non three-state driver 'U3174/ZN'. (LINT-34)
Warning: In design 'SPRNN_Top', three-state bus 'memB_din[87]' has non three-state driver 'U3173/ZN'. (LINT-34)
Warning: In design 'SPRNN_Top', three-state bus 'memB_din[88]' has non three-state driver 'U3172/ZN'. (LINT-34)
Warning: In design 'SPRNN_Top', three-state bus 'memB_din[89]' has non three-state driver 'U3171/ZN'. (LINT-34)
Warning: In design 'SPRNN_Top', three-state bus 'memB_din[90]' has non three-state driver 'U3170/ZN'. (LINT-34)
Warning: In design 'SPRNN_Top', three-state bus 'memB_din[91]' has non three-state driver 'U3169/ZN'. (LINT-34)
Warning: In design 'SPRNN_Top', three-state bus 'memB_din[92]' has non three-state driver 'U3168/ZN'. (LINT-34)
Warning: In design 'SPRNN_Top', three-state bus 'memB_din[93]' has non three-state driver 'U3167/ZN'. (LINT-34)
Warning: In design 'SPRNN_Top', three-state bus 'memB_din[94]' has non three-state driver 'U3166/ZN'. (LINT-34)
Warning: In design 'SPRNN_Top', three-state bus 'memB_din[95]' has non three-state driver 'U3165/ZN'. (LINT-34)
Warning: In design 'SPRNN_Top', three-state bus 'memB_din[96]' has non three-state driver 'U3164/ZN'. (LINT-34)
Warning: In design 'SPRNN_Top', three-state bus 'memB_din[97]' has non three-state driver 'U3163/ZN'. (LINT-34)
Warning: In design 'SPRNN_Top', three-state bus 'memB_din[98]' has non three-state driver 'U3162/ZN'. (LINT-34)
Warning: In design 'SPRNN_Top', three-state bus 'memB_din[99]' has non three-state driver 'U3161/ZN'. (LINT-34)
Warning: In design 'SPRNN_Top', three-state bus 'memB_din[100]' has non three-state driver 'U3160/ZN'. (LINT-34)
Warning: In design 'SPRNN_Top', three-state bus 'memB_din[101]' has non three-state driver 'U3159/ZN'. (LINT-34)
Warning: In design 'SPRNN_Top', three-state bus 'memB_din[102]' has non three-state driver 'U3158/ZN'. (LINT-34)
Warning: In design 'SPRNN_Top', three-state bus 'memB_din[103]' has non three-state driver 'U3157/ZN'. (LINT-34)
Warning: In design 'SPRNN_Top', three-state bus 'memB_din[104]' has non three-state driver 'U3156/ZN'. (LINT-34)
Warning: In design 'SPRNN_Top', three-state bus 'memB_din[105]' has non three-state driver 'U3155/ZN'. (LINT-34)
Warning: In design 'SPRNN_Top', three-state bus 'memB_din[106]' has non three-state driver 'U3154/ZN'. (LINT-34)
Warning: In design 'SPRNN_Top', three-state bus 'memB_din[107]' has non three-state driver 'U3153/ZN'. (LINT-34)
Warning: In design 'SPRNN_Top', three-state bus 'memB_din[108]' has non three-state driver 'U3152/ZN'. (LINT-34)
Warning: In design 'SPRNN_Top', three-state bus 'memB_din[109]' has non three-state driver 'U3151/ZN'. (LINT-34)
Warning: In design 'SPRNN_Top', three-state bus 'memB_din[110]' has non three-state driver 'U3150/ZN'. (LINT-34)
Warning: In design 'SPRNN_Top', three-state bus 'memB_din[111]' has non three-state driver 'U3149/ZN'. (LINT-34)
Warning: In design 'SPRNN_Top', three-state bus 'memB_din[112]' has non three-state driver 'U3148/ZN'. (LINT-34)
Warning: In design 'SPRNN_Top', three-state bus 'memB_din[113]' has non three-state driver 'U3147/ZN'. (LINT-34)
Warning: In design 'SPRNN_Top', three-state bus 'memB_din[114]' has non three-state driver 'U3146/ZN'. (LINT-34)
Warning: In design 'SPRNN_Top', three-state bus 'memB_din[115]' has non three-state driver 'U3145/ZN'. (LINT-34)
Warning: In design 'SPRNN_Top', three-state bus 'memB_din[116]' has non three-state driver 'U3144/ZN'. (LINT-34)
Warning: In design 'SPRNN_Top', three-state bus 'memB_din[117]' has non three-state driver 'U3143/ZN'. (LINT-34)
Warning: In design 'SPRNN_Top', three-state bus 'memB_din[118]' has non three-state driver 'U3142/ZN'. (LINT-34)
Warning: In design 'SPRNN_Top', three-state bus 'memB_din[119]' has non three-state driver 'U3141/ZN'. (LINT-34)
Warning: In design 'SPRNN_Top', three-state bus 'memB_din[120]' has non three-state driver 'U3140/ZN'. (LINT-34)
Warning: In design 'SPRNN_Top', three-state bus 'memB_din[121]' has non three-state driver 'U3139/ZN'. (LINT-34)
Warning: In design 'SPRNN_Top', three-state bus 'memB_din[122]' has non three-state driver 'U3138/ZN'. (LINT-34)
Warning: In design 'SPRNN_Top', three-state bus 'memB_din[123]' has non three-state driver 'U3137/ZN'. (LINT-34)
Warning: In design 'SPRNN_Top', three-state bus 'memB_din[124]' has non three-state driver 'U3136/ZN'. (LINT-34)
Warning: In design 'SPRNN_Top', three-state bus 'memB_din[125]' has non three-state driver 'U3135/ZN'. (LINT-34)
Warning: In design 'SPRNN_Top', three-state bus 'memB_din[126]' has non three-state driver 'U3134/ZN'. (LINT-34)
Warning: In design 'SPRNN_Top', three-state bus 'memB_din[127]' has non three-state driver 'U3133/ZN'. (LINT-34)
Warning: In design 'SPRNN_Top', three-state bus 'memB_addr[0]' has non three-state driver 'U3004/ZN'. (LINT-34)
Warning: In design 'SPRNN_Top', three-state bus 'memB_addr[1]' has non three-state driver 'U3003/ZN'. (LINT-34)
Warning: In design 'SPRNN_Top', three-state bus 'memB_addr[2]' has non three-state driver 'U3002/ZN'. (LINT-34)
Warning: In design 'SPRNN_Top', three-state bus 'memB_addr[3]' has non three-state driver 'U3001/ZN'. (LINT-34)
Warning: In design 'SPRNN_Top', three-state bus 'memB_addr[4]' has non three-state driver 'U3000/ZN'. (LINT-34)
Warning: In design 'SPRNN_Top', three-state bus 'memB_addr[5]' has non three-state driver 'U2999/ZN'. (LINT-34)
Warning: In design 'SPRNN_Top', three-state bus 'memB_addr[6]' has non three-state driver 'U2998/ZN'. (LINT-34)
Warning: In design 'SPRNN_Top', three-state bus 'memB_addr[7]' has non three-state driver 'U2997/ZN'. (LINT-34)
Warning: In design 'SPRNN_Top', three-state bus 'memB_addr[8]' has non three-state driver 'U2996/ZN'. (LINT-34)
Warning: In design 'SPRNN_Top', three-state bus 'memB_addr[9]' has non three-state driver 'U2995/ZN'. (LINT-34)
Warning: In design 'SPRNN_Top', three-state bus 'memB_addr[10]' has non three-state driver 'U2994/ZN'. (LINT-34)
Warning: In design 'SPRNN_Top', three-state bus 'memB_addr[11]' has non three-state driver 'U2993/ZN'. (LINT-34)
Warning: In design 'SPRNN_Top', three-state bus 'memB_addr[12]' has non three-state driver 'U2992/ZN'. (LINT-34)
Warning: In design 'SPRNN_Top', three-state bus 'memB_addr[13]' has non three-state driver 'U2991/ZN'. (LINT-34)
Warning: In design 'SPRNN_Top', three-state bus 'memB_addr[14]' has non three-state driver 'U2990/ZN'. (LINT-34)
Warning: In design 'SPRNN_Top', three-state bus 'memB_addr[15]' has non three-state driver 'U2989/ZN'. (LINT-34)
Warning: In design 'SPRNN_Top', three-state bus 'memB_wenb' has non three-state driver 'U2962/ZN'. (LINT-34)
Warning: In design 'SPRNN_Top', three-state bus 'memB_cenb' has non three-state driver 'U2961/ZN'. (LINT-34)
Warning: In design 'SPRNN_Top', three-state bus 'memA_din[0]' has non three-state driver 'U3132/ZN'. (LINT-34)
Warning: In design 'SPRNN_Top', three-state bus 'memA_din[1]' has non three-state driver 'U3131/ZN'. (LINT-34)
Warning: In design 'SPRNN_Top', three-state bus 'memA_din[2]' has non three-state driver 'U3130/ZN'. (LINT-34)
Warning: In design 'SPRNN_Top', three-state bus 'memA_din[3]' has non three-state driver 'U3129/ZN'. (LINT-34)
Warning: In design 'SPRNN_Top', three-state bus 'memA_din[4]' has non three-state driver 'U3128/ZN'. (LINT-34)
Warning: In design 'SPRNN_Top', three-state bus 'memA_din[5]' has non three-state driver 'U3127/ZN'. (LINT-34)
Warning: In design 'SPRNN_Top', three-state bus 'memA_din[6]' has non three-state driver 'U3126/ZN'. (LINT-34)
Warning: In design 'SPRNN_Top', three-state bus 'memA_din[7]' has non three-state driver 'U3125/ZN'. (LINT-34)
Warning: In design 'SPRNN_Top', three-state bus 'memA_din[8]' has non three-state driver 'U3124/ZN'. (LINT-34)
Warning: In design 'SPRNN_Top', three-state bus 'memA_din[9]' has non three-state driver 'U3123/ZN'. (LINT-34)
Warning: In design 'SPRNN_Top', three-state bus 'memA_din[10]' has non three-state driver 'U3122/ZN'. (LINT-34)
Warning: In design 'SPRNN_Top', three-state bus 'memA_din[11]' has non three-state driver 'U3121/ZN'. (LINT-34)
Warning: In design 'SPRNN_Top', three-state bus 'memA_din[12]' has non three-state driver 'U3120/ZN'. (LINT-34)
Warning: In design 'SPRNN_Top', three-state bus 'memA_din[13]' has non three-state driver 'U3119/ZN'. (LINT-34)
Warning: In design 'SPRNN_Top', three-state bus 'memA_din[14]' has non three-state driver 'U3118/ZN'. (LINT-34)
Warning: In design 'SPRNN_Top', three-state bus 'memA_din[15]' has non three-state driver 'U3117/ZN'. (LINT-34)
Warning: In design 'SPRNN_Top', three-state bus 'memA_din[16]' has non three-state driver 'U3116/ZN'. (LINT-34)
Warning: In design 'SPRNN_Top', three-state bus 'memA_din[17]' has non three-state driver 'U3115/ZN'. (LINT-34)
Warning: In design 'SPRNN_Top', three-state bus 'memA_din[18]' has non three-state driver 'U3114/ZN'. (LINT-34)
Warning: In design 'SPRNN_Top', three-state bus 'memA_din[19]' has non three-state driver 'U3113/ZN'. (LINT-34)
Warning: In design 'SPRNN_Top', three-state bus 'memA_din[20]' has non three-state driver 'U3112/ZN'. (LINT-34)
Warning: In design 'SPRNN_Top', three-state bus 'memA_din[21]' has non three-state driver 'U3111/ZN'. (LINT-34)
Warning: In design 'SPRNN_Top', three-state bus 'memA_din[22]' has non three-state driver 'U3110/ZN'. (LINT-34)
Warning: In design 'SPRNN_Top', three-state bus 'memA_din[23]' has non three-state driver 'U3109/ZN'. (LINT-34)
Warning: In design 'SPRNN_Top', three-state bus 'memA_din[24]' has non three-state driver 'U3108/ZN'. (LINT-34)
Warning: In design 'SPRNN_Top', three-state bus 'memA_din[25]' has non three-state driver 'U3107/ZN'. (LINT-34)
Warning: In design 'SPRNN_Top', three-state bus 'memA_din[26]' has non three-state driver 'U3106/ZN'. (LINT-34)
Warning: In design 'SPRNN_Top', three-state bus 'memA_din[27]' has non three-state driver 'U3105/ZN'. (LINT-34)
Warning: In design 'SPRNN_Top', three-state bus 'memA_din[28]' has non three-state driver 'U3104/ZN'. (LINT-34)
Warning: In design 'SPRNN_Top', three-state bus 'memA_din[29]' has non three-state driver 'U3103/ZN'. (LINT-34)
Warning: In design 'SPRNN_Top', three-state bus 'memA_din[30]' has non three-state driver 'U3102/ZN'. (LINT-34)
Warning: In design 'SPRNN_Top', three-state bus 'memA_din[31]' has non three-state driver 'U3101/ZN'. (LINT-34)
Warning: In design 'SPRNN_Top', three-state bus 'memA_din[32]' has non three-state driver 'U3100/ZN'. (LINT-34)
Warning: In design 'SPRNN_Top', three-state bus 'memA_din[33]' has non three-state driver 'U3099/ZN'. (LINT-34)
Warning: In design 'SPRNN_Top', three-state bus 'memA_din[34]' has non three-state driver 'U3098/ZN'. (LINT-34)
Warning: In design 'SPRNN_Top', three-state bus 'memA_din[35]' has non three-state driver 'U3097/ZN'. (LINT-34)
Warning: In design 'SPRNN_Top', three-state bus 'memA_din[36]' has non three-state driver 'U3096/ZN'. (LINT-34)
Warning: In design 'SPRNN_Top', three-state bus 'memA_din[37]' has non three-state driver 'U3095/ZN'. (LINT-34)
Warning: In design 'SPRNN_Top', three-state bus 'memA_din[38]' has non three-state driver 'U3094/ZN'. (LINT-34)
Warning: In design 'SPRNN_Top', three-state bus 'memA_din[39]' has non three-state driver 'U3093/ZN'. (LINT-34)
Warning: In design 'SPRNN_Top', three-state bus 'memA_din[40]' has non three-state driver 'U3092/ZN'. (LINT-34)
Warning: In design 'SPRNN_Top', three-state bus 'memA_din[41]' has non three-state driver 'U3091/ZN'. (LINT-34)
Warning: In design 'SPRNN_Top', three-state bus 'memA_din[42]' has non three-state driver 'U3090/ZN'. (LINT-34)
Warning: In design 'SPRNN_Top', three-state bus 'memA_din[43]' has non three-state driver 'U3089/ZN'. (LINT-34)
Warning: In design 'SPRNN_Top', three-state bus 'memA_din[44]' has non three-state driver 'U3088/ZN'. (LINT-34)
Warning: In design 'SPRNN_Top', three-state bus 'memA_din[45]' has non three-state driver 'U3087/ZN'. (LINT-34)
Warning: In design 'SPRNN_Top', three-state bus 'memA_din[46]' has non three-state driver 'U3086/ZN'. (LINT-34)
Warning: In design 'SPRNN_Top', three-state bus 'memA_din[47]' has non three-state driver 'U3085/ZN'. (LINT-34)
Warning: In design 'SPRNN_Top', three-state bus 'memA_din[48]' has non three-state driver 'U3084/ZN'. (LINT-34)
Warning: In design 'SPRNN_Top', three-state bus 'memA_din[49]' has non three-state driver 'U3083/ZN'. (LINT-34)
Warning: In design 'SPRNN_Top', three-state bus 'memA_din[50]' has non three-state driver 'U3082/ZN'. (LINT-34)
Warning: In design 'SPRNN_Top', three-state bus 'memA_din[51]' has non three-state driver 'U3081/ZN'. (LINT-34)
Warning: In design 'SPRNN_Top', three-state bus 'memA_din[52]' has non three-state driver 'U3080/ZN'. (LINT-34)
Warning: In design 'SPRNN_Top', three-state bus 'memA_din[53]' has non three-state driver 'U3079/ZN'. (LINT-34)
Warning: In design 'SPRNN_Top', three-state bus 'memA_din[54]' has non three-state driver 'U3078/ZN'. (LINT-34)
Warning: In design 'SPRNN_Top', three-state bus 'memA_din[55]' has non three-state driver 'U3077/ZN'. (LINT-34)
Warning: In design 'SPRNN_Top', three-state bus 'memA_din[56]' has non three-state driver 'U3076/ZN'. (LINT-34)
Warning: In design 'SPRNN_Top', three-state bus 'memA_din[57]' has non three-state driver 'U3075/ZN'. (LINT-34)
Warning: In design 'SPRNN_Top', three-state bus 'memA_din[58]' has non three-state driver 'U3074/ZN'. (LINT-34)
Warning: In design 'SPRNN_Top', three-state bus 'memA_din[59]' has non three-state driver 'U3073/ZN'. (LINT-34)
Warning: In design 'SPRNN_Top', three-state bus 'memA_din[60]' has non three-state driver 'U3072/ZN'. (LINT-34)
Warning: In design 'SPRNN_Top', three-state bus 'memA_din[61]' has non three-state driver 'U3071/ZN'. (LINT-34)
Warning: In design 'SPRNN_Top', three-state bus 'memA_din[62]' has non three-state driver 'U3070/ZN'. (LINT-34)
Warning: In design 'SPRNN_Top', three-state bus 'memA_din[63]' has non three-state driver 'U3069/ZN'. (LINT-34)
Warning: In design 'SPRNN_Top', three-state bus 'memA_din[64]' has non three-state driver 'U3068/ZN'. (LINT-34)
Warning: In design 'SPRNN_Top', three-state bus 'memA_din[65]' has non three-state driver 'U3067/ZN'. (LINT-34)
Warning: In design 'SPRNN_Top', three-state bus 'memA_din[66]' has non three-state driver 'U3066/ZN'. (LINT-34)
Warning: In design 'SPRNN_Top', three-state bus 'memA_din[67]' has non three-state driver 'U3065/ZN'. (LINT-34)
Warning: In design 'SPRNN_Top', three-state bus 'memA_din[68]' has non three-state driver 'U3064/ZN'. (LINT-34)
Warning: In design 'SPRNN_Top', three-state bus 'memA_din[69]' has non three-state driver 'U3063/ZN'. (LINT-34)
Warning: In design 'SPRNN_Top', three-state bus 'memA_din[70]' has non three-state driver 'U3062/ZN'. (LINT-34)
Warning: In design 'SPRNN_Top', three-state bus 'memA_din[71]' has non three-state driver 'U3061/ZN'. (LINT-34)
Warning: In design 'SPRNN_Top', three-state bus 'memA_din[72]' has non three-state driver 'U3060/ZN'. (LINT-34)
Warning: In design 'SPRNN_Top', three-state bus 'memA_din[73]' has non three-state driver 'U3059/ZN'. (LINT-34)
Warning: In design 'SPRNN_Top', three-state bus 'memA_din[74]' has non three-state driver 'U3058/ZN'. (LINT-34)
Warning: In design 'SPRNN_Top', three-state bus 'memA_din[75]' has non three-state driver 'U3057/ZN'. (LINT-34)
Warning: In design 'SPRNN_Top', three-state bus 'memA_din[76]' has non three-state driver 'U3056/ZN'. (LINT-34)
Warning: In design 'SPRNN_Top', three-state bus 'memA_din[77]' has non three-state driver 'U3055/ZN'. (LINT-34)
Warning: In design 'SPRNN_Top', three-state bus 'memA_din[78]' has non three-state driver 'U3054/ZN'. (LINT-34)
Warning: In design 'SPRNN_Top', three-state bus 'memA_din[79]' has non three-state driver 'U3053/ZN'. (LINT-34)
Warning: In design 'SPRNN_Top', three-state bus 'memA_din[80]' has non three-state driver 'U3052/ZN'. (LINT-34)
Warning: In design 'SPRNN_Top', three-state bus 'memA_din[81]' has non three-state driver 'U3051/ZN'. (LINT-34)
Warning: In design 'SPRNN_Top', three-state bus 'memA_din[82]' has non three-state driver 'U3050/ZN'. (LINT-34)
Warning: In design 'SPRNN_Top', three-state bus 'memA_din[83]' has non three-state driver 'U3049/ZN'. (LINT-34)
Warning: In design 'SPRNN_Top', three-state bus 'memA_din[84]' has non three-state driver 'U3048/ZN'. (LINT-34)
Warning: In design 'SPRNN_Top', three-state bus 'memA_din[85]' has non three-state driver 'U3047/ZN'. (LINT-34)
Warning: In design 'SPRNN_Top', three-state bus 'memA_din[86]' has non three-state driver 'U3046/ZN'. (LINT-34)
Warning: In design 'SPRNN_Top', three-state bus 'memA_din[87]' has non three-state driver 'U3045/ZN'. (LINT-34)
Warning: In design 'SPRNN_Top', three-state bus 'memA_din[88]' has non three-state driver 'U3044/ZN'. (LINT-34)
Warning: In design 'SPRNN_Top', three-state bus 'memA_din[89]' has non three-state driver 'U3043/ZN'. (LINT-34)
Warning: In design 'SPRNN_Top', three-state bus 'memA_din[90]' has non three-state driver 'U3042/ZN'. (LINT-34)
Warning: In design 'SPRNN_Top', three-state bus 'memA_din[91]' has non three-state driver 'U3041/ZN'. (LINT-34)
Warning: In design 'SPRNN_Top', three-state bus 'memA_din[92]' has non three-state driver 'U3040/ZN'. (LINT-34)
Warning: In design 'SPRNN_Top', three-state bus 'memA_din[93]' has non three-state driver 'U3039/ZN'. (LINT-34)
Warning: In design 'SPRNN_Top', three-state bus 'memA_din[94]' has non three-state driver 'U3038/ZN'. (LINT-34)
Warning: In design 'SPRNN_Top', three-state bus 'memA_din[95]' has non three-state driver 'U3037/ZN'. (LINT-34)
Warning: In design 'SPRNN_Top', three-state bus 'memA_din[96]' has non three-state driver 'U3036/ZN'. (LINT-34)
Warning: In design 'SPRNN_Top', three-state bus 'memA_din[97]' has non three-state driver 'U3035/ZN'. (LINT-34)
Warning: In design 'SPRNN_Top', three-state bus 'memA_din[98]' has non three-state driver 'U3034/ZN'. (LINT-34)
Warning: In design 'SPRNN_Top', three-state bus 'memA_din[99]' has non three-state driver 'U3033/ZN'. (LINT-34)
Warning: In design 'SPRNN_Top', three-state bus 'memA_din[100]' has non three-state driver 'U3032/ZN'. (LINT-34)
Warning: In design 'SPRNN_Top', three-state bus 'memA_din[101]' has non three-state driver 'U3031/ZN'. (LINT-34)
Warning: In design 'SPRNN_Top', three-state bus 'memA_din[102]' has non three-state driver 'U3030/ZN'. (LINT-34)
Warning: In design 'SPRNN_Top', three-state bus 'memA_din[103]' has non three-state driver 'U3029/ZN'. (LINT-34)
Warning: In design 'SPRNN_Top', three-state bus 'memA_din[104]' has non three-state driver 'U3028/ZN'. (LINT-34)
Warning: In design 'SPRNN_Top', three-state bus 'memA_din[105]' has non three-state driver 'U3027/ZN'. (LINT-34)
Warning: In design 'SPRNN_Top', three-state bus 'memA_din[106]' has non three-state driver 'U3026/ZN'. (LINT-34)
Warning: In design 'SPRNN_Top', three-state bus 'memA_din[107]' has non three-state driver 'U3025/ZN'. (LINT-34)
Warning: In design 'SPRNN_Top', three-state bus 'memA_din[108]' has non three-state driver 'U3024/ZN'. (LINT-34)
Warning: In design 'SPRNN_Top', three-state bus 'memA_din[109]' has non three-state driver 'U3023/ZN'. (LINT-34)
Warning: In design 'SPRNN_Top', three-state bus 'memA_din[110]' has non three-state driver 'U3022/ZN'. (LINT-34)
Warning: In design 'SPRNN_Top', three-state bus 'memA_din[111]' has non three-state driver 'U3021/ZN'. (LINT-34)
Warning: In design 'SPRNN_Top', three-state bus 'memA_din[112]' has non three-state driver 'U3020/ZN'. (LINT-34)
Warning: In design 'SPRNN_Top', three-state bus 'memA_din[113]' has non three-state driver 'U3019/ZN'. (LINT-34)
Warning: In design 'SPRNN_Top', three-state bus 'memA_din[114]' has non three-state driver 'U3018/ZN'. (LINT-34)
Warning: In design 'SPRNN_Top', three-state bus 'memA_din[115]' has non three-state driver 'U3017/ZN'. (LINT-34)
Warning: In design 'SPRNN_Top', three-state bus 'memA_din[116]' has non three-state driver 'U3016/ZN'. (LINT-34)
Warning: In design 'SPRNN_Top', three-state bus 'memA_din[117]' has non three-state driver 'U3015/ZN'. (LINT-34)
Warning: In design 'SPRNN_Top', three-state bus 'memA_din[118]' has non three-state driver 'U3014/ZN'. (LINT-34)
Warning: In design 'SPRNN_Top', three-state bus 'memA_din[119]' has non three-state driver 'U3013/ZN'. (LINT-34)
Warning: In design 'SPRNN_Top', three-state bus 'memA_din[120]' has non three-state driver 'U3012/ZN'. (LINT-34)
Warning: In design 'SPRNN_Top', three-state bus 'memA_din[121]' has non three-state driver 'U3011/ZN'. (LINT-34)
Warning: In design 'SPRNN_Top', three-state bus 'memA_din[122]' has non three-state driver 'U3010/ZN'. (LINT-34)
Warning: In design 'SPRNN_Top', three-state bus 'memA_din[123]' has non three-state driver 'U3009/ZN'. (LINT-34)
Warning: In design 'SPRNN_Top', three-state bus 'memA_din[124]' has non three-state driver 'U3008/ZN'. (LINT-34)
Warning: In design 'SPRNN_Top', three-state bus 'memA_din[125]' has non three-state driver 'U3007/ZN'. (LINT-34)
Warning: In design 'SPRNN_Top', three-state bus 'memA_din[126]' has non three-state driver 'U3006/ZN'. (LINT-34)
Warning: In design 'SPRNN_Top', three-state bus 'memA_din[127]' has non three-state driver 'U3005/ZN'. (LINT-34)
Warning: In design 'SPRNN_Top', three-state bus 'memA_addr[0]' has non three-state driver 'U2988/ZN'. (LINT-34)
Warning: In design 'SPRNN_Top', three-state bus 'memA_addr[1]' has non three-state driver 'U2987/ZN'. (LINT-34)
Warning: In design 'SPRNN_Top', three-state bus 'memA_addr[2]' has non three-state driver 'U2986/ZN'. (LINT-34)
Warning: In design 'SPRNN_Top', three-state bus 'memA_addr[3]' has non three-state driver 'U2985/ZN'. (LINT-34)
Warning: In design 'SPRNN_Top', three-state bus 'memA_addr[4]' has non three-state driver 'U2984/ZN'. (LINT-34)
Warning: In design 'SPRNN_Top', three-state bus 'memA_addr[5]' has non three-state driver 'U2983/ZN'. (LINT-34)
Warning: In design 'SPRNN_Top', three-state bus 'memA_addr[6]' has non three-state driver 'U2982/ZN'. (LINT-34)
Warning: In design 'SPRNN_Top', three-state bus 'memA_addr[7]' has non three-state driver 'U2981/ZN'. (LINT-34)
Warning: In design 'SPRNN_Top', three-state bus 'memA_addr[8]' has non three-state driver 'U2980/ZN'. (LINT-34)
Warning: In design 'SPRNN_Top', three-state bus 'memA_addr[9]' has non three-state driver 'U2979/ZN'. (LINT-34)
Warning: In design 'SPRNN_Top', three-state bus 'memA_addr[10]' has non three-state driver 'U2978/ZN'. (LINT-34)
Warning: In design 'SPRNN_Top', three-state bus 'memA_addr[11]' has non three-state driver 'U2977/ZN'. (LINT-34)
Warning: In design 'SPRNN_Top', three-state bus 'memA_addr[12]' has non three-state driver 'U2976/ZN'. (LINT-34)
Warning: In design 'SPRNN_Top', three-state bus 'memA_addr[13]' has non three-state driver 'U2975/ZN'. (LINT-34)
Warning: In design 'SPRNN_Top', three-state bus 'memA_addr[14]' has non three-state driver 'U2974/ZN'. (LINT-34)
Warning: In design 'SPRNN_Top', three-state bus 'memA_addr[15]' has non three-state driver 'U2973/ZN'. (LINT-34)
Warning: In design 'SPRNN_Top', three-state bus 'memA_wenb' has non three-state driver 'U2960/ZN'. (LINT-34)
Warning: In design 'SPRNN_Top', three-state bus 'memA_cenb' has non three-state driver 'U2959/ZN'. (LINT-34)
Warning: In design 'SPRNN_Top', three-state bus 'wmem_addr[0]' has non three-state driver 'U2972/ZN'. (LINT-34)
Warning: In design 'SPRNN_Top', three-state bus 'wmem_addr[1]' has non three-state driver 'U2971/ZN'. (LINT-34)
Warning: In design 'SPRNN_Top', three-state bus 'wmem_addr[2]' has non three-state driver 'U2970/ZN'. (LINT-34)
Warning: In design 'SPRNN_Top', three-state bus 'wmem_addr[3]' has non three-state driver 'U2969/ZN'. (LINT-34)
Warning: In design 'SPRNN_Top', three-state bus 'wmem_addr[4]' has non three-state driver 'U2968/ZN'. (LINT-34)
Warning: In design 'SPRNN_Top', three-state bus 'wmem_addr[5]' has non three-state driver 'U2967/ZN'. (LINT-34)
Warning: In design 'SPRNN_Top', three-state bus 'wmem_addr[6]' has non three-state driver 'U2966/ZN'. (LINT-34)
Warning: In design 'SPRNN_Top', three-state bus 'wmem_addr[7]' has non three-state driver 'U2965/ZN'. (LINT-34)
Warning: In design 'SPRNN_Top', three-state bus 'wmem_addr[8]' has non three-state driver 'U2964/ZN'. (LINT-34)
Warning: In design 'SPRNN_Top', three-state bus 'wmem_addr[9]' has non three-state driver 'U2963/ZN'. (LINT-34)
Warning: In design 'SPRNN_Top', three-state bus 'wmem_wenb' has non three-state driver 'U2958/ZN'. (LINT-34)
Warning: In design 'SPRNN_Top', three-state bus 'wmem_cenb' has non three-state driver 'U2957/ZN'. (LINT-34)
Warning: In design 'SPRNN_Top', three-state bus 'layer_start' has non three-state driver 'u_controller/layer_start_reg/Q'. (LINT-34)
Warning: In design 'SPRNN_Top', three-state bus 'maxpool_done_i' has non three-state driver 'u_maxpool/U1915/ZN'. (LINT-34)
Warning: In design 'SPRNN_Top', three-state bus 'relu_done_i' has non three-state driver 'C5668/ZN'. (LINT-34)
Warning: In design 'SPRNN_Top', three-state bus 'addtree_done_i' has non three-state driver 'C5619/ZN'. (LINT-34)
Warning: In design 'SPRNN_Top', three-state bus 'pe_done_i' has non three-state driver 'C5602/ZN'. (LINT-34)
Warning: In design 'SPRNN_Top', three-state bus 'out_buf_done_i' has non three-state driver 'u_out_buf/U734/ZN'. (LINT-34)
Warning: In design 'SPRNN_Top', three-state bus 'layer_num_o[0]' has non three-state driver 'u_controller/layer_num_reg[0]/Q'. (LINT-34)
Warning: In design 'SPRNN_Top', three-state bus 'layer_num_o[1]' has non three-state driver 'u_controller/layer_num_reg[1]/Q'. (LINT-34)
Warning: In design 'SPRNN_Top', three-state bus 'layer_num_o[2]' has non three-state driver 'u_controller/layer_num_reg[2]/Q'. (LINT-34)
Warning: In design 'SPRNN_Top', three-state bus 'u_controller/n19' has non three-state driver 'u_controller/U61/**logic_0**'. (LINT-34)
Warning: In design 'SPRNN_Top', three-state bus 'u_controller/channel[0]' has non three-state driver 'u_controller/U69/ZN'. (LINT-34)
Warning: In design 'SPRNN_Top', three-state bus 'u_controller/channel[1]' has non three-state driver 'u_controller/U68/ZN'. (LINT-34)
Warning: In design 'SPRNN_Top', three-state bus 'u_controller/channel_4' has non three-state driver 'u_controller/U67/ZN'. (LINT-34)
Warning: In design 'SPRNN_Top', three-state bus 'u_controller/weight_num[0]' has non three-state driver 'u_controller/weight_num_reg[0]/Q'. (LINT-34)
Warning: In design 'SPRNN_Top', three-state bus 'u_controller/weight_num[1]' has non three-state driver 'u_controller/weight_num_reg[1]/Q'. (LINT-34)
Warning: In design 'SPRNN_Top', three-state bus 'u_controller/weight_num[2]' has non three-state driver 'u_controller/weight_num_reg[2]/Q'. (LINT-34)
Warning: In design 'SPRNN_Top', three-state bus 'u_controller/weight_num[3]' has non three-state driver 'u_controller/weight_num_reg[3]/Q'. (LINT-34)
Warning: In design 'SPRNN_Top', three-state bus 'u_controller/weight_num[4]' has non three-state driver 'u_controller/weight_num_reg[4]/Q'. (LINT-34)
Warning: In design 'SPRNN_Top', three-state bus 'u_controller/weight_num[5]' has non three-state driver 'u_controller/weight_num_reg[5]/Q'. (LINT-34)
Warning: In design 'SPRNN_Top', three-state bus 'u_controller/weight_num[6]' has non three-state driver 'u_controller/weight_num_reg[6]/Q'. (LINT-34)
Warning: In design 'SPRNN_Top', three-state bus 'u_controller/weight_num[7]' has non three-state driver 'u_controller/weight_num_reg[7]/Q'. (LINT-34)
Warning: In design 'SPRNN_Top', three-state bus 'u_controller/weight_num[8]' has non three-state driver 'u_controller/weight_num_reg[8]/Q'. (LINT-34)
Warning: In design 'SPRNN_Top', multiply-driven net 'u_controller/n19' is driven by constant 0. (LINT-54)
1
