Warning: Design 'SPRNN_Top' has '2' unresolved references. For more detailed information, use the "link" command. (UID-341)
 
****************************************
Report : hierarchy
        -full
Design : SPRNN_Top
Version: Q-2019.12-SP5-5
Date   : Sun Jun 15 19:40:50 2025
****************************************

Warning: 3 unresolved references are not included in this report. (RPT-2)

SPRNN_Top
    Controller
        SVQ_AN2_MG_1                                                                          um28nchllogl35udl140f_ssgwc0p81v125c
        SVQ_AN4_L_1                                                                           um28nchllogl35udl140f_ssgwc0p81v125c
        SVQ_AO2BB2_1                                                                          um28nchllogl35udl140f_ssgwc0p81v125c
        SVQ_AO21_U_1                                                                          um28nchllogl35udl140f_ssgwc0p81v125c
        SVQ_AOI22_0P75                                                                        um28nchllogl35udl140f_ssgwc0p81v125c
        SVQ_AOI211_1                                                                          um28nchllogl35udl140f_ssgwc0p81v125c
        SVQ_EO2_V2_1                                                                          um28nchllogl35udl140f_ssgwc0p81v125c
        SVQ_FDPRBQ_V2_1                                                                       um28nchllogl35udl140f_ssgwc0p81v125c
        SVQ_FDPRBSBQ_1                                                                        um28nchllogl35udl140f_ssgwc0p81v125c
        SVQ_INV_1                                                                             um28nchllogl35udl140f_ssgwc0p81v125c
        SVQ_ND2_1                                                                             um28nchllogl35udl140f_ssgwc0p81v125c
        SVQ_ND3_1                                                                             um28nchllogl35udl140f_ssgwc0p81v125c
        SVQ_ND4_1                                                                             um28nchllogl35udl140f_ssgwc0p81v125c
        SVQ_NR2_1                                                                             um28nchllogl35udl140f_ssgwc0p81v125c
        SVQ_OAI21_S_1                                                                         um28nchllogl35udl140f_ssgwc0p81v125c
        SVQ_OAI22_1                                                                           um28nchllogl35udl140f_ssgwc0p81v125c
        SVQ_OAI31_G_1                                                                         um28nchllogl35udl140f_ssgwc0p81v125c
        SVQ_OAI211_1                                                                          um28nchllogl35udl140f_ssgwc0p81v125c
        SVQ_OAI221_1                                                                          um28nchllogl35udl140f_ssgwc0p81v125c
        SVQ_OAOI211_1                                                                         um28nchllogl35udl140f_ssgwc0p81v125c
        SVQ_TIE0_1                                                                            um28nchllogl35udl140f_ssgwc0p81v125c
        SVQ_TIE1_1                                                                            um28nchllogl35udl140f_ssgwc0p81v125c
    SVQ_AN2_MG_1                                                                              um28nchllogl35udl140f_ssgwc0p81v125c
    SVQ_AN4B_1                                                                                um28nchllogl35udl140f_ssgwc0p81v125c
    SVQ_AO21_U_1                                                                              um28nchllogl35udl140f_ssgwc0p81v125c
    SVQ_AO22_1                                                                                um28nchllogl35udl140f_ssgwc0p81v125c
    SVQ_AOI21_S_1                                                                             um28nchllogl35udl140f_ssgwc0p81v125c
    SVQ_AOI22_0P75                                                                            um28nchllogl35udl140f_ssgwc0p81v125c
    SVQ_BUF_M_1                                                                               um28nchllogl35udl140f_ssgwc0p81v125c
    SVQ_FDPQ_V2_1                                                                             um28nchllogl35udl140f_ssgwc0p81v125c
    SVQ_FDPRBQ_V2_1                                                                           um28nchllogl35udl140f_ssgwc0p81v125c
    SVQ_INV_1                                                                                 um28nchllogl35udl140f_ssgwc0p81v125c
    SVQ_LDPRBQ_1                                                                              um28nchllogl35udl140f_ssgwc0p81v125c
    SVQ_ND2B_V1_1                                                                             um28nchllogl35udl140f_ssgwc0p81v125c
    SVQ_ND2_1                                                                                 um28nchllogl35udl140f_ssgwc0p81v125c
    SVQ_ND3_1                                                                                 um28nchllogl35udl140f_ssgwc0p81v125c
    SVQ_ND4_1                                                                                 um28nchllogl35udl140f_ssgwc0p81v125c
    SVQ_NR4_1                                                                                 um28nchllogl35udl140f_ssgwc0p81v125c
    SVQ_OAI21_S_1                                                                             um28nchllogl35udl140f_ssgwc0p81v125c
    SVQ_OAI211_1                                                                              um28nchllogl35udl140f_ssgwc0p81v125c
    SVQ_OAI222_1                                                                              um28nchllogl35udl140f_ssgwc0p81v125c
    SVQ_OAOI211_1                                                                             um28nchllogl35udl140f_ssgwc0p81v125c
    SVQ_TIE0_1                                                                                um28nchllogl35udl140f_ssgwc0p81v125c
    SVQ_TIE1_1                                                                                um28nchllogl35udl140f_ssgwc0p81v125c
    adder_tree_0
        SVQ_AO21B_1                                                                           um28nchllogl35udl140f_ssgwc0p81v125c
        SVQ_AO22_1                                                                            um28nchllogl35udl140f_ssgwc0p81v125c
        SVQ_BUF_M_1                                                                           um28nchllogl35udl140f_ssgwc0p81v125c
        SVQ_FDPRBQ_V2_1                                                                       um28nchllogl35udl140f_ssgwc0p81v125c
        SVQ_INV_1                                                                             um28nchllogl35udl140f_ssgwc0p81v125c
        SVQ_ND2_1                                                                             um28nchllogl35udl140f_ssgwc0p81v125c
        SVQ_NR2_1                                                                             um28nchllogl35udl140f_ssgwc0p81v125c
        SVQ_TIE0_1                                                                            um28nchllogl35udl140f_ssgwc0p81v125c
        adder_tree_0_DW01_add_0_DW01_add_102
            SVQ_ADDF_V1_1                                                                     um28nchllogl35udl140f_ssgwc0p81v125c
            SVQ_AN2_MG_1                                                                      um28nchllogl35udl140f_ssgwc0p81v125c
            SVQ_EO2_V2_1                                                                      um28nchllogl35udl140f_ssgwc0p81v125c
            SVQ_EO3_1                                                                         um28nchllogl35udl140f_ssgwc0p81v125c
        adder_tree_0_DW01_add_1_DW01_add_103
            SVQ_ADDF_V1_1                                                                     um28nchllogl35udl140f_ssgwc0p81v125c
            SVQ_AN2_MG_1                                                                      um28nchllogl35udl140f_ssgwc0p81v125c
            SVQ_EO2_V2_1                                                                      um28nchllogl35udl140f_ssgwc0p81v125c
            SVQ_EO3_1                                                                         um28nchllogl35udl140f_ssgwc0p81v125c
        adder_tree_0_DW01_add_2_DW01_add_104
            SVQ_ADDF_V1_1                                                                     um28nchllogl35udl140f_ssgwc0p81v125c
            SVQ_AN2_MG_1                                                                      um28nchllogl35udl140f_ssgwc0p81v125c
            SVQ_EO2_V2_1                                                                      um28nchllogl35udl140f_ssgwc0p81v125c
            SVQ_EO3_1                                                                         um28nchllogl35udl140f_ssgwc0p81v125c
        adder_tree_0_DW01_add_3_DW01_add_117
            SVQ_ADDF_V1_1                                                                     um28nchllogl35udl140f_ssgwc0p81v125c
            SVQ_AN2_MG_1                                                                      um28nchllogl35udl140f_ssgwc0p81v125c
            SVQ_EO2_V2_1                                                                      um28nchllogl35udl140f_ssgwc0p81v125c
            SVQ_EO3_1                                                                         um28nchllogl35udl140f_ssgwc0p81v125c
        adder_tree_0_DW01_add_4_DW01_add_118
            SVQ_ADDF_V1_1                                                                     um28nchllogl35udl140f_ssgwc0p81v125c
            SVQ_AN2_MG_1                                                                      um28nchllogl35udl140f_ssgwc0p81v125c
            SVQ_EO2_V2_1                                                                      um28nchllogl35udl140f_ssgwc0p81v125c
            SVQ_EO3_1                                                                         um28nchllogl35udl140f_ssgwc0p81v125c
        adder_tree_0_DW01_add_5_DW01_add_119
            SVQ_ADDF_V1_1                                                                     um28nchllogl35udl140f_ssgwc0p81v125c
            SVQ_AN2_MG_1                                                                      um28nchllogl35udl140f_ssgwc0p81v125c
            SVQ_EO2_V2_1                                                                      um28nchllogl35udl140f_ssgwc0p81v125c
            SVQ_EO3_1                                                                         um28nchllogl35udl140f_ssgwc0p81v125c
        adder_tree_0_DW01_add_6_DW01_add_120
            SVQ_ADDF_V1_1                                                                     um28nchllogl35udl140f_ssgwc0p81v125c
            SVQ_AN2_MG_1                                                                      um28nchllogl35udl140f_ssgwc0p81v125c
            SVQ_EO2_V2_1                                                                      um28nchllogl35udl140f_ssgwc0p81v125c
            SVQ_EO3_1                                                                         um28nchllogl35udl140f_ssgwc0p81v125c
        adder_tree_0_DW01_add_7_DW01_add_121
            SVQ_ADDF_V1_1                                                                     um28nchllogl35udl140f_ssgwc0p81v125c
            SVQ_AN2_MG_1                                                                      um28nchllogl35udl140f_ssgwc0p81v125c
            SVQ_EO2_V2_1                                                                      um28nchllogl35udl140f_ssgwc0p81v125c
            SVQ_EO3_1                                                                         um28nchllogl35udl140f_ssgwc0p81v125c
        adder_tree_0_DW01_add_8_DW01_add_122
            SVQ_ADDF_V1_1                                                                     um28nchllogl35udl140f_ssgwc0p81v125c
            SVQ_AN2_MG_1                                                                      um28nchllogl35udl140f_ssgwc0p81v125c
            SVQ_EO2_V2_1                                                                      um28nchllogl35udl140f_ssgwc0p81v125c
            SVQ_EO3_1                                                                         um28nchllogl35udl140f_ssgwc0p81v125c
        adder_tree_0_DW01_add_9_DW01_add_123
            SVQ_ADDF_V1_1                                                                     um28nchllogl35udl140f_ssgwc0p81v125c
            SVQ_AN2_MG_1                                                                      um28nchllogl35udl140f_ssgwc0p81v125c
            SVQ_EO2_V2_1                                                                      um28nchllogl35udl140f_ssgwc0p81v125c
            SVQ_EO3_1                                                                         um28nchllogl35udl140f_ssgwc0p81v125c
        adder_tree_0_DW01_add_10_DW01_add_124
            SVQ_ADDF_V1_1                                                                     um28nchllogl35udl140f_ssgwc0p81v125c
            SVQ_AN2_MG_1                                                                      um28nchllogl35udl140f_ssgwc0p81v125c
            SVQ_EO2_V2_1                                                                      um28nchllogl35udl140f_ssgwc0p81v125c
            SVQ_EO3_1                                                                         um28nchllogl35udl140f_ssgwc0p81v125c
        adder_tree_0_DW01_add_11_DW01_add_125
            SVQ_ADDF_V1_1                                                                     um28nchllogl35udl140f_ssgwc0p81v125c
            SVQ_AN2_MG_1                                                                      um28nchllogl35udl140f_ssgwc0p81v125c
            SVQ_EO2_V2_1                                                                      um28nchllogl35udl140f_ssgwc0p81v125c
            SVQ_EO3_1                                                                         um28nchllogl35udl140f_ssgwc0p81v125c
        adder_tree_0_DW01_add_12_DW01_add_144
            SVQ_ADDF_V1_1                                                                     um28nchllogl35udl140f_ssgwc0p81v125c
            SVQ_AN2_MG_1                                                                      um28nchllogl35udl140f_ssgwc0p81v125c
            SVQ_EO2_V2_1                                                                      um28nchllogl35udl140f_ssgwc0p81v125c
            SVQ_EO3_1                                                                         um28nchllogl35udl140f_ssgwc0p81v125c
        adder_tree_0_DW01_add_13_DW01_add_145
            SVQ_ADDF_V1_1                                                                     um28nchllogl35udl140f_ssgwc0p81v125c
            SVQ_AN2_MG_1                                                                      um28nchllogl35udl140f_ssgwc0p81v125c
            SVQ_EO2_V2_1                                                                      um28nchllogl35udl140f_ssgwc0p81v125c
            SVQ_EO3_1                                                                         um28nchllogl35udl140f_ssgwc0p81v125c
        adder_tree_0_DW01_add_14_DW01_add_146
            SVQ_ADDF_V1_1                                                                     um28nchllogl35udl140f_ssgwc0p81v125c
            SVQ_AN2_MG_1                                                                      um28nchllogl35udl140f_ssgwc0p81v125c
            SVQ_EO2_V2_1                                                                      um28nchllogl35udl140f_ssgwc0p81v125c
            SVQ_EO3_1                                                                         um28nchllogl35udl140f_ssgwc0p81v125c
    adder_tree_1
        SVQ_AO21B_1                                                                           um28nchllogl35udl140f_ssgwc0p81v125c
        SVQ_AO22_1                                                                            um28nchllogl35udl140f_ssgwc0p81v125c
        SVQ_BUF_M_1                                                                           um28nchllogl35udl140f_ssgwc0p81v125c
        SVQ_FDPRBQ_V2_1                                                                       um28nchllogl35udl140f_ssgwc0p81v125c
        SVQ_INV_1                                                                             um28nchllogl35udl140f_ssgwc0p81v125c
        SVQ_ND2_1                                                                             um28nchllogl35udl140f_ssgwc0p81v125c
        SVQ_NR2_1                                                                             um28nchllogl35udl140f_ssgwc0p81v125c
        SVQ_TIE0_1                                                                            um28nchllogl35udl140f_ssgwc0p81v125c
        adder_tree_1_DW01_add_0_DW01_add_105
            SVQ_ADDF_V1_1                                                                     um28nchllogl35udl140f_ssgwc0p81v125c
            SVQ_AN2_MG_1                                                                      um28nchllogl35udl140f_ssgwc0p81v125c
            SVQ_EO2_V2_1                                                                      um28nchllogl35udl140f_ssgwc0p81v125c
            SVQ_EO3_1                                                                         um28nchllogl35udl140f_ssgwc0p81v125c
        adder_tree_1_DW01_add_1_DW01_add_106
            SVQ_ADDF_V1_1                                                                     um28nchllogl35udl140f_ssgwc0p81v125c
            SVQ_AN2_MG_1                                                                      um28nchllogl35udl140f_ssgwc0p81v125c
            SVQ_EO2_V2_1                                                                      um28nchllogl35udl140f_ssgwc0p81v125c
            SVQ_EO3_1                                                                         um28nchllogl35udl140f_ssgwc0p81v125c
        adder_tree_1_DW01_add_2_DW01_add_107
            SVQ_ADDF_V1_1                                                                     um28nchllogl35udl140f_ssgwc0p81v125c
            SVQ_AN2_MG_1                                                                      um28nchllogl35udl140f_ssgwc0p81v125c
            SVQ_EO2_V2_1                                                                      um28nchllogl35udl140f_ssgwc0p81v125c
            SVQ_EO3_1                                                                         um28nchllogl35udl140f_ssgwc0p81v125c
        adder_tree_1_DW01_add_3_DW01_add_114
            SVQ_ADDF_V1_1                                                                     um28nchllogl35udl140f_ssgwc0p81v125c
            SVQ_AN2_MG_1                                                                      um28nchllogl35udl140f_ssgwc0p81v125c
            SVQ_EO2_V2_1                                                                      um28nchllogl35udl140f_ssgwc0p81v125c
            SVQ_EO3_1                                                                         um28nchllogl35udl140f_ssgwc0p81v125c
        adder_tree_1_DW01_add_4_DW01_add_115
            SVQ_ADDF_V1_1                                                                     um28nchllogl35udl140f_ssgwc0p81v125c
            SVQ_AN2_MG_1                                                                      um28nchllogl35udl140f_ssgwc0p81v125c
            SVQ_EO2_V2_1                                                                      um28nchllogl35udl140f_ssgwc0p81v125c
            SVQ_EO3_1                                                                         um28nchllogl35udl140f_ssgwc0p81v125c
        adder_tree_1_DW01_add_5_DW01_add_116
            SVQ_ADDF_V1_1                                                                     um28nchllogl35udl140f_ssgwc0p81v125c
            SVQ_AN2_MG_1                                                                      um28nchllogl35udl140f_ssgwc0p81v125c
            SVQ_EO2_V2_1                                                                      um28nchllogl35udl140f_ssgwc0p81v125c
            SVQ_EO3_1                                                                         um28nchllogl35udl140f_ssgwc0p81v125c
        adder_tree_1_DW01_add_6_DW01_add_126
            SVQ_ADDF_V1_1                                                                     um28nchllogl35udl140f_ssgwc0p81v125c
            SVQ_AN2_MG_1                                                                      um28nchllogl35udl140f_ssgwc0p81v125c
            SVQ_EO2_V2_1                                                                      um28nchllogl35udl140f_ssgwc0p81v125c
            SVQ_EO3_1                                                                         um28nchllogl35udl140f_ssgwc0p81v125c
        adder_tree_1_DW01_add_7_DW01_add_127
            SVQ_ADDF_V1_1                                                                     um28nchllogl35udl140f_ssgwc0p81v125c
            SVQ_AN2_MG_1                                                                      um28nchllogl35udl140f_ssgwc0p81v125c
            SVQ_EO2_V2_1                                                                      um28nchllogl35udl140f_ssgwc0p81v125c
            SVQ_EO3_1                                                                         um28nchllogl35udl140f_ssgwc0p81v125c
        adder_tree_1_DW01_add_8_DW01_add_128
            SVQ_ADDF_V1_1                                                                     um28nchllogl35udl140f_ssgwc0p81v125c
            SVQ_AN2_MG_1                                                                      um28nchllogl35udl140f_ssgwc0p81v125c
            SVQ_EO2_V2_1                                                                      um28nchllogl35udl140f_ssgwc0p81v125c
            SVQ_EO3_1                                                                         um28nchllogl35udl140f_ssgwc0p81v125c
        adder_tree_1_DW01_add_9_DW01_add_129
            SVQ_ADDF_V1_1                                                                     um28nchllogl35udl140f_ssgwc0p81v125c
            SVQ_AN2_MG_1                                                                      um28nchllogl35udl140f_ssgwc0p81v125c
            SVQ_EO2_V2_1                                                                      um28nchllogl35udl140f_ssgwc0p81v125c
            SVQ_EO3_1                                                                         um28nchllogl35udl140f_ssgwc0p81v125c
        adder_tree_1_DW01_add_10_DW01_add_130
            SVQ_ADDF_V1_1                                                                     um28nchllogl35udl140f_ssgwc0p81v125c
            SVQ_AN2_MG_1                                                                      um28nchllogl35udl140f_ssgwc0p81v125c
            SVQ_EO2_V2_1                                                                      um28nchllogl35udl140f_ssgwc0p81v125c
            SVQ_EO3_1                                                                         um28nchllogl35udl140f_ssgwc0p81v125c
        adder_tree_1_DW01_add_11_DW01_add_131
            SVQ_ADDF_V1_1                                                                     um28nchllogl35udl140f_ssgwc0p81v125c
            SVQ_AN2_MG_1                                                                      um28nchllogl35udl140f_ssgwc0p81v125c
            SVQ_EO2_V2_1                                                                      um28nchllogl35udl140f_ssgwc0p81v125c
            SVQ_EO3_1                                                                         um28nchllogl35udl140f_ssgwc0p81v125c
        adder_tree_1_DW01_add_12_DW01_add_132
            SVQ_ADDF_V1_1                                                                     um28nchllogl35udl140f_ssgwc0p81v125c
            SVQ_AN2_MG_1                                                                      um28nchllogl35udl140f_ssgwc0p81v125c
            SVQ_EO2_V2_1                                                                      um28nchllogl35udl140f_ssgwc0p81v125c
            SVQ_EO3_1                                                                         um28nchllogl35udl140f_ssgwc0p81v125c
        adder_tree_1_DW01_add_13_DW01_add_133
            SVQ_ADDF_V1_1                                                                     um28nchllogl35udl140f_ssgwc0p81v125c
            SVQ_AN2_MG_1                                                                      um28nchllogl35udl140f_ssgwc0p81v125c
            SVQ_EO2_V2_1                                                                      um28nchllogl35udl140f_ssgwc0p81v125c
            SVQ_EO3_1                                                                         um28nchllogl35udl140f_ssgwc0p81v125c
        adder_tree_1_DW01_add_14_DW01_add_134
            SVQ_ADDF_V1_1                                                                     um28nchllogl35udl140f_ssgwc0p81v125c
            SVQ_AN2_MG_1                                                                      um28nchllogl35udl140f_ssgwc0p81v125c
            SVQ_EO2_V2_1                                                                      um28nchllogl35udl140f_ssgwc0p81v125c
            SVQ_EO3_1                                                                         um28nchllogl35udl140f_ssgwc0p81v125c
    adder_tree_2
        SVQ_AO21B_1                                                                           um28nchllogl35udl140f_ssgwc0p81v125c
        SVQ_AO22_1                                                                            um28nchllogl35udl140f_ssgwc0p81v125c
        SVQ_BUF_M_1                                                                           um28nchllogl35udl140f_ssgwc0p81v125c
        SVQ_FDPRBQ_V2_1                                                                       um28nchllogl35udl140f_ssgwc0p81v125c
        SVQ_INV_1                                                                             um28nchllogl35udl140f_ssgwc0p81v125c
        SVQ_ND2_1                                                                             um28nchllogl35udl140f_ssgwc0p81v125c
        SVQ_NR2_1                                                                             um28nchllogl35udl140f_ssgwc0p81v125c
        SVQ_TIE0_1                                                                            um28nchllogl35udl140f_ssgwc0p81v125c
        adder_tree_2_DW01_add_0_DW01_add_108
            SVQ_ADDF_V1_1                                                                     um28nchllogl35udl140f_ssgwc0p81v125c
            SVQ_AN2_MG_1                                                                      um28nchllogl35udl140f_ssgwc0p81v125c
            SVQ_EO2_V2_1                                                                      um28nchllogl35udl140f_ssgwc0p81v125c
            SVQ_EO3_1                                                                         um28nchllogl35udl140f_ssgwc0p81v125c
        adder_tree_2_DW01_add_1_DW01_add_109
            SVQ_ADDF_V1_1                                                                     um28nchllogl35udl140f_ssgwc0p81v125c
            SVQ_AN2_MG_1                                                                      um28nchllogl35udl140f_ssgwc0p81v125c
            SVQ_EO2_V2_1                                                                      um28nchllogl35udl140f_ssgwc0p81v125c
            SVQ_EO3_1                                                                         um28nchllogl35udl140f_ssgwc0p81v125c
        adder_tree_2_DW01_add_2_DW01_add_110
            SVQ_ADDF_V1_1                                                                     um28nchllogl35udl140f_ssgwc0p81v125c
            SVQ_AN2_MG_1                                                                      um28nchllogl35udl140f_ssgwc0p81v125c
            SVQ_EO2_V2_1                                                                      um28nchllogl35udl140f_ssgwc0p81v125c
            SVQ_EO3_1                                                                         um28nchllogl35udl140f_ssgwc0p81v125c
        adder_tree_2_DW01_add_3_DW01_add_111
            SVQ_ADDF_V1_1                                                                     um28nchllogl35udl140f_ssgwc0p81v125c
            SVQ_AN2_MG_1                                                                      um28nchllogl35udl140f_ssgwc0p81v125c
            SVQ_EO2_V2_1                                                                      um28nchllogl35udl140f_ssgwc0p81v125c
            SVQ_EO3_1                                                                         um28nchllogl35udl140f_ssgwc0p81v125c
        adder_tree_2_DW01_add_4_DW01_add_112
            SVQ_ADDF_V1_1                                                                     um28nchllogl35udl140f_ssgwc0p81v125c
            SVQ_AN2_MG_1                                                                      um28nchllogl35udl140f_ssgwc0p81v125c
            SVQ_EO2_V2_1                                                                      um28nchllogl35udl140f_ssgwc0p81v125c
            SVQ_EO3_1                                                                         um28nchllogl35udl140f_ssgwc0p81v125c
        adder_tree_2_DW01_add_5_DW01_add_113
            SVQ_ADDF_V1_1                                                                     um28nchllogl35udl140f_ssgwc0p81v125c
            SVQ_AN2_MG_1                                                                      um28nchllogl35udl140f_ssgwc0p81v125c
            SVQ_EO2_V2_1                                                                      um28nchllogl35udl140f_ssgwc0p81v125c
            SVQ_EO3_1                                                                         um28nchllogl35udl140f_ssgwc0p81v125c
        adder_tree_2_DW01_add_6_DW01_add_135
            SVQ_ADDF_V1_1                                                                     um28nchllogl35udl140f_ssgwc0p81v125c
            SVQ_AN2_MG_1                                                                      um28nchllogl35udl140f_ssgwc0p81v125c
            SVQ_EO2_V2_1                                                                      um28nchllogl35udl140f_ssgwc0p81v125c
            SVQ_EO3_1                                                                         um28nchllogl35udl140f_ssgwc0p81v125c
        adder_tree_2_DW01_add_7_DW01_add_136
            SVQ_ADDF_V1_1                                                                     um28nchllogl35udl140f_ssgwc0p81v125c
            SVQ_AN2_MG_1                                                                      um28nchllogl35udl140f_ssgwc0p81v125c
            SVQ_EO2_V2_1                                                                      um28nchllogl35udl140f_ssgwc0p81v125c
            SVQ_EO3_1                                                                         um28nchllogl35udl140f_ssgwc0p81v125c
        adder_tree_2_DW01_add_8_DW01_add_137
            SVQ_ADDF_V1_1                                                                     um28nchllogl35udl140f_ssgwc0p81v125c
            SVQ_AN2_MG_1                                                                      um28nchllogl35udl140f_ssgwc0p81v125c
            SVQ_EO2_V2_1                                                                      um28nchllogl35udl140f_ssgwc0p81v125c
            SVQ_EO3_1                                                                         um28nchllogl35udl140f_ssgwc0p81v125c
        adder_tree_2_DW01_add_9_DW01_add_138
            SVQ_ADDF_V1_1                                                                     um28nchllogl35udl140f_ssgwc0p81v125c
            SVQ_AN2_MG_1                                                                      um28nchllogl35udl140f_ssgwc0p81v125c
            SVQ_EO2_V2_1                                                                      um28nchllogl35udl140f_ssgwc0p81v125c
            SVQ_EO3_1                                                                         um28nchllogl35udl140f_ssgwc0p81v125c
        adder_tree_2_DW01_add_10_DW01_add_139
            SVQ_ADDF_V1_1                                                                     um28nchllogl35udl140f_ssgwc0p81v125c
            SVQ_AN2_MG_1                                                                      um28nchllogl35udl140f_ssgwc0p81v125c
            SVQ_EO2_V2_1                                                                      um28nchllogl35udl140f_ssgwc0p81v125c
            SVQ_EO3_1                                                                         um28nchllogl35udl140f_ssgwc0p81v125c
        adder_tree_2_DW01_add_11_DW01_add_140
            SVQ_ADDF_V1_1                                                                     um28nchllogl35udl140f_ssgwc0p81v125c
            SVQ_AN2_MG_1                                                                      um28nchllogl35udl140f_ssgwc0p81v125c
            SVQ_EO2_V2_1                                                                      um28nchllogl35udl140f_ssgwc0p81v125c
            SVQ_EO3_1                                                                         um28nchllogl35udl140f_ssgwc0p81v125c
        adder_tree_2_DW01_add_12_DW01_add_141
            SVQ_ADDF_V1_1                                                                     um28nchllogl35udl140f_ssgwc0p81v125c
            SVQ_AN2_MG_1                                                                      um28nchllogl35udl140f_ssgwc0p81v125c
            SVQ_EO2_V2_1                                                                      um28nchllogl35udl140f_ssgwc0p81v125c
            SVQ_EO3_1                                                                         um28nchllogl35udl140f_ssgwc0p81v125c
        adder_tree_2_DW01_add_13_DW01_add_142
            SVQ_ADDF_V1_1                                                                     um28nchllogl35udl140f_ssgwc0p81v125c
            SVQ_AN2_MG_1                                                                      um28nchllogl35udl140f_ssgwc0p81v125c
            SVQ_EO2_V2_1                                                                      um28nchllogl35udl140f_ssgwc0p81v125c
            SVQ_EO3_1                                                                         um28nchllogl35udl140f_ssgwc0p81v125c
        adder_tree_2_DW01_add_14_DW01_add_143
            SVQ_ADDF_V1_1                                                                     um28nchllogl35udl140f_ssgwc0p81v125c
            SVQ_AN2_MG_1                                                                      um28nchllogl35udl140f_ssgwc0p81v125c
            SVQ_EO2_V2_1                                                                      um28nchllogl35udl140f_ssgwc0p81v125c
            SVQ_EO3_1                                                                         um28nchllogl35udl140f_ssgwc0p81v125c
    bias_relu_0
        SVQ_AN2_0P5                                                                           um28nchllogl35udl140f_ssgwc0p81v125c
        SVQ_EN2_V2_1                                                                          um28nchllogl35udl140f_ssgwc0p81v125c
        SVQ_EO2_V2_0P5                                                                        um28nchllogl35udl140f_ssgwc0p81v125c
        SVQ_EO2_V2_1                                                                          um28nchllogl35udl140f_ssgwc0p81v125c
        SVQ_ND2B_V1_1                                                                         um28nchllogl35udl140f_ssgwc0p81v125c
        SVQ_NR2B_V1_1                                                                         um28nchllogl35udl140f_ssgwc0p81v125c
        SVQ_NR2_1                                                                             um28nchllogl35udl140f_ssgwc0p81v125c
        SVQ_OA21_1                                                                            um28nchllogl35udl140f_ssgwc0p81v125c
        SVQ_TIE0_1                                                                            um28nchllogl35udl140f_ssgwc0p81v125c
        bias_relu_0_DW01_add_1
            SVQ_ADDF_V1_1                                                                     um28nchllogl35udl140f_ssgwc0p81v125c
            SVQ_AN2_0P5                                                                       um28nchllogl35udl140f_ssgwc0p81v125c
            SVQ_AO2BB2_0P6                                                                    um28nchllogl35udl140f_ssgwc0p81v125c
            SVQ_AO21B_1                                                                       um28nchllogl35udl140f_ssgwc0p81v125c
            SVQ_AOI21B_0P5                                                                    um28nchllogl35udl140f_ssgwc0p81v125c
            SVQ_INV_1                                                                         um28nchllogl35udl140f_ssgwc0p81v125c
            SVQ_MAJI3_1                                                                       um28nchllogl35udl140f_ssgwc0p81v125c
            SVQ_NR2B_1                                                                        um28nchllogl35udl140f_ssgwc0p81v125c
            SVQ_NR2_0P5                                                                       um28nchllogl35udl140f_ssgwc0p81v125c
            SVQ_OAI21_0P7                                                                     um28nchllogl35udl140f_ssgwc0p81v125c
            SVQ_OAI22_0P75                                                                    um28nchllogl35udl140f_ssgwc0p81v125c
            SVQ_OAI211_0P5                                                                    um28nchllogl35udl140f_ssgwc0p81v125c
            SVQ_OAO211_DG_1                                                                   um28nchllogl35udl140f_ssgwc0p81v125c
    bias_relu_1
        SVQ_AN2_0P5                                                                           um28nchllogl35udl140f_ssgwc0p81v125c
        SVQ_EN2_V2_1                                                                          um28nchllogl35udl140f_ssgwc0p81v125c
        SVQ_EO2_V2_0P5                                                                        um28nchllogl35udl140f_ssgwc0p81v125c
        SVQ_EO2_V2_1                                                                          um28nchllogl35udl140f_ssgwc0p81v125c
        SVQ_ND2B_V1_1                                                                         um28nchllogl35udl140f_ssgwc0p81v125c
        SVQ_NR2B_V1_1                                                                         um28nchllogl35udl140f_ssgwc0p81v125c
        SVQ_NR2_1                                                                             um28nchllogl35udl140f_ssgwc0p81v125c
        SVQ_OA21_1                                                                            um28nchllogl35udl140f_ssgwc0p81v125c
        SVQ_TIE0_1                                                                            um28nchllogl35udl140f_ssgwc0p81v125c
        bias_relu_1_DW01_add_1_DW01_add_3
            SVQ_ADDF_V1_1                                                                     um28nchllogl35udl140f_ssgwc0p81v125c
            SVQ_AN2_0P5                                                                       um28nchllogl35udl140f_ssgwc0p81v125c
            SVQ_AO2BB2_0P6                                                                    um28nchllogl35udl140f_ssgwc0p81v125c
            SVQ_AO21B_1                                                                       um28nchllogl35udl140f_ssgwc0p81v125c
            SVQ_AOI21B_0P5                                                                    um28nchllogl35udl140f_ssgwc0p81v125c
            SVQ_INV_1                                                                         um28nchllogl35udl140f_ssgwc0p81v125c
            SVQ_MAJI3_1                                                                       um28nchllogl35udl140f_ssgwc0p81v125c
            SVQ_NR2B_1                                                                        um28nchllogl35udl140f_ssgwc0p81v125c
            SVQ_NR2_0P5                                                                       um28nchllogl35udl140f_ssgwc0p81v125c
            SVQ_OAI21_0P7                                                                     um28nchllogl35udl140f_ssgwc0p81v125c
            SVQ_OAI22_0P75                                                                    um28nchllogl35udl140f_ssgwc0p81v125c
            SVQ_OAI211_0P5                                                                    um28nchllogl35udl140f_ssgwc0p81v125c
            SVQ_OAO211_DG_1                                                                   um28nchllogl35udl140f_ssgwc0p81v125c
    bias_relu_2
        SVQ_AN2_0P5                                                                           um28nchllogl35udl140f_ssgwc0p81v125c
        SVQ_EN2_V2_1                                                                          um28nchllogl35udl140f_ssgwc0p81v125c
        SVQ_EO2_V2_0P5                                                                        um28nchllogl35udl140f_ssgwc0p81v125c
        SVQ_EO2_V2_1                                                                          um28nchllogl35udl140f_ssgwc0p81v125c
        SVQ_ND2B_V1_1                                                                         um28nchllogl35udl140f_ssgwc0p81v125c
        SVQ_NR2B_V1_1                                                                         um28nchllogl35udl140f_ssgwc0p81v125c
        SVQ_NR2_1                                                                             um28nchllogl35udl140f_ssgwc0p81v125c
        SVQ_OA21_1                                                                            um28nchllogl35udl140f_ssgwc0p81v125c
        SVQ_TIE0_1                                                                            um28nchllogl35udl140f_ssgwc0p81v125c
        bias_relu_2_DW01_add_1_DW01_add_5
            SVQ_ADDF_V1_1                                                                     um28nchllogl35udl140f_ssgwc0p81v125c
            SVQ_AN2_0P5                                                                       um28nchllogl35udl140f_ssgwc0p81v125c
            SVQ_AO2BB2_0P6                                                                    um28nchllogl35udl140f_ssgwc0p81v125c
            SVQ_AO21B_1                                                                       um28nchllogl35udl140f_ssgwc0p81v125c
            SVQ_AOI21B_0P5                                                                    um28nchllogl35udl140f_ssgwc0p81v125c
            SVQ_INV_1                                                                         um28nchllogl35udl140f_ssgwc0p81v125c
            SVQ_MAJI3_1                                                                       um28nchllogl35udl140f_ssgwc0p81v125c
            SVQ_NR2B_1                                                                        um28nchllogl35udl140f_ssgwc0p81v125c
            SVQ_NR2_0P5                                                                       um28nchllogl35udl140f_ssgwc0p81v125c
            SVQ_OAI21_0P7                                                                     um28nchllogl35udl140f_ssgwc0p81v125c
            SVQ_OAI22_0P75                                                                    um28nchllogl35udl140f_ssgwc0p81v125c
            SVQ_OAI211_0P5                                                                    um28nchllogl35udl140f_ssgwc0p81v125c
            SVQ_OAO211_DG_1                                                                   um28nchllogl35udl140f_ssgwc0p81v125c
    f_buffer_0
        SVQ_ADDH_1                                                                            um28nchllogl35udl140f_ssgwc0p81v125c
        SVQ_AN2_0P5                                                                           um28nchllogl35udl140f_ssgwc0p81v125c
        SVQ_AN2_MG_1                                                                          um28nchllogl35udl140f_ssgwc0p81v125c
        SVQ_AN3B_1                                                                            um28nchllogl35udl140f_ssgwc0p81v125c
        SVQ_AN4_1                                                                             um28nchllogl35udl140f_ssgwc0p81v125c
        SVQ_AO2BB2_0P6                                                                        um28nchllogl35udl140f_ssgwc0p81v125c
        SVQ_AO21_U_1                                                                          um28nchllogl35udl140f_ssgwc0p81v125c
        SVQ_AO22_1                                                                            um28nchllogl35udl140f_ssgwc0p81v125c
        SVQ_AOI21_S_1                                                                         um28nchllogl35udl140f_ssgwc0p81v125c
        SVQ_AOI2222_V2_1                                                                      um28nchllogl35udl140f_ssgwc0p81v125c
        SVQ_BUF_M_1                                                                           um28nchllogl35udl140f_ssgwc0p81v125c
        SVQ_EO2_V2_0P5                                                                        um28nchllogl35udl140f_ssgwc0p81v125c
        SVQ_FDPRBQ_V2_1                                                                       um28nchllogl35udl140f_ssgwc0p81v125c
        SVQ_INV_1                                                                             um28nchllogl35udl140f_ssgwc0p81v125c
        SVQ_LDPRBQ_1                                                                          um28nchllogl35udl140f_ssgwc0p81v125c
        SVQ_MUX2_1                                                                            um28nchllogl35udl140f_ssgwc0p81v125c
        SVQ_ND2_0P5                                                                           um28nchllogl35udl140f_ssgwc0p81v125c
        SVQ_ND3_1                                                                             um28nchllogl35udl140f_ssgwc0p81v125c
        SVQ_ND4_1                                                                             um28nchllogl35udl140f_ssgwc0p81v125c
        SVQ_NR2B_V1_1                                                                         um28nchllogl35udl140f_ssgwc0p81v125c
        SVQ_NR2_0P5                                                                           um28nchllogl35udl140f_ssgwc0p81v125c
        SVQ_NR2_1                                                                             um28nchllogl35udl140f_ssgwc0p81v125c
        SVQ_NR3_1                                                                             um28nchllogl35udl140f_ssgwc0p81v125c
        SVQ_NR4_1                                                                             um28nchllogl35udl140f_ssgwc0p81v125c
        SVQ_OA21_1                                                                            um28nchllogl35udl140f_ssgwc0p81v125c
        SVQ_OAI21_0P7                                                                         um28nchllogl35udl140f_ssgwc0p81v125c
        SVQ_OAI22_0P75                                                                        um28nchllogl35udl140f_ssgwc0p81v125c
        SVQ_OAI31_G_1                                                                         um28nchllogl35udl140f_ssgwc0p81v125c
        SVQ_OAI211_0P5                                                                        um28nchllogl35udl140f_ssgwc0p81v125c
        SVQ_OAI221_1                                                                          um28nchllogl35udl140f_ssgwc0p81v125c
        SVQ_OAI222_1                                                                          um28nchllogl35udl140f_ssgwc0p81v125c
        SVQ_TIE1_1                                                                            um28nchllogl35udl140f_ssgwc0p81v125c
    f_buffer_1
        SVQ_ADDH_1                                                                            um28nchllogl35udl140f_ssgwc0p81v125c
        SVQ_AN2_0P5                                                                           um28nchllogl35udl140f_ssgwc0p81v125c
        SVQ_AN2_MG_1                                                                          um28nchllogl35udl140f_ssgwc0p81v125c
        SVQ_AN3B_1                                                                            um28nchllogl35udl140f_ssgwc0p81v125c
        SVQ_AN4_1                                                                             um28nchllogl35udl140f_ssgwc0p81v125c
        SVQ_AO2BB2_0P6                                                                        um28nchllogl35udl140f_ssgwc0p81v125c
        SVQ_AO21_U_1                                                                          um28nchllogl35udl140f_ssgwc0p81v125c
        SVQ_AO22_1                                                                            um28nchllogl35udl140f_ssgwc0p81v125c
        SVQ_AOI21_S_1                                                                         um28nchllogl35udl140f_ssgwc0p81v125c
        SVQ_AOI2222_V2_1                                                                      um28nchllogl35udl140f_ssgwc0p81v125c
        SVQ_BUF_M_1                                                                           um28nchllogl35udl140f_ssgwc0p81v125c
        SVQ_EO2_V2_0P5                                                                        um28nchllogl35udl140f_ssgwc0p81v125c
        SVQ_FDPRBQ_V2_1                                                                       um28nchllogl35udl140f_ssgwc0p81v125c
        SVQ_INV_1                                                                             um28nchllogl35udl140f_ssgwc0p81v125c
        SVQ_LDPRBQ_1                                                                          um28nchllogl35udl140f_ssgwc0p81v125c
        SVQ_MUX2_1                                                                            um28nchllogl35udl140f_ssgwc0p81v125c
        SVQ_ND2_0P5                                                                           um28nchllogl35udl140f_ssgwc0p81v125c
        SVQ_ND3_1                                                                             um28nchllogl35udl140f_ssgwc0p81v125c
        SVQ_ND4_1                                                                             um28nchllogl35udl140f_ssgwc0p81v125c
        SVQ_NR2B_V1_1                                                                         um28nchllogl35udl140f_ssgwc0p81v125c
        SVQ_NR2_0P5                                                                           um28nchllogl35udl140f_ssgwc0p81v125c
        SVQ_NR2_1                                                                             um28nchllogl35udl140f_ssgwc0p81v125c
        SVQ_NR3_1                                                                             um28nchllogl35udl140f_ssgwc0p81v125c
        SVQ_NR4_1                                                                             um28nchllogl35udl140f_ssgwc0p81v125c
        SVQ_OA21_1                                                                            um28nchllogl35udl140f_ssgwc0p81v125c
        SVQ_OAI21_0P7                                                                         um28nchllogl35udl140f_ssgwc0p81v125c
        SVQ_OAI22_0P75                                                                        um28nchllogl35udl140f_ssgwc0p81v125c
        SVQ_OAI31_G_1                                                                         um28nchllogl35udl140f_ssgwc0p81v125c
        SVQ_OAI211_0P5                                                                        um28nchllogl35udl140f_ssgwc0p81v125c
        SVQ_OAI221_1                                                                          um28nchllogl35udl140f_ssgwc0p81v125c
        SVQ_OAI222_1                                                                          um28nchllogl35udl140f_ssgwc0p81v125c
        SVQ_TIE1_1                                                                            um28nchllogl35udl140f_ssgwc0p81v125c
    f_buffer_2
        SVQ_ADDH_1                                                                            um28nchllogl35udl140f_ssgwc0p81v125c
        SVQ_AN2_0P5                                                                           um28nchllogl35udl140f_ssgwc0p81v125c
        SVQ_AN2_MG_1                                                                          um28nchllogl35udl140f_ssgwc0p81v125c
        SVQ_AN3B_1                                                                            um28nchllogl35udl140f_ssgwc0p81v125c
        SVQ_AN4_1                                                                             um28nchllogl35udl140f_ssgwc0p81v125c
        SVQ_AO2BB2_0P6                                                                        um28nchllogl35udl140f_ssgwc0p81v125c
        SVQ_AO21_U_1                                                                          um28nchllogl35udl140f_ssgwc0p81v125c
        SVQ_AO22_1                                                                            um28nchllogl35udl140f_ssgwc0p81v125c
        SVQ_AOI21_S_1                                                                         um28nchllogl35udl140f_ssgwc0p81v125c
        SVQ_AOI2222_V2_1                                                                      um28nchllogl35udl140f_ssgwc0p81v125c
        SVQ_BUF_M_1                                                                           um28nchllogl35udl140f_ssgwc0p81v125c
        SVQ_EO2_V2_0P5                                                                        um28nchllogl35udl140f_ssgwc0p81v125c
        SVQ_FDPRBQ_V2_1                                                                       um28nchllogl35udl140f_ssgwc0p81v125c
        SVQ_INV_1                                                                             um28nchllogl35udl140f_ssgwc0p81v125c
        SVQ_LDPRBQ_1                                                                          um28nchllogl35udl140f_ssgwc0p81v125c
        SVQ_MUX2_1                                                                            um28nchllogl35udl140f_ssgwc0p81v125c
        SVQ_ND2_0P5                                                                           um28nchllogl35udl140f_ssgwc0p81v125c
        SVQ_ND3_1                                                                             um28nchllogl35udl140f_ssgwc0p81v125c
        SVQ_ND4_1                                                                             um28nchllogl35udl140f_ssgwc0p81v125c
        SVQ_NR2B_V1_1                                                                         um28nchllogl35udl140f_ssgwc0p81v125c
        SVQ_NR2_0P5                                                                           um28nchllogl35udl140f_ssgwc0p81v125c
        SVQ_NR2_1                                                                             um28nchllogl35udl140f_ssgwc0p81v125c
        SVQ_NR3_1                                                                             um28nchllogl35udl140f_ssgwc0p81v125c
        SVQ_NR4_1                                                                             um28nchllogl35udl140f_ssgwc0p81v125c
        SVQ_OA21_1                                                                            um28nchllogl35udl140f_ssgwc0p81v125c
        SVQ_OAI21_0P7                                                                         um28nchllogl35udl140f_ssgwc0p81v125c
        SVQ_OAI22_0P75                                                                        um28nchllogl35udl140f_ssgwc0p81v125c
        SVQ_OAI31_G_1                                                                         um28nchllogl35udl140f_ssgwc0p81v125c
        SVQ_OAI211_0P5                                                                        um28nchllogl35udl140f_ssgwc0p81v125c
        SVQ_OAI221_1                                                                          um28nchllogl35udl140f_ssgwc0p81v125c
        SVQ_OAI222_1                                                                          um28nchllogl35udl140f_ssgwc0p81v125c
        SVQ_TIE1_1                                                                            um28nchllogl35udl140f_ssgwc0p81v125c
    mac_pipeline_superscalar_DATA_WIDTH8_LANE_NUM3_0
        SVQ_AN2_MG_1                                                                          um28nchllogl35udl140f_ssgwc0p81v125c
        SVQ_AN3B_1                                                                            um28nchllogl35udl140f_ssgwc0p81v125c
        SVQ_AN4B_1                                                                            um28nchllogl35udl140f_ssgwc0p81v125c
        SVQ_AO2BB2_1                                                                          um28nchllogl35udl140f_ssgwc0p81v125c
        SVQ_AO21_U_1                                                                          um28nchllogl35udl140f_ssgwc0p81v125c
        SVQ_AO22_1                                                                            um28nchllogl35udl140f_ssgwc0p81v125c
        SVQ_AOAI211_1                                                                         um28nchllogl35udl140f_ssgwc0p81v125c
        SVQ_AOI21B_0P5                                                                        um28nchllogl35udl140f_ssgwc0p81v125c
        SVQ_AOI21_S_1                                                                         um28nchllogl35udl140f_ssgwc0p81v125c
        SVQ_AOI22_0P75                                                                        um28nchllogl35udl140f_ssgwc0p81v125c
        SVQ_AOI221_1                                                                          um28nchllogl35udl140f_ssgwc0p81v125c
        SVQ_AOI222_1                                                                          um28nchllogl35udl140f_ssgwc0p81v125c
        SVQ_AOI2222_V2_1                                                                      um28nchllogl35udl140f_ssgwc0p81v125c
        SVQ_BUF_M_1                                                                           um28nchllogl35udl140f_ssgwc0p81v125c
        SVQ_FDPRBQ_V2_1                                                                       um28nchllogl35udl140f_ssgwc0p81v125c
        SVQ_INV_1                                                                             um28nchllogl35udl140f_ssgwc0p81v125c
        SVQ_LDPRBQ_1                                                                          um28nchllogl35udl140f_ssgwc0p81v125c
        SVQ_ND2_1                                                                             um28nchllogl35udl140f_ssgwc0p81v125c
        SVQ_ND3_1                                                                             um28nchllogl35udl140f_ssgwc0p81v125c
        SVQ_ND4_1                                                                             um28nchllogl35udl140f_ssgwc0p81v125c
        SVQ_NR2B_V1_1                                                                         um28nchllogl35udl140f_ssgwc0p81v125c
        SVQ_NR2_1                                                                             um28nchllogl35udl140f_ssgwc0p81v125c
        SVQ_NR3_1                                                                             um28nchllogl35udl140f_ssgwc0p81v125c
        SVQ_NR4_1                                                                             um28nchllogl35udl140f_ssgwc0p81v125c
        SVQ_OAI21_S_1                                                                         um28nchllogl35udl140f_ssgwc0p81v125c
        SVQ_OAI22_1                                                                           um28nchllogl35udl140f_ssgwc0p81v125c
        SVQ_OAI31_G_1                                                                         um28nchllogl35udl140f_ssgwc0p81v125c
        SVQ_TIE0_1                                                                            um28nchllogl35udl140f_ssgwc0p81v125c
        SVQ_TIE1_1                                                                            um28nchllogl35udl140f_ssgwc0p81v125c
        mac_pipeline_superscalar_DATA_WIDTH8_LANE_NUM3_0_DW01_add_0_DW01_add_6
            SVQ_ADDF_V1_1                                                                     um28nchllogl35udl140f_ssgwc0p81v125c
            SVQ_AN2_MG_1                                                                      um28nchllogl35udl140f_ssgwc0p81v125c
            SVQ_EO2_V2_1                                                                      um28nchllogl35udl140f_ssgwc0p81v125c
            SVQ_EO3_1                                                                         um28nchllogl35udl140f_ssgwc0p81v125c
        mac_pipeline_superscalar_DATA_WIDTH8_LANE_NUM3_0_DW01_add_1_DW01_add_7
            SVQ_ADDF_V1_1                                                                     um28nchllogl35udl140f_ssgwc0p81v125c
            SVQ_AN2_MG_1                                                                      um28nchllogl35udl140f_ssgwc0p81v125c
            SVQ_EO2_V2_1                                                                      um28nchllogl35udl140f_ssgwc0p81v125c
            SVQ_EO3_1                                                                         um28nchllogl35udl140f_ssgwc0p81v125c
        mac_pipeline_superscalar_DATA_WIDTH8_LANE_NUM3_0_DW01_add_2_DW01_add_8
            SVQ_ADDF_V1_1                                                                     um28nchllogl35udl140f_ssgwc0p81v125c
            SVQ_AN2_MG_1                                                                      um28nchllogl35udl140f_ssgwc0p81v125c
            SVQ_EO2_V2_1                                                                      um28nchllogl35udl140f_ssgwc0p81v125c
            SVQ_EO3_1                                                                         um28nchllogl35udl140f_ssgwc0p81v125c
        mac_pipeline_superscalar_DATA_WIDTH8_LANE_NUM3_0_DW01_add_3_DW01_add_9
            SVQ_ADDF_V1_1                                                                     um28nchllogl35udl140f_ssgwc0p81v125c
            SVQ_AN2_MG_1                                                                      um28nchllogl35udl140f_ssgwc0p81v125c
            SVQ_EO2_V2_1                                                                      um28nchllogl35udl140f_ssgwc0p81v125c
        mac_pipeline_superscalar_DATA_WIDTH8_LANE_NUM3_0_DW01_add_4_DW01_add_10
            SVQ_ADDF_V1_1                                                                     um28nchllogl35udl140f_ssgwc0p81v125c
            SVQ_AN2_MG_1                                                                      um28nchllogl35udl140f_ssgwc0p81v125c
            SVQ_EO2_V2_1                                                                      um28nchllogl35udl140f_ssgwc0p81v125c
        mac_pipeline_superscalar_DATA_WIDTH8_LANE_NUM3_0_DW01_add_5_DW01_add_11
            SVQ_ADDF_V1_1                                                                     um28nchllogl35udl140f_ssgwc0p81v125c
            SVQ_AN2_MG_1                                                                      um28nchllogl35udl140f_ssgwc0p81v125c
            SVQ_EO2_V2_1                                                                      um28nchllogl35udl140f_ssgwc0p81v125c
        mac_pipeline_superscalar_DATA_WIDTH8_LANE_NUM3_0_DW02_mult_0_DW02_mult_45
            SVQ_ADDF_V1_1                                                                     um28nchllogl35udl140f_ssgwc0p81v125c
            SVQ_AN2_MG_1                                                                      um28nchllogl35udl140f_ssgwc0p81v125c
            SVQ_EO2_V2_1                                                                      um28nchllogl35udl140f_ssgwc0p81v125c
            SVQ_INV_1                                                                         um28nchllogl35udl140f_ssgwc0p81v125c
            SVQ_NR2_0P5                                                                       um28nchllogl35udl140f_ssgwc0p81v125c
            SVQ_TIE0_1                                                                        um28nchllogl35udl140f_ssgwc0p81v125c
            mac_pipeline_superscalar_DATA_WIDTH8_LANE_NUM3_0_DW01_add_6_DW01_add_192
                SVQ_AN2_0P5                                                                   um28nchllogl35udl140f_ssgwc0p81v125c
                SVQ_AOI21_0P5                                                                 um28nchllogl35udl140f_ssgwc0p81v125c
                SVQ_EO2_V2_0P5                                                                um28nchllogl35udl140f_ssgwc0p81v125c
                SVQ_EO3_1                                                                     um28nchllogl35udl140f_ssgwc0p81v125c
                SVQ_INV_1                                                                     um28nchllogl35udl140f_ssgwc0p81v125c
                SVQ_MAJI3_1                                                                   um28nchllogl35udl140f_ssgwc0p81v125c
                SVQ_ND2B_1                                                                    um28nchllogl35udl140f_ssgwc0p81v125c
                SVQ_ND2_0P5                                                                   um28nchllogl35udl140f_ssgwc0p81v125c
                SVQ_NR2_0P5                                                                   um28nchllogl35udl140f_ssgwc0p81v125c
                SVQ_OA21_1                                                                    um28nchllogl35udl140f_ssgwc0p81v125c
                SVQ_OAI21_0P7                                                                 um28nchllogl35udl140f_ssgwc0p81v125c
                SVQ_OAO211_DG_1                                                               um28nchllogl35udl140f_ssgwc0p81v125c
        mac_pipeline_superscalar_DATA_WIDTH8_LANE_NUM3_0_DW02_mult_1_DW02_mult_46
            SVQ_ADDF_V1_1                                                                     um28nchllogl35udl140f_ssgwc0p81v125c
            SVQ_AN2_MG_1                                                                      um28nchllogl35udl140f_ssgwc0p81v125c
            SVQ_EO2_V2_1                                                                      um28nchllogl35udl140f_ssgwc0p81v125c
            SVQ_INV_1                                                                         um28nchllogl35udl140f_ssgwc0p81v125c
            SVQ_NR2_0P5                                                                       um28nchllogl35udl140f_ssgwc0p81v125c
            SVQ_TIE0_1                                                                        um28nchllogl35udl140f_ssgwc0p81v125c
            mac_pipeline_superscalar_DATA_WIDTH8_LANE_NUM3_0_DW01_add_7_DW01_add_193
                SVQ_AN2_0P5                                                                   um28nchllogl35udl140f_ssgwc0p81v125c
                SVQ_AOI21_0P5                                                                 um28nchllogl35udl140f_ssgwc0p81v125c
                SVQ_EO2_V2_0P5                                                                um28nchllogl35udl140f_ssgwc0p81v125c
                SVQ_EO3_1                                                                     um28nchllogl35udl140f_ssgwc0p81v125c
                SVQ_INV_1                                                                     um28nchllogl35udl140f_ssgwc0p81v125c
                SVQ_MAJI3_1                                                                   um28nchllogl35udl140f_ssgwc0p81v125c
                SVQ_ND2B_1                                                                    um28nchllogl35udl140f_ssgwc0p81v125c
                SVQ_ND2_0P5                                                                   um28nchllogl35udl140f_ssgwc0p81v125c
                SVQ_NR2_0P5                                                                   um28nchllogl35udl140f_ssgwc0p81v125c
                SVQ_OA21_1                                                                    um28nchllogl35udl140f_ssgwc0p81v125c
                SVQ_OAI21_0P7                                                                 um28nchllogl35udl140f_ssgwc0p81v125c
                SVQ_OAO211_DG_1                                                               um28nchllogl35udl140f_ssgwc0p81v125c
        mac_pipeline_superscalar_DATA_WIDTH8_LANE_NUM3_0_DW02_mult_2_DW02_mult_47
            SVQ_ADDF_V1_1                                                                     um28nchllogl35udl140f_ssgwc0p81v125c
            SVQ_AN2_MG_1                                                                      um28nchllogl35udl140f_ssgwc0p81v125c
            SVQ_EO2_V2_1                                                                      um28nchllogl35udl140f_ssgwc0p81v125c
            SVQ_INV_1                                                                         um28nchllogl35udl140f_ssgwc0p81v125c
            SVQ_NR2_0P5                                                                       um28nchllogl35udl140f_ssgwc0p81v125c
            SVQ_NR2_1                                                                         um28nchllogl35udl140f_ssgwc0p81v125c
            SVQ_TIE0_1                                                                        um28nchllogl35udl140f_ssgwc0p81v125c
            mac_pipeline_superscalar_DATA_WIDTH8_LANE_NUM3_0_DW01_add_8_DW01_add_194
                SVQ_AN2_0P5                                                                   um28nchllogl35udl140f_ssgwc0p81v125c
                SVQ_AOI21_0P5                                                                 um28nchllogl35udl140f_ssgwc0p81v125c
                SVQ_EO2_V2_0P5                                                                um28nchllogl35udl140f_ssgwc0p81v125c
                SVQ_EO3_1                                                                     um28nchllogl35udl140f_ssgwc0p81v125c
                SVQ_INV_1                                                                     um28nchllogl35udl140f_ssgwc0p81v125c
                SVQ_MAJI3_1                                                                   um28nchllogl35udl140f_ssgwc0p81v125c
                SVQ_ND2B_1                                                                    um28nchllogl35udl140f_ssgwc0p81v125c
                SVQ_ND2_0P5                                                                   um28nchllogl35udl140f_ssgwc0p81v125c
                SVQ_NR2_0P5                                                                   um28nchllogl35udl140f_ssgwc0p81v125c
                SVQ_OA21_1                                                                    um28nchllogl35udl140f_ssgwc0p81v125c
                SVQ_OAI21_0P7                                                                 um28nchllogl35udl140f_ssgwc0p81v125c
                SVQ_OAO211_DG_1                                                               um28nchllogl35udl140f_ssgwc0p81v125c
    mac_pipeline_superscalar_DATA_WIDTH8_LANE_NUM3_1
        SVQ_AN2_MG_1                                                                          um28nchllogl35udl140f_ssgwc0p81v125c
        SVQ_AN3B_1                                                                            um28nchllogl35udl140f_ssgwc0p81v125c
        SVQ_AN4B_1                                                                            um28nchllogl35udl140f_ssgwc0p81v125c
        SVQ_AO2BB2_1                                                                          um28nchllogl35udl140f_ssgwc0p81v125c
        SVQ_AO21_U_1                                                                          um28nchllogl35udl140f_ssgwc0p81v125c
        SVQ_AO22_1                                                                            um28nchllogl35udl140f_ssgwc0p81v125c
        SVQ_AOAI211_1                                                                         um28nchllogl35udl140f_ssgwc0p81v125c
        SVQ_AOI21B_0P5                                                                        um28nchllogl35udl140f_ssgwc0p81v125c
        SVQ_AOI21_S_1                                                                         um28nchllogl35udl140f_ssgwc0p81v125c
        SVQ_AOI22_0P75                                                                        um28nchllogl35udl140f_ssgwc0p81v125c
        SVQ_AOI221_1                                                                          um28nchllogl35udl140f_ssgwc0p81v125c
        SVQ_AOI222_1                                                                          um28nchllogl35udl140f_ssgwc0p81v125c
        SVQ_AOI2222_V2_1                                                                      um28nchllogl35udl140f_ssgwc0p81v125c
        SVQ_BUF_M_1                                                                           um28nchllogl35udl140f_ssgwc0p81v125c
        SVQ_FDPRBQ_V2_1                                                                       um28nchllogl35udl140f_ssgwc0p81v125c
        SVQ_INV_1                                                                             um28nchllogl35udl140f_ssgwc0p81v125c
        SVQ_LDPRBQ_1                                                                          um28nchllogl35udl140f_ssgwc0p81v125c
        SVQ_ND2_1                                                                             um28nchllogl35udl140f_ssgwc0p81v125c
        SVQ_ND3_1                                                                             um28nchllogl35udl140f_ssgwc0p81v125c
        SVQ_ND4_1                                                                             um28nchllogl35udl140f_ssgwc0p81v125c
        SVQ_NR2B_V1_1                                                                         um28nchllogl35udl140f_ssgwc0p81v125c
        SVQ_NR2_1                                                                             um28nchllogl35udl140f_ssgwc0p81v125c
        SVQ_NR3_1                                                                             um28nchllogl35udl140f_ssgwc0p81v125c
        SVQ_NR4_1                                                                             um28nchllogl35udl140f_ssgwc0p81v125c
        SVQ_OAI21_S_1                                                                         um28nchllogl35udl140f_ssgwc0p81v125c
        SVQ_OAI22_1                                                                           um28nchllogl35udl140f_ssgwc0p81v125c
        SVQ_OAI31_G_1                                                                         um28nchllogl35udl140f_ssgwc0p81v125c
        SVQ_TIE0_1                                                                            um28nchllogl35udl140f_ssgwc0p81v125c
        SVQ_TIE1_1                                                                            um28nchllogl35udl140f_ssgwc0p81v125c
        mac_pipeline_superscalar_DATA_WIDTH8_LANE_NUM3_1_DW01_add_0_DW01_add_12
            SVQ_ADDF_V1_1                                                                     um28nchllogl35udl140f_ssgwc0p81v125c
            SVQ_AN2_MG_1                                                                      um28nchllogl35udl140f_ssgwc0p81v125c
            SVQ_EO2_V2_1                                                                      um28nchllogl35udl140f_ssgwc0p81v125c
            SVQ_EO3_1                                                                         um28nchllogl35udl140f_ssgwc0p81v125c
        mac_pipeline_superscalar_DATA_WIDTH8_LANE_NUM3_1_DW01_add_1_DW01_add_13
            SVQ_ADDF_V1_1                                                                     um28nchllogl35udl140f_ssgwc0p81v125c
            SVQ_AN2_MG_1                                                                      um28nchllogl35udl140f_ssgwc0p81v125c
            SVQ_EO2_V2_1                                                                      um28nchllogl35udl140f_ssgwc0p81v125c
            SVQ_EO3_1                                                                         um28nchllogl35udl140f_ssgwc0p81v125c
        mac_pipeline_superscalar_DATA_WIDTH8_LANE_NUM3_1_DW01_add_2_DW01_add_14
            SVQ_ADDF_V1_1                                                                     um28nchllogl35udl140f_ssgwc0p81v125c
            SVQ_AN2_MG_1                                                                      um28nchllogl35udl140f_ssgwc0p81v125c
            SVQ_EO2_V2_1                                                                      um28nchllogl35udl140f_ssgwc0p81v125c
            SVQ_EO3_1                                                                         um28nchllogl35udl140f_ssgwc0p81v125c
        mac_pipeline_superscalar_DATA_WIDTH8_LANE_NUM3_1_DW01_add_3_DW01_add_15
            SVQ_ADDF_V1_1                                                                     um28nchllogl35udl140f_ssgwc0p81v125c
            SVQ_AN2_MG_1                                                                      um28nchllogl35udl140f_ssgwc0p81v125c
            SVQ_EO2_V2_1                                                                      um28nchllogl35udl140f_ssgwc0p81v125c
        mac_pipeline_superscalar_DATA_WIDTH8_LANE_NUM3_1_DW01_add_4_DW01_add_16
            SVQ_ADDF_V1_1                                                                     um28nchllogl35udl140f_ssgwc0p81v125c
            SVQ_AN2_MG_1                                                                      um28nchllogl35udl140f_ssgwc0p81v125c
            SVQ_EO2_V2_1                                                                      um28nchllogl35udl140f_ssgwc0p81v125c
        mac_pipeline_superscalar_DATA_WIDTH8_LANE_NUM3_1_DW01_add_5_DW01_add_17
            SVQ_ADDF_V1_1                                                                     um28nchllogl35udl140f_ssgwc0p81v125c
            SVQ_AN2_MG_1                                                                      um28nchllogl35udl140f_ssgwc0p81v125c
            SVQ_EO2_V2_1                                                                      um28nchllogl35udl140f_ssgwc0p81v125c
        mac_pipeline_superscalar_DATA_WIDTH8_LANE_NUM3_1_DW02_mult_0_DW02_mult_42
            SVQ_ADDF_V1_1                                                                     um28nchllogl35udl140f_ssgwc0p81v125c
            SVQ_AN2_MG_1                                                                      um28nchllogl35udl140f_ssgwc0p81v125c
            SVQ_EO2_V2_1                                                                      um28nchllogl35udl140f_ssgwc0p81v125c
            SVQ_INV_1                                                                         um28nchllogl35udl140f_ssgwc0p81v125c
            SVQ_NR2_0P5                                                                       um28nchllogl35udl140f_ssgwc0p81v125c
            SVQ_TIE0_1                                                                        um28nchllogl35udl140f_ssgwc0p81v125c
            mac_pipeline_superscalar_DATA_WIDTH8_LANE_NUM3_1_DW01_add_6_DW01_add_189
                SVQ_AN2_0P5                                                                   um28nchllogl35udl140f_ssgwc0p81v125c
                SVQ_AOI21_0P5                                                                 um28nchllogl35udl140f_ssgwc0p81v125c
                SVQ_EO2_V2_0P5                                                                um28nchllogl35udl140f_ssgwc0p81v125c
                SVQ_EO3_1                                                                     um28nchllogl35udl140f_ssgwc0p81v125c
                SVQ_INV_1                                                                     um28nchllogl35udl140f_ssgwc0p81v125c
                SVQ_MAJI3_1                                                                   um28nchllogl35udl140f_ssgwc0p81v125c
                SVQ_ND2B_1                                                                    um28nchllogl35udl140f_ssgwc0p81v125c
                SVQ_ND2_0P5                                                                   um28nchllogl35udl140f_ssgwc0p81v125c
                SVQ_NR2_0P5                                                                   um28nchllogl35udl140f_ssgwc0p81v125c
                SVQ_OA21_1                                                                    um28nchllogl35udl140f_ssgwc0p81v125c
                SVQ_OAI21_0P7                                                                 um28nchllogl35udl140f_ssgwc0p81v125c
                SVQ_OAO211_DG_1                                                               um28nchllogl35udl140f_ssgwc0p81v125c
        mac_pipeline_superscalar_DATA_WIDTH8_LANE_NUM3_1_DW02_mult_1_DW02_mult_43
            SVQ_ADDF_V1_1                                                                     um28nchllogl35udl140f_ssgwc0p81v125c
            SVQ_AN2_MG_1                                                                      um28nchllogl35udl140f_ssgwc0p81v125c
            SVQ_EO2_V2_1                                                                      um28nchllogl35udl140f_ssgwc0p81v125c
            SVQ_INV_1                                                                         um28nchllogl35udl140f_ssgwc0p81v125c
            SVQ_NR2_0P5                                                                       um28nchllogl35udl140f_ssgwc0p81v125c
            SVQ_TIE0_1                                                                        um28nchllogl35udl140f_ssgwc0p81v125c
            mac_pipeline_superscalar_DATA_WIDTH8_LANE_NUM3_1_DW01_add_7_DW01_add_190
                SVQ_AN2_0P5                                                                   um28nchllogl35udl140f_ssgwc0p81v125c
                SVQ_AOI21_0P5                                                                 um28nchllogl35udl140f_ssgwc0p81v125c
                SVQ_EO2_V2_0P5                                                                um28nchllogl35udl140f_ssgwc0p81v125c
                SVQ_EO3_1                                                                     um28nchllogl35udl140f_ssgwc0p81v125c
                SVQ_INV_1                                                                     um28nchllogl35udl140f_ssgwc0p81v125c
                SVQ_MAJI3_1                                                                   um28nchllogl35udl140f_ssgwc0p81v125c
                SVQ_ND2B_1                                                                    um28nchllogl35udl140f_ssgwc0p81v125c
                SVQ_ND2_0P5                                                                   um28nchllogl35udl140f_ssgwc0p81v125c
                SVQ_NR2_0P5                                                                   um28nchllogl35udl140f_ssgwc0p81v125c
                SVQ_OA21_1                                                                    um28nchllogl35udl140f_ssgwc0p81v125c
                SVQ_OAI21_0P7                                                                 um28nchllogl35udl140f_ssgwc0p81v125c
                SVQ_OAO211_DG_1                                                               um28nchllogl35udl140f_ssgwc0p81v125c
        mac_pipeline_superscalar_DATA_WIDTH8_LANE_NUM3_1_DW02_mult_2_DW02_mult_44
            SVQ_ADDF_V1_1                                                                     um28nchllogl35udl140f_ssgwc0p81v125c
            SVQ_AN2_MG_1                                                                      um28nchllogl35udl140f_ssgwc0p81v125c
            SVQ_EO2_V2_1                                                                      um28nchllogl35udl140f_ssgwc0p81v125c
            SVQ_INV_1                                                                         um28nchllogl35udl140f_ssgwc0p81v125c
            SVQ_NR2_0P5                                                                       um28nchllogl35udl140f_ssgwc0p81v125c
            SVQ_NR2_1                                                                         um28nchllogl35udl140f_ssgwc0p81v125c
            SVQ_TIE0_1                                                                        um28nchllogl35udl140f_ssgwc0p81v125c
            mac_pipeline_superscalar_DATA_WIDTH8_LANE_NUM3_1_DW01_add_8_DW01_add_191
                SVQ_AN2_0P5                                                                   um28nchllogl35udl140f_ssgwc0p81v125c
                SVQ_AOI21_0P5                                                                 um28nchllogl35udl140f_ssgwc0p81v125c
                SVQ_EO2_V2_0P5                                                                um28nchllogl35udl140f_ssgwc0p81v125c
                SVQ_EO3_1                                                                     um28nchllogl35udl140f_ssgwc0p81v125c
                SVQ_INV_1                                                                     um28nchllogl35udl140f_ssgwc0p81v125c
                SVQ_MAJI3_1                                                                   um28nchllogl35udl140f_ssgwc0p81v125c
                SVQ_ND2B_1                                                                    um28nchllogl35udl140f_ssgwc0p81v125c
                SVQ_ND2_0P5                                                                   um28nchllogl35udl140f_ssgwc0p81v125c
                SVQ_NR2_0P5                                                                   um28nchllogl35udl140f_ssgwc0p81v125c
                SVQ_OA21_1                                                                    um28nchllogl35udl140f_ssgwc0p81v125c
                SVQ_OAI21_0P7                                                                 um28nchllogl35udl140f_ssgwc0p81v125c
                SVQ_OAO211_DG_1                                                               um28nchllogl35udl140f_ssgwc0p81v125c
    mac_pipeline_superscalar_DATA_WIDTH8_LANE_NUM3_2
        SVQ_AN2_MG_1                                                                          um28nchllogl35udl140f_ssgwc0p81v125c
        SVQ_AN3B_1                                                                            um28nchllogl35udl140f_ssgwc0p81v125c
        SVQ_AN4B_1                                                                            um28nchllogl35udl140f_ssgwc0p81v125c
        SVQ_AO2BB2_1                                                                          um28nchllogl35udl140f_ssgwc0p81v125c
        SVQ_AO21_U_1                                                                          um28nchllogl35udl140f_ssgwc0p81v125c
        SVQ_AO22_1                                                                            um28nchllogl35udl140f_ssgwc0p81v125c
        SVQ_AOAI211_1                                                                         um28nchllogl35udl140f_ssgwc0p81v125c
        SVQ_AOI21B_0P5                                                                        um28nchllogl35udl140f_ssgwc0p81v125c
        SVQ_AOI21_S_1                                                                         um28nchllogl35udl140f_ssgwc0p81v125c
        SVQ_AOI22_0P75                                                                        um28nchllogl35udl140f_ssgwc0p81v125c
        SVQ_AOI221_1                                                                          um28nchllogl35udl140f_ssgwc0p81v125c
        SVQ_AOI222_1                                                                          um28nchllogl35udl140f_ssgwc0p81v125c
        SVQ_AOI2222_V2_1                                                                      um28nchllogl35udl140f_ssgwc0p81v125c
        SVQ_BUF_M_1                                                                           um28nchllogl35udl140f_ssgwc0p81v125c
        SVQ_FDPRBQ_V2_1                                                                       um28nchllogl35udl140f_ssgwc0p81v125c
        SVQ_INV_1                                                                             um28nchllogl35udl140f_ssgwc0p81v125c
        SVQ_LDPRBQ_1                                                                          um28nchllogl35udl140f_ssgwc0p81v125c
        SVQ_ND2_1                                                                             um28nchllogl35udl140f_ssgwc0p81v125c
        SVQ_ND3_1                                                                             um28nchllogl35udl140f_ssgwc0p81v125c
        SVQ_ND4_1                                                                             um28nchllogl35udl140f_ssgwc0p81v125c
        SVQ_NR2B_V1_1                                                                         um28nchllogl35udl140f_ssgwc0p81v125c
        SVQ_NR2_1                                                                             um28nchllogl35udl140f_ssgwc0p81v125c
        SVQ_NR3_1                                                                             um28nchllogl35udl140f_ssgwc0p81v125c
        SVQ_NR4_1                                                                             um28nchllogl35udl140f_ssgwc0p81v125c
        SVQ_OAI21_S_1                                                                         um28nchllogl35udl140f_ssgwc0p81v125c
        SVQ_OAI22_1                                                                           um28nchllogl35udl140f_ssgwc0p81v125c
        SVQ_OAI31_G_1                                                                         um28nchllogl35udl140f_ssgwc0p81v125c
        SVQ_TIE0_1                                                                            um28nchllogl35udl140f_ssgwc0p81v125c
        SVQ_TIE1_1                                                                            um28nchllogl35udl140f_ssgwc0p81v125c
        mac_pipeline_superscalar_DATA_WIDTH8_LANE_NUM3_2_DW01_add_0_DW01_add_18
            SVQ_ADDF_V1_1                                                                     um28nchllogl35udl140f_ssgwc0p81v125c
            SVQ_AN2_MG_1                                                                      um28nchllogl35udl140f_ssgwc0p81v125c
            SVQ_EO2_V2_1                                                                      um28nchllogl35udl140f_ssgwc0p81v125c
            SVQ_EO3_1                                                                         um28nchllogl35udl140f_ssgwc0p81v125c
        mac_pipeline_superscalar_DATA_WIDTH8_LANE_NUM3_2_DW01_add_1_DW01_add_19
            SVQ_ADDF_V1_1                                                                     um28nchllogl35udl140f_ssgwc0p81v125c
            SVQ_AN2_MG_1                                                                      um28nchllogl35udl140f_ssgwc0p81v125c
            SVQ_EO2_V2_1                                                                      um28nchllogl35udl140f_ssgwc0p81v125c
            SVQ_EO3_1                                                                         um28nchllogl35udl140f_ssgwc0p81v125c
        mac_pipeline_superscalar_DATA_WIDTH8_LANE_NUM3_2_DW01_add_2_DW01_add_20
            SVQ_ADDF_V1_1                                                                     um28nchllogl35udl140f_ssgwc0p81v125c
            SVQ_AN2_MG_1                                                                      um28nchllogl35udl140f_ssgwc0p81v125c
            SVQ_EO2_V2_1                                                                      um28nchllogl35udl140f_ssgwc0p81v125c
            SVQ_EO3_1                                                                         um28nchllogl35udl140f_ssgwc0p81v125c
        mac_pipeline_superscalar_DATA_WIDTH8_LANE_NUM3_2_DW01_add_3_DW01_add_21
            SVQ_ADDF_V1_1                                                                     um28nchllogl35udl140f_ssgwc0p81v125c
            SVQ_AN2_MG_1                                                                      um28nchllogl35udl140f_ssgwc0p81v125c
            SVQ_EO2_V2_1                                                                      um28nchllogl35udl140f_ssgwc0p81v125c
        mac_pipeline_superscalar_DATA_WIDTH8_LANE_NUM3_2_DW01_add_4_DW01_add_22
            SVQ_ADDF_V1_1                                                                     um28nchllogl35udl140f_ssgwc0p81v125c
            SVQ_AN2_MG_1                                                                      um28nchllogl35udl140f_ssgwc0p81v125c
            SVQ_EO2_V2_1                                                                      um28nchllogl35udl140f_ssgwc0p81v125c
        mac_pipeline_superscalar_DATA_WIDTH8_LANE_NUM3_2_DW01_add_5_DW01_add_23
            SVQ_ADDF_V1_1                                                                     um28nchllogl35udl140f_ssgwc0p81v125c
            SVQ_AN2_MG_1                                                                      um28nchllogl35udl140f_ssgwc0p81v125c
            SVQ_EO2_V2_1                                                                      um28nchllogl35udl140f_ssgwc0p81v125c
        mac_pipeline_superscalar_DATA_WIDTH8_LANE_NUM3_2_DW02_mult_0_DW02_mult_39
            SVQ_ADDF_V1_1                                                                     um28nchllogl35udl140f_ssgwc0p81v125c
            SVQ_AN2_MG_1                                                                      um28nchllogl35udl140f_ssgwc0p81v125c
            SVQ_EO2_V2_1                                                                      um28nchllogl35udl140f_ssgwc0p81v125c
            SVQ_INV_1                                                                         um28nchllogl35udl140f_ssgwc0p81v125c
            SVQ_NR2_0P5                                                                       um28nchllogl35udl140f_ssgwc0p81v125c
            SVQ_TIE0_1                                                                        um28nchllogl35udl140f_ssgwc0p81v125c
            mac_pipeline_superscalar_DATA_WIDTH8_LANE_NUM3_2_DW01_add_6_DW01_add_186
                SVQ_AN2_0P5                                                                   um28nchllogl35udl140f_ssgwc0p81v125c
                SVQ_AOI21_0P5                                                                 um28nchllogl35udl140f_ssgwc0p81v125c
                SVQ_EO2_V2_0P5                                                                um28nchllogl35udl140f_ssgwc0p81v125c
                SVQ_EO3_1                                                                     um28nchllogl35udl140f_ssgwc0p81v125c
                SVQ_INV_1                                                                     um28nchllogl35udl140f_ssgwc0p81v125c
                SVQ_MAJI3_1                                                                   um28nchllogl35udl140f_ssgwc0p81v125c
                SVQ_ND2B_1                                                                    um28nchllogl35udl140f_ssgwc0p81v125c
                SVQ_ND2_0P5                                                                   um28nchllogl35udl140f_ssgwc0p81v125c
                SVQ_NR2_0P5                                                                   um28nchllogl35udl140f_ssgwc0p81v125c
                SVQ_OA21_1                                                                    um28nchllogl35udl140f_ssgwc0p81v125c
                SVQ_OAI21_0P7                                                                 um28nchllogl35udl140f_ssgwc0p81v125c
                SVQ_OAO211_DG_1                                                               um28nchllogl35udl140f_ssgwc0p81v125c
        mac_pipeline_superscalar_DATA_WIDTH8_LANE_NUM3_2_DW02_mult_1_DW02_mult_40
            SVQ_ADDF_V1_1                                                                     um28nchllogl35udl140f_ssgwc0p81v125c
            SVQ_AN2_MG_1                                                                      um28nchllogl35udl140f_ssgwc0p81v125c
            SVQ_EO2_V2_1                                                                      um28nchllogl35udl140f_ssgwc0p81v125c
            SVQ_INV_1                                                                         um28nchllogl35udl140f_ssgwc0p81v125c
            SVQ_NR2_0P5                                                                       um28nchllogl35udl140f_ssgwc0p81v125c
            SVQ_NR2_1                                                                         um28nchllogl35udl140f_ssgwc0p81v125c
            SVQ_TIE0_1                                                                        um28nchllogl35udl140f_ssgwc0p81v125c
            mac_pipeline_superscalar_DATA_WIDTH8_LANE_NUM3_2_DW01_add_7_DW01_add_187
                SVQ_AN2_0P5                                                                   um28nchllogl35udl140f_ssgwc0p81v125c
                SVQ_AOI21_0P5                                                                 um28nchllogl35udl140f_ssgwc0p81v125c
                SVQ_EO2_V2_0P5                                                                um28nchllogl35udl140f_ssgwc0p81v125c
                SVQ_EO3_1                                                                     um28nchllogl35udl140f_ssgwc0p81v125c
                SVQ_INV_1                                                                     um28nchllogl35udl140f_ssgwc0p81v125c
                SVQ_MAJI3_1                                                                   um28nchllogl35udl140f_ssgwc0p81v125c
                SVQ_ND2B_1                                                                    um28nchllogl35udl140f_ssgwc0p81v125c
                SVQ_ND2_0P5                                                                   um28nchllogl35udl140f_ssgwc0p81v125c
                SVQ_NR2_0P5                                                                   um28nchllogl35udl140f_ssgwc0p81v125c
                SVQ_OA21_1                                                                    um28nchllogl35udl140f_ssgwc0p81v125c
                SVQ_OAI21_0P7                                                                 um28nchllogl35udl140f_ssgwc0p81v125c
                SVQ_OAO211_DG_1                                                               um28nchllogl35udl140f_ssgwc0p81v125c
        mac_pipeline_superscalar_DATA_WIDTH8_LANE_NUM3_2_DW02_mult_2_DW02_mult_41
            SVQ_ADDF_V1_1                                                                     um28nchllogl35udl140f_ssgwc0p81v125c
            SVQ_AN2_MG_1                                                                      um28nchllogl35udl140f_ssgwc0p81v125c
            SVQ_EO2_V2_1                                                                      um28nchllogl35udl140f_ssgwc0p81v125c
            SVQ_INV_1                                                                         um28nchllogl35udl140f_ssgwc0p81v125c
            SVQ_NR2_0P5                                                                       um28nchllogl35udl140f_ssgwc0p81v125c
            SVQ_NR2_1                                                                         um28nchllogl35udl140f_ssgwc0p81v125c
            SVQ_TIE0_1                                                                        um28nchllogl35udl140f_ssgwc0p81v125c
            mac_pipeline_superscalar_DATA_WIDTH8_LANE_NUM3_2_DW01_add_8_DW01_add_188
                SVQ_AN2_0P5                                                                   um28nchllogl35udl140f_ssgwc0p81v125c
                SVQ_AOI21_0P5                                                                 um28nchllogl35udl140f_ssgwc0p81v125c
                SVQ_EO2_V2_0P5                                                                um28nchllogl35udl140f_ssgwc0p81v125c
                SVQ_EO3_1                                                                     um28nchllogl35udl140f_ssgwc0p81v125c
                SVQ_INV_1                                                                     um28nchllogl35udl140f_ssgwc0p81v125c
                SVQ_MAJI3_1                                                                   um28nchllogl35udl140f_ssgwc0p81v125c
                SVQ_ND2B_1                                                                    um28nchllogl35udl140f_ssgwc0p81v125c
                SVQ_ND2_0P5                                                                   um28nchllogl35udl140f_ssgwc0p81v125c
                SVQ_NR2_0P5                                                                   um28nchllogl35udl140f_ssgwc0p81v125c
                SVQ_OA21_1                                                                    um28nchllogl35udl140f_ssgwc0p81v125c
                SVQ_OAI21_0P7                                                                 um28nchllogl35udl140f_ssgwc0p81v125c
                SVQ_OAO211_DG_1                                                               um28nchllogl35udl140f_ssgwc0p81v125c
    mac_pipeline_superscalar_DATA_WIDTH8_LANE_NUM3_3
        SVQ_AN2_MG_1                                                                          um28nchllogl35udl140f_ssgwc0p81v125c
        SVQ_AN3B_1                                                                            um28nchllogl35udl140f_ssgwc0p81v125c
        SVQ_AN4B_1                                                                            um28nchllogl35udl140f_ssgwc0p81v125c
        SVQ_AO2BB2_1                                                                          um28nchllogl35udl140f_ssgwc0p81v125c
        SVQ_AO21_U_1                                                                          um28nchllogl35udl140f_ssgwc0p81v125c
        SVQ_AO22_1                                                                            um28nchllogl35udl140f_ssgwc0p81v125c
        SVQ_AOAI211_1                                                                         um28nchllogl35udl140f_ssgwc0p81v125c
        SVQ_AOI21B_0P5                                                                        um28nchllogl35udl140f_ssgwc0p81v125c
        SVQ_AOI21_S_1                                                                         um28nchllogl35udl140f_ssgwc0p81v125c
        SVQ_AOI22_0P75                                                                        um28nchllogl35udl140f_ssgwc0p81v125c
        SVQ_AOI221_1                                                                          um28nchllogl35udl140f_ssgwc0p81v125c
        SVQ_AOI222_1                                                                          um28nchllogl35udl140f_ssgwc0p81v125c
        SVQ_AOI2222_V2_1                                                                      um28nchllogl35udl140f_ssgwc0p81v125c
        SVQ_BUF_M_1                                                                           um28nchllogl35udl140f_ssgwc0p81v125c
        SVQ_FDPRBQ_V2_1                                                                       um28nchllogl35udl140f_ssgwc0p81v125c
        SVQ_INV_1                                                                             um28nchllogl35udl140f_ssgwc0p81v125c
        SVQ_LDPRBQ_1                                                                          um28nchllogl35udl140f_ssgwc0p81v125c
        SVQ_ND2_1                                                                             um28nchllogl35udl140f_ssgwc0p81v125c
        SVQ_ND3_1                                                                             um28nchllogl35udl140f_ssgwc0p81v125c
        SVQ_ND4_1                                                                             um28nchllogl35udl140f_ssgwc0p81v125c
        SVQ_NR2B_V1_1                                                                         um28nchllogl35udl140f_ssgwc0p81v125c
        SVQ_NR2_1                                                                             um28nchllogl35udl140f_ssgwc0p81v125c
        SVQ_NR3_1                                                                             um28nchllogl35udl140f_ssgwc0p81v125c
        SVQ_NR4_1                                                                             um28nchllogl35udl140f_ssgwc0p81v125c
        SVQ_OAI21_S_1                                                                         um28nchllogl35udl140f_ssgwc0p81v125c
        SVQ_OAI22_1                                                                           um28nchllogl35udl140f_ssgwc0p81v125c
        SVQ_OAI31_G_1                                                                         um28nchllogl35udl140f_ssgwc0p81v125c
        SVQ_TIE0_1                                                                            um28nchllogl35udl140f_ssgwc0p81v125c
        SVQ_TIE1_1                                                                            um28nchllogl35udl140f_ssgwc0p81v125c
        mac_pipeline_superscalar_DATA_WIDTH8_LANE_NUM3_3_DW01_add_0_DW01_add_24
            SVQ_ADDF_V1_1                                                                     um28nchllogl35udl140f_ssgwc0p81v125c
            SVQ_AN2_MG_1                                                                      um28nchllogl35udl140f_ssgwc0p81v125c
            SVQ_EO2_V2_1                                                                      um28nchllogl35udl140f_ssgwc0p81v125c
            SVQ_EO3_1                                                                         um28nchllogl35udl140f_ssgwc0p81v125c
        mac_pipeline_superscalar_DATA_WIDTH8_LANE_NUM3_3_DW01_add_1_DW01_add_25
            SVQ_ADDF_V1_1                                                                     um28nchllogl35udl140f_ssgwc0p81v125c
            SVQ_AN2_MG_1                                                                      um28nchllogl35udl140f_ssgwc0p81v125c
            SVQ_EO2_V2_1                                                                      um28nchllogl35udl140f_ssgwc0p81v125c
            SVQ_EO3_1                                                                         um28nchllogl35udl140f_ssgwc0p81v125c
        mac_pipeline_superscalar_DATA_WIDTH8_LANE_NUM3_3_DW01_add_2_DW01_add_26
            SVQ_ADDF_V1_1                                                                     um28nchllogl35udl140f_ssgwc0p81v125c
            SVQ_AN2_MG_1                                                                      um28nchllogl35udl140f_ssgwc0p81v125c
            SVQ_EO2_V2_1                                                                      um28nchllogl35udl140f_ssgwc0p81v125c
            SVQ_EO3_1                                                                         um28nchllogl35udl140f_ssgwc0p81v125c
        mac_pipeline_superscalar_DATA_WIDTH8_LANE_NUM3_3_DW01_add_3_DW01_add_27
            SVQ_ADDF_V1_1                                                                     um28nchllogl35udl140f_ssgwc0p81v125c
            SVQ_AN2_MG_1                                                                      um28nchllogl35udl140f_ssgwc0p81v125c
            SVQ_EO2_V2_1                                                                      um28nchllogl35udl140f_ssgwc0p81v125c
        mac_pipeline_superscalar_DATA_WIDTH8_LANE_NUM3_3_DW01_add_4_DW01_add_28
            SVQ_ADDF_V1_1                                                                     um28nchllogl35udl140f_ssgwc0p81v125c
            SVQ_AN2_MG_1                                                                      um28nchllogl35udl140f_ssgwc0p81v125c
            SVQ_EO2_V2_1                                                                      um28nchllogl35udl140f_ssgwc0p81v125c
        mac_pipeline_superscalar_DATA_WIDTH8_LANE_NUM3_3_DW01_add_5_DW01_add_29
            SVQ_ADDF_V1_1                                                                     um28nchllogl35udl140f_ssgwc0p81v125c
            SVQ_AN2_MG_1                                                                      um28nchllogl35udl140f_ssgwc0p81v125c
            SVQ_EO2_V2_1                                                                      um28nchllogl35udl140f_ssgwc0p81v125c
        mac_pipeline_superscalar_DATA_WIDTH8_LANE_NUM3_3_DW02_mult_0_DW02_mult_36
            SVQ_ADDF_V1_1                                                                     um28nchllogl35udl140f_ssgwc0p81v125c
            SVQ_AN2_MG_1                                                                      um28nchllogl35udl140f_ssgwc0p81v125c
            SVQ_EO2_V2_1                                                                      um28nchllogl35udl140f_ssgwc0p81v125c
            SVQ_INV_1                                                                         um28nchllogl35udl140f_ssgwc0p81v125c
            SVQ_NR2_0P5                                                                       um28nchllogl35udl140f_ssgwc0p81v125c
            SVQ_TIE0_1                                                                        um28nchllogl35udl140f_ssgwc0p81v125c
            mac_pipeline_superscalar_DATA_WIDTH8_LANE_NUM3_3_DW01_add_6_DW01_add_183
                SVQ_AN2_0P5                                                                   um28nchllogl35udl140f_ssgwc0p81v125c
                SVQ_AOI21_0P5                                                                 um28nchllogl35udl140f_ssgwc0p81v125c
                SVQ_EO2_V2_0P5                                                                um28nchllogl35udl140f_ssgwc0p81v125c
                SVQ_EO3_1                                                                     um28nchllogl35udl140f_ssgwc0p81v125c
                SVQ_INV_1                                                                     um28nchllogl35udl140f_ssgwc0p81v125c
                SVQ_MAJI3_1                                                                   um28nchllogl35udl140f_ssgwc0p81v125c
                SVQ_ND2B_1                                                                    um28nchllogl35udl140f_ssgwc0p81v125c
                SVQ_ND2_0P5                                                                   um28nchllogl35udl140f_ssgwc0p81v125c
                SVQ_NR2_0P5                                                                   um28nchllogl35udl140f_ssgwc0p81v125c
                SVQ_OA21_1                                                                    um28nchllogl35udl140f_ssgwc0p81v125c
                SVQ_OAI21_0P7                                                                 um28nchllogl35udl140f_ssgwc0p81v125c
                SVQ_OAO211_DG_1                                                               um28nchllogl35udl140f_ssgwc0p81v125c
        mac_pipeline_superscalar_DATA_WIDTH8_LANE_NUM3_3_DW02_mult_1_DW02_mult_37
            SVQ_ADDF_V1_1                                                                     um28nchllogl35udl140f_ssgwc0p81v125c
            SVQ_AN2_MG_1                                                                      um28nchllogl35udl140f_ssgwc0p81v125c
            SVQ_EO2_V2_1                                                                      um28nchllogl35udl140f_ssgwc0p81v125c
            SVQ_INV_1                                                                         um28nchllogl35udl140f_ssgwc0p81v125c
            SVQ_NR2_0P5                                                                       um28nchllogl35udl140f_ssgwc0p81v125c
            SVQ_TIE0_1                                                                        um28nchllogl35udl140f_ssgwc0p81v125c
            mac_pipeline_superscalar_DATA_WIDTH8_LANE_NUM3_3_DW01_add_7_DW01_add_184
                SVQ_AN2_0P5                                                                   um28nchllogl35udl140f_ssgwc0p81v125c
                SVQ_AOI21_0P5                                                                 um28nchllogl35udl140f_ssgwc0p81v125c
                SVQ_EO2_V2_0P5                                                                um28nchllogl35udl140f_ssgwc0p81v125c
                SVQ_EO3_1                                                                     um28nchllogl35udl140f_ssgwc0p81v125c
                SVQ_INV_1                                                                     um28nchllogl35udl140f_ssgwc0p81v125c
                SVQ_MAJI3_1                                                                   um28nchllogl35udl140f_ssgwc0p81v125c
                SVQ_ND2B_1                                                                    um28nchllogl35udl140f_ssgwc0p81v125c
                SVQ_ND2_0P5                                                                   um28nchllogl35udl140f_ssgwc0p81v125c
                SVQ_NR2_0P5                                                                   um28nchllogl35udl140f_ssgwc0p81v125c
                SVQ_OA21_1                                                                    um28nchllogl35udl140f_ssgwc0p81v125c
                SVQ_OAI21_0P7                                                                 um28nchllogl35udl140f_ssgwc0p81v125c
                SVQ_OAO211_DG_1                                                               um28nchllogl35udl140f_ssgwc0p81v125c
        mac_pipeline_superscalar_DATA_WIDTH8_LANE_NUM3_3_DW02_mult_2_DW02_mult_38
            SVQ_ADDF_V1_1                                                                     um28nchllogl35udl140f_ssgwc0p81v125c
            SVQ_AN2_MG_1                                                                      um28nchllogl35udl140f_ssgwc0p81v125c
            SVQ_EO2_V2_1                                                                      um28nchllogl35udl140f_ssgwc0p81v125c
            SVQ_INV_1                                                                         um28nchllogl35udl140f_ssgwc0p81v125c
            SVQ_NR2_0P5                                                                       um28nchllogl35udl140f_ssgwc0p81v125c
            SVQ_NR2_1                                                                         um28nchllogl35udl140f_ssgwc0p81v125c
            SVQ_TIE0_1                                                                        um28nchllogl35udl140f_ssgwc0p81v125c
            mac_pipeline_superscalar_DATA_WIDTH8_LANE_NUM3_3_DW01_add_8_DW01_add_185
                SVQ_AN2_0P5                                                                   um28nchllogl35udl140f_ssgwc0p81v125c
                SVQ_AOI21_0P5                                                                 um28nchllogl35udl140f_ssgwc0p81v125c
                SVQ_EO2_V2_0P5                                                                um28nchllogl35udl140f_ssgwc0p81v125c
                SVQ_EO3_1                                                                     um28nchllogl35udl140f_ssgwc0p81v125c
                SVQ_INV_1                                                                     um28nchllogl35udl140f_ssgwc0p81v125c
                SVQ_MAJI3_1                                                                   um28nchllogl35udl140f_ssgwc0p81v125c
                SVQ_ND2B_1                                                                    um28nchllogl35udl140f_ssgwc0p81v125c
                SVQ_ND2_0P5                                                                   um28nchllogl35udl140f_ssgwc0p81v125c
                SVQ_NR2_0P5                                                                   um28nchllogl35udl140f_ssgwc0p81v125c
                SVQ_OA21_1                                                                    um28nchllogl35udl140f_ssgwc0p81v125c
                SVQ_OAI21_0P7                                                                 um28nchllogl35udl140f_ssgwc0p81v125c
                SVQ_OAO211_DG_1                                                               um28nchllogl35udl140f_ssgwc0p81v125c
    mac_pipeline_superscalar_DATA_WIDTH8_LANE_NUM3_4
        SVQ_AN2_MG_1                                                                          um28nchllogl35udl140f_ssgwc0p81v125c
        SVQ_AN3B_1                                                                            um28nchllogl35udl140f_ssgwc0p81v125c
        SVQ_AN4B_1                                                                            um28nchllogl35udl140f_ssgwc0p81v125c
        SVQ_AO2BB2_1                                                                          um28nchllogl35udl140f_ssgwc0p81v125c
        SVQ_AO21_U_1                                                                          um28nchllogl35udl140f_ssgwc0p81v125c
        SVQ_AO22_1                                                                            um28nchllogl35udl140f_ssgwc0p81v125c
        SVQ_AOAI211_1                                                                         um28nchllogl35udl140f_ssgwc0p81v125c
        SVQ_AOI21B_0P5                                                                        um28nchllogl35udl140f_ssgwc0p81v125c
        SVQ_AOI21_S_1                                                                         um28nchllogl35udl140f_ssgwc0p81v125c
        SVQ_AOI22_0P75                                                                        um28nchllogl35udl140f_ssgwc0p81v125c
        SVQ_AOI221_1                                                                          um28nchllogl35udl140f_ssgwc0p81v125c
        SVQ_AOI222_1                                                                          um28nchllogl35udl140f_ssgwc0p81v125c
        SVQ_AOI2222_V2_1                                                                      um28nchllogl35udl140f_ssgwc0p81v125c
        SVQ_BUF_M_1                                                                           um28nchllogl35udl140f_ssgwc0p81v125c
        SVQ_FDPRBQ_V2_1                                                                       um28nchllogl35udl140f_ssgwc0p81v125c
        SVQ_INV_1                                                                             um28nchllogl35udl140f_ssgwc0p81v125c
        SVQ_LDPRBQ_1                                                                          um28nchllogl35udl140f_ssgwc0p81v125c
        SVQ_ND2_1                                                                             um28nchllogl35udl140f_ssgwc0p81v125c
        SVQ_ND3_1                                                                             um28nchllogl35udl140f_ssgwc0p81v125c
        SVQ_ND4_1                                                                             um28nchllogl35udl140f_ssgwc0p81v125c
        SVQ_NR2B_V1_1                                                                         um28nchllogl35udl140f_ssgwc0p81v125c
        SVQ_NR2_1                                                                             um28nchllogl35udl140f_ssgwc0p81v125c
        SVQ_NR3_1                                                                             um28nchllogl35udl140f_ssgwc0p81v125c
        SVQ_NR4_1                                                                             um28nchllogl35udl140f_ssgwc0p81v125c
        SVQ_OAI21_S_1                                                                         um28nchllogl35udl140f_ssgwc0p81v125c
        SVQ_OAI22_1                                                                           um28nchllogl35udl140f_ssgwc0p81v125c
        SVQ_OAI31_G_1                                                                         um28nchllogl35udl140f_ssgwc0p81v125c
        SVQ_TIE0_1                                                                            um28nchllogl35udl140f_ssgwc0p81v125c
        SVQ_TIE1_1                                                                            um28nchllogl35udl140f_ssgwc0p81v125c
        mac_pipeline_superscalar_DATA_WIDTH8_LANE_NUM3_4_DW01_add_0_DW01_add_30
            SVQ_ADDF_V1_1                                                                     um28nchllogl35udl140f_ssgwc0p81v125c
            SVQ_AN2_MG_1                                                                      um28nchllogl35udl140f_ssgwc0p81v125c
            SVQ_EO2_V2_1                                                                      um28nchllogl35udl140f_ssgwc0p81v125c
            SVQ_EO3_1                                                                         um28nchllogl35udl140f_ssgwc0p81v125c
        mac_pipeline_superscalar_DATA_WIDTH8_LANE_NUM3_4_DW01_add_1_DW01_add_31
            SVQ_ADDF_V1_1                                                                     um28nchllogl35udl140f_ssgwc0p81v125c
            SVQ_AN2_MG_1                                                                      um28nchllogl35udl140f_ssgwc0p81v125c
            SVQ_EO2_V2_1                                                                      um28nchllogl35udl140f_ssgwc0p81v125c
            SVQ_EO3_1                                                                         um28nchllogl35udl140f_ssgwc0p81v125c
        mac_pipeline_superscalar_DATA_WIDTH8_LANE_NUM3_4_DW01_add_2_DW01_add_32
            SVQ_ADDF_V1_1                                                                     um28nchllogl35udl140f_ssgwc0p81v125c
            SVQ_AN2_MG_1                                                                      um28nchllogl35udl140f_ssgwc0p81v125c
            SVQ_EO2_V2_1                                                                      um28nchllogl35udl140f_ssgwc0p81v125c
            SVQ_EO3_1                                                                         um28nchllogl35udl140f_ssgwc0p81v125c
        mac_pipeline_superscalar_DATA_WIDTH8_LANE_NUM3_4_DW01_add_3_DW01_add_33
            SVQ_ADDF_V1_1                                                                     um28nchllogl35udl140f_ssgwc0p81v125c
            SVQ_AN2_MG_1                                                                      um28nchllogl35udl140f_ssgwc0p81v125c
            SVQ_EO2_V2_1                                                                      um28nchllogl35udl140f_ssgwc0p81v125c
        mac_pipeline_superscalar_DATA_WIDTH8_LANE_NUM3_4_DW01_add_4_DW01_add_34
            SVQ_ADDF_V1_1                                                                     um28nchllogl35udl140f_ssgwc0p81v125c
            SVQ_AN2_MG_1                                                                      um28nchllogl35udl140f_ssgwc0p81v125c
            SVQ_EO2_V2_1                                                                      um28nchllogl35udl140f_ssgwc0p81v125c
        mac_pipeline_superscalar_DATA_WIDTH8_LANE_NUM3_4_DW01_add_5_DW01_add_35
            SVQ_ADDF_V1_1                                                                     um28nchllogl35udl140f_ssgwc0p81v125c
            SVQ_AN2_MG_1                                                                      um28nchllogl35udl140f_ssgwc0p81v125c
            SVQ_EO2_V2_1                                                                      um28nchllogl35udl140f_ssgwc0p81v125c
        mac_pipeline_superscalar_DATA_WIDTH8_LANE_NUM3_4_DW02_mult_0_DW02_mult_33
            SVQ_ADDF_V1_1                                                                     um28nchllogl35udl140f_ssgwc0p81v125c
            SVQ_AN2_MG_1                                                                      um28nchllogl35udl140f_ssgwc0p81v125c
            SVQ_EO2_V2_1                                                                      um28nchllogl35udl140f_ssgwc0p81v125c
            SVQ_INV_1                                                                         um28nchllogl35udl140f_ssgwc0p81v125c
            SVQ_NR2_0P5                                                                       um28nchllogl35udl140f_ssgwc0p81v125c
            SVQ_TIE0_1                                                                        um28nchllogl35udl140f_ssgwc0p81v125c
            mac_pipeline_superscalar_DATA_WIDTH8_LANE_NUM3_4_DW01_add_6_DW01_add_180
                SVQ_AN2_0P5                                                                   um28nchllogl35udl140f_ssgwc0p81v125c
                SVQ_AOI21_0P5                                                                 um28nchllogl35udl140f_ssgwc0p81v125c
                SVQ_EO2_V2_0P5                                                                um28nchllogl35udl140f_ssgwc0p81v125c
                SVQ_EO3_1                                                                     um28nchllogl35udl140f_ssgwc0p81v125c
                SVQ_INV_1                                                                     um28nchllogl35udl140f_ssgwc0p81v125c
                SVQ_MAJI3_1                                                                   um28nchllogl35udl140f_ssgwc0p81v125c
                SVQ_ND2B_1                                                                    um28nchllogl35udl140f_ssgwc0p81v125c
                SVQ_ND2_0P5                                                                   um28nchllogl35udl140f_ssgwc0p81v125c
                SVQ_NR2_0P5                                                                   um28nchllogl35udl140f_ssgwc0p81v125c
                SVQ_OA21_1                                                                    um28nchllogl35udl140f_ssgwc0p81v125c
                SVQ_OAI21_0P7                                                                 um28nchllogl35udl140f_ssgwc0p81v125c
                SVQ_OAO211_DG_1                                                               um28nchllogl35udl140f_ssgwc0p81v125c
        mac_pipeline_superscalar_DATA_WIDTH8_LANE_NUM3_4_DW02_mult_1_DW02_mult_34
            SVQ_ADDF_V1_1                                                                     um28nchllogl35udl140f_ssgwc0p81v125c
            SVQ_AN2_MG_1                                                                      um28nchllogl35udl140f_ssgwc0p81v125c
            SVQ_EO2_V2_1                                                                      um28nchllogl35udl140f_ssgwc0p81v125c
            SVQ_INV_1                                                                         um28nchllogl35udl140f_ssgwc0p81v125c
            SVQ_NR2_0P5                                                                       um28nchllogl35udl140f_ssgwc0p81v125c
            SVQ_NR2_1                                                                         um28nchllogl35udl140f_ssgwc0p81v125c
            SVQ_TIE0_1                                                                        um28nchllogl35udl140f_ssgwc0p81v125c
            mac_pipeline_superscalar_DATA_WIDTH8_LANE_NUM3_4_DW01_add_7_DW01_add_181
                SVQ_AN2_0P5                                                                   um28nchllogl35udl140f_ssgwc0p81v125c
                SVQ_AOI21_0P5                                                                 um28nchllogl35udl140f_ssgwc0p81v125c
                SVQ_EO2_V2_0P5                                                                um28nchllogl35udl140f_ssgwc0p81v125c
                SVQ_EO3_1                                                                     um28nchllogl35udl140f_ssgwc0p81v125c
                SVQ_INV_1                                                                     um28nchllogl35udl140f_ssgwc0p81v125c
                SVQ_MAJI3_1                                                                   um28nchllogl35udl140f_ssgwc0p81v125c
                SVQ_ND2B_1                                                                    um28nchllogl35udl140f_ssgwc0p81v125c
                SVQ_ND2_0P5                                                                   um28nchllogl35udl140f_ssgwc0p81v125c
                SVQ_NR2_0P5                                                                   um28nchllogl35udl140f_ssgwc0p81v125c
                SVQ_OA21_1                                                                    um28nchllogl35udl140f_ssgwc0p81v125c
                SVQ_OAI21_0P7                                                                 um28nchllogl35udl140f_ssgwc0p81v125c
                SVQ_OAO211_DG_1                                                               um28nchllogl35udl140f_ssgwc0p81v125c
        mac_pipeline_superscalar_DATA_WIDTH8_LANE_NUM3_4_DW02_mult_2_DW02_mult_35
            SVQ_ADDF_V1_1                                                                     um28nchllogl35udl140f_ssgwc0p81v125c
            SVQ_AN2_MG_1                                                                      um28nchllogl35udl140f_ssgwc0p81v125c
            SVQ_EO2_V2_1                                                                      um28nchllogl35udl140f_ssgwc0p81v125c
            SVQ_INV_1                                                                         um28nchllogl35udl140f_ssgwc0p81v125c
            SVQ_NR2_0P5                                                                       um28nchllogl35udl140f_ssgwc0p81v125c
            SVQ_NR2_1                                                                         um28nchllogl35udl140f_ssgwc0p81v125c
            SVQ_TIE0_1                                                                        um28nchllogl35udl140f_ssgwc0p81v125c
            mac_pipeline_superscalar_DATA_WIDTH8_LANE_NUM3_4_DW01_add_8_DW01_add_182
                SVQ_AN2_0P5                                                                   um28nchllogl35udl140f_ssgwc0p81v125c
                SVQ_AOI21_0P5                                                                 um28nchllogl35udl140f_ssgwc0p81v125c
                SVQ_EO2_V2_0P5                                                                um28nchllogl35udl140f_ssgwc0p81v125c
                SVQ_EO3_1                                                                     um28nchllogl35udl140f_ssgwc0p81v125c
                SVQ_INV_1                                                                     um28nchllogl35udl140f_ssgwc0p81v125c
                SVQ_MAJI3_1                                                                   um28nchllogl35udl140f_ssgwc0p81v125c
                SVQ_ND2B_1                                                                    um28nchllogl35udl140f_ssgwc0p81v125c
                SVQ_ND2_0P5                                                                   um28nchllogl35udl140f_ssgwc0p81v125c
                SVQ_NR2_0P5                                                                   um28nchllogl35udl140f_ssgwc0p81v125c
                SVQ_OA21_1                                                                    um28nchllogl35udl140f_ssgwc0p81v125c
                SVQ_OAI21_0P7                                                                 um28nchllogl35udl140f_ssgwc0p81v125c
                SVQ_OAO211_DG_1                                                               um28nchllogl35udl140f_ssgwc0p81v125c
    mac_pipeline_superscalar_DATA_WIDTH8_LANE_NUM3_5
        SVQ_AN2_MG_1                                                                          um28nchllogl35udl140f_ssgwc0p81v125c
        SVQ_AN3B_1                                                                            um28nchllogl35udl140f_ssgwc0p81v125c
        SVQ_AN4B_1                                                                            um28nchllogl35udl140f_ssgwc0p81v125c
        SVQ_AO2BB2_1                                                                          um28nchllogl35udl140f_ssgwc0p81v125c
        SVQ_AO21_U_1                                                                          um28nchllogl35udl140f_ssgwc0p81v125c
        SVQ_AO22_1                                                                            um28nchllogl35udl140f_ssgwc0p81v125c
        SVQ_AOAI211_1                                                                         um28nchllogl35udl140f_ssgwc0p81v125c
        SVQ_AOI21B_0P5                                                                        um28nchllogl35udl140f_ssgwc0p81v125c
        SVQ_AOI21_S_1                                                                         um28nchllogl35udl140f_ssgwc0p81v125c
        SVQ_AOI22_0P75                                                                        um28nchllogl35udl140f_ssgwc0p81v125c
        SVQ_AOI221_1                                                                          um28nchllogl35udl140f_ssgwc0p81v125c
        SVQ_AOI222_1                                                                          um28nchllogl35udl140f_ssgwc0p81v125c
        SVQ_AOI2222_V2_1                                                                      um28nchllogl35udl140f_ssgwc0p81v125c
        SVQ_BUF_M_1                                                                           um28nchllogl35udl140f_ssgwc0p81v125c
        SVQ_FDPRBQ_V2_1                                                                       um28nchllogl35udl140f_ssgwc0p81v125c
        SVQ_INV_1                                                                             um28nchllogl35udl140f_ssgwc0p81v125c
        SVQ_LDPRBQ_1                                                                          um28nchllogl35udl140f_ssgwc0p81v125c
        SVQ_ND2_1                                                                             um28nchllogl35udl140f_ssgwc0p81v125c
        SVQ_ND3_1                                                                             um28nchllogl35udl140f_ssgwc0p81v125c
        SVQ_ND4_1                                                                             um28nchllogl35udl140f_ssgwc0p81v125c
        SVQ_NR2B_V1_1                                                                         um28nchllogl35udl140f_ssgwc0p81v125c
        SVQ_NR2_1                                                                             um28nchllogl35udl140f_ssgwc0p81v125c
        SVQ_NR3_1                                                                             um28nchllogl35udl140f_ssgwc0p81v125c
        SVQ_NR4_1                                                                             um28nchllogl35udl140f_ssgwc0p81v125c
        SVQ_OAI21_S_1                                                                         um28nchllogl35udl140f_ssgwc0p81v125c
        SVQ_OAI22_1                                                                           um28nchllogl35udl140f_ssgwc0p81v125c
        SVQ_OAI31_G_1                                                                         um28nchllogl35udl140f_ssgwc0p81v125c
        SVQ_TIE0_1                                                                            um28nchllogl35udl140f_ssgwc0p81v125c
        SVQ_TIE1_1                                                                            um28nchllogl35udl140f_ssgwc0p81v125c
        mac_pipeline_superscalar_DATA_WIDTH8_LANE_NUM3_5_DW01_add_0_DW01_add_36
            SVQ_ADDF_V1_1                                                                     um28nchllogl35udl140f_ssgwc0p81v125c
            SVQ_AN2_MG_1                                                                      um28nchllogl35udl140f_ssgwc0p81v125c
            SVQ_EO2_V2_1                                                                      um28nchllogl35udl140f_ssgwc0p81v125c
            SVQ_EO3_1                                                                         um28nchllogl35udl140f_ssgwc0p81v125c
        mac_pipeline_superscalar_DATA_WIDTH8_LANE_NUM3_5_DW01_add_1_DW01_add_37
            SVQ_ADDF_V1_1                                                                     um28nchllogl35udl140f_ssgwc0p81v125c
            SVQ_AN2_MG_1                                                                      um28nchllogl35udl140f_ssgwc0p81v125c
            SVQ_EO2_V2_1                                                                      um28nchllogl35udl140f_ssgwc0p81v125c
            SVQ_EO3_1                                                                         um28nchllogl35udl140f_ssgwc0p81v125c
        mac_pipeline_superscalar_DATA_WIDTH8_LANE_NUM3_5_DW01_add_2_DW01_add_38
            SVQ_ADDF_V1_1                                                                     um28nchllogl35udl140f_ssgwc0p81v125c
            SVQ_AN2_MG_1                                                                      um28nchllogl35udl140f_ssgwc0p81v125c
            SVQ_EO2_V2_1                                                                      um28nchllogl35udl140f_ssgwc0p81v125c
            SVQ_EO3_1                                                                         um28nchllogl35udl140f_ssgwc0p81v125c
        mac_pipeline_superscalar_DATA_WIDTH8_LANE_NUM3_5_DW01_add_3_DW01_add_39
            SVQ_ADDF_V1_1                                                                     um28nchllogl35udl140f_ssgwc0p81v125c
            SVQ_AN2_MG_1                                                                      um28nchllogl35udl140f_ssgwc0p81v125c
            SVQ_EO2_V2_1                                                                      um28nchllogl35udl140f_ssgwc0p81v125c
        mac_pipeline_superscalar_DATA_WIDTH8_LANE_NUM3_5_DW01_add_4_DW01_add_40
            SVQ_ADDF_V1_1                                                                     um28nchllogl35udl140f_ssgwc0p81v125c
            SVQ_AN2_MG_1                                                                      um28nchllogl35udl140f_ssgwc0p81v125c
            SVQ_EO2_V2_1                                                                      um28nchllogl35udl140f_ssgwc0p81v125c
        mac_pipeline_superscalar_DATA_WIDTH8_LANE_NUM3_5_DW01_add_5_DW01_add_41
            SVQ_ADDF_V1_1                                                                     um28nchllogl35udl140f_ssgwc0p81v125c
            SVQ_AN2_MG_1                                                                      um28nchllogl35udl140f_ssgwc0p81v125c
            SVQ_EO2_V2_1                                                                      um28nchllogl35udl140f_ssgwc0p81v125c
        mac_pipeline_superscalar_DATA_WIDTH8_LANE_NUM3_5_DW02_mult_0_DW02_mult_30
            SVQ_ADDF_V1_1                                                                     um28nchllogl35udl140f_ssgwc0p81v125c
            SVQ_AN2_MG_1                                                                      um28nchllogl35udl140f_ssgwc0p81v125c
            SVQ_EO2_V2_1                                                                      um28nchllogl35udl140f_ssgwc0p81v125c
            SVQ_INV_1                                                                         um28nchllogl35udl140f_ssgwc0p81v125c
            SVQ_NR2_0P5                                                                       um28nchllogl35udl140f_ssgwc0p81v125c
            SVQ_TIE0_1                                                                        um28nchllogl35udl140f_ssgwc0p81v125c
            mac_pipeline_superscalar_DATA_WIDTH8_LANE_NUM3_5_DW01_add_6_DW01_add_177
                SVQ_AN2_0P5                                                                   um28nchllogl35udl140f_ssgwc0p81v125c
                SVQ_AOI21_0P5                                                                 um28nchllogl35udl140f_ssgwc0p81v125c
                SVQ_EO2_V2_0P5                                                                um28nchllogl35udl140f_ssgwc0p81v125c
                SVQ_EO3_1                                                                     um28nchllogl35udl140f_ssgwc0p81v125c
                SVQ_INV_1                                                                     um28nchllogl35udl140f_ssgwc0p81v125c
                SVQ_MAJI3_1                                                                   um28nchllogl35udl140f_ssgwc0p81v125c
                SVQ_ND2B_1                                                                    um28nchllogl35udl140f_ssgwc0p81v125c
                SVQ_ND2_0P5                                                                   um28nchllogl35udl140f_ssgwc0p81v125c
                SVQ_NR2_0P5                                                                   um28nchllogl35udl140f_ssgwc0p81v125c
                SVQ_OA21_1                                                                    um28nchllogl35udl140f_ssgwc0p81v125c
                SVQ_OAI21_0P7                                                                 um28nchllogl35udl140f_ssgwc0p81v125c
                SVQ_OAO211_DG_1                                                               um28nchllogl35udl140f_ssgwc0p81v125c
        mac_pipeline_superscalar_DATA_WIDTH8_LANE_NUM3_5_DW02_mult_1_DW02_mult_31
            SVQ_ADDF_V1_1                                                                     um28nchllogl35udl140f_ssgwc0p81v125c
            SVQ_AN2_MG_1                                                                      um28nchllogl35udl140f_ssgwc0p81v125c
            SVQ_EO2_V2_1                                                                      um28nchllogl35udl140f_ssgwc0p81v125c
            SVQ_INV_1                                                                         um28nchllogl35udl140f_ssgwc0p81v125c
            SVQ_NR2_0P5                                                                       um28nchllogl35udl140f_ssgwc0p81v125c
            SVQ_TIE0_1                                                                        um28nchllogl35udl140f_ssgwc0p81v125c
            mac_pipeline_superscalar_DATA_WIDTH8_LANE_NUM3_5_DW01_add_7_DW01_add_178
                SVQ_AN2_0P5                                                                   um28nchllogl35udl140f_ssgwc0p81v125c
                SVQ_AOI21_0P5                                                                 um28nchllogl35udl140f_ssgwc0p81v125c
                SVQ_EO2_V2_0P5                                                                um28nchllogl35udl140f_ssgwc0p81v125c
                SVQ_EO3_1                                                                     um28nchllogl35udl140f_ssgwc0p81v125c
                SVQ_INV_1                                                                     um28nchllogl35udl140f_ssgwc0p81v125c
                SVQ_MAJI3_1                                                                   um28nchllogl35udl140f_ssgwc0p81v125c
                SVQ_ND2B_1                                                                    um28nchllogl35udl140f_ssgwc0p81v125c
                SVQ_ND2_0P5                                                                   um28nchllogl35udl140f_ssgwc0p81v125c
                SVQ_NR2_0P5                                                                   um28nchllogl35udl140f_ssgwc0p81v125c
                SVQ_OA21_1                                                                    um28nchllogl35udl140f_ssgwc0p81v125c
                SVQ_OAI21_0P7                                                                 um28nchllogl35udl140f_ssgwc0p81v125c
                SVQ_OAO211_DG_1                                                               um28nchllogl35udl140f_ssgwc0p81v125c
        mac_pipeline_superscalar_DATA_WIDTH8_LANE_NUM3_5_DW02_mult_2_DW02_mult_32
            SVQ_ADDF_V1_1                                                                     um28nchllogl35udl140f_ssgwc0p81v125c
            SVQ_AN2_MG_1                                                                      um28nchllogl35udl140f_ssgwc0p81v125c
            SVQ_EO2_V2_1                                                                      um28nchllogl35udl140f_ssgwc0p81v125c
            SVQ_INV_1                                                                         um28nchllogl35udl140f_ssgwc0p81v125c
            SVQ_NR2_0P5                                                                       um28nchllogl35udl140f_ssgwc0p81v125c
            SVQ_TIE0_1                                                                        um28nchllogl35udl140f_ssgwc0p81v125c
            mac_pipeline_superscalar_DATA_WIDTH8_LANE_NUM3_5_DW01_add_8_DW01_add_179
                SVQ_AN2_0P5                                                                   um28nchllogl35udl140f_ssgwc0p81v125c
                SVQ_AOI21_0P5                                                                 um28nchllogl35udl140f_ssgwc0p81v125c
                SVQ_EO2_V2_0P5                                                                um28nchllogl35udl140f_ssgwc0p81v125c
                SVQ_EO3_1                                                                     um28nchllogl35udl140f_ssgwc0p81v125c
                SVQ_INV_1                                                                     um28nchllogl35udl140f_ssgwc0p81v125c
                SVQ_MAJI3_1                                                                   um28nchllogl35udl140f_ssgwc0p81v125c
                SVQ_ND2B_1                                                                    um28nchllogl35udl140f_ssgwc0p81v125c
                SVQ_ND2_0P5                                                                   um28nchllogl35udl140f_ssgwc0p81v125c
                SVQ_NR2_0P5                                                                   um28nchllogl35udl140f_ssgwc0p81v125c
                SVQ_OA21_1                                                                    um28nchllogl35udl140f_ssgwc0p81v125c
                SVQ_OAI21_0P7                                                                 um28nchllogl35udl140f_ssgwc0p81v125c
                SVQ_OAO211_DG_1                                                               um28nchllogl35udl140f_ssgwc0p81v125c
    mac_pipeline_superscalar_DATA_WIDTH8_LANE_NUM3_6
        SVQ_AN2_MG_1                                                                          um28nchllogl35udl140f_ssgwc0p81v125c
        SVQ_AN3B_1                                                                            um28nchllogl35udl140f_ssgwc0p81v125c
        SVQ_AN4B_1                                                                            um28nchllogl35udl140f_ssgwc0p81v125c
        SVQ_AO2BB2_1                                                                          um28nchllogl35udl140f_ssgwc0p81v125c
        SVQ_AO21_U_1                                                                          um28nchllogl35udl140f_ssgwc0p81v125c
        SVQ_AO22_1                                                                            um28nchllogl35udl140f_ssgwc0p81v125c
        SVQ_AOAI211_1                                                                         um28nchllogl35udl140f_ssgwc0p81v125c
        SVQ_AOI21B_0P5                                                                        um28nchllogl35udl140f_ssgwc0p81v125c
        SVQ_AOI21_S_1                                                                         um28nchllogl35udl140f_ssgwc0p81v125c
        SVQ_AOI22_0P75                                                                        um28nchllogl35udl140f_ssgwc0p81v125c
        SVQ_AOI221_1                                                                          um28nchllogl35udl140f_ssgwc0p81v125c
        SVQ_AOI222_1                                                                          um28nchllogl35udl140f_ssgwc0p81v125c
        SVQ_AOI2222_V2_1                                                                      um28nchllogl35udl140f_ssgwc0p81v125c
        SVQ_BUF_M_1                                                                           um28nchllogl35udl140f_ssgwc0p81v125c
        SVQ_FDPRBQ_V2_1                                                                       um28nchllogl35udl140f_ssgwc0p81v125c
        SVQ_INV_1                                                                             um28nchllogl35udl140f_ssgwc0p81v125c
        SVQ_LDPRBQ_1                                                                          um28nchllogl35udl140f_ssgwc0p81v125c
        SVQ_ND2_1                                                                             um28nchllogl35udl140f_ssgwc0p81v125c
        SVQ_ND3_1                                                                             um28nchllogl35udl140f_ssgwc0p81v125c
        SVQ_ND4_1                                                                             um28nchllogl35udl140f_ssgwc0p81v125c
        SVQ_NR2B_V1_1                                                                         um28nchllogl35udl140f_ssgwc0p81v125c
        SVQ_NR2_1                                                                             um28nchllogl35udl140f_ssgwc0p81v125c
        SVQ_NR3_1                                                                             um28nchllogl35udl140f_ssgwc0p81v125c
        SVQ_NR4_1                                                                             um28nchllogl35udl140f_ssgwc0p81v125c
        SVQ_OAI21_S_1                                                                         um28nchllogl35udl140f_ssgwc0p81v125c
        SVQ_OAI22_1                                                                           um28nchllogl35udl140f_ssgwc0p81v125c
        SVQ_OAI31_G_1                                                                         um28nchllogl35udl140f_ssgwc0p81v125c
        SVQ_TIE0_1                                                                            um28nchllogl35udl140f_ssgwc0p81v125c
        SVQ_TIE1_1                                                                            um28nchllogl35udl140f_ssgwc0p81v125c
        mac_pipeline_superscalar_DATA_WIDTH8_LANE_NUM3_6_DW01_add_0_DW01_add_42
            SVQ_ADDF_V1_1                                                                     um28nchllogl35udl140f_ssgwc0p81v125c
            SVQ_AN2_MG_1                                                                      um28nchllogl35udl140f_ssgwc0p81v125c
            SVQ_EO2_V2_1                                                                      um28nchllogl35udl140f_ssgwc0p81v125c
            SVQ_EO3_1                                                                         um28nchllogl35udl140f_ssgwc0p81v125c
        mac_pipeline_superscalar_DATA_WIDTH8_LANE_NUM3_6_DW01_add_1_DW01_add_43
            SVQ_ADDF_V1_1                                                                     um28nchllogl35udl140f_ssgwc0p81v125c
            SVQ_AN2_MG_1                                                                      um28nchllogl35udl140f_ssgwc0p81v125c
            SVQ_EO2_V2_1                                                                      um28nchllogl35udl140f_ssgwc0p81v125c
            SVQ_EO3_1                                                                         um28nchllogl35udl140f_ssgwc0p81v125c
        mac_pipeline_superscalar_DATA_WIDTH8_LANE_NUM3_6_DW01_add_2_DW01_add_44
            SVQ_ADDF_V1_1                                                                     um28nchllogl35udl140f_ssgwc0p81v125c
            SVQ_AN2_MG_1                                                                      um28nchllogl35udl140f_ssgwc0p81v125c
            SVQ_EO2_V2_1                                                                      um28nchllogl35udl140f_ssgwc0p81v125c
            SVQ_EO3_1                                                                         um28nchllogl35udl140f_ssgwc0p81v125c
        mac_pipeline_superscalar_DATA_WIDTH8_LANE_NUM3_6_DW01_add_3_DW01_add_45
            SVQ_ADDF_V1_1                                                                     um28nchllogl35udl140f_ssgwc0p81v125c
            SVQ_AN2_MG_1                                                                      um28nchllogl35udl140f_ssgwc0p81v125c
            SVQ_EO2_V2_1                                                                      um28nchllogl35udl140f_ssgwc0p81v125c
        mac_pipeline_superscalar_DATA_WIDTH8_LANE_NUM3_6_DW01_add_4_DW01_add_46
            SVQ_ADDF_V1_1                                                                     um28nchllogl35udl140f_ssgwc0p81v125c
            SVQ_AN2_MG_1                                                                      um28nchllogl35udl140f_ssgwc0p81v125c
            SVQ_EO2_V2_1                                                                      um28nchllogl35udl140f_ssgwc0p81v125c
        mac_pipeline_superscalar_DATA_WIDTH8_LANE_NUM3_6_DW01_add_5_DW01_add_47
            SVQ_ADDF_V1_1                                                                     um28nchllogl35udl140f_ssgwc0p81v125c
            SVQ_AN2_MG_1                                                                      um28nchllogl35udl140f_ssgwc0p81v125c
            SVQ_EO2_V2_1                                                                      um28nchllogl35udl140f_ssgwc0p81v125c
        mac_pipeline_superscalar_DATA_WIDTH8_LANE_NUM3_6_DW02_mult_0_DW02_mult_27
            SVQ_ADDF_V1_1                                                                     um28nchllogl35udl140f_ssgwc0p81v125c
            SVQ_AN2_MG_1                                                                      um28nchllogl35udl140f_ssgwc0p81v125c
            SVQ_EO2_V2_1                                                                      um28nchllogl35udl140f_ssgwc0p81v125c
            SVQ_INV_1                                                                         um28nchllogl35udl140f_ssgwc0p81v125c
            SVQ_NR2_0P5                                                                       um28nchllogl35udl140f_ssgwc0p81v125c
            SVQ_TIE0_1                                                                        um28nchllogl35udl140f_ssgwc0p81v125c
            mac_pipeline_superscalar_DATA_WIDTH8_LANE_NUM3_6_DW01_add_6_DW01_add_174
                SVQ_AN2_0P5                                                                   um28nchllogl35udl140f_ssgwc0p81v125c
                SVQ_AOI21_0P5                                                                 um28nchllogl35udl140f_ssgwc0p81v125c
                SVQ_EO2_V2_0P5                                                                um28nchllogl35udl140f_ssgwc0p81v125c
                SVQ_EO3_1                                                                     um28nchllogl35udl140f_ssgwc0p81v125c
                SVQ_INV_1                                                                     um28nchllogl35udl140f_ssgwc0p81v125c
                SVQ_MAJI3_1                                                                   um28nchllogl35udl140f_ssgwc0p81v125c
                SVQ_ND2B_1                                                                    um28nchllogl35udl140f_ssgwc0p81v125c
                SVQ_ND2_0P5                                                                   um28nchllogl35udl140f_ssgwc0p81v125c
                SVQ_NR2_0P5                                                                   um28nchllogl35udl140f_ssgwc0p81v125c
                SVQ_OA21_1                                                                    um28nchllogl35udl140f_ssgwc0p81v125c
                SVQ_OAI21_0P7                                                                 um28nchllogl35udl140f_ssgwc0p81v125c
                SVQ_OAO211_DG_1                                                               um28nchllogl35udl140f_ssgwc0p81v125c
        mac_pipeline_superscalar_DATA_WIDTH8_LANE_NUM3_6_DW02_mult_1_DW02_mult_28
            SVQ_ADDF_V1_1                                                                     um28nchllogl35udl140f_ssgwc0p81v125c
            SVQ_AN2_MG_1                                                                      um28nchllogl35udl140f_ssgwc0p81v125c
            SVQ_EO2_V2_1                                                                      um28nchllogl35udl140f_ssgwc0p81v125c
            SVQ_INV_1                                                                         um28nchllogl35udl140f_ssgwc0p81v125c
            SVQ_NR2_0P5                                                                       um28nchllogl35udl140f_ssgwc0p81v125c
            SVQ_TIE0_1                                                                        um28nchllogl35udl140f_ssgwc0p81v125c
            mac_pipeline_superscalar_DATA_WIDTH8_LANE_NUM3_6_DW01_add_7_DW01_add_175
                SVQ_AN2_0P5                                                                   um28nchllogl35udl140f_ssgwc0p81v125c
                SVQ_AOI21_0P5                                                                 um28nchllogl35udl140f_ssgwc0p81v125c
                SVQ_EO2_V2_0P5                                                                um28nchllogl35udl140f_ssgwc0p81v125c
                SVQ_EO3_1                                                                     um28nchllogl35udl140f_ssgwc0p81v125c
                SVQ_INV_1                                                                     um28nchllogl35udl140f_ssgwc0p81v125c
                SVQ_MAJI3_1                                                                   um28nchllogl35udl140f_ssgwc0p81v125c
                SVQ_ND2B_1                                                                    um28nchllogl35udl140f_ssgwc0p81v125c
                SVQ_ND2_0P5                                                                   um28nchllogl35udl140f_ssgwc0p81v125c
                SVQ_NR2_0P5                                                                   um28nchllogl35udl140f_ssgwc0p81v125c
                SVQ_OA21_1                                                                    um28nchllogl35udl140f_ssgwc0p81v125c
                SVQ_OAI21_0P7                                                                 um28nchllogl35udl140f_ssgwc0p81v125c
                SVQ_OAO211_DG_1                                                               um28nchllogl35udl140f_ssgwc0p81v125c
        mac_pipeline_superscalar_DATA_WIDTH8_LANE_NUM3_6_DW02_mult_2_DW02_mult_29
            SVQ_ADDF_V1_1                                                                     um28nchllogl35udl140f_ssgwc0p81v125c
            SVQ_AN2_MG_1                                                                      um28nchllogl35udl140f_ssgwc0p81v125c
            SVQ_EO2_V2_1                                                                      um28nchllogl35udl140f_ssgwc0p81v125c
            SVQ_INV_1                                                                         um28nchllogl35udl140f_ssgwc0p81v125c
            SVQ_NR2_0P5                                                                       um28nchllogl35udl140f_ssgwc0p81v125c
            SVQ_NR2_1                                                                         um28nchllogl35udl140f_ssgwc0p81v125c
            SVQ_TIE0_1                                                                        um28nchllogl35udl140f_ssgwc0p81v125c
            mac_pipeline_superscalar_DATA_WIDTH8_LANE_NUM3_6_DW01_add_8_DW01_add_176
                SVQ_AN2_0P5                                                                   um28nchllogl35udl140f_ssgwc0p81v125c
                SVQ_AOI21_0P5                                                                 um28nchllogl35udl140f_ssgwc0p81v125c
                SVQ_EO2_V2_0P5                                                                um28nchllogl35udl140f_ssgwc0p81v125c
                SVQ_EO3_1                                                                     um28nchllogl35udl140f_ssgwc0p81v125c
                SVQ_INV_1                                                                     um28nchllogl35udl140f_ssgwc0p81v125c
                SVQ_MAJI3_1                                                                   um28nchllogl35udl140f_ssgwc0p81v125c
                SVQ_ND2B_1                                                                    um28nchllogl35udl140f_ssgwc0p81v125c
                SVQ_ND2_0P5                                                                   um28nchllogl35udl140f_ssgwc0p81v125c
                SVQ_NR2_0P5                                                                   um28nchllogl35udl140f_ssgwc0p81v125c
                SVQ_OA21_1                                                                    um28nchllogl35udl140f_ssgwc0p81v125c
                SVQ_OAI21_0P7                                                                 um28nchllogl35udl140f_ssgwc0p81v125c
                SVQ_OAO211_DG_1                                                               um28nchllogl35udl140f_ssgwc0p81v125c
    mac_pipeline_superscalar_DATA_WIDTH8_LANE_NUM3_7
        SVQ_AN2_MG_1                                                                          um28nchllogl35udl140f_ssgwc0p81v125c
        SVQ_AN3B_1                                                                            um28nchllogl35udl140f_ssgwc0p81v125c
        SVQ_AN4B_1                                                                            um28nchllogl35udl140f_ssgwc0p81v125c
        SVQ_AO2BB2_1                                                                          um28nchllogl35udl140f_ssgwc0p81v125c
        SVQ_AO21_U_1                                                                          um28nchllogl35udl140f_ssgwc0p81v125c
        SVQ_AO22_1                                                                            um28nchllogl35udl140f_ssgwc0p81v125c
        SVQ_AOAI211_1                                                                         um28nchllogl35udl140f_ssgwc0p81v125c
        SVQ_AOI21B_0P5                                                                        um28nchllogl35udl140f_ssgwc0p81v125c
        SVQ_AOI21_S_1                                                                         um28nchllogl35udl140f_ssgwc0p81v125c
        SVQ_AOI22_0P75                                                                        um28nchllogl35udl140f_ssgwc0p81v125c
        SVQ_AOI221_1                                                                          um28nchllogl35udl140f_ssgwc0p81v125c
        SVQ_AOI222_1                                                                          um28nchllogl35udl140f_ssgwc0p81v125c
        SVQ_AOI2222_V2_1                                                                      um28nchllogl35udl140f_ssgwc0p81v125c
        SVQ_BUF_M_1                                                                           um28nchllogl35udl140f_ssgwc0p81v125c
        SVQ_FDPRBQ_V2_1                                                                       um28nchllogl35udl140f_ssgwc0p81v125c
        SVQ_INV_1                                                                             um28nchllogl35udl140f_ssgwc0p81v125c
        SVQ_LDPRBQ_1                                                                          um28nchllogl35udl140f_ssgwc0p81v125c
        SVQ_ND2_1                                                                             um28nchllogl35udl140f_ssgwc0p81v125c
        SVQ_ND3_1                                                                             um28nchllogl35udl140f_ssgwc0p81v125c
        SVQ_ND4_1                                                                             um28nchllogl35udl140f_ssgwc0p81v125c
        SVQ_NR2B_V1_1                                                                         um28nchllogl35udl140f_ssgwc0p81v125c
        SVQ_NR2_1                                                                             um28nchllogl35udl140f_ssgwc0p81v125c
        SVQ_NR3_1                                                                             um28nchllogl35udl140f_ssgwc0p81v125c
        SVQ_NR4_1                                                                             um28nchllogl35udl140f_ssgwc0p81v125c
        SVQ_OAI21_S_1                                                                         um28nchllogl35udl140f_ssgwc0p81v125c
        SVQ_OAI22_1                                                                           um28nchllogl35udl140f_ssgwc0p81v125c
        SVQ_OAI31_G_1                                                                         um28nchllogl35udl140f_ssgwc0p81v125c
        SVQ_TIE0_1                                                                            um28nchllogl35udl140f_ssgwc0p81v125c
        SVQ_TIE1_1                                                                            um28nchllogl35udl140f_ssgwc0p81v125c
        mac_pipeline_superscalar_DATA_WIDTH8_LANE_NUM3_7_DW01_add_0_DW01_add_48
            SVQ_ADDF_V1_1                                                                     um28nchllogl35udl140f_ssgwc0p81v125c
            SVQ_AN2_MG_1                                                                      um28nchllogl35udl140f_ssgwc0p81v125c
            SVQ_EO2_V2_1                                                                      um28nchllogl35udl140f_ssgwc0p81v125c
            SVQ_EO3_1                                                                         um28nchllogl35udl140f_ssgwc0p81v125c
        mac_pipeline_superscalar_DATA_WIDTH8_LANE_NUM3_7_DW01_add_1_DW01_add_49
            SVQ_ADDF_V1_1                                                                     um28nchllogl35udl140f_ssgwc0p81v125c
            SVQ_AN2_MG_1                                                                      um28nchllogl35udl140f_ssgwc0p81v125c
            SVQ_EO2_V2_1                                                                      um28nchllogl35udl140f_ssgwc0p81v125c
            SVQ_EO3_1                                                                         um28nchllogl35udl140f_ssgwc0p81v125c
        mac_pipeline_superscalar_DATA_WIDTH8_LANE_NUM3_7_DW01_add_2_DW01_add_50
            SVQ_ADDF_V1_1                                                                     um28nchllogl35udl140f_ssgwc0p81v125c
            SVQ_AN2_MG_1                                                                      um28nchllogl35udl140f_ssgwc0p81v125c
            SVQ_EO2_V2_1                                                                      um28nchllogl35udl140f_ssgwc0p81v125c
            SVQ_EO3_1                                                                         um28nchllogl35udl140f_ssgwc0p81v125c
        mac_pipeline_superscalar_DATA_WIDTH8_LANE_NUM3_7_DW01_add_3_DW01_add_51
            SVQ_ADDF_V1_1                                                                     um28nchllogl35udl140f_ssgwc0p81v125c
            SVQ_AN2_MG_1                                                                      um28nchllogl35udl140f_ssgwc0p81v125c
            SVQ_EO2_V2_1                                                                      um28nchllogl35udl140f_ssgwc0p81v125c
        mac_pipeline_superscalar_DATA_WIDTH8_LANE_NUM3_7_DW01_add_4_DW01_add_52
            SVQ_ADDF_V1_1                                                                     um28nchllogl35udl140f_ssgwc0p81v125c
            SVQ_AN2_MG_1                                                                      um28nchllogl35udl140f_ssgwc0p81v125c
            SVQ_EO2_V2_1                                                                      um28nchllogl35udl140f_ssgwc0p81v125c
        mac_pipeline_superscalar_DATA_WIDTH8_LANE_NUM3_7_DW01_add_5_DW01_add_53
            SVQ_ADDF_V1_1                                                                     um28nchllogl35udl140f_ssgwc0p81v125c
            SVQ_AN2_MG_1                                                                      um28nchllogl35udl140f_ssgwc0p81v125c
            SVQ_EO2_V2_1                                                                      um28nchllogl35udl140f_ssgwc0p81v125c
        mac_pipeline_superscalar_DATA_WIDTH8_LANE_NUM3_7_DW02_mult_0_DW02_mult_24
            SVQ_ADDF_V1_1                                                                     um28nchllogl35udl140f_ssgwc0p81v125c
            SVQ_AN2_MG_1                                                                      um28nchllogl35udl140f_ssgwc0p81v125c
            SVQ_EO2_V2_1                                                                      um28nchllogl35udl140f_ssgwc0p81v125c
            SVQ_INV_1                                                                         um28nchllogl35udl140f_ssgwc0p81v125c
            SVQ_NR2_0P5                                                                       um28nchllogl35udl140f_ssgwc0p81v125c
            SVQ_TIE0_1                                                                        um28nchllogl35udl140f_ssgwc0p81v125c
            mac_pipeline_superscalar_DATA_WIDTH8_LANE_NUM3_7_DW01_add_6_DW01_add_171
                SVQ_AN2_0P5                                                                   um28nchllogl35udl140f_ssgwc0p81v125c
                SVQ_AOI21_0P5                                                                 um28nchllogl35udl140f_ssgwc0p81v125c
                SVQ_EO2_V2_0P5                                                                um28nchllogl35udl140f_ssgwc0p81v125c
                SVQ_EO3_1                                                                     um28nchllogl35udl140f_ssgwc0p81v125c
                SVQ_INV_1                                                                     um28nchllogl35udl140f_ssgwc0p81v125c
                SVQ_MAJI3_1                                                                   um28nchllogl35udl140f_ssgwc0p81v125c
                SVQ_ND2B_1                                                                    um28nchllogl35udl140f_ssgwc0p81v125c
                SVQ_ND2_0P5                                                                   um28nchllogl35udl140f_ssgwc0p81v125c
                SVQ_NR2_0P5                                                                   um28nchllogl35udl140f_ssgwc0p81v125c
                SVQ_OA21_1                                                                    um28nchllogl35udl140f_ssgwc0p81v125c
                SVQ_OAI21_0P7                                                                 um28nchllogl35udl140f_ssgwc0p81v125c
                SVQ_OAO211_DG_1                                                               um28nchllogl35udl140f_ssgwc0p81v125c
        mac_pipeline_superscalar_DATA_WIDTH8_LANE_NUM3_7_DW02_mult_1_DW02_mult_25
            SVQ_ADDF_V1_1                                                                     um28nchllogl35udl140f_ssgwc0p81v125c
            SVQ_AN2_MG_1                                                                      um28nchllogl35udl140f_ssgwc0p81v125c
            SVQ_EO2_V2_1                                                                      um28nchllogl35udl140f_ssgwc0p81v125c
            SVQ_INV_1                                                                         um28nchllogl35udl140f_ssgwc0p81v125c
            SVQ_NR2_0P5                                                                       um28nchllogl35udl140f_ssgwc0p81v125c
            SVQ_TIE0_1                                                                        um28nchllogl35udl140f_ssgwc0p81v125c
            mac_pipeline_superscalar_DATA_WIDTH8_LANE_NUM3_7_DW01_add_7_DW01_add_172
                SVQ_AN2_0P5                                                                   um28nchllogl35udl140f_ssgwc0p81v125c
                SVQ_AOI21_0P5                                                                 um28nchllogl35udl140f_ssgwc0p81v125c
                SVQ_EO2_V2_0P5                                                                um28nchllogl35udl140f_ssgwc0p81v125c
                SVQ_EO3_1                                                                     um28nchllogl35udl140f_ssgwc0p81v125c
                SVQ_INV_1                                                                     um28nchllogl35udl140f_ssgwc0p81v125c
                SVQ_MAJI3_1                                                                   um28nchllogl35udl140f_ssgwc0p81v125c
                SVQ_ND2B_1                                                                    um28nchllogl35udl140f_ssgwc0p81v125c
                SVQ_ND2_0P5                                                                   um28nchllogl35udl140f_ssgwc0p81v125c
                SVQ_NR2_0P5                                                                   um28nchllogl35udl140f_ssgwc0p81v125c
                SVQ_OA21_1                                                                    um28nchllogl35udl140f_ssgwc0p81v125c
                SVQ_OAI21_0P7                                                                 um28nchllogl35udl140f_ssgwc0p81v125c
                SVQ_OAO211_DG_1                                                               um28nchllogl35udl140f_ssgwc0p81v125c
        mac_pipeline_superscalar_DATA_WIDTH8_LANE_NUM3_7_DW02_mult_2_DW02_mult_26
            SVQ_ADDF_V1_1                                                                     um28nchllogl35udl140f_ssgwc0p81v125c
            SVQ_AN2_MG_1                                                                      um28nchllogl35udl140f_ssgwc0p81v125c
            SVQ_EO2_V2_1                                                                      um28nchllogl35udl140f_ssgwc0p81v125c
            SVQ_INV_1                                                                         um28nchllogl35udl140f_ssgwc0p81v125c
            SVQ_NR2_0P5                                                                       um28nchllogl35udl140f_ssgwc0p81v125c
            SVQ_NR2_1                                                                         um28nchllogl35udl140f_ssgwc0p81v125c
            SVQ_TIE0_1                                                                        um28nchllogl35udl140f_ssgwc0p81v125c
            mac_pipeline_superscalar_DATA_WIDTH8_LANE_NUM3_7_DW01_add_8_DW01_add_173
                SVQ_AN2_0P5                                                                   um28nchllogl35udl140f_ssgwc0p81v125c
                SVQ_AOI21_0P5                                                                 um28nchllogl35udl140f_ssgwc0p81v125c
                SVQ_EO2_V2_0P5                                                                um28nchllogl35udl140f_ssgwc0p81v125c
                SVQ_EO3_1                                                                     um28nchllogl35udl140f_ssgwc0p81v125c
                SVQ_INV_1                                                                     um28nchllogl35udl140f_ssgwc0p81v125c
                SVQ_MAJI3_1                                                                   um28nchllogl35udl140f_ssgwc0p81v125c
                SVQ_ND2B_1                                                                    um28nchllogl35udl140f_ssgwc0p81v125c
                SVQ_ND2_0P5                                                                   um28nchllogl35udl140f_ssgwc0p81v125c
                SVQ_NR2_0P5                                                                   um28nchllogl35udl140f_ssgwc0p81v125c
                SVQ_OA21_1                                                                    um28nchllogl35udl140f_ssgwc0p81v125c
                SVQ_OAI21_0P7                                                                 um28nchllogl35udl140f_ssgwc0p81v125c
                SVQ_OAO211_DG_1                                                               um28nchllogl35udl140f_ssgwc0p81v125c
    mac_pipeline_superscalar_DATA_WIDTH8_LANE_NUM3_8
        SVQ_AN2_MG_1                                                                          um28nchllogl35udl140f_ssgwc0p81v125c
        SVQ_AN3B_1                                                                            um28nchllogl35udl140f_ssgwc0p81v125c
        SVQ_AN4B_1                                                                            um28nchllogl35udl140f_ssgwc0p81v125c
        SVQ_AO2BB2_1                                                                          um28nchllogl35udl140f_ssgwc0p81v125c
        SVQ_AO21_U_1                                                                          um28nchllogl35udl140f_ssgwc0p81v125c
        SVQ_AO22_1                                                                            um28nchllogl35udl140f_ssgwc0p81v125c
        SVQ_AOAI211_1                                                                         um28nchllogl35udl140f_ssgwc0p81v125c
        SVQ_AOI21B_0P5                                                                        um28nchllogl35udl140f_ssgwc0p81v125c
        SVQ_AOI21_S_1                                                                         um28nchllogl35udl140f_ssgwc0p81v125c
        SVQ_AOI22_0P75                                                                        um28nchllogl35udl140f_ssgwc0p81v125c
        SVQ_AOI221_1                                                                          um28nchllogl35udl140f_ssgwc0p81v125c
        SVQ_AOI222_1                                                                          um28nchllogl35udl140f_ssgwc0p81v125c
        SVQ_AOI2222_V2_1                                                                      um28nchllogl35udl140f_ssgwc0p81v125c
        SVQ_BUF_M_1                                                                           um28nchllogl35udl140f_ssgwc0p81v125c
        SVQ_FDPRBQ_V2_1                                                                       um28nchllogl35udl140f_ssgwc0p81v125c
        SVQ_INV_1                                                                             um28nchllogl35udl140f_ssgwc0p81v125c
        SVQ_LDPRBQ_1                                                                          um28nchllogl35udl140f_ssgwc0p81v125c
        SVQ_ND2_1                                                                             um28nchllogl35udl140f_ssgwc0p81v125c
        SVQ_ND3_1                                                                             um28nchllogl35udl140f_ssgwc0p81v125c
        SVQ_ND4_1                                                                             um28nchllogl35udl140f_ssgwc0p81v125c
        SVQ_NR2B_V1_1                                                                         um28nchllogl35udl140f_ssgwc0p81v125c
        SVQ_NR2_1                                                                             um28nchllogl35udl140f_ssgwc0p81v125c
        SVQ_NR3_1                                                                             um28nchllogl35udl140f_ssgwc0p81v125c
        SVQ_NR4_1                                                                             um28nchllogl35udl140f_ssgwc0p81v125c
        SVQ_OAI21_S_1                                                                         um28nchllogl35udl140f_ssgwc0p81v125c
        SVQ_OAI22_1                                                                           um28nchllogl35udl140f_ssgwc0p81v125c
        SVQ_OAI31_G_1                                                                         um28nchllogl35udl140f_ssgwc0p81v125c
        SVQ_TIE0_1                                                                            um28nchllogl35udl140f_ssgwc0p81v125c
        SVQ_TIE1_1                                                                            um28nchllogl35udl140f_ssgwc0p81v125c
        mac_pipeline_superscalar_DATA_WIDTH8_LANE_NUM3_8_DW01_add_0_DW01_add_54
            SVQ_ADDF_V1_1                                                                     um28nchllogl35udl140f_ssgwc0p81v125c
            SVQ_AN2_MG_1                                                                      um28nchllogl35udl140f_ssgwc0p81v125c
            SVQ_EO2_V2_1                                                                      um28nchllogl35udl140f_ssgwc0p81v125c
            SVQ_EO3_1                                                                         um28nchllogl35udl140f_ssgwc0p81v125c
        mac_pipeline_superscalar_DATA_WIDTH8_LANE_NUM3_8_DW01_add_1_DW01_add_55
            SVQ_ADDF_V1_1                                                                     um28nchllogl35udl140f_ssgwc0p81v125c
            SVQ_AN2_MG_1                                                                      um28nchllogl35udl140f_ssgwc0p81v125c
            SVQ_EO2_V2_1                                                                      um28nchllogl35udl140f_ssgwc0p81v125c
            SVQ_EO3_1                                                                         um28nchllogl35udl140f_ssgwc0p81v125c
        mac_pipeline_superscalar_DATA_WIDTH8_LANE_NUM3_8_DW01_add_2_DW01_add_56
            SVQ_ADDF_V1_1                                                                     um28nchllogl35udl140f_ssgwc0p81v125c
            SVQ_AN2_MG_1                                                                      um28nchllogl35udl140f_ssgwc0p81v125c
            SVQ_EO2_V2_1                                                                      um28nchllogl35udl140f_ssgwc0p81v125c
            SVQ_EO3_1                                                                         um28nchllogl35udl140f_ssgwc0p81v125c
        mac_pipeline_superscalar_DATA_WIDTH8_LANE_NUM3_8_DW01_add_3_DW01_add_57
            SVQ_ADDF_V1_1                                                                     um28nchllogl35udl140f_ssgwc0p81v125c
            SVQ_AN2_MG_1                                                                      um28nchllogl35udl140f_ssgwc0p81v125c
            SVQ_EO2_V2_1                                                                      um28nchllogl35udl140f_ssgwc0p81v125c
        mac_pipeline_superscalar_DATA_WIDTH8_LANE_NUM3_8_DW01_add_4_DW01_add_58
            SVQ_ADDF_V1_1                                                                     um28nchllogl35udl140f_ssgwc0p81v125c
            SVQ_AN2_MG_1                                                                      um28nchllogl35udl140f_ssgwc0p81v125c
            SVQ_EO2_V2_1                                                                      um28nchllogl35udl140f_ssgwc0p81v125c
        mac_pipeline_superscalar_DATA_WIDTH8_LANE_NUM3_8_DW01_add_5_DW01_add_59
            SVQ_ADDF_V1_1                                                                     um28nchllogl35udl140f_ssgwc0p81v125c
            SVQ_AN2_MG_1                                                                      um28nchllogl35udl140f_ssgwc0p81v125c
            SVQ_EO2_V2_1                                                                      um28nchllogl35udl140f_ssgwc0p81v125c
        mac_pipeline_superscalar_DATA_WIDTH8_LANE_NUM3_8_DW02_mult_0_DW02_mult_21
            SVQ_ADDF_V1_1                                                                     um28nchllogl35udl140f_ssgwc0p81v125c
            SVQ_AN2_MG_1                                                                      um28nchllogl35udl140f_ssgwc0p81v125c
            SVQ_EO2_V2_1                                                                      um28nchllogl35udl140f_ssgwc0p81v125c
            SVQ_INV_1                                                                         um28nchllogl35udl140f_ssgwc0p81v125c
            SVQ_NR2_0P5                                                                       um28nchllogl35udl140f_ssgwc0p81v125c
            SVQ_TIE0_1                                                                        um28nchllogl35udl140f_ssgwc0p81v125c
            mac_pipeline_superscalar_DATA_WIDTH8_LANE_NUM3_8_DW01_add_6_DW01_add_168
                SVQ_AN2_0P5                                                                   um28nchllogl35udl140f_ssgwc0p81v125c
                SVQ_AOI21_0P5                                                                 um28nchllogl35udl140f_ssgwc0p81v125c
                SVQ_EO2_V2_0P5                                                                um28nchllogl35udl140f_ssgwc0p81v125c
                SVQ_EO3_1                                                                     um28nchllogl35udl140f_ssgwc0p81v125c
                SVQ_INV_1                                                                     um28nchllogl35udl140f_ssgwc0p81v125c
                SVQ_MAJI3_1                                                                   um28nchllogl35udl140f_ssgwc0p81v125c
                SVQ_ND2B_1                                                                    um28nchllogl35udl140f_ssgwc0p81v125c
                SVQ_ND2_0P5                                                                   um28nchllogl35udl140f_ssgwc0p81v125c
                SVQ_NR2_0P5                                                                   um28nchllogl35udl140f_ssgwc0p81v125c
                SVQ_OA21_1                                                                    um28nchllogl35udl140f_ssgwc0p81v125c
                SVQ_OAI21_0P7                                                                 um28nchllogl35udl140f_ssgwc0p81v125c
                SVQ_OAO211_DG_1                                                               um28nchllogl35udl140f_ssgwc0p81v125c
        mac_pipeline_superscalar_DATA_WIDTH8_LANE_NUM3_8_DW02_mult_1_DW02_mult_22
            SVQ_ADDF_V1_1                                                                     um28nchllogl35udl140f_ssgwc0p81v125c
            SVQ_AN2_MG_1                                                                      um28nchllogl35udl140f_ssgwc0p81v125c
            SVQ_EO2_V2_1                                                                      um28nchllogl35udl140f_ssgwc0p81v125c
            SVQ_INV_1                                                                         um28nchllogl35udl140f_ssgwc0p81v125c
            SVQ_NR2_0P5                                                                       um28nchllogl35udl140f_ssgwc0p81v125c
            SVQ_TIE0_1                                                                        um28nchllogl35udl140f_ssgwc0p81v125c
            mac_pipeline_superscalar_DATA_WIDTH8_LANE_NUM3_8_DW01_add_7_DW01_add_169
                SVQ_AN2_0P5                                                                   um28nchllogl35udl140f_ssgwc0p81v125c
                SVQ_AOI21_0P5                                                                 um28nchllogl35udl140f_ssgwc0p81v125c
                SVQ_EO2_V2_0P5                                                                um28nchllogl35udl140f_ssgwc0p81v125c
                SVQ_EO3_1                                                                     um28nchllogl35udl140f_ssgwc0p81v125c
                SVQ_INV_1                                                                     um28nchllogl35udl140f_ssgwc0p81v125c
                SVQ_MAJI3_1                                                                   um28nchllogl35udl140f_ssgwc0p81v125c
                SVQ_ND2B_1                                                                    um28nchllogl35udl140f_ssgwc0p81v125c
                SVQ_ND2_0P5                                                                   um28nchllogl35udl140f_ssgwc0p81v125c
                SVQ_NR2_0P5                                                                   um28nchllogl35udl140f_ssgwc0p81v125c
                SVQ_OA21_1                                                                    um28nchllogl35udl140f_ssgwc0p81v125c
                SVQ_OAI21_0P7                                                                 um28nchllogl35udl140f_ssgwc0p81v125c
                SVQ_OAO211_DG_1                                                               um28nchllogl35udl140f_ssgwc0p81v125c
        mac_pipeline_superscalar_DATA_WIDTH8_LANE_NUM3_8_DW02_mult_2_DW02_mult_23
            SVQ_ADDF_V1_1                                                                     um28nchllogl35udl140f_ssgwc0p81v125c
            SVQ_AN2_MG_1                                                                      um28nchllogl35udl140f_ssgwc0p81v125c
            SVQ_EO2_V2_1                                                                      um28nchllogl35udl140f_ssgwc0p81v125c
            SVQ_INV_1                                                                         um28nchllogl35udl140f_ssgwc0p81v125c
            SVQ_NR2_0P5                                                                       um28nchllogl35udl140f_ssgwc0p81v125c
            SVQ_TIE0_1                                                                        um28nchllogl35udl140f_ssgwc0p81v125c
            mac_pipeline_superscalar_DATA_WIDTH8_LANE_NUM3_8_DW01_add_8_DW01_add_170
                SVQ_AN2_0P5                                                                   um28nchllogl35udl140f_ssgwc0p81v125c
                SVQ_AOI21_0P5                                                                 um28nchllogl35udl140f_ssgwc0p81v125c
                SVQ_EO2_V2_0P5                                                                um28nchllogl35udl140f_ssgwc0p81v125c
                SVQ_EO3_1                                                                     um28nchllogl35udl140f_ssgwc0p81v125c
                SVQ_INV_1                                                                     um28nchllogl35udl140f_ssgwc0p81v125c
                SVQ_MAJI3_1                                                                   um28nchllogl35udl140f_ssgwc0p81v125c
                SVQ_ND2B_1                                                                    um28nchllogl35udl140f_ssgwc0p81v125c
                SVQ_ND2_0P5                                                                   um28nchllogl35udl140f_ssgwc0p81v125c
                SVQ_NR2_0P5                                                                   um28nchllogl35udl140f_ssgwc0p81v125c
                SVQ_OA21_1                                                                    um28nchllogl35udl140f_ssgwc0p81v125c
                SVQ_OAI21_0P7                                                                 um28nchllogl35udl140f_ssgwc0p81v125c
                SVQ_OAO211_DG_1                                                               um28nchllogl35udl140f_ssgwc0p81v125c
    mac_pipeline_superscalar_DATA_WIDTH8_LANE_NUM3_9
        SVQ_AN2_MG_1                                                                          um28nchllogl35udl140f_ssgwc0p81v125c
        SVQ_AN3B_1                                                                            um28nchllogl35udl140f_ssgwc0p81v125c
        SVQ_AN4B_1                                                                            um28nchllogl35udl140f_ssgwc0p81v125c
        SVQ_AO2BB2_1                                                                          um28nchllogl35udl140f_ssgwc0p81v125c
        SVQ_AO21_U_1                                                                          um28nchllogl35udl140f_ssgwc0p81v125c
        SVQ_AO22_1                                                                            um28nchllogl35udl140f_ssgwc0p81v125c
        SVQ_AOAI211_1                                                                         um28nchllogl35udl140f_ssgwc0p81v125c
        SVQ_AOI21B_0P5                                                                        um28nchllogl35udl140f_ssgwc0p81v125c
        SVQ_AOI21_S_1                                                                         um28nchllogl35udl140f_ssgwc0p81v125c
        SVQ_AOI22_0P75                                                                        um28nchllogl35udl140f_ssgwc0p81v125c
        SVQ_AOI221_1                                                                          um28nchllogl35udl140f_ssgwc0p81v125c
        SVQ_AOI222_1                                                                          um28nchllogl35udl140f_ssgwc0p81v125c
        SVQ_AOI2222_V2_1                                                                      um28nchllogl35udl140f_ssgwc0p81v125c
        SVQ_BUF_M_1                                                                           um28nchllogl35udl140f_ssgwc0p81v125c
        SVQ_FDPRBQ_V2_1                                                                       um28nchllogl35udl140f_ssgwc0p81v125c
        SVQ_INV_1                                                                             um28nchllogl35udl140f_ssgwc0p81v125c
        SVQ_LDPRBQ_1                                                                          um28nchllogl35udl140f_ssgwc0p81v125c
        SVQ_ND2_1                                                                             um28nchllogl35udl140f_ssgwc0p81v125c
        SVQ_ND3_1                                                                             um28nchllogl35udl140f_ssgwc0p81v125c
        SVQ_ND4_1                                                                             um28nchllogl35udl140f_ssgwc0p81v125c
        SVQ_NR2B_V1_1                                                                         um28nchllogl35udl140f_ssgwc0p81v125c
        SVQ_NR2_1                                                                             um28nchllogl35udl140f_ssgwc0p81v125c
        SVQ_NR3_1                                                                             um28nchllogl35udl140f_ssgwc0p81v125c
        SVQ_NR4_1                                                                             um28nchllogl35udl140f_ssgwc0p81v125c
        SVQ_OAI21_S_1                                                                         um28nchllogl35udl140f_ssgwc0p81v125c
        SVQ_OAI22_1                                                                           um28nchllogl35udl140f_ssgwc0p81v125c
        SVQ_OAI31_G_1                                                                         um28nchllogl35udl140f_ssgwc0p81v125c
        SVQ_TIE0_1                                                                            um28nchllogl35udl140f_ssgwc0p81v125c
        SVQ_TIE1_1                                                                            um28nchllogl35udl140f_ssgwc0p81v125c
        mac_pipeline_superscalar_DATA_WIDTH8_LANE_NUM3_9_DW01_add_0_DW01_add_60
            SVQ_ADDF_V1_1                                                                     um28nchllogl35udl140f_ssgwc0p81v125c
            SVQ_AN2_MG_1                                                                      um28nchllogl35udl140f_ssgwc0p81v125c
            SVQ_EO2_V2_1                                                                      um28nchllogl35udl140f_ssgwc0p81v125c
            SVQ_EO3_1                                                                         um28nchllogl35udl140f_ssgwc0p81v125c
        mac_pipeline_superscalar_DATA_WIDTH8_LANE_NUM3_9_DW01_add_1_DW01_add_61
            SVQ_ADDF_V1_1                                                                     um28nchllogl35udl140f_ssgwc0p81v125c
            SVQ_AN2_MG_1                                                                      um28nchllogl35udl140f_ssgwc0p81v125c
            SVQ_EO2_V2_1                                                                      um28nchllogl35udl140f_ssgwc0p81v125c
            SVQ_EO3_1                                                                         um28nchllogl35udl140f_ssgwc0p81v125c
        mac_pipeline_superscalar_DATA_WIDTH8_LANE_NUM3_9_DW01_add_2_DW01_add_62
            SVQ_ADDF_V1_1                                                                     um28nchllogl35udl140f_ssgwc0p81v125c
            SVQ_AN2_MG_1                                                                      um28nchllogl35udl140f_ssgwc0p81v125c
            SVQ_EO2_V2_1                                                                      um28nchllogl35udl140f_ssgwc0p81v125c
            SVQ_EO3_1                                                                         um28nchllogl35udl140f_ssgwc0p81v125c
        mac_pipeline_superscalar_DATA_WIDTH8_LANE_NUM3_9_DW01_add_3_DW01_add_63
            SVQ_ADDF_V1_1                                                                     um28nchllogl35udl140f_ssgwc0p81v125c
            SVQ_AN2_MG_1                                                                      um28nchllogl35udl140f_ssgwc0p81v125c
            SVQ_EO2_V2_1                                                                      um28nchllogl35udl140f_ssgwc0p81v125c
        mac_pipeline_superscalar_DATA_WIDTH8_LANE_NUM3_9_DW01_add_4_DW01_add_64
            SVQ_ADDF_V1_1                                                                     um28nchllogl35udl140f_ssgwc0p81v125c
            SVQ_AN2_MG_1                                                                      um28nchllogl35udl140f_ssgwc0p81v125c
            SVQ_EO2_V2_1                                                                      um28nchllogl35udl140f_ssgwc0p81v125c
        mac_pipeline_superscalar_DATA_WIDTH8_LANE_NUM3_9_DW01_add_5_DW01_add_65
            SVQ_ADDF_V1_1                                                                     um28nchllogl35udl140f_ssgwc0p81v125c
            SVQ_AN2_MG_1                                                                      um28nchllogl35udl140f_ssgwc0p81v125c
            SVQ_EO2_V2_1                                                                      um28nchllogl35udl140f_ssgwc0p81v125c
        mac_pipeline_superscalar_DATA_WIDTH8_LANE_NUM3_9_DW02_mult_0_DW02_mult_18
            SVQ_ADDF_V1_1                                                                     um28nchllogl35udl140f_ssgwc0p81v125c
            SVQ_AN2_MG_1                                                                      um28nchllogl35udl140f_ssgwc0p81v125c
            SVQ_EO2_V2_1                                                                      um28nchllogl35udl140f_ssgwc0p81v125c
            SVQ_INV_1                                                                         um28nchllogl35udl140f_ssgwc0p81v125c
            SVQ_NR2_0P5                                                                       um28nchllogl35udl140f_ssgwc0p81v125c
            SVQ_TIE0_1                                                                        um28nchllogl35udl140f_ssgwc0p81v125c
            mac_pipeline_superscalar_DATA_WIDTH8_LANE_NUM3_9_DW01_add_6_DW01_add_165
                SVQ_AN2_0P5                                                                   um28nchllogl35udl140f_ssgwc0p81v125c
                SVQ_AOI21_0P5                                                                 um28nchllogl35udl140f_ssgwc0p81v125c
                SVQ_EO2_V2_0P5                                                                um28nchllogl35udl140f_ssgwc0p81v125c
                SVQ_EO3_1                                                                     um28nchllogl35udl140f_ssgwc0p81v125c
                SVQ_INV_1                                                                     um28nchllogl35udl140f_ssgwc0p81v125c
                SVQ_MAJI3_1                                                                   um28nchllogl35udl140f_ssgwc0p81v125c
                SVQ_ND2B_1                                                                    um28nchllogl35udl140f_ssgwc0p81v125c
                SVQ_ND2_0P5                                                                   um28nchllogl35udl140f_ssgwc0p81v125c
                SVQ_NR2_0P5                                                                   um28nchllogl35udl140f_ssgwc0p81v125c
                SVQ_OA21_1                                                                    um28nchllogl35udl140f_ssgwc0p81v125c
                SVQ_OAI21_0P7                                                                 um28nchllogl35udl140f_ssgwc0p81v125c
                SVQ_OAO211_DG_1                                                               um28nchllogl35udl140f_ssgwc0p81v125c
        mac_pipeline_superscalar_DATA_WIDTH8_LANE_NUM3_9_DW02_mult_1_DW02_mult_19
            SVQ_ADDF_V1_1                                                                     um28nchllogl35udl140f_ssgwc0p81v125c
            SVQ_AN2_MG_1                                                                      um28nchllogl35udl140f_ssgwc0p81v125c
            SVQ_EO2_V2_1                                                                      um28nchllogl35udl140f_ssgwc0p81v125c
            SVQ_INV_1                                                                         um28nchllogl35udl140f_ssgwc0p81v125c
            SVQ_NR2_0P5                                                                       um28nchllogl35udl140f_ssgwc0p81v125c
            SVQ_TIE0_1                                                                        um28nchllogl35udl140f_ssgwc0p81v125c
            mac_pipeline_superscalar_DATA_WIDTH8_LANE_NUM3_9_DW01_add_7_DW01_add_166
                SVQ_AN2_0P5                                                                   um28nchllogl35udl140f_ssgwc0p81v125c
                SVQ_AOI21_0P5                                                                 um28nchllogl35udl140f_ssgwc0p81v125c
                SVQ_EO2_V2_0P5                                                                um28nchllogl35udl140f_ssgwc0p81v125c
                SVQ_EO3_1                                                                     um28nchllogl35udl140f_ssgwc0p81v125c
                SVQ_INV_1                                                                     um28nchllogl35udl140f_ssgwc0p81v125c
                SVQ_MAJI3_1                                                                   um28nchllogl35udl140f_ssgwc0p81v125c
                SVQ_ND2B_1                                                                    um28nchllogl35udl140f_ssgwc0p81v125c
                SVQ_ND2_0P5                                                                   um28nchllogl35udl140f_ssgwc0p81v125c
                SVQ_NR2_0P5                                                                   um28nchllogl35udl140f_ssgwc0p81v125c
                SVQ_OA21_1                                                                    um28nchllogl35udl140f_ssgwc0p81v125c
                SVQ_OAI21_0P7                                                                 um28nchllogl35udl140f_ssgwc0p81v125c
                SVQ_OAO211_DG_1                                                               um28nchllogl35udl140f_ssgwc0p81v125c
        mac_pipeline_superscalar_DATA_WIDTH8_LANE_NUM3_9_DW02_mult_2_DW02_mult_20
            SVQ_ADDF_V1_1                                                                     um28nchllogl35udl140f_ssgwc0p81v125c
            SVQ_AN2_MG_1                                                                      um28nchllogl35udl140f_ssgwc0p81v125c
            SVQ_EO2_V2_1                                                                      um28nchllogl35udl140f_ssgwc0p81v125c
            SVQ_INV_1                                                                         um28nchllogl35udl140f_ssgwc0p81v125c
            SVQ_NR2_0P5                                                                       um28nchllogl35udl140f_ssgwc0p81v125c
            SVQ_NR2_1                                                                         um28nchllogl35udl140f_ssgwc0p81v125c
            SVQ_TIE0_1                                                                        um28nchllogl35udl140f_ssgwc0p81v125c
            mac_pipeline_superscalar_DATA_WIDTH8_LANE_NUM3_9_DW01_add_8_DW01_add_167
                SVQ_AN2_0P5                                                                   um28nchllogl35udl140f_ssgwc0p81v125c
                SVQ_AOI21_0P5                                                                 um28nchllogl35udl140f_ssgwc0p81v125c
                SVQ_EO2_V2_0P5                                                                um28nchllogl35udl140f_ssgwc0p81v125c
                SVQ_EO3_1                                                                     um28nchllogl35udl140f_ssgwc0p81v125c
                SVQ_INV_1                                                                     um28nchllogl35udl140f_ssgwc0p81v125c
                SVQ_MAJI3_1                                                                   um28nchllogl35udl140f_ssgwc0p81v125c
                SVQ_ND2B_1                                                                    um28nchllogl35udl140f_ssgwc0p81v125c
                SVQ_ND2_0P5                                                                   um28nchllogl35udl140f_ssgwc0p81v125c
                SVQ_NR2_0P5                                                                   um28nchllogl35udl140f_ssgwc0p81v125c
                SVQ_OA21_1                                                                    um28nchllogl35udl140f_ssgwc0p81v125c
                SVQ_OAI21_0P7                                                                 um28nchllogl35udl140f_ssgwc0p81v125c
                SVQ_OAO211_DG_1                                                               um28nchllogl35udl140f_ssgwc0p81v125c
    mac_pipeline_superscalar_DATA_WIDTH8_LANE_NUM3_10
        SVQ_AN2_MG_1                                                                          um28nchllogl35udl140f_ssgwc0p81v125c
        SVQ_AN3B_1                                                                            um28nchllogl35udl140f_ssgwc0p81v125c
        SVQ_AN4B_1                                                                            um28nchllogl35udl140f_ssgwc0p81v125c
        SVQ_AO2BB2_1                                                                          um28nchllogl35udl140f_ssgwc0p81v125c
        SVQ_AO21_U_1                                                                          um28nchllogl35udl140f_ssgwc0p81v125c
        SVQ_AO22_1                                                                            um28nchllogl35udl140f_ssgwc0p81v125c
        SVQ_AOAI211_1                                                                         um28nchllogl35udl140f_ssgwc0p81v125c
        SVQ_AOI21B_0P5                                                                        um28nchllogl35udl140f_ssgwc0p81v125c
        SVQ_AOI21_S_1                                                                         um28nchllogl35udl140f_ssgwc0p81v125c
        SVQ_AOI22_0P75                                                                        um28nchllogl35udl140f_ssgwc0p81v125c
        SVQ_AOI221_1                                                                          um28nchllogl35udl140f_ssgwc0p81v125c
        SVQ_AOI222_1                                                                          um28nchllogl35udl140f_ssgwc0p81v125c
        SVQ_AOI2222_V2_1                                                                      um28nchllogl35udl140f_ssgwc0p81v125c
        SVQ_BUF_M_1                                                                           um28nchllogl35udl140f_ssgwc0p81v125c
        SVQ_FDPRBQ_V2_1                                                                       um28nchllogl35udl140f_ssgwc0p81v125c
        SVQ_INV_1                                                                             um28nchllogl35udl140f_ssgwc0p81v125c
        SVQ_LDPRBQ_1                                                                          um28nchllogl35udl140f_ssgwc0p81v125c
        SVQ_ND2_1                                                                             um28nchllogl35udl140f_ssgwc0p81v125c
        SVQ_ND3_1                                                                             um28nchllogl35udl140f_ssgwc0p81v125c
        SVQ_ND4_1                                                                             um28nchllogl35udl140f_ssgwc0p81v125c
        SVQ_NR2B_V1_1                                                                         um28nchllogl35udl140f_ssgwc0p81v125c
        SVQ_NR2_1                                                                             um28nchllogl35udl140f_ssgwc0p81v125c
        SVQ_NR3_1                                                                             um28nchllogl35udl140f_ssgwc0p81v125c
        SVQ_NR4_1                                                                             um28nchllogl35udl140f_ssgwc0p81v125c
        SVQ_OAI21_S_1                                                                         um28nchllogl35udl140f_ssgwc0p81v125c
        SVQ_OAI22_1                                                                           um28nchllogl35udl140f_ssgwc0p81v125c
        SVQ_OAI31_G_1                                                                         um28nchllogl35udl140f_ssgwc0p81v125c
        SVQ_TIE0_1                                                                            um28nchllogl35udl140f_ssgwc0p81v125c
        SVQ_TIE1_1                                                                            um28nchllogl35udl140f_ssgwc0p81v125c
        mac_pipeline_superscalar_DATA_WIDTH8_LANE_NUM3_10_DW01_add_0_DW01_add_66
            SVQ_ADDF_V1_1                                                                     um28nchllogl35udl140f_ssgwc0p81v125c
            SVQ_AN2_MG_1                                                                      um28nchllogl35udl140f_ssgwc0p81v125c
            SVQ_EO2_V2_1                                                                      um28nchllogl35udl140f_ssgwc0p81v125c
            SVQ_EO3_1                                                                         um28nchllogl35udl140f_ssgwc0p81v125c
        mac_pipeline_superscalar_DATA_WIDTH8_LANE_NUM3_10_DW01_add_1_DW01_add_67
            SVQ_ADDF_V1_1                                                                     um28nchllogl35udl140f_ssgwc0p81v125c
            SVQ_AN2_MG_1                                                                      um28nchllogl35udl140f_ssgwc0p81v125c
            SVQ_EO2_V2_1                                                                      um28nchllogl35udl140f_ssgwc0p81v125c
            SVQ_EO3_1                                                                         um28nchllogl35udl140f_ssgwc0p81v125c
        mac_pipeline_superscalar_DATA_WIDTH8_LANE_NUM3_10_DW01_add_2_DW01_add_68
            SVQ_ADDF_V1_1                                                                     um28nchllogl35udl140f_ssgwc0p81v125c
            SVQ_AN2_MG_1                                                                      um28nchllogl35udl140f_ssgwc0p81v125c
            SVQ_EO2_V2_1                                                                      um28nchllogl35udl140f_ssgwc0p81v125c
            SVQ_EO3_1                                                                         um28nchllogl35udl140f_ssgwc0p81v125c
        mac_pipeline_superscalar_DATA_WIDTH8_LANE_NUM3_10_DW01_add_3_DW01_add_69
            SVQ_ADDF_V1_1                                                                     um28nchllogl35udl140f_ssgwc0p81v125c
            SVQ_AN2_MG_1                                                                      um28nchllogl35udl140f_ssgwc0p81v125c
            SVQ_EO2_V2_1                                                                      um28nchllogl35udl140f_ssgwc0p81v125c
        mac_pipeline_superscalar_DATA_WIDTH8_LANE_NUM3_10_DW01_add_4_DW01_add_70
            SVQ_ADDF_V1_1                                                                     um28nchllogl35udl140f_ssgwc0p81v125c
            SVQ_AN2_MG_1                                                                      um28nchllogl35udl140f_ssgwc0p81v125c
            SVQ_EO2_V2_1                                                                      um28nchllogl35udl140f_ssgwc0p81v125c
        mac_pipeline_superscalar_DATA_WIDTH8_LANE_NUM3_10_DW01_add_5_DW01_add_71
            SVQ_ADDF_V1_1                                                                     um28nchllogl35udl140f_ssgwc0p81v125c
            SVQ_AN2_MG_1                                                                      um28nchllogl35udl140f_ssgwc0p81v125c
            SVQ_EO2_V2_1                                                                      um28nchllogl35udl140f_ssgwc0p81v125c
        mac_pipeline_superscalar_DATA_WIDTH8_LANE_NUM3_10_DW02_mult_0_DW02_mult_15
            SVQ_ADDF_V1_1                                                                     um28nchllogl35udl140f_ssgwc0p81v125c
            SVQ_AN2_MG_1                                                                      um28nchllogl35udl140f_ssgwc0p81v125c
            SVQ_EO2_V2_1                                                                      um28nchllogl35udl140f_ssgwc0p81v125c
            SVQ_INV_1                                                                         um28nchllogl35udl140f_ssgwc0p81v125c
            SVQ_NR2_0P5                                                                       um28nchllogl35udl140f_ssgwc0p81v125c
            SVQ_TIE0_1                                                                        um28nchllogl35udl140f_ssgwc0p81v125c
            mac_pipeline_superscalar_DATA_WIDTH8_LANE_NUM3_10_DW01_add_6_DW01_add_162
                SVQ_AN2_0P5                                                                   um28nchllogl35udl140f_ssgwc0p81v125c
                SVQ_AOI21_0P5                                                                 um28nchllogl35udl140f_ssgwc0p81v125c
                SVQ_EO2_V2_0P5                                                                um28nchllogl35udl140f_ssgwc0p81v125c
                SVQ_EO3_1                                                                     um28nchllogl35udl140f_ssgwc0p81v125c
                SVQ_INV_1                                                                     um28nchllogl35udl140f_ssgwc0p81v125c
                SVQ_MAJI3_1                                                                   um28nchllogl35udl140f_ssgwc0p81v125c
                SVQ_ND2B_1                                                                    um28nchllogl35udl140f_ssgwc0p81v125c
                SVQ_ND2_0P5                                                                   um28nchllogl35udl140f_ssgwc0p81v125c
                SVQ_NR2_0P5                                                                   um28nchllogl35udl140f_ssgwc0p81v125c
                SVQ_OA21_1                                                                    um28nchllogl35udl140f_ssgwc0p81v125c
                SVQ_OAI21_0P7                                                                 um28nchllogl35udl140f_ssgwc0p81v125c
                SVQ_OAO211_DG_1                                                               um28nchllogl35udl140f_ssgwc0p81v125c
        mac_pipeline_superscalar_DATA_WIDTH8_LANE_NUM3_10_DW02_mult_1_DW02_mult_16
            SVQ_ADDF_V1_1                                                                     um28nchllogl35udl140f_ssgwc0p81v125c
            SVQ_AN2_MG_1                                                                      um28nchllogl35udl140f_ssgwc0p81v125c
            SVQ_EO2_V2_1                                                                      um28nchllogl35udl140f_ssgwc0p81v125c
            SVQ_INV_1                                                                         um28nchllogl35udl140f_ssgwc0p81v125c
            SVQ_NR2_0P5                                                                       um28nchllogl35udl140f_ssgwc0p81v125c
            SVQ_TIE0_1                                                                        um28nchllogl35udl140f_ssgwc0p81v125c
            mac_pipeline_superscalar_DATA_WIDTH8_LANE_NUM3_10_DW01_add_7_DW01_add_163
                SVQ_AN2_0P5                                                                   um28nchllogl35udl140f_ssgwc0p81v125c
                SVQ_AOI21_0P5                                                                 um28nchllogl35udl140f_ssgwc0p81v125c
                SVQ_EO2_V2_0P5                                                                um28nchllogl35udl140f_ssgwc0p81v125c
                SVQ_EO3_1                                                                     um28nchllogl35udl140f_ssgwc0p81v125c
                SVQ_INV_1                                                                     um28nchllogl35udl140f_ssgwc0p81v125c
                SVQ_MAJI3_1                                                                   um28nchllogl35udl140f_ssgwc0p81v125c
                SVQ_ND2B_1                                                                    um28nchllogl35udl140f_ssgwc0p81v125c
                SVQ_ND2_0P5                                                                   um28nchllogl35udl140f_ssgwc0p81v125c
                SVQ_NR2_0P5                                                                   um28nchllogl35udl140f_ssgwc0p81v125c
                SVQ_OA21_1                                                                    um28nchllogl35udl140f_ssgwc0p81v125c
                SVQ_OAI21_0P7                                                                 um28nchllogl35udl140f_ssgwc0p81v125c
                SVQ_OAO211_DG_1                                                               um28nchllogl35udl140f_ssgwc0p81v125c
        mac_pipeline_superscalar_DATA_WIDTH8_LANE_NUM3_10_DW02_mult_2_DW02_mult_17
            SVQ_ADDF_V1_1                                                                     um28nchllogl35udl140f_ssgwc0p81v125c
            SVQ_AN2_MG_1                                                                      um28nchllogl35udl140f_ssgwc0p81v125c
            SVQ_EO2_V2_1                                                                      um28nchllogl35udl140f_ssgwc0p81v125c
            SVQ_INV_1                                                                         um28nchllogl35udl140f_ssgwc0p81v125c
            SVQ_NR2_0P5                                                                       um28nchllogl35udl140f_ssgwc0p81v125c
            SVQ_NR2_1                                                                         um28nchllogl35udl140f_ssgwc0p81v125c
            SVQ_TIE0_1                                                                        um28nchllogl35udl140f_ssgwc0p81v125c
            mac_pipeline_superscalar_DATA_WIDTH8_LANE_NUM3_10_DW01_add_8_DW01_add_164
                SVQ_AN2_0P5                                                                   um28nchllogl35udl140f_ssgwc0p81v125c
                SVQ_AOI21_0P5                                                                 um28nchllogl35udl140f_ssgwc0p81v125c
                SVQ_EO2_V2_0P5                                                                um28nchllogl35udl140f_ssgwc0p81v125c
                SVQ_EO3_1                                                                     um28nchllogl35udl140f_ssgwc0p81v125c
                SVQ_INV_1                                                                     um28nchllogl35udl140f_ssgwc0p81v125c
                SVQ_MAJI3_1                                                                   um28nchllogl35udl140f_ssgwc0p81v125c
                SVQ_ND2B_1                                                                    um28nchllogl35udl140f_ssgwc0p81v125c
                SVQ_ND2_0P5                                                                   um28nchllogl35udl140f_ssgwc0p81v125c
                SVQ_NR2_0P5                                                                   um28nchllogl35udl140f_ssgwc0p81v125c
                SVQ_OA21_1                                                                    um28nchllogl35udl140f_ssgwc0p81v125c
                SVQ_OAI21_0P7                                                                 um28nchllogl35udl140f_ssgwc0p81v125c
                SVQ_OAO211_DG_1                                                               um28nchllogl35udl140f_ssgwc0p81v125c
    mac_pipeline_superscalar_DATA_WIDTH8_LANE_NUM3_11
        SVQ_AN2_MG_1                                                                          um28nchllogl35udl140f_ssgwc0p81v125c
        SVQ_AN3B_1                                                                            um28nchllogl35udl140f_ssgwc0p81v125c
        SVQ_AN4B_1                                                                            um28nchllogl35udl140f_ssgwc0p81v125c
        SVQ_AO2BB2_1                                                                          um28nchllogl35udl140f_ssgwc0p81v125c
        SVQ_AO21_U_1                                                                          um28nchllogl35udl140f_ssgwc0p81v125c
        SVQ_AO22_1                                                                            um28nchllogl35udl140f_ssgwc0p81v125c
        SVQ_AOAI211_1                                                                         um28nchllogl35udl140f_ssgwc0p81v125c
        SVQ_AOI21B_0P5                                                                        um28nchllogl35udl140f_ssgwc0p81v125c
        SVQ_AOI21_S_1                                                                         um28nchllogl35udl140f_ssgwc0p81v125c
        SVQ_AOI22_0P75                                                                        um28nchllogl35udl140f_ssgwc0p81v125c
        SVQ_AOI221_1                                                                          um28nchllogl35udl140f_ssgwc0p81v125c
        SVQ_AOI222_1                                                                          um28nchllogl35udl140f_ssgwc0p81v125c
        SVQ_AOI2222_V2_1                                                                      um28nchllogl35udl140f_ssgwc0p81v125c
        SVQ_BUF_M_1                                                                           um28nchllogl35udl140f_ssgwc0p81v125c
        SVQ_FDPRBQ_V2_1                                                                       um28nchllogl35udl140f_ssgwc0p81v125c
        SVQ_INV_1                                                                             um28nchllogl35udl140f_ssgwc0p81v125c
        SVQ_LDPRBQ_1                                                                          um28nchllogl35udl140f_ssgwc0p81v125c
        SVQ_ND2_1                                                                             um28nchllogl35udl140f_ssgwc0p81v125c
        SVQ_ND3_1                                                                             um28nchllogl35udl140f_ssgwc0p81v125c
        SVQ_ND4_1                                                                             um28nchllogl35udl140f_ssgwc0p81v125c
        SVQ_NR2B_V1_1                                                                         um28nchllogl35udl140f_ssgwc0p81v125c
        SVQ_NR2_1                                                                             um28nchllogl35udl140f_ssgwc0p81v125c
        SVQ_NR3_1                                                                             um28nchllogl35udl140f_ssgwc0p81v125c
        SVQ_NR4_1                                                                             um28nchllogl35udl140f_ssgwc0p81v125c
        SVQ_OAI21_S_1                                                                         um28nchllogl35udl140f_ssgwc0p81v125c
        SVQ_OAI22_1                                                                           um28nchllogl35udl140f_ssgwc0p81v125c
        SVQ_OAI31_G_1                                                                         um28nchllogl35udl140f_ssgwc0p81v125c
        SVQ_TIE0_1                                                                            um28nchllogl35udl140f_ssgwc0p81v125c
        SVQ_TIE1_1                                                                            um28nchllogl35udl140f_ssgwc0p81v125c
        mac_pipeline_superscalar_DATA_WIDTH8_LANE_NUM3_11_DW01_add_0_DW01_add_72
            SVQ_ADDF_V1_1                                                                     um28nchllogl35udl140f_ssgwc0p81v125c
            SVQ_AN2_MG_1                                                                      um28nchllogl35udl140f_ssgwc0p81v125c
            SVQ_EO2_V2_1                                                                      um28nchllogl35udl140f_ssgwc0p81v125c
            SVQ_EO3_1                                                                         um28nchllogl35udl140f_ssgwc0p81v125c
        mac_pipeline_superscalar_DATA_WIDTH8_LANE_NUM3_11_DW01_add_1_DW01_add_73
            SVQ_ADDF_V1_1                                                                     um28nchllogl35udl140f_ssgwc0p81v125c
            SVQ_AN2_MG_1                                                                      um28nchllogl35udl140f_ssgwc0p81v125c
            SVQ_EO2_V2_1                                                                      um28nchllogl35udl140f_ssgwc0p81v125c
            SVQ_EO3_1                                                                         um28nchllogl35udl140f_ssgwc0p81v125c
        mac_pipeline_superscalar_DATA_WIDTH8_LANE_NUM3_11_DW01_add_2_DW01_add_74
            SVQ_ADDF_V1_1                                                                     um28nchllogl35udl140f_ssgwc0p81v125c
            SVQ_AN2_MG_1                                                                      um28nchllogl35udl140f_ssgwc0p81v125c
            SVQ_EO2_V2_1                                                                      um28nchllogl35udl140f_ssgwc0p81v125c
            SVQ_EO3_1                                                                         um28nchllogl35udl140f_ssgwc0p81v125c
        mac_pipeline_superscalar_DATA_WIDTH8_LANE_NUM3_11_DW01_add_3_DW01_add_75
            SVQ_ADDF_V1_1                                                                     um28nchllogl35udl140f_ssgwc0p81v125c
            SVQ_AN2_MG_1                                                                      um28nchllogl35udl140f_ssgwc0p81v125c
            SVQ_EO2_V2_1                                                                      um28nchllogl35udl140f_ssgwc0p81v125c
        mac_pipeline_superscalar_DATA_WIDTH8_LANE_NUM3_11_DW01_add_4_DW01_add_76
            SVQ_ADDF_V1_1                                                                     um28nchllogl35udl140f_ssgwc0p81v125c
            SVQ_AN2_MG_1                                                                      um28nchllogl35udl140f_ssgwc0p81v125c
            SVQ_EO2_V2_1                                                                      um28nchllogl35udl140f_ssgwc0p81v125c
        mac_pipeline_superscalar_DATA_WIDTH8_LANE_NUM3_11_DW01_add_5_DW01_add_77
            SVQ_ADDF_V1_1                                                                     um28nchllogl35udl140f_ssgwc0p81v125c
            SVQ_AN2_MG_1                                                                      um28nchllogl35udl140f_ssgwc0p81v125c
            SVQ_EO2_V2_1                                                                      um28nchllogl35udl140f_ssgwc0p81v125c
        mac_pipeline_superscalar_DATA_WIDTH8_LANE_NUM3_11_DW02_mult_0_DW02_mult_12
            SVQ_ADDF_V1_1                                                                     um28nchllogl35udl140f_ssgwc0p81v125c
            SVQ_AN2_MG_1                                                                      um28nchllogl35udl140f_ssgwc0p81v125c
            SVQ_EO2_V2_1                                                                      um28nchllogl35udl140f_ssgwc0p81v125c
            SVQ_INV_1                                                                         um28nchllogl35udl140f_ssgwc0p81v125c
            SVQ_NR2_0P5                                                                       um28nchllogl35udl140f_ssgwc0p81v125c
            SVQ_TIE0_1                                                                        um28nchllogl35udl140f_ssgwc0p81v125c
            mac_pipeline_superscalar_DATA_WIDTH8_LANE_NUM3_11_DW01_add_6_DW01_add_159
                SVQ_AN2_0P5                                                                   um28nchllogl35udl140f_ssgwc0p81v125c
                SVQ_AOI21_0P5                                                                 um28nchllogl35udl140f_ssgwc0p81v125c
                SVQ_EO2_V2_0P5                                                                um28nchllogl35udl140f_ssgwc0p81v125c
                SVQ_EO3_1                                                                     um28nchllogl35udl140f_ssgwc0p81v125c
                SVQ_INV_1                                                                     um28nchllogl35udl140f_ssgwc0p81v125c
                SVQ_MAJI3_1                                                                   um28nchllogl35udl140f_ssgwc0p81v125c
                SVQ_ND2B_1                                                                    um28nchllogl35udl140f_ssgwc0p81v125c
                SVQ_ND2_0P5                                                                   um28nchllogl35udl140f_ssgwc0p81v125c
                SVQ_NR2_0P5                                                                   um28nchllogl35udl140f_ssgwc0p81v125c
                SVQ_OA21_1                                                                    um28nchllogl35udl140f_ssgwc0p81v125c
                SVQ_OAI21_0P7                                                                 um28nchllogl35udl140f_ssgwc0p81v125c
                SVQ_OAO211_DG_1                                                               um28nchllogl35udl140f_ssgwc0p81v125c
        mac_pipeline_superscalar_DATA_WIDTH8_LANE_NUM3_11_DW02_mult_1_DW02_mult_13
            SVQ_ADDF_V1_1                                                                     um28nchllogl35udl140f_ssgwc0p81v125c
            SVQ_AN2_MG_1                                                                      um28nchllogl35udl140f_ssgwc0p81v125c
            SVQ_EO2_V2_1                                                                      um28nchllogl35udl140f_ssgwc0p81v125c
            SVQ_INV_1                                                                         um28nchllogl35udl140f_ssgwc0p81v125c
            SVQ_NR2_0P5                                                                       um28nchllogl35udl140f_ssgwc0p81v125c
            SVQ_TIE0_1                                                                        um28nchllogl35udl140f_ssgwc0p81v125c
            mac_pipeline_superscalar_DATA_WIDTH8_LANE_NUM3_11_DW01_add_7_DW01_add_160
                SVQ_AN2_0P5                                                                   um28nchllogl35udl140f_ssgwc0p81v125c
                SVQ_AOI21_0P5                                                                 um28nchllogl35udl140f_ssgwc0p81v125c
                SVQ_EO2_V2_0P5                                                                um28nchllogl35udl140f_ssgwc0p81v125c
                SVQ_EO3_1                                                                     um28nchllogl35udl140f_ssgwc0p81v125c
                SVQ_INV_1                                                                     um28nchllogl35udl140f_ssgwc0p81v125c
                SVQ_MAJI3_1                                                                   um28nchllogl35udl140f_ssgwc0p81v125c
                SVQ_ND2B_1                                                                    um28nchllogl35udl140f_ssgwc0p81v125c
                SVQ_ND2_0P5                                                                   um28nchllogl35udl140f_ssgwc0p81v125c
                SVQ_NR2_0P5                                                                   um28nchllogl35udl140f_ssgwc0p81v125c
                SVQ_OA21_1                                                                    um28nchllogl35udl140f_ssgwc0p81v125c
                SVQ_OAI21_0P7                                                                 um28nchllogl35udl140f_ssgwc0p81v125c
                SVQ_OAO211_DG_1                                                               um28nchllogl35udl140f_ssgwc0p81v125c
        mac_pipeline_superscalar_DATA_WIDTH8_LANE_NUM3_11_DW02_mult_2_DW02_mult_14
            SVQ_ADDF_V1_1                                                                     um28nchllogl35udl140f_ssgwc0p81v125c
            SVQ_AN2_MG_1                                                                      um28nchllogl35udl140f_ssgwc0p81v125c
            SVQ_EO2_V2_1                                                                      um28nchllogl35udl140f_ssgwc0p81v125c
            SVQ_INV_1                                                                         um28nchllogl35udl140f_ssgwc0p81v125c
            SVQ_NR2_0P5                                                                       um28nchllogl35udl140f_ssgwc0p81v125c
            SVQ_NR2_1                                                                         um28nchllogl35udl140f_ssgwc0p81v125c
            SVQ_TIE0_1                                                                        um28nchllogl35udl140f_ssgwc0p81v125c
            mac_pipeline_superscalar_DATA_WIDTH8_LANE_NUM3_11_DW01_add_8_DW01_add_161
                SVQ_AN2_0P5                                                                   um28nchllogl35udl140f_ssgwc0p81v125c
                SVQ_AOI21_0P5                                                                 um28nchllogl35udl140f_ssgwc0p81v125c
                SVQ_EO2_V2_0P5                                                                um28nchllogl35udl140f_ssgwc0p81v125c
                SVQ_EO3_1                                                                     um28nchllogl35udl140f_ssgwc0p81v125c
                SVQ_INV_1                                                                     um28nchllogl35udl140f_ssgwc0p81v125c
                SVQ_MAJI3_1                                                                   um28nchllogl35udl140f_ssgwc0p81v125c
                SVQ_ND2B_1                                                                    um28nchllogl35udl140f_ssgwc0p81v125c
                SVQ_ND2_0P5                                                                   um28nchllogl35udl140f_ssgwc0p81v125c
                SVQ_NR2_0P5                                                                   um28nchllogl35udl140f_ssgwc0p81v125c
                SVQ_OA21_1                                                                    um28nchllogl35udl140f_ssgwc0p81v125c
                SVQ_OAI21_0P7                                                                 um28nchllogl35udl140f_ssgwc0p81v125c
                SVQ_OAO211_DG_1                                                               um28nchllogl35udl140f_ssgwc0p81v125c
    mac_pipeline_superscalar_DATA_WIDTH8_LANE_NUM3_12
        SVQ_AN2_MG_1                                                                          um28nchllogl35udl140f_ssgwc0p81v125c
        SVQ_AN3B_1                                                                            um28nchllogl35udl140f_ssgwc0p81v125c
        SVQ_AN4B_1                                                                            um28nchllogl35udl140f_ssgwc0p81v125c
        SVQ_AO2BB2_1                                                                          um28nchllogl35udl140f_ssgwc0p81v125c
        SVQ_AO21_U_1                                                                          um28nchllogl35udl140f_ssgwc0p81v125c
        SVQ_AO22_1                                                                            um28nchllogl35udl140f_ssgwc0p81v125c
        SVQ_AOAI211_1                                                                         um28nchllogl35udl140f_ssgwc0p81v125c
        SVQ_AOI21B_0P5                                                                        um28nchllogl35udl140f_ssgwc0p81v125c
        SVQ_AOI21_S_1                                                                         um28nchllogl35udl140f_ssgwc0p81v125c
        SVQ_AOI22_0P75                                                                        um28nchllogl35udl140f_ssgwc0p81v125c
        SVQ_AOI221_1                                                                          um28nchllogl35udl140f_ssgwc0p81v125c
        SVQ_AOI222_1                                                                          um28nchllogl35udl140f_ssgwc0p81v125c
        SVQ_AOI2222_V2_1                                                                      um28nchllogl35udl140f_ssgwc0p81v125c
        SVQ_BUF_M_1                                                                           um28nchllogl35udl140f_ssgwc0p81v125c
        SVQ_FDPRBQ_V2_1                                                                       um28nchllogl35udl140f_ssgwc0p81v125c
        SVQ_INV_1                                                                             um28nchllogl35udl140f_ssgwc0p81v125c
        SVQ_LDPRBQ_1                                                                          um28nchllogl35udl140f_ssgwc0p81v125c
        SVQ_ND2_1                                                                             um28nchllogl35udl140f_ssgwc0p81v125c
        SVQ_ND3_1                                                                             um28nchllogl35udl140f_ssgwc0p81v125c
        SVQ_ND4_1                                                                             um28nchllogl35udl140f_ssgwc0p81v125c
        SVQ_NR2B_V1_1                                                                         um28nchllogl35udl140f_ssgwc0p81v125c
        SVQ_NR2_1                                                                             um28nchllogl35udl140f_ssgwc0p81v125c
        SVQ_NR3_1                                                                             um28nchllogl35udl140f_ssgwc0p81v125c
        SVQ_NR4_1                                                                             um28nchllogl35udl140f_ssgwc0p81v125c
        SVQ_OAI21_S_1                                                                         um28nchllogl35udl140f_ssgwc0p81v125c
        SVQ_OAI22_1                                                                           um28nchllogl35udl140f_ssgwc0p81v125c
        SVQ_OAI31_G_1                                                                         um28nchllogl35udl140f_ssgwc0p81v125c
        SVQ_TIE0_1                                                                            um28nchllogl35udl140f_ssgwc0p81v125c
        SVQ_TIE1_1                                                                            um28nchllogl35udl140f_ssgwc0p81v125c
        mac_pipeline_superscalar_DATA_WIDTH8_LANE_NUM3_12_DW01_add_0_DW01_add_78
            SVQ_ADDF_V1_1                                                                     um28nchllogl35udl140f_ssgwc0p81v125c
            SVQ_AN2_MG_1                                                                      um28nchllogl35udl140f_ssgwc0p81v125c
            SVQ_EO2_V2_1                                                                      um28nchllogl35udl140f_ssgwc0p81v125c
            SVQ_EO3_1                                                                         um28nchllogl35udl140f_ssgwc0p81v125c
        mac_pipeline_superscalar_DATA_WIDTH8_LANE_NUM3_12_DW01_add_1_DW01_add_79
            SVQ_ADDF_V1_1                                                                     um28nchllogl35udl140f_ssgwc0p81v125c
            SVQ_AN2_MG_1                                                                      um28nchllogl35udl140f_ssgwc0p81v125c
            SVQ_EO2_V2_1                                                                      um28nchllogl35udl140f_ssgwc0p81v125c
            SVQ_EO3_1                                                                         um28nchllogl35udl140f_ssgwc0p81v125c
        mac_pipeline_superscalar_DATA_WIDTH8_LANE_NUM3_12_DW01_add_2_DW01_add_80
            SVQ_ADDF_V1_1                                                                     um28nchllogl35udl140f_ssgwc0p81v125c
            SVQ_AN2_MG_1                                                                      um28nchllogl35udl140f_ssgwc0p81v125c
            SVQ_EO2_V2_1                                                                      um28nchllogl35udl140f_ssgwc0p81v125c
            SVQ_EO3_1                                                                         um28nchllogl35udl140f_ssgwc0p81v125c
        mac_pipeline_superscalar_DATA_WIDTH8_LANE_NUM3_12_DW01_add_3_DW01_add_81
            SVQ_ADDF_V1_1                                                                     um28nchllogl35udl140f_ssgwc0p81v125c
            SVQ_AN2_MG_1                                                                      um28nchllogl35udl140f_ssgwc0p81v125c
            SVQ_EO2_V2_1                                                                      um28nchllogl35udl140f_ssgwc0p81v125c
        mac_pipeline_superscalar_DATA_WIDTH8_LANE_NUM3_12_DW01_add_4_DW01_add_82
            SVQ_ADDF_V1_1                                                                     um28nchllogl35udl140f_ssgwc0p81v125c
            SVQ_AN2_MG_1                                                                      um28nchllogl35udl140f_ssgwc0p81v125c
            SVQ_EO2_V2_1                                                                      um28nchllogl35udl140f_ssgwc0p81v125c
        mac_pipeline_superscalar_DATA_WIDTH8_LANE_NUM3_12_DW01_add_5_DW01_add_83
            SVQ_ADDF_V1_1                                                                     um28nchllogl35udl140f_ssgwc0p81v125c
            SVQ_AN2_MG_1                                                                      um28nchllogl35udl140f_ssgwc0p81v125c
            SVQ_EO2_V2_1                                                                      um28nchllogl35udl140f_ssgwc0p81v125c
        mac_pipeline_superscalar_DATA_WIDTH8_LANE_NUM3_12_DW02_mult_0_DW02_mult_9
            SVQ_ADDF_V1_1                                                                     um28nchllogl35udl140f_ssgwc0p81v125c
            SVQ_AN2_MG_1                                                                      um28nchllogl35udl140f_ssgwc0p81v125c
            SVQ_EO2_V2_1                                                                      um28nchllogl35udl140f_ssgwc0p81v125c
            SVQ_INV_1                                                                         um28nchllogl35udl140f_ssgwc0p81v125c
            SVQ_NR2_0P5                                                                       um28nchllogl35udl140f_ssgwc0p81v125c
            SVQ_TIE0_1                                                                        um28nchllogl35udl140f_ssgwc0p81v125c
            mac_pipeline_superscalar_DATA_WIDTH8_LANE_NUM3_12_DW01_add_6_DW01_add_156
                SVQ_AN2_0P5                                                                   um28nchllogl35udl140f_ssgwc0p81v125c
                SVQ_AOI21_0P5                                                                 um28nchllogl35udl140f_ssgwc0p81v125c
                SVQ_EO2_V2_0P5                                                                um28nchllogl35udl140f_ssgwc0p81v125c
                SVQ_EO3_1                                                                     um28nchllogl35udl140f_ssgwc0p81v125c
                SVQ_INV_1                                                                     um28nchllogl35udl140f_ssgwc0p81v125c
                SVQ_MAJI3_1                                                                   um28nchllogl35udl140f_ssgwc0p81v125c
                SVQ_ND2B_1                                                                    um28nchllogl35udl140f_ssgwc0p81v125c
                SVQ_ND2_0P5                                                                   um28nchllogl35udl140f_ssgwc0p81v125c
                SVQ_NR2_0P5                                                                   um28nchllogl35udl140f_ssgwc0p81v125c
                SVQ_OA21_1                                                                    um28nchllogl35udl140f_ssgwc0p81v125c
                SVQ_OAI21_0P7                                                                 um28nchllogl35udl140f_ssgwc0p81v125c
                SVQ_OAO211_DG_1                                                               um28nchllogl35udl140f_ssgwc0p81v125c
        mac_pipeline_superscalar_DATA_WIDTH8_LANE_NUM3_12_DW02_mult_1_DW02_mult_10
            SVQ_ADDF_V1_1                                                                     um28nchllogl35udl140f_ssgwc0p81v125c
            SVQ_AN2_MG_1                                                                      um28nchllogl35udl140f_ssgwc0p81v125c
            SVQ_EO2_V2_1                                                                      um28nchllogl35udl140f_ssgwc0p81v125c
            SVQ_INV_1                                                                         um28nchllogl35udl140f_ssgwc0p81v125c
            SVQ_NR2_0P5                                                                       um28nchllogl35udl140f_ssgwc0p81v125c
            SVQ_NR2_1                                                                         um28nchllogl35udl140f_ssgwc0p81v125c
            SVQ_TIE0_1                                                                        um28nchllogl35udl140f_ssgwc0p81v125c
            mac_pipeline_superscalar_DATA_WIDTH8_LANE_NUM3_12_DW01_add_7_DW01_add_157
                SVQ_AN2_0P5                                                                   um28nchllogl35udl140f_ssgwc0p81v125c
                SVQ_AOI21_0P5                                                                 um28nchllogl35udl140f_ssgwc0p81v125c
                SVQ_EO2_V2_0P5                                                                um28nchllogl35udl140f_ssgwc0p81v125c
                SVQ_EO3_1                                                                     um28nchllogl35udl140f_ssgwc0p81v125c
                SVQ_INV_1                                                                     um28nchllogl35udl140f_ssgwc0p81v125c
                SVQ_MAJI3_1                                                                   um28nchllogl35udl140f_ssgwc0p81v125c
                SVQ_ND2B_1                                                                    um28nchllogl35udl140f_ssgwc0p81v125c
                SVQ_ND2_0P5                                                                   um28nchllogl35udl140f_ssgwc0p81v125c
                SVQ_NR2_0P5                                                                   um28nchllogl35udl140f_ssgwc0p81v125c
                SVQ_OA21_1                                                                    um28nchllogl35udl140f_ssgwc0p81v125c
                SVQ_OAI21_0P7                                                                 um28nchllogl35udl140f_ssgwc0p81v125c
                SVQ_OAO211_DG_1                                                               um28nchllogl35udl140f_ssgwc0p81v125c
        mac_pipeline_superscalar_DATA_WIDTH8_LANE_NUM3_12_DW02_mult_2_DW02_mult_11
            SVQ_ADDF_V1_1                                                                     um28nchllogl35udl140f_ssgwc0p81v125c
            SVQ_AN2_MG_1                                                                      um28nchllogl35udl140f_ssgwc0p81v125c
            SVQ_EO2_V2_1                                                                      um28nchllogl35udl140f_ssgwc0p81v125c
            SVQ_INV_1                                                                         um28nchllogl35udl140f_ssgwc0p81v125c
            SVQ_NR2_0P5                                                                       um28nchllogl35udl140f_ssgwc0p81v125c
            SVQ_NR2_1                                                                         um28nchllogl35udl140f_ssgwc0p81v125c
            SVQ_TIE0_1                                                                        um28nchllogl35udl140f_ssgwc0p81v125c
            mac_pipeline_superscalar_DATA_WIDTH8_LANE_NUM3_12_DW01_add_8_DW01_add_158
                SVQ_AN2_0P5                                                                   um28nchllogl35udl140f_ssgwc0p81v125c
                SVQ_AOI21_0P5                                                                 um28nchllogl35udl140f_ssgwc0p81v125c
                SVQ_EO2_V2_0P5                                                                um28nchllogl35udl140f_ssgwc0p81v125c
                SVQ_EO3_1                                                                     um28nchllogl35udl140f_ssgwc0p81v125c
                SVQ_INV_1                                                                     um28nchllogl35udl140f_ssgwc0p81v125c
                SVQ_MAJI3_1                                                                   um28nchllogl35udl140f_ssgwc0p81v125c
                SVQ_ND2B_1                                                                    um28nchllogl35udl140f_ssgwc0p81v125c
                SVQ_ND2_0P5                                                                   um28nchllogl35udl140f_ssgwc0p81v125c
                SVQ_NR2_0P5                                                                   um28nchllogl35udl140f_ssgwc0p81v125c
                SVQ_OA21_1                                                                    um28nchllogl35udl140f_ssgwc0p81v125c
                SVQ_OAI21_0P7                                                                 um28nchllogl35udl140f_ssgwc0p81v125c
                SVQ_OAO211_DG_1                                                               um28nchllogl35udl140f_ssgwc0p81v125c
    mac_pipeline_superscalar_DATA_WIDTH8_LANE_NUM3_13
        SVQ_AN2_MG_1                                                                          um28nchllogl35udl140f_ssgwc0p81v125c
        SVQ_AN3B_1                                                                            um28nchllogl35udl140f_ssgwc0p81v125c
        SVQ_AN4B_1                                                                            um28nchllogl35udl140f_ssgwc0p81v125c
        SVQ_AO2BB2_1                                                                          um28nchllogl35udl140f_ssgwc0p81v125c
        SVQ_AO21_U_1                                                                          um28nchllogl35udl140f_ssgwc0p81v125c
        SVQ_AO22_1                                                                            um28nchllogl35udl140f_ssgwc0p81v125c
        SVQ_AOAI211_1                                                                         um28nchllogl35udl140f_ssgwc0p81v125c
        SVQ_AOI21B_0P5                                                                        um28nchllogl35udl140f_ssgwc0p81v125c
        SVQ_AOI21_S_1                                                                         um28nchllogl35udl140f_ssgwc0p81v125c
        SVQ_AOI22_0P75                                                                        um28nchllogl35udl140f_ssgwc0p81v125c
        SVQ_AOI221_1                                                                          um28nchllogl35udl140f_ssgwc0p81v125c
        SVQ_AOI222_1                                                                          um28nchllogl35udl140f_ssgwc0p81v125c
        SVQ_AOI2222_V2_1                                                                      um28nchllogl35udl140f_ssgwc0p81v125c
        SVQ_BUF_M_1                                                                           um28nchllogl35udl140f_ssgwc0p81v125c
        SVQ_FDPRBQ_V2_1                                                                       um28nchllogl35udl140f_ssgwc0p81v125c
        SVQ_INV_1                                                                             um28nchllogl35udl140f_ssgwc0p81v125c
        SVQ_LDPRBQ_1                                                                          um28nchllogl35udl140f_ssgwc0p81v125c
        SVQ_ND2_1                                                                             um28nchllogl35udl140f_ssgwc0p81v125c
        SVQ_ND3_1                                                                             um28nchllogl35udl140f_ssgwc0p81v125c
        SVQ_ND4_1                                                                             um28nchllogl35udl140f_ssgwc0p81v125c
        SVQ_NR2B_V1_1                                                                         um28nchllogl35udl140f_ssgwc0p81v125c
        SVQ_NR2_1                                                                             um28nchllogl35udl140f_ssgwc0p81v125c
        SVQ_NR3_1                                                                             um28nchllogl35udl140f_ssgwc0p81v125c
        SVQ_NR4_1                                                                             um28nchllogl35udl140f_ssgwc0p81v125c
        SVQ_OAI21_S_1                                                                         um28nchllogl35udl140f_ssgwc0p81v125c
        SVQ_OAI22_1                                                                           um28nchllogl35udl140f_ssgwc0p81v125c
        SVQ_OAI31_G_1                                                                         um28nchllogl35udl140f_ssgwc0p81v125c
        SVQ_TIE0_1                                                                            um28nchllogl35udl140f_ssgwc0p81v125c
        SVQ_TIE1_1                                                                            um28nchllogl35udl140f_ssgwc0p81v125c
        mac_pipeline_superscalar_DATA_WIDTH8_LANE_NUM3_13_DW01_add_0_DW01_add_84
            SVQ_ADDF_V1_1                                                                     um28nchllogl35udl140f_ssgwc0p81v125c
            SVQ_AN2_MG_1                                                                      um28nchllogl35udl140f_ssgwc0p81v125c
            SVQ_EO2_V2_1                                                                      um28nchllogl35udl140f_ssgwc0p81v125c
            SVQ_EO3_1                                                                         um28nchllogl35udl140f_ssgwc0p81v125c
        mac_pipeline_superscalar_DATA_WIDTH8_LANE_NUM3_13_DW01_add_1_DW01_add_85
            SVQ_ADDF_V1_1                                                                     um28nchllogl35udl140f_ssgwc0p81v125c
            SVQ_AN2_MG_1                                                                      um28nchllogl35udl140f_ssgwc0p81v125c
            SVQ_EO2_V2_1                                                                      um28nchllogl35udl140f_ssgwc0p81v125c
            SVQ_EO3_1                                                                         um28nchllogl35udl140f_ssgwc0p81v125c
        mac_pipeline_superscalar_DATA_WIDTH8_LANE_NUM3_13_DW01_add_2_DW01_add_86
            SVQ_ADDF_V1_1                                                                     um28nchllogl35udl140f_ssgwc0p81v125c
            SVQ_AN2_MG_1                                                                      um28nchllogl35udl140f_ssgwc0p81v125c
            SVQ_EO2_V2_1                                                                      um28nchllogl35udl140f_ssgwc0p81v125c
            SVQ_EO3_1                                                                         um28nchllogl35udl140f_ssgwc0p81v125c
        mac_pipeline_superscalar_DATA_WIDTH8_LANE_NUM3_13_DW01_add_3_DW01_add_87
            SVQ_ADDF_V1_1                                                                     um28nchllogl35udl140f_ssgwc0p81v125c
            SVQ_AN2_MG_1                                                                      um28nchllogl35udl140f_ssgwc0p81v125c
            SVQ_EO2_V2_1                                                                      um28nchllogl35udl140f_ssgwc0p81v125c
        mac_pipeline_superscalar_DATA_WIDTH8_LANE_NUM3_13_DW01_add_4_DW01_add_88
            SVQ_ADDF_V1_1                                                                     um28nchllogl35udl140f_ssgwc0p81v125c
            SVQ_AN2_MG_1                                                                      um28nchllogl35udl140f_ssgwc0p81v125c
            SVQ_EO2_V2_1                                                                      um28nchllogl35udl140f_ssgwc0p81v125c
        mac_pipeline_superscalar_DATA_WIDTH8_LANE_NUM3_13_DW01_add_5_DW01_add_89
            SVQ_ADDF_V1_1                                                                     um28nchllogl35udl140f_ssgwc0p81v125c
            SVQ_AN2_MG_1                                                                      um28nchllogl35udl140f_ssgwc0p81v125c
            SVQ_EO2_V2_1                                                                      um28nchllogl35udl140f_ssgwc0p81v125c
        mac_pipeline_superscalar_DATA_WIDTH8_LANE_NUM3_13_DW02_mult_0_DW02_mult_6
            SVQ_ADDF_V1_1                                                                     um28nchllogl35udl140f_ssgwc0p81v125c
            SVQ_AN2_MG_1                                                                      um28nchllogl35udl140f_ssgwc0p81v125c
            SVQ_EO2_V2_1                                                                      um28nchllogl35udl140f_ssgwc0p81v125c
            SVQ_INV_1                                                                         um28nchllogl35udl140f_ssgwc0p81v125c
            SVQ_NR2_0P5                                                                       um28nchllogl35udl140f_ssgwc0p81v125c
            SVQ_TIE0_1                                                                        um28nchllogl35udl140f_ssgwc0p81v125c
            mac_pipeline_superscalar_DATA_WIDTH8_LANE_NUM3_13_DW01_add_6_DW01_add_153
                SVQ_AN2_0P5                                                                   um28nchllogl35udl140f_ssgwc0p81v125c
                SVQ_AOI21_0P5                                                                 um28nchllogl35udl140f_ssgwc0p81v125c
                SVQ_EO2_V2_0P5                                                                um28nchllogl35udl140f_ssgwc0p81v125c
                SVQ_EO3_1                                                                     um28nchllogl35udl140f_ssgwc0p81v125c
                SVQ_INV_1                                                                     um28nchllogl35udl140f_ssgwc0p81v125c
                SVQ_MAJI3_1                                                                   um28nchllogl35udl140f_ssgwc0p81v125c
                SVQ_ND2B_1                                                                    um28nchllogl35udl140f_ssgwc0p81v125c
                SVQ_ND2_0P5                                                                   um28nchllogl35udl140f_ssgwc0p81v125c
                SVQ_NR2_0P5                                                                   um28nchllogl35udl140f_ssgwc0p81v125c
                SVQ_OA21_1                                                                    um28nchllogl35udl140f_ssgwc0p81v125c
                SVQ_OAI21_0P7                                                                 um28nchllogl35udl140f_ssgwc0p81v125c
                SVQ_OAO211_DG_1                                                               um28nchllogl35udl140f_ssgwc0p81v125c
        mac_pipeline_superscalar_DATA_WIDTH8_LANE_NUM3_13_DW02_mult_1_DW02_mult_7
            SVQ_ADDF_V1_1                                                                     um28nchllogl35udl140f_ssgwc0p81v125c
            SVQ_AN2_MG_1                                                                      um28nchllogl35udl140f_ssgwc0p81v125c
            SVQ_EO2_V2_1                                                                      um28nchllogl35udl140f_ssgwc0p81v125c
            SVQ_INV_1                                                                         um28nchllogl35udl140f_ssgwc0p81v125c
            SVQ_NR2_0P5                                                                       um28nchllogl35udl140f_ssgwc0p81v125c
            SVQ_TIE0_1                                                                        um28nchllogl35udl140f_ssgwc0p81v125c
            mac_pipeline_superscalar_DATA_WIDTH8_LANE_NUM3_13_DW01_add_7_DW01_add_154
                SVQ_AN2_0P5                                                                   um28nchllogl35udl140f_ssgwc0p81v125c
                SVQ_AOI21_0P5                                                                 um28nchllogl35udl140f_ssgwc0p81v125c
                SVQ_EO2_V2_0P5                                                                um28nchllogl35udl140f_ssgwc0p81v125c
                SVQ_EO3_1                                                                     um28nchllogl35udl140f_ssgwc0p81v125c
                SVQ_INV_1                                                                     um28nchllogl35udl140f_ssgwc0p81v125c
                SVQ_MAJI3_1                                                                   um28nchllogl35udl140f_ssgwc0p81v125c
                SVQ_ND2B_1                                                                    um28nchllogl35udl140f_ssgwc0p81v125c
                SVQ_ND2_0P5                                                                   um28nchllogl35udl140f_ssgwc0p81v125c
                SVQ_NR2_0P5                                                                   um28nchllogl35udl140f_ssgwc0p81v125c
                SVQ_OA21_1                                                                    um28nchllogl35udl140f_ssgwc0p81v125c
                SVQ_OAI21_0P7                                                                 um28nchllogl35udl140f_ssgwc0p81v125c
                SVQ_OAO211_DG_1                                                               um28nchllogl35udl140f_ssgwc0p81v125c
        mac_pipeline_superscalar_DATA_WIDTH8_LANE_NUM3_13_DW02_mult_2_DW02_mult_8
            SVQ_ADDF_V1_1                                                                     um28nchllogl35udl140f_ssgwc0p81v125c
            SVQ_AN2_MG_1                                                                      um28nchllogl35udl140f_ssgwc0p81v125c
            SVQ_EO2_V2_1                                                                      um28nchllogl35udl140f_ssgwc0p81v125c
            SVQ_INV_1                                                                         um28nchllogl35udl140f_ssgwc0p81v125c
            SVQ_NR2_0P5                                                                       um28nchllogl35udl140f_ssgwc0p81v125c
            SVQ_NR2_1                                                                         um28nchllogl35udl140f_ssgwc0p81v125c
            SVQ_TIE0_1                                                                        um28nchllogl35udl140f_ssgwc0p81v125c
            mac_pipeline_superscalar_DATA_WIDTH8_LANE_NUM3_13_DW01_add_8_DW01_add_155
                SVQ_AN2_0P5                                                                   um28nchllogl35udl140f_ssgwc0p81v125c
                SVQ_AOI21_0P5                                                                 um28nchllogl35udl140f_ssgwc0p81v125c
                SVQ_EO2_V2_0P5                                                                um28nchllogl35udl140f_ssgwc0p81v125c
                SVQ_EO3_1                                                                     um28nchllogl35udl140f_ssgwc0p81v125c
                SVQ_INV_1                                                                     um28nchllogl35udl140f_ssgwc0p81v125c
                SVQ_MAJI3_1                                                                   um28nchllogl35udl140f_ssgwc0p81v125c
                SVQ_ND2B_1                                                                    um28nchllogl35udl140f_ssgwc0p81v125c
                SVQ_ND2_0P5                                                                   um28nchllogl35udl140f_ssgwc0p81v125c
                SVQ_NR2_0P5                                                                   um28nchllogl35udl140f_ssgwc0p81v125c
                SVQ_OA21_1                                                                    um28nchllogl35udl140f_ssgwc0p81v125c
                SVQ_OAI21_0P7                                                                 um28nchllogl35udl140f_ssgwc0p81v125c
                SVQ_OAO211_DG_1                                                               um28nchllogl35udl140f_ssgwc0p81v125c
    mac_pipeline_superscalar_DATA_WIDTH8_LANE_NUM3_14
        SVQ_AN2_MG_1                                                                          um28nchllogl35udl140f_ssgwc0p81v125c
        SVQ_AN3B_1                                                                            um28nchllogl35udl140f_ssgwc0p81v125c
        SVQ_AN4B_1                                                                            um28nchllogl35udl140f_ssgwc0p81v125c
        SVQ_AO2BB2_1                                                                          um28nchllogl35udl140f_ssgwc0p81v125c
        SVQ_AO21_U_1                                                                          um28nchllogl35udl140f_ssgwc0p81v125c
        SVQ_AO22_1                                                                            um28nchllogl35udl140f_ssgwc0p81v125c
        SVQ_AOAI211_1                                                                         um28nchllogl35udl140f_ssgwc0p81v125c
        SVQ_AOI21B_0P5                                                                        um28nchllogl35udl140f_ssgwc0p81v125c
        SVQ_AOI21_S_1                                                                         um28nchllogl35udl140f_ssgwc0p81v125c
        SVQ_AOI22_0P75                                                                        um28nchllogl35udl140f_ssgwc0p81v125c
        SVQ_AOI221_1                                                                          um28nchllogl35udl140f_ssgwc0p81v125c
        SVQ_AOI222_1                                                                          um28nchllogl35udl140f_ssgwc0p81v125c
        SVQ_AOI2222_V2_1                                                                      um28nchllogl35udl140f_ssgwc0p81v125c
        SVQ_BUF_M_1                                                                           um28nchllogl35udl140f_ssgwc0p81v125c
        SVQ_FDPRBQ_V2_1                                                                       um28nchllogl35udl140f_ssgwc0p81v125c
        SVQ_INV_1                                                                             um28nchllogl35udl140f_ssgwc0p81v125c
        SVQ_LDPRBQ_1                                                                          um28nchllogl35udl140f_ssgwc0p81v125c
        SVQ_ND2_1                                                                             um28nchllogl35udl140f_ssgwc0p81v125c
        SVQ_ND3_1                                                                             um28nchllogl35udl140f_ssgwc0p81v125c
        SVQ_ND4_1                                                                             um28nchllogl35udl140f_ssgwc0p81v125c
        SVQ_NR2B_V1_1                                                                         um28nchllogl35udl140f_ssgwc0p81v125c
        SVQ_NR2_1                                                                             um28nchllogl35udl140f_ssgwc0p81v125c
        SVQ_NR3_1                                                                             um28nchllogl35udl140f_ssgwc0p81v125c
        SVQ_NR4_1                                                                             um28nchllogl35udl140f_ssgwc0p81v125c
        SVQ_OAI21_S_1                                                                         um28nchllogl35udl140f_ssgwc0p81v125c
        SVQ_OAI22_1                                                                           um28nchllogl35udl140f_ssgwc0p81v125c
        SVQ_OAI31_G_1                                                                         um28nchllogl35udl140f_ssgwc0p81v125c
        SVQ_TIE0_1                                                                            um28nchllogl35udl140f_ssgwc0p81v125c
        SVQ_TIE1_1                                                                            um28nchllogl35udl140f_ssgwc0p81v125c
        mac_pipeline_superscalar_DATA_WIDTH8_LANE_NUM3_14_DW01_add_0_DW01_add_90
            SVQ_ADDF_V1_1                                                                     um28nchllogl35udl140f_ssgwc0p81v125c
            SVQ_AN2_MG_1                                                                      um28nchllogl35udl140f_ssgwc0p81v125c
            SVQ_EO2_V2_1                                                                      um28nchllogl35udl140f_ssgwc0p81v125c
            SVQ_EO3_1                                                                         um28nchllogl35udl140f_ssgwc0p81v125c
        mac_pipeline_superscalar_DATA_WIDTH8_LANE_NUM3_14_DW01_add_1_DW01_add_91
            SVQ_ADDF_V1_1                                                                     um28nchllogl35udl140f_ssgwc0p81v125c
            SVQ_AN2_MG_1                                                                      um28nchllogl35udl140f_ssgwc0p81v125c
            SVQ_EO2_V2_1                                                                      um28nchllogl35udl140f_ssgwc0p81v125c
            SVQ_EO3_1                                                                         um28nchllogl35udl140f_ssgwc0p81v125c
        mac_pipeline_superscalar_DATA_WIDTH8_LANE_NUM3_14_DW01_add_2_DW01_add_92
            SVQ_ADDF_V1_1                                                                     um28nchllogl35udl140f_ssgwc0p81v125c
            SVQ_AN2_MG_1                                                                      um28nchllogl35udl140f_ssgwc0p81v125c
            SVQ_EO2_V2_1                                                                      um28nchllogl35udl140f_ssgwc0p81v125c
            SVQ_EO3_1                                                                         um28nchllogl35udl140f_ssgwc0p81v125c
        mac_pipeline_superscalar_DATA_WIDTH8_LANE_NUM3_14_DW01_add_3_DW01_add_93
            SVQ_ADDF_V1_1                                                                     um28nchllogl35udl140f_ssgwc0p81v125c
            SVQ_AN2_MG_1                                                                      um28nchllogl35udl140f_ssgwc0p81v125c
            SVQ_EO2_V2_1                                                                      um28nchllogl35udl140f_ssgwc0p81v125c
        mac_pipeline_superscalar_DATA_WIDTH8_LANE_NUM3_14_DW01_add_4_DW01_add_94
            SVQ_ADDF_V1_1                                                                     um28nchllogl35udl140f_ssgwc0p81v125c
            SVQ_AN2_MG_1                                                                      um28nchllogl35udl140f_ssgwc0p81v125c
            SVQ_EO2_V2_1                                                                      um28nchllogl35udl140f_ssgwc0p81v125c
        mac_pipeline_superscalar_DATA_WIDTH8_LANE_NUM3_14_DW01_add_5_DW01_add_95
            SVQ_ADDF_V1_1                                                                     um28nchllogl35udl140f_ssgwc0p81v125c
            SVQ_AN2_MG_1                                                                      um28nchllogl35udl140f_ssgwc0p81v125c
            SVQ_EO2_V2_1                                                                      um28nchllogl35udl140f_ssgwc0p81v125c
        mac_pipeline_superscalar_DATA_WIDTH8_LANE_NUM3_14_DW02_mult_0_DW02_mult_3
            SVQ_ADDF_V1_1                                                                     um28nchllogl35udl140f_ssgwc0p81v125c
            SVQ_AN2_MG_1                                                                      um28nchllogl35udl140f_ssgwc0p81v125c
            SVQ_EO2_V2_1                                                                      um28nchllogl35udl140f_ssgwc0p81v125c
            SVQ_INV_1                                                                         um28nchllogl35udl140f_ssgwc0p81v125c
            SVQ_NR2_0P5                                                                       um28nchllogl35udl140f_ssgwc0p81v125c
            SVQ_TIE0_1                                                                        um28nchllogl35udl140f_ssgwc0p81v125c
            mac_pipeline_superscalar_DATA_WIDTH8_LANE_NUM3_14_DW01_add_6_DW01_add_150
                SVQ_AN2_0P5                                                                   um28nchllogl35udl140f_ssgwc0p81v125c
                SVQ_AOI21_0P5                                                                 um28nchllogl35udl140f_ssgwc0p81v125c
                SVQ_EO2_V2_0P5                                                                um28nchllogl35udl140f_ssgwc0p81v125c
                SVQ_EO3_1                                                                     um28nchllogl35udl140f_ssgwc0p81v125c
                SVQ_INV_1                                                                     um28nchllogl35udl140f_ssgwc0p81v125c
                SVQ_MAJI3_1                                                                   um28nchllogl35udl140f_ssgwc0p81v125c
                SVQ_ND2B_1                                                                    um28nchllogl35udl140f_ssgwc0p81v125c
                SVQ_ND2_0P5                                                                   um28nchllogl35udl140f_ssgwc0p81v125c
                SVQ_NR2_0P5                                                                   um28nchllogl35udl140f_ssgwc0p81v125c
                SVQ_OA21_1                                                                    um28nchllogl35udl140f_ssgwc0p81v125c
                SVQ_OAI21_0P7                                                                 um28nchllogl35udl140f_ssgwc0p81v125c
                SVQ_OAO211_DG_1                                                               um28nchllogl35udl140f_ssgwc0p81v125c
        mac_pipeline_superscalar_DATA_WIDTH8_LANE_NUM3_14_DW02_mult_1_DW02_mult_4
            SVQ_ADDF_V1_1                                                                     um28nchllogl35udl140f_ssgwc0p81v125c
            SVQ_AN2_MG_1                                                                      um28nchllogl35udl140f_ssgwc0p81v125c
            SVQ_EO2_V2_1                                                                      um28nchllogl35udl140f_ssgwc0p81v125c
            SVQ_INV_1                                                                         um28nchllogl35udl140f_ssgwc0p81v125c
            SVQ_NR2_0P5                                                                       um28nchllogl35udl140f_ssgwc0p81v125c
            SVQ_NR2_1                                                                         um28nchllogl35udl140f_ssgwc0p81v125c
            SVQ_TIE0_1                                                                        um28nchllogl35udl140f_ssgwc0p81v125c
            mac_pipeline_superscalar_DATA_WIDTH8_LANE_NUM3_14_DW01_add_7_DW01_add_151
                SVQ_AN2_0P5                                                                   um28nchllogl35udl140f_ssgwc0p81v125c
                SVQ_AOI21_0P5                                                                 um28nchllogl35udl140f_ssgwc0p81v125c
                SVQ_EO2_V2_0P5                                                                um28nchllogl35udl140f_ssgwc0p81v125c
                SVQ_EO3_1                                                                     um28nchllogl35udl140f_ssgwc0p81v125c
                SVQ_INV_1                                                                     um28nchllogl35udl140f_ssgwc0p81v125c
                SVQ_MAJI3_1                                                                   um28nchllogl35udl140f_ssgwc0p81v125c
                SVQ_ND2B_1                                                                    um28nchllogl35udl140f_ssgwc0p81v125c
                SVQ_ND2_0P5                                                                   um28nchllogl35udl140f_ssgwc0p81v125c
                SVQ_NR2_0P5                                                                   um28nchllogl35udl140f_ssgwc0p81v125c
                SVQ_OA21_1                                                                    um28nchllogl35udl140f_ssgwc0p81v125c
                SVQ_OAI21_0P7                                                                 um28nchllogl35udl140f_ssgwc0p81v125c
                SVQ_OAO211_DG_1                                                               um28nchllogl35udl140f_ssgwc0p81v125c
        mac_pipeline_superscalar_DATA_WIDTH8_LANE_NUM3_14_DW02_mult_2_DW02_mult_5
            SVQ_ADDF_V1_1                                                                     um28nchllogl35udl140f_ssgwc0p81v125c
            SVQ_AN2_MG_1                                                                      um28nchllogl35udl140f_ssgwc0p81v125c
            SVQ_EO2_V2_1                                                                      um28nchllogl35udl140f_ssgwc0p81v125c
            SVQ_INV_1                                                                         um28nchllogl35udl140f_ssgwc0p81v125c
            SVQ_NR2_0P5                                                                       um28nchllogl35udl140f_ssgwc0p81v125c
            SVQ_NR2_1                                                                         um28nchllogl35udl140f_ssgwc0p81v125c
            SVQ_TIE0_1                                                                        um28nchllogl35udl140f_ssgwc0p81v125c
            mac_pipeline_superscalar_DATA_WIDTH8_LANE_NUM3_14_DW01_add_8_DW01_add_152
                SVQ_AN2_0P5                                                                   um28nchllogl35udl140f_ssgwc0p81v125c
                SVQ_AOI21_0P5                                                                 um28nchllogl35udl140f_ssgwc0p81v125c
                SVQ_EO2_V2_0P5                                                                um28nchllogl35udl140f_ssgwc0p81v125c
                SVQ_EO3_1                                                                     um28nchllogl35udl140f_ssgwc0p81v125c
                SVQ_INV_1                                                                     um28nchllogl35udl140f_ssgwc0p81v125c
                SVQ_MAJI3_1                                                                   um28nchllogl35udl140f_ssgwc0p81v125c
                SVQ_ND2B_1                                                                    um28nchllogl35udl140f_ssgwc0p81v125c
                SVQ_ND2_0P5                                                                   um28nchllogl35udl140f_ssgwc0p81v125c
                SVQ_NR2_0P5                                                                   um28nchllogl35udl140f_ssgwc0p81v125c
                SVQ_OA21_1                                                                    um28nchllogl35udl140f_ssgwc0p81v125c
                SVQ_OAI21_0P7                                                                 um28nchllogl35udl140f_ssgwc0p81v125c
                SVQ_OAO211_DG_1                                                               um28nchllogl35udl140f_ssgwc0p81v125c
    mac_pipeline_superscalar_DATA_WIDTH8_LANE_NUM3_15
        SVQ_AN2_MG_1                                                                          um28nchllogl35udl140f_ssgwc0p81v125c
        SVQ_AN3B_1                                                                            um28nchllogl35udl140f_ssgwc0p81v125c
        SVQ_AN4B_1                                                                            um28nchllogl35udl140f_ssgwc0p81v125c
        SVQ_AO2BB2_1                                                                          um28nchllogl35udl140f_ssgwc0p81v125c
        SVQ_AO21_U_1                                                                          um28nchllogl35udl140f_ssgwc0p81v125c
        SVQ_AO22_1                                                                            um28nchllogl35udl140f_ssgwc0p81v125c
        SVQ_AOAI211_1                                                                         um28nchllogl35udl140f_ssgwc0p81v125c
        SVQ_AOI21B_0P5                                                                        um28nchllogl35udl140f_ssgwc0p81v125c
        SVQ_AOI21_S_1                                                                         um28nchllogl35udl140f_ssgwc0p81v125c
        SVQ_AOI22_0P75                                                                        um28nchllogl35udl140f_ssgwc0p81v125c
        SVQ_AOI221_1                                                                          um28nchllogl35udl140f_ssgwc0p81v125c
        SVQ_AOI222_1                                                                          um28nchllogl35udl140f_ssgwc0p81v125c
        SVQ_AOI2222_V2_1                                                                      um28nchllogl35udl140f_ssgwc0p81v125c
        SVQ_BUF_M_1                                                                           um28nchllogl35udl140f_ssgwc0p81v125c
        SVQ_FDPRBQ_V2_1                                                                       um28nchllogl35udl140f_ssgwc0p81v125c
        SVQ_INV_1                                                                             um28nchllogl35udl140f_ssgwc0p81v125c
        SVQ_LDPRBQ_1                                                                          um28nchllogl35udl140f_ssgwc0p81v125c
        SVQ_ND2_1                                                                             um28nchllogl35udl140f_ssgwc0p81v125c
        SVQ_ND3_1                                                                             um28nchllogl35udl140f_ssgwc0p81v125c
        SVQ_ND4_1                                                                             um28nchllogl35udl140f_ssgwc0p81v125c
        SVQ_NR2B_V1_1                                                                         um28nchllogl35udl140f_ssgwc0p81v125c
        SVQ_NR2_1                                                                             um28nchllogl35udl140f_ssgwc0p81v125c
        SVQ_NR3_1                                                                             um28nchllogl35udl140f_ssgwc0p81v125c
        SVQ_NR4_1                                                                             um28nchllogl35udl140f_ssgwc0p81v125c
        SVQ_OAI21_S_1                                                                         um28nchllogl35udl140f_ssgwc0p81v125c
        SVQ_OAI22_1                                                                           um28nchllogl35udl140f_ssgwc0p81v125c
        SVQ_OAI31_G_1                                                                         um28nchllogl35udl140f_ssgwc0p81v125c
        SVQ_TIE0_1                                                                            um28nchllogl35udl140f_ssgwc0p81v125c
        SVQ_TIE1_1                                                                            um28nchllogl35udl140f_ssgwc0p81v125c
        mac_pipeline_superscalar_DATA_WIDTH8_LANE_NUM3_15_DW01_add_0_DW01_add_96
            SVQ_ADDF_V1_1                                                                     um28nchllogl35udl140f_ssgwc0p81v125c
            SVQ_AN2_MG_1                                                                      um28nchllogl35udl140f_ssgwc0p81v125c
            SVQ_EO2_V2_1                                                                      um28nchllogl35udl140f_ssgwc0p81v125c
            SVQ_EO3_1                                                                         um28nchllogl35udl140f_ssgwc0p81v125c
        mac_pipeline_superscalar_DATA_WIDTH8_LANE_NUM3_15_DW01_add_1_DW01_add_97
            SVQ_ADDF_V1_1                                                                     um28nchllogl35udl140f_ssgwc0p81v125c
            SVQ_AN2_MG_1                                                                      um28nchllogl35udl140f_ssgwc0p81v125c
            SVQ_EO2_V2_1                                                                      um28nchllogl35udl140f_ssgwc0p81v125c
            SVQ_EO3_1                                                                         um28nchllogl35udl140f_ssgwc0p81v125c
        mac_pipeline_superscalar_DATA_WIDTH8_LANE_NUM3_15_DW01_add_2_DW01_add_98
            SVQ_ADDF_V1_1                                                                     um28nchllogl35udl140f_ssgwc0p81v125c
            SVQ_AN2_MG_1                                                                      um28nchllogl35udl140f_ssgwc0p81v125c
            SVQ_EO2_V2_1                                                                      um28nchllogl35udl140f_ssgwc0p81v125c
            SVQ_EO3_1                                                                         um28nchllogl35udl140f_ssgwc0p81v125c
        mac_pipeline_superscalar_DATA_WIDTH8_LANE_NUM3_15_DW01_add_3_DW01_add_99
            SVQ_ADDF_V1_1                                                                     um28nchllogl35udl140f_ssgwc0p81v125c
            SVQ_AN2_MG_1                                                                      um28nchllogl35udl140f_ssgwc0p81v125c
            SVQ_EO2_V2_1                                                                      um28nchllogl35udl140f_ssgwc0p81v125c
        mac_pipeline_superscalar_DATA_WIDTH8_LANE_NUM3_15_DW01_add_4_DW01_add_100
            SVQ_ADDF_V1_1                                                                     um28nchllogl35udl140f_ssgwc0p81v125c
            SVQ_AN2_MG_1                                                                      um28nchllogl35udl140f_ssgwc0p81v125c
            SVQ_EO2_V2_1                                                                      um28nchllogl35udl140f_ssgwc0p81v125c
        mac_pipeline_superscalar_DATA_WIDTH8_LANE_NUM3_15_DW01_add_5_DW01_add_101
            SVQ_ADDF_V1_1                                                                     um28nchllogl35udl140f_ssgwc0p81v125c
            SVQ_AN2_MG_1                                                                      um28nchllogl35udl140f_ssgwc0p81v125c
            SVQ_EO2_V2_1                                                                      um28nchllogl35udl140f_ssgwc0p81v125c
        mac_pipeline_superscalar_DATA_WIDTH8_LANE_NUM3_15_DW02_mult_0
            SVQ_ADDF_V1_1                                                                     um28nchllogl35udl140f_ssgwc0p81v125c
            SVQ_AN2_MG_1                                                                      um28nchllogl35udl140f_ssgwc0p81v125c
            SVQ_EO2_V2_1                                                                      um28nchllogl35udl140f_ssgwc0p81v125c
            SVQ_INV_1                                                                         um28nchllogl35udl140f_ssgwc0p81v125c
            SVQ_NR2_0P5                                                                       um28nchllogl35udl140f_ssgwc0p81v125c
            SVQ_TIE0_1                                                                        um28nchllogl35udl140f_ssgwc0p81v125c
            mac_pipeline_superscalar_DATA_WIDTH8_LANE_NUM3_15_DW01_add_6_DW01_add_147
                SVQ_AN2_0P5                                                                   um28nchllogl35udl140f_ssgwc0p81v125c
                SVQ_AOI21_0P5                                                                 um28nchllogl35udl140f_ssgwc0p81v125c
                SVQ_EO2_V2_0P5                                                                um28nchllogl35udl140f_ssgwc0p81v125c
                SVQ_EO3_1                                                                     um28nchllogl35udl140f_ssgwc0p81v125c
                SVQ_INV_1                                                                     um28nchllogl35udl140f_ssgwc0p81v125c
                SVQ_MAJI3_1                                                                   um28nchllogl35udl140f_ssgwc0p81v125c
                SVQ_ND2B_1                                                                    um28nchllogl35udl140f_ssgwc0p81v125c
                SVQ_ND2_0P5                                                                   um28nchllogl35udl140f_ssgwc0p81v125c
                SVQ_NR2_0P5                                                                   um28nchllogl35udl140f_ssgwc0p81v125c
                SVQ_OA21_1                                                                    um28nchllogl35udl140f_ssgwc0p81v125c
                SVQ_OAI21_0P7                                                                 um28nchllogl35udl140f_ssgwc0p81v125c
                SVQ_OAO211_DG_1                                                               um28nchllogl35udl140f_ssgwc0p81v125c
        mac_pipeline_superscalar_DATA_WIDTH8_LANE_NUM3_15_DW02_mult_1
            SVQ_ADDF_V1_1                                                                     um28nchllogl35udl140f_ssgwc0p81v125c
            SVQ_AN2_MG_1                                                                      um28nchllogl35udl140f_ssgwc0p81v125c
            SVQ_EO2_V2_1                                                                      um28nchllogl35udl140f_ssgwc0p81v125c
            SVQ_INV_1                                                                         um28nchllogl35udl140f_ssgwc0p81v125c
            SVQ_NR2_0P5                                                                       um28nchllogl35udl140f_ssgwc0p81v125c
            SVQ_TIE0_1                                                                        um28nchllogl35udl140f_ssgwc0p81v125c
            mac_pipeline_superscalar_DATA_WIDTH8_LANE_NUM3_15_DW01_add_7_DW01_add_148
                SVQ_AN2_0P5                                                                   um28nchllogl35udl140f_ssgwc0p81v125c
                SVQ_AOI21_0P5                                                                 um28nchllogl35udl140f_ssgwc0p81v125c
                SVQ_EO2_V2_0P5                                                                um28nchllogl35udl140f_ssgwc0p81v125c
                SVQ_EO3_1                                                                     um28nchllogl35udl140f_ssgwc0p81v125c
                SVQ_INV_1                                                                     um28nchllogl35udl140f_ssgwc0p81v125c
                SVQ_MAJI3_1                                                                   um28nchllogl35udl140f_ssgwc0p81v125c
                SVQ_ND2B_1                                                                    um28nchllogl35udl140f_ssgwc0p81v125c
                SVQ_ND2_0P5                                                                   um28nchllogl35udl140f_ssgwc0p81v125c
                SVQ_NR2_0P5                                                                   um28nchllogl35udl140f_ssgwc0p81v125c
                SVQ_OA21_1                                                                    um28nchllogl35udl140f_ssgwc0p81v125c
                SVQ_OAI21_0P7                                                                 um28nchllogl35udl140f_ssgwc0p81v125c
                SVQ_OAO211_DG_1                                                               um28nchllogl35udl140f_ssgwc0p81v125c
        mac_pipeline_superscalar_DATA_WIDTH8_LANE_NUM3_15_DW02_mult_2
            SVQ_ADDF_V1_1                                                                     um28nchllogl35udl140f_ssgwc0p81v125c
            SVQ_AN2_MG_1                                                                      um28nchllogl35udl140f_ssgwc0p81v125c
            SVQ_EO2_V2_1                                                                      um28nchllogl35udl140f_ssgwc0p81v125c
            SVQ_INV_1                                                                         um28nchllogl35udl140f_ssgwc0p81v125c
            SVQ_NR2_0P5                                                                       um28nchllogl35udl140f_ssgwc0p81v125c
            SVQ_NR2_1                                                                         um28nchllogl35udl140f_ssgwc0p81v125c
            SVQ_TIE0_1                                                                        um28nchllogl35udl140f_ssgwc0p81v125c
            mac_pipeline_superscalar_DATA_WIDTH8_LANE_NUM3_15_DW01_add_8_DW01_add_149
                SVQ_AN2_0P5                                                                   um28nchllogl35udl140f_ssgwc0p81v125c
                SVQ_AOI21_0P5                                                                 um28nchllogl35udl140f_ssgwc0p81v125c
                SVQ_EO2_V2_0P5                                                                um28nchllogl35udl140f_ssgwc0p81v125c
                SVQ_EO3_1                                                                     um28nchllogl35udl140f_ssgwc0p81v125c
                SVQ_INV_1                                                                     um28nchllogl35udl140f_ssgwc0p81v125c
                SVQ_MAJI3_1                                                                   um28nchllogl35udl140f_ssgwc0p81v125c
                SVQ_ND2B_1                                                                    um28nchllogl35udl140f_ssgwc0p81v125c
                SVQ_ND2_0P5                                                                   um28nchllogl35udl140f_ssgwc0p81v125c
                SVQ_NR2_0P5                                                                   um28nchllogl35udl140f_ssgwc0p81v125c
                SVQ_OA21_1                                                                    um28nchllogl35udl140f_ssgwc0p81v125c
                SVQ_OAI21_0P7                                                                 um28nchllogl35udl140f_ssgwc0p81v125c
                SVQ_OAO211_DG_1                                                               um28nchllogl35udl140f_ssgwc0p81v125c
    maxpool_16ch
        SVQ_AN2_MG_1                                                                          um28nchllogl35udl140f_ssgwc0p81v125c
        SVQ_AO2BB2_0P6                                                                        um28nchllogl35udl140f_ssgwc0p81v125c
        SVQ_AO2BB2_1                                                                          um28nchllogl35udl140f_ssgwc0p81v125c
        SVQ_AO21B_1                                                                           um28nchllogl35udl140f_ssgwc0p81v125c
        SVQ_AO21_U_1                                                                          um28nchllogl35udl140f_ssgwc0p81v125c
        SVQ_AOAI211_1                                                                         um28nchllogl35udl140f_ssgwc0p81v125c
        SVQ_AOI31_1                                                                           um28nchllogl35udl140f_ssgwc0p81v125c
        SVQ_AOI221_1                                                                          um28nchllogl35udl140f_ssgwc0p81v125c
        SVQ_AOI2222_V2_1                                                                      um28nchllogl35udl140f_ssgwc0p81v125c
        SVQ_BUF_M_1                                                                           um28nchllogl35udl140f_ssgwc0p81v125c
        SVQ_FDPRBQ_V2_1                                                                       um28nchllogl35udl140f_ssgwc0p81v125c
        SVQ_FDPRBSBQ_1                                                                        um28nchllogl35udl140f_ssgwc0p81v125c
        SVQ_INV_1                                                                             um28nchllogl35udl140f_ssgwc0p81v125c
        SVQ_LDPRBQ_1                                                                          um28nchllogl35udl140f_ssgwc0p81v125c
        SVQ_ND2B_1                                                                            um28nchllogl35udl140f_ssgwc0p81v125c
        SVQ_ND2B_V1_1                                                                         um28nchllogl35udl140f_ssgwc0p81v125c
        SVQ_ND2_0P5                                                                           um28nchllogl35udl140f_ssgwc0p81v125c
        SVQ_ND2_1                                                                             um28nchllogl35udl140f_ssgwc0p81v125c
        SVQ_ND3_1                                                                             um28nchllogl35udl140f_ssgwc0p81v125c
        SVQ_ND4_1                                                                             um28nchllogl35udl140f_ssgwc0p81v125c
        SVQ_NR2B_1                                                                            um28nchllogl35udl140f_ssgwc0p81v125c
        SVQ_NR2B_V1_1                                                                         um28nchllogl35udl140f_ssgwc0p81v125c
        SVQ_NR2_0P5                                                                           um28nchllogl35udl140f_ssgwc0p81v125c
        SVQ_NR2_1                                                                             um28nchllogl35udl140f_ssgwc0p81v125c
        SVQ_NR3_1                                                                             um28nchllogl35udl140f_ssgwc0p81v125c
        SVQ_NR4_1                                                                             um28nchllogl35udl140f_ssgwc0p81v125c
        SVQ_OA21B_1                                                                           um28nchllogl35udl140f_ssgwc0p81v125c
        SVQ_OA21_1                                                                            um28nchllogl35udl140f_ssgwc0p81v125c
        SVQ_OAI21_0P7                                                                         um28nchllogl35udl140f_ssgwc0p81v125c
        SVQ_OAI21_S_1                                                                         um28nchllogl35udl140f_ssgwc0p81v125c
        SVQ_OAI22_1                                                                           um28nchllogl35udl140f_ssgwc0p81v125c
        SVQ_OAI31_G_1                                                                         um28nchllogl35udl140f_ssgwc0p81v125c
        SVQ_OAI211_1                                                                          um28nchllogl35udl140f_ssgwc0p81v125c
        SVQ_OAI222_1                                                                          um28nchllogl35udl140f_ssgwc0p81v125c
        SVQ_OR2_1                                                                             um28nchllogl35udl140f_ssgwc0p81v125c
        SVQ_TIE1_1                                                                            um28nchllogl35udl140f_ssgwc0p81v125c
    output_buffer
        SVQ_ADDH_1                                                                            um28nchllogl35udl140f_ssgwc0p81v125c
        SVQ_AN2_MG_1                                                                          um28nchllogl35udl140f_ssgwc0p81v125c
        SVQ_AN3B_1                                                                            um28nchllogl35udl140f_ssgwc0p81v125c
        SVQ_AO2BB2_1                                                                          um28nchllogl35udl140f_ssgwc0p81v125c
        SVQ_AOAI211_1                                                                         um28nchllogl35udl140f_ssgwc0p81v125c
        SVQ_BUF_M_1                                                                           um28nchllogl35udl140f_ssgwc0p81v125c
        SVQ_EO2_V2_0P5                                                                        um28nchllogl35udl140f_ssgwc0p81v125c
        SVQ_FDPQ_V2_1                                                                         um28nchllogl35udl140f_ssgwc0p81v125c
        SVQ_FDPRBQ_V2_1                                                                       um28nchllogl35udl140f_ssgwc0p81v125c
        SVQ_INV_1                                                                             um28nchllogl35udl140f_ssgwc0p81v125c
        SVQ_INV_S_2                                                                           um28nchllogl35udl140f_ssgwc0p81v125c
        SVQ_LDPRBQ_1                                                                          um28nchllogl35udl140f_ssgwc0p81v125c
        SVQ_ND2_1                                                                             um28nchllogl35udl140f_ssgwc0p81v125c
        SVQ_ND3_1                                                                             um28nchllogl35udl140f_ssgwc0p81v125c
        SVQ_ND4_1                                                                             um28nchllogl35udl140f_ssgwc0p81v125c
        SVQ_NR2B_V1_1                                                                         um28nchllogl35udl140f_ssgwc0p81v125c
        SVQ_NR2_1                                                                             um28nchllogl35udl140f_ssgwc0p81v125c
        SVQ_NR3_1                                                                             um28nchllogl35udl140f_ssgwc0p81v125c
        SVQ_NR4_1                                                                             um28nchllogl35udl140f_ssgwc0p81v125c
        SVQ_OA21_1                                                                            um28nchllogl35udl140f_ssgwc0p81v125c
        SVQ_OAI22_1                                                                           um28nchllogl35udl140f_ssgwc0p81v125c
        SVQ_OAI222_1                                                                          um28nchllogl35udl140f_ssgwc0p81v125c
        SVQ_OR3B_1                                                                            um28nchllogl35udl140f_ssgwc0p81v125c
        SVQ_TIE1_1                                                                            um28nchllogl35udl140f_ssgwc0p81v125c
    regfile_sync
        SVQ_AN2_MG_1                                                                          um28nchllogl35udl140f_ssgwc0p81v125c
        SVQ_AN3B_1                                                                            um28nchllogl35udl140f_ssgwc0p81v125c
        SVQ_AO2BB2_1                                                                          um28nchllogl35udl140f_ssgwc0p81v125c
        SVQ_AOI211_1                                                                          um28nchllogl35udl140f_ssgwc0p81v125c
        SVQ_AOI2222_V2_1                                                                      um28nchllogl35udl140f_ssgwc0p81v125c
        SVQ_BUF_M_1                                                                           um28nchllogl35udl140f_ssgwc0p81v125c
        SVQ_EO2_V2_1                                                                          um28nchllogl35udl140f_ssgwc0p81v125c
        SVQ_FDPRBQ_V2_1                                                                       um28nchllogl35udl140f_ssgwc0p81v125c
        SVQ_INV_1                                                                             um28nchllogl35udl140f_ssgwc0p81v125c
        SVQ_LDPRBQ_1                                                                          um28nchllogl35udl140f_ssgwc0p81v125c
        SVQ_ND2_0P5                                                                           um28nchllogl35udl140f_ssgwc0p81v125c
        SVQ_ND2_1                                                                             um28nchllogl35udl140f_ssgwc0p81v125c
        SVQ_ND3_1                                                                             um28nchllogl35udl140f_ssgwc0p81v125c
        SVQ_ND4_1                                                                             um28nchllogl35udl140f_ssgwc0p81v125c
        SVQ_NR2B_1                                                                            um28nchllogl35udl140f_ssgwc0p81v125c
        SVQ_NR2B_V1_1                                                                         um28nchllogl35udl140f_ssgwc0p81v125c
        SVQ_NR2_0P5                                                                           um28nchllogl35udl140f_ssgwc0p81v125c
        SVQ_NR2_1                                                                             um28nchllogl35udl140f_ssgwc0p81v125c
        SVQ_NR3_1                                                                             um28nchllogl35udl140f_ssgwc0p81v125c
        SVQ_OAI22_1                                                                           um28nchllogl35udl140f_ssgwc0p81v125c
        SVQ_OAI31_G_1                                                                         um28nchllogl35udl140f_ssgwc0p81v125c
    w_buffer
        SVQ_ADDH_1                                                                            um28nchllogl35udl140f_ssgwc0p81v125c
        SVQ_AN2_0P5                                                                           um28nchllogl35udl140f_ssgwc0p81v125c
        SVQ_AN2_MG_1                                                                          um28nchllogl35udl140f_ssgwc0p81v125c
        SVQ_AN3B_1                                                                            um28nchllogl35udl140f_ssgwc0p81v125c
        SVQ_AN4B_1                                                                            um28nchllogl35udl140f_ssgwc0p81v125c
        SVQ_AN4_L_1                                                                           um28nchllogl35udl140f_ssgwc0p81v125c
        SVQ_AO2BB2_1                                                                          um28nchllogl35udl140f_ssgwc0p81v125c
        SVQ_AO21_U_1                                                                          um28nchllogl35udl140f_ssgwc0p81v125c
        SVQ_AO22_1                                                                            um28nchllogl35udl140f_ssgwc0p81v125c
        SVQ_AOI22_0P75                                                                        um28nchllogl35udl140f_ssgwc0p81v125c
        SVQ_AOI222_1                                                                          um28nchllogl35udl140f_ssgwc0p81v125c
        SVQ_AOI2222_V2_1                                                                      um28nchllogl35udl140f_ssgwc0p81v125c
        SVQ_BUF_M_1                                                                           um28nchllogl35udl140f_ssgwc0p81v125c
        SVQ_EO2_V2_0P5                                                                        um28nchllogl35udl140f_ssgwc0p81v125c
        SVQ_FDPQ_V2_1                                                                         um28nchllogl35udl140f_ssgwc0p81v125c
        SVQ_FDPRBQ_V2_1                                                                       um28nchllogl35udl140f_ssgwc0p81v125c
        SVQ_INV_1                                                                             um28nchllogl35udl140f_ssgwc0p81v125c
        SVQ_LDPRBQ_1                                                                          um28nchllogl35udl140f_ssgwc0p81v125c
        SVQ_MUX2_1                                                                            um28nchllogl35udl140f_ssgwc0p81v125c
        SVQ_ND2_1                                                                             um28nchllogl35udl140f_ssgwc0p81v125c
        SVQ_ND3_1                                                                             um28nchllogl35udl140f_ssgwc0p81v125c
        SVQ_ND4_1                                                                             um28nchllogl35udl140f_ssgwc0p81v125c
        SVQ_NR2B_V1_1                                                                         um28nchllogl35udl140f_ssgwc0p81v125c
        SVQ_NR2_1                                                                             um28nchllogl35udl140f_ssgwc0p81v125c
        SVQ_NR3_1                                                                             um28nchllogl35udl140f_ssgwc0p81v125c
        SVQ_OAI21_S_1                                                                         um28nchllogl35udl140f_ssgwc0p81v125c
        SVQ_OAI22_1                                                                           um28nchllogl35udl140f_ssgwc0p81v125c
        SVQ_OAI31_G_1                                                                         um28nchllogl35udl140f_ssgwc0p81v125c
        SVQ_OR3B_1                                                                            um28nchllogl35udl140f_ssgwc0p81v125c
        SVQ_TIE1_1                                                                            um28nchllogl35udl140f_ssgwc0p81v125c
1
