Warning: Design 'SPRNN_Top' has '2' unresolved references. For more detailed information, use the "link" command. (UID-341)
 
****************************************
Report : cell
Design : SPRNN_Top
Version: Q-2019.12-SP5-5
Date   : Sun Jun 15 19:40:49 2025
****************************************

Attributes:
    b - black box (unknown)
    h - hierarchical
    n - noncombinational
    p - parameterized
    r - removable
   so - sizing only
    u - contains unmapped logic

Cell                      Reference       Library             Area  Attributes
--------------------------------------------------------------------------------
C5602                     SVQ_AN2_MG_1    um28nchllogl35udl140f_ssgwc0p81v125c
                                                          0.392000  so
C5619                     SVQ_AN2_MG_1    um28nchllogl35udl140f_ssgwc0p81v125c
                                                          0.392000  so
C5668                     SVQ_AN2_MG_1    um28nchllogl35udl140f_ssgwc0p81v125c
                                                          0.392000  so
GEN_PE[0].u_PE_array      mac_pipeline_superscalar_DATA_WIDTH8_LANE_NUM3_15
                                                          1615.529956
                                                                    h, n, p
GEN_PE[1].u_PE_array      mac_pipeline_superscalar_DATA_WIDTH8_LANE_NUM3_14
                                                          1615.823956
                                                                    h, n, p
GEN_PE[2].u_PE_array      mac_pipeline_superscalar_DATA_WIDTH8_LANE_NUM3_13
                                                          1615.529956
                                                                    h, n, p
GEN_PE[3].u_PE_array      mac_pipeline_superscalar_DATA_WIDTH8_LANE_NUM3_12
                                                          1615.823956
                                                                    h, n, p
GEN_PE[4].u_PE_array      mac_pipeline_superscalar_DATA_WIDTH8_LANE_NUM3_11
                                                          1615.529956
                                                                    h, n, p
GEN_PE[5].u_PE_array      mac_pipeline_superscalar_DATA_WIDTH8_LANE_NUM3_10
                                                          1615.529956
                                                                    h, n, p
GEN_PE[6].u_PE_array      mac_pipeline_superscalar_DATA_WIDTH8_LANE_NUM3_9
                                                          1615.529956
                                                                    h, n, p
GEN_PE[7].u_PE_array      mac_pipeline_superscalar_DATA_WIDTH8_LANE_NUM3_8
                                                          1615.235956
                                                                    h, n, p
GEN_PE[8].u_PE_array      mac_pipeline_superscalar_DATA_WIDTH8_LANE_NUM3_7
                                                          1615.529956
                                                                    h, n, p
GEN_PE[9].u_PE_array      mac_pipeline_superscalar_DATA_WIDTH8_LANE_NUM3_6
                                                          1615.529956
                                                                    h, n, p
GEN_PE[10].u_PE_array     mac_pipeline_superscalar_DATA_WIDTH8_LANE_NUM3_5
                                                          1615.235956
                                                                    h, n, p
GEN_PE[11].u_PE_array     mac_pipeline_superscalar_DATA_WIDTH8_LANE_NUM3_4
                                                          1615.823956
                                                                    h, n, p
GEN_PE[12].u_PE_array     mac_pipeline_superscalar_DATA_WIDTH8_LANE_NUM3_3
                                                          1615.529956
                                                                    h, n, p
GEN_PE[13].u_PE_array     mac_pipeline_superscalar_DATA_WIDTH8_LANE_NUM3_2
                                                          1615.823956
                                                                    h, n, p
GEN_PE[14].u_PE_array     mac_pipeline_superscalar_DATA_WIDTH8_LANE_NUM3_1
                                                          1615.529956
                                                                    h, n, p
GEN_PE[15].u_PE_array     mac_pipeline_superscalar_DATA_WIDTH8_LANE_NUM3_0
                                                          1615.529956
                                                                    h, n, p
U1093                     SVQ_AN4B_1      um28nchllogl35udl140f_ssgwc0p81v125c
                                                          0.588000  
U1824                     SVQ_OAI21_S_1   um28nchllogl35udl140f_ssgwc0p81v125c
                                                          0.392000  so
U1825                     SVQ_OAI21_S_1   um28nchllogl35udl140f_ssgwc0p81v125c
                                                          0.392000  so
U1826                     SVQ_OAI21_S_1   um28nchllogl35udl140f_ssgwc0p81v125c
                                                          0.392000  so
U1827                     SVQ_OAI21_S_1   um28nchllogl35udl140f_ssgwc0p81v125c
                                                          0.392000  so
U1828                     SVQ_OAI21_S_1   um28nchllogl35udl140f_ssgwc0p81v125c
                                                          0.392000  so
U1829                     SVQ_OAI21_S_1   um28nchllogl35udl140f_ssgwc0p81v125c
                                                          0.392000  so
U1830                     SVQ_OAI222_1    um28nchllogl35udl140f_ssgwc0p81v125c
                                                          0.784000  so
U1831                     SVQ_OAI222_1    um28nchllogl35udl140f_ssgwc0p81v125c
                                                          0.784000  so
U1832                     SVQ_OAI222_1    um28nchllogl35udl140f_ssgwc0p81v125c
                                                          0.784000  so
U1833                     SVQ_OAI222_1    um28nchllogl35udl140f_ssgwc0p81v125c
                                                          0.784000  so
U1834                     SVQ_OAI222_1    um28nchllogl35udl140f_ssgwc0p81v125c
                                                          0.784000  so
U1835                     SVQ_OAI222_1    um28nchllogl35udl140f_ssgwc0p81v125c
                                                          0.784000  so
U1836                     SVQ_OAI222_1    um28nchllogl35udl140f_ssgwc0p81v125c
                                                          0.784000  so
U1837                     SVQ_OAI222_1    um28nchllogl35udl140f_ssgwc0p81v125c
                                                          0.784000  so
U1838                     SVQ_OAI222_1    um28nchllogl35udl140f_ssgwc0p81v125c
                                                          0.784000  so
U1839                     SVQ_OAI222_1    um28nchllogl35udl140f_ssgwc0p81v125c
                                                          0.784000  so
U1840                     SVQ_OAI222_1    um28nchllogl35udl140f_ssgwc0p81v125c
                                                          0.784000  so
U1841                     SVQ_OAI222_1    um28nchllogl35udl140f_ssgwc0p81v125c
                                                          0.784000  so
U1842                     SVQ_OAI222_1    um28nchllogl35udl140f_ssgwc0p81v125c
                                                          0.784000  so
U1843                     SVQ_OAI222_1    um28nchllogl35udl140f_ssgwc0p81v125c
                                                          0.784000  so
U1844                     SVQ_OAI222_1    um28nchllogl35udl140f_ssgwc0p81v125c
                                                          0.784000  so
U1845                     SVQ_OAI222_1    um28nchllogl35udl140f_ssgwc0p81v125c
                                                          0.784000  so
U1846                     SVQ_OAI222_1    um28nchllogl35udl140f_ssgwc0p81v125c
                                                          0.784000  so
U1847                     SVQ_OAI222_1    um28nchllogl35udl140f_ssgwc0p81v125c
                                                          0.784000  so
U1848                     SVQ_OAI222_1    um28nchllogl35udl140f_ssgwc0p81v125c
                                                          0.784000  so
U1849                     SVQ_OAI222_1    um28nchllogl35udl140f_ssgwc0p81v125c
                                                          0.784000  so
U1850                     SVQ_OAI222_1    um28nchllogl35udl140f_ssgwc0p81v125c
                                                          0.784000  so
U1851                     SVQ_OAI222_1    um28nchllogl35udl140f_ssgwc0p81v125c
                                                          0.784000  so
U1852                     SVQ_OAI222_1    um28nchllogl35udl140f_ssgwc0p81v125c
                                                          0.784000  so
U1853                     SVQ_OAI222_1    um28nchllogl35udl140f_ssgwc0p81v125c
                                                          0.784000  so
U1854                     SVQ_OAI222_1    um28nchllogl35udl140f_ssgwc0p81v125c
                                                          0.784000  so
U1855                     SVQ_OAI222_1    um28nchllogl35udl140f_ssgwc0p81v125c
                                                          0.784000  so
U1856                     SVQ_OAI222_1    um28nchllogl35udl140f_ssgwc0p81v125c
                                                          0.784000  so
U1857                     SVQ_OAI222_1    um28nchllogl35udl140f_ssgwc0p81v125c
                                                          0.784000  so
U1858                     SVQ_OAI222_1    um28nchllogl35udl140f_ssgwc0p81v125c
                                                          0.784000  so
U1859                     SVQ_OAI222_1    um28nchllogl35udl140f_ssgwc0p81v125c
                                                          0.784000  so
U1860                     SVQ_OAI222_1    um28nchllogl35udl140f_ssgwc0p81v125c
                                                          0.784000  so
U1861                     SVQ_OAI222_1    um28nchllogl35udl140f_ssgwc0p81v125c
                                                          0.784000  so
U1862                     SVQ_OAI222_1    um28nchllogl35udl140f_ssgwc0p81v125c
                                                          0.784000  so
U1863                     SVQ_OAI222_1    um28nchllogl35udl140f_ssgwc0p81v125c
                                                          0.784000  so
U1864                     SVQ_OAI222_1    um28nchllogl35udl140f_ssgwc0p81v125c
                                                          0.784000  so
U1865                     SVQ_OAI222_1    um28nchllogl35udl140f_ssgwc0p81v125c
                                                          0.784000  so
U1866                     SVQ_OAI222_1    um28nchllogl35udl140f_ssgwc0p81v125c
                                                          0.784000  so
U1867                     SVQ_OAI222_1    um28nchllogl35udl140f_ssgwc0p81v125c
                                                          0.784000  so
U1868                     SVQ_OAI222_1    um28nchllogl35udl140f_ssgwc0p81v125c
                                                          0.784000  so
U1869                     SVQ_OAI222_1    um28nchllogl35udl140f_ssgwc0p81v125c
                                                          0.784000  so
U1870                     SVQ_OAI222_1    um28nchllogl35udl140f_ssgwc0p81v125c
                                                          0.784000  so
U1871                     SVQ_OAI222_1    um28nchllogl35udl140f_ssgwc0p81v125c
                                                          0.784000  so
U1872                     SVQ_OAI222_1    um28nchllogl35udl140f_ssgwc0p81v125c
                                                          0.784000  so
U1873                     SVQ_OAI222_1    um28nchllogl35udl140f_ssgwc0p81v125c
                                                          0.784000  so
U1874                     SVQ_OAI222_1    um28nchllogl35udl140f_ssgwc0p81v125c
                                                          0.784000  so
U1875                     SVQ_OAI222_1    um28nchllogl35udl140f_ssgwc0p81v125c
                                                          0.784000  so
U1876                     SVQ_OAI222_1    um28nchllogl35udl140f_ssgwc0p81v125c
                                                          0.784000  so
U1877                     SVQ_OAI222_1    um28nchllogl35udl140f_ssgwc0p81v125c
                                                          0.784000  so
U1878                     SVQ_OAI222_1    um28nchllogl35udl140f_ssgwc0p81v125c
                                                          0.784000  so
U1879                     SVQ_OAI222_1    um28nchllogl35udl140f_ssgwc0p81v125c
                                                          0.784000  so
U1880                     SVQ_OAI222_1    um28nchllogl35udl140f_ssgwc0p81v125c
                                                          0.784000  so
U1881                     SVQ_OAI222_1    um28nchllogl35udl140f_ssgwc0p81v125c
                                                          0.784000  so
U1882                     SVQ_OAI222_1    um28nchllogl35udl140f_ssgwc0p81v125c
                                                          0.784000  so
U1883                     SVQ_OAI222_1    um28nchllogl35udl140f_ssgwc0p81v125c
                                                          0.784000  so
U1884                     SVQ_OAI222_1    um28nchllogl35udl140f_ssgwc0p81v125c
                                                          0.784000  so
U1885                     SVQ_OAI222_1    um28nchllogl35udl140f_ssgwc0p81v125c
                                                          0.784000  so
U1886                     SVQ_OAI222_1    um28nchllogl35udl140f_ssgwc0p81v125c
                                                          0.784000  so
U1887                     SVQ_OAI222_1    um28nchllogl35udl140f_ssgwc0p81v125c
                                                          0.784000  so
U1888                     SVQ_OAI222_1    um28nchllogl35udl140f_ssgwc0p81v125c
                                                          0.784000  so
U1889                     SVQ_OAI222_1    um28nchllogl35udl140f_ssgwc0p81v125c
                                                          0.784000  so
U1890                     SVQ_OAI222_1    um28nchllogl35udl140f_ssgwc0p81v125c
                                                          0.784000  so
U1891                     SVQ_OAI222_1    um28nchllogl35udl140f_ssgwc0p81v125c
                                                          0.784000  so
U1892                     SVQ_OAI222_1    um28nchllogl35udl140f_ssgwc0p81v125c
                                                          0.784000  so
U1893                     SVQ_OAI222_1    um28nchllogl35udl140f_ssgwc0p81v125c
                                                          0.784000  so
U1894                     SVQ_OAI222_1    um28nchllogl35udl140f_ssgwc0p81v125c
                                                          0.784000  so
U1895                     SVQ_OAI222_1    um28nchllogl35udl140f_ssgwc0p81v125c
                                                          0.784000  so
U1896                     SVQ_OAI222_1    um28nchllogl35udl140f_ssgwc0p81v125c
                                                          0.784000  so
U1897                     SVQ_OAI222_1    um28nchllogl35udl140f_ssgwc0p81v125c
                                                          0.784000  so
U1898                     SVQ_OAI222_1    um28nchllogl35udl140f_ssgwc0p81v125c
                                                          0.784000  so
U1899                     SVQ_OAI222_1    um28nchllogl35udl140f_ssgwc0p81v125c
                                                          0.784000  so
U1900                     SVQ_OAI222_1    um28nchllogl35udl140f_ssgwc0p81v125c
                                                          0.784000  so
U1901                     SVQ_OAI222_1    um28nchllogl35udl140f_ssgwc0p81v125c
                                                          0.784000  so
U1902                     SVQ_OAI222_1    um28nchllogl35udl140f_ssgwc0p81v125c
                                                          0.784000  so
U1903                     SVQ_OAI222_1    um28nchllogl35udl140f_ssgwc0p81v125c
                                                          0.784000  so
U1904                     SVQ_OAI222_1    um28nchllogl35udl140f_ssgwc0p81v125c
                                                          0.784000  so
U1905                     SVQ_OAI222_1    um28nchllogl35udl140f_ssgwc0p81v125c
                                                          0.784000  so
U1906                     SVQ_OAI222_1    um28nchllogl35udl140f_ssgwc0p81v125c
                                                          0.784000  so
U1907                     SVQ_OAI222_1    um28nchllogl35udl140f_ssgwc0p81v125c
                                                          0.784000  so
U1908                     SVQ_OAI222_1    um28nchllogl35udl140f_ssgwc0p81v125c
                                                          0.784000  so
U1909                     SVQ_OAI222_1    um28nchllogl35udl140f_ssgwc0p81v125c
                                                          0.784000  so
U1910                     SVQ_OAI222_1    um28nchllogl35udl140f_ssgwc0p81v125c
                                                          0.784000  so
U1911                     SVQ_OAI222_1    um28nchllogl35udl140f_ssgwc0p81v125c
                                                          0.784000  so
U1912                     SVQ_OAI222_1    um28nchllogl35udl140f_ssgwc0p81v125c
                                                          0.784000  so
U1913                     SVQ_OAI222_1    um28nchllogl35udl140f_ssgwc0p81v125c
                                                          0.784000  so
U1914                     SVQ_OAI222_1    um28nchllogl35udl140f_ssgwc0p81v125c
                                                          0.784000  so
U1915                     SVQ_OAI222_1    um28nchllogl35udl140f_ssgwc0p81v125c
                                                          0.784000  so
U1916                     SVQ_OAI222_1    um28nchllogl35udl140f_ssgwc0p81v125c
                                                          0.784000  so
U1917                     SVQ_OAI222_1    um28nchllogl35udl140f_ssgwc0p81v125c
                                                          0.784000  so
U1918                     SVQ_OAI222_1    um28nchllogl35udl140f_ssgwc0p81v125c
                                                          0.784000  so
U1919                     SVQ_OAI222_1    um28nchllogl35udl140f_ssgwc0p81v125c
                                                          0.784000  so
U1920                     SVQ_OAI222_1    um28nchllogl35udl140f_ssgwc0p81v125c
                                                          0.784000  so
U1921                     SVQ_OAI222_1    um28nchllogl35udl140f_ssgwc0p81v125c
                                                          0.784000  so
U1922                     SVQ_OAI222_1    um28nchllogl35udl140f_ssgwc0p81v125c
                                                          0.784000  so
U1923                     SVQ_OAI222_1    um28nchllogl35udl140f_ssgwc0p81v125c
                                                          0.784000  so
U1924                     SVQ_OAI222_1    um28nchllogl35udl140f_ssgwc0p81v125c
                                                          0.784000  so
U1925                     SVQ_OAI222_1    um28nchllogl35udl140f_ssgwc0p81v125c
                                                          0.784000  so
U1926                     SVQ_OAI222_1    um28nchllogl35udl140f_ssgwc0p81v125c
                                                          0.784000  so
U1927                     SVQ_OAI222_1    um28nchllogl35udl140f_ssgwc0p81v125c
                                                          0.784000  so
U1928                     SVQ_OAI222_1    um28nchllogl35udl140f_ssgwc0p81v125c
                                                          0.784000  so
U1929                     SVQ_OAI222_1    um28nchllogl35udl140f_ssgwc0p81v125c
                                                          0.784000  so
U1930                     SVQ_OAI222_1    um28nchllogl35udl140f_ssgwc0p81v125c
                                                          0.784000  so
U1931                     SVQ_OAI222_1    um28nchllogl35udl140f_ssgwc0p81v125c
                                                          0.784000  so
U1932                     SVQ_OAI222_1    um28nchllogl35udl140f_ssgwc0p81v125c
                                                          0.784000  so
U1933                     SVQ_OAI222_1    um28nchllogl35udl140f_ssgwc0p81v125c
                                                          0.784000  so
U1934                     SVQ_OAI222_1    um28nchllogl35udl140f_ssgwc0p81v125c
                                                          0.784000  so
U1935                     SVQ_OAI222_1    um28nchllogl35udl140f_ssgwc0p81v125c
                                                          0.784000  so
U1936                     SVQ_OAI222_1    um28nchllogl35udl140f_ssgwc0p81v125c
                                                          0.784000  so
U1937                     SVQ_OAI222_1    um28nchllogl35udl140f_ssgwc0p81v125c
                                                          0.784000  so
U1938                     SVQ_OAI222_1    um28nchllogl35udl140f_ssgwc0p81v125c
                                                          0.784000  so
U1939                     SVQ_OAI222_1    um28nchllogl35udl140f_ssgwc0p81v125c
                                                          0.784000  so
U1940                     SVQ_OAI222_1    um28nchllogl35udl140f_ssgwc0p81v125c
                                                          0.784000  so
U1941                     SVQ_OAI222_1    um28nchllogl35udl140f_ssgwc0p81v125c
                                                          0.784000  so
U1942                     SVQ_OAI222_1    um28nchllogl35udl140f_ssgwc0p81v125c
                                                          0.784000  so
U1943                     SVQ_OAI222_1    um28nchllogl35udl140f_ssgwc0p81v125c
                                                          0.784000  so
U1944                     SVQ_OAI222_1    um28nchllogl35udl140f_ssgwc0p81v125c
                                                          0.784000  so
U1945                     SVQ_OAI222_1    um28nchllogl35udl140f_ssgwc0p81v125c
                                                          0.784000  so
U1946                     SVQ_OAI222_1    um28nchllogl35udl140f_ssgwc0p81v125c
                                                          0.784000  so
U1947                     SVQ_OAI222_1    um28nchllogl35udl140f_ssgwc0p81v125c
                                                          0.784000  so
U1948                     SVQ_OAI222_1    um28nchllogl35udl140f_ssgwc0p81v125c
                                                          0.784000  so
U1949                     SVQ_OAI222_1    um28nchllogl35udl140f_ssgwc0p81v125c
                                                          0.784000  so
U1950                     SVQ_OAI222_1    um28nchllogl35udl140f_ssgwc0p81v125c
                                                          0.784000  so
U1951                     SVQ_OAI222_1    um28nchllogl35udl140f_ssgwc0p81v125c
                                                          0.784000  so
U1952                     SVQ_OAI222_1    um28nchllogl35udl140f_ssgwc0p81v125c
                                                          0.784000  so
U1953                     SVQ_OAI222_1    um28nchllogl35udl140f_ssgwc0p81v125c
                                                          0.784000  so
U1954                     SVQ_OAI222_1    um28nchllogl35udl140f_ssgwc0p81v125c
                                                          0.784000  so
U1955                     SVQ_OAI222_1    um28nchllogl35udl140f_ssgwc0p81v125c
                                                          0.784000  so
U1956                     SVQ_OAI222_1    um28nchllogl35udl140f_ssgwc0p81v125c
                                                          0.784000  so
U1957                     SVQ_OAI222_1    um28nchllogl35udl140f_ssgwc0p81v125c
                                                          0.784000  so
U1958                     SVQ_OAI222_1    um28nchllogl35udl140f_ssgwc0p81v125c
                                                          0.784000  so
U1959                     SVQ_OAI222_1    um28nchllogl35udl140f_ssgwc0p81v125c
                                                          0.784000  so
U1960                     SVQ_OAI222_1    um28nchllogl35udl140f_ssgwc0p81v125c
                                                          0.784000  so
U1961                     SVQ_OAI222_1    um28nchllogl35udl140f_ssgwc0p81v125c
                                                          0.784000  so
U1962                     SVQ_OAI222_1    um28nchllogl35udl140f_ssgwc0p81v125c
                                                          0.784000  so
U1963                     SVQ_OAI222_1    um28nchllogl35udl140f_ssgwc0p81v125c
                                                          0.784000  so
U1964                     SVQ_OAI222_1    um28nchllogl35udl140f_ssgwc0p81v125c
                                                          0.784000  so
U1965                     SVQ_OAI222_1    um28nchllogl35udl140f_ssgwc0p81v125c
                                                          0.784000  so
U1966                     SVQ_OAI222_1    um28nchllogl35udl140f_ssgwc0p81v125c
                                                          0.784000  so
U1967                     SVQ_OAI222_1    um28nchllogl35udl140f_ssgwc0p81v125c
                                                          0.784000  so
U1968                     SVQ_OAI222_1    um28nchllogl35udl140f_ssgwc0p81v125c
                                                          0.784000  so
U1969                     SVQ_OAI222_1    um28nchllogl35udl140f_ssgwc0p81v125c
                                                          0.784000  so
U1970                     SVQ_OAI222_1    um28nchllogl35udl140f_ssgwc0p81v125c
                                                          0.784000  so
U1971                     SVQ_OAI222_1    um28nchllogl35udl140f_ssgwc0p81v125c
                                                          0.784000  so
U1972                     SVQ_OAI222_1    um28nchllogl35udl140f_ssgwc0p81v125c
                                                          0.784000  so
U1973                     SVQ_OAI222_1    um28nchllogl35udl140f_ssgwc0p81v125c
                                                          0.784000  so
U1974                     SVQ_OAI222_1    um28nchllogl35udl140f_ssgwc0p81v125c
                                                          0.784000  so
U1975                     SVQ_OAI222_1    um28nchllogl35udl140f_ssgwc0p81v125c
                                                          0.784000  so
U1976                     SVQ_OAI222_1    um28nchllogl35udl140f_ssgwc0p81v125c
                                                          0.784000  so
U1977                     SVQ_OAI222_1    um28nchllogl35udl140f_ssgwc0p81v125c
                                                          0.784000  so
U1978                     SVQ_OAI222_1    um28nchllogl35udl140f_ssgwc0p81v125c
                                                          0.784000  so
U1979                     SVQ_OAI222_1    um28nchllogl35udl140f_ssgwc0p81v125c
                                                          0.784000  so
U1980                     SVQ_OAI222_1    um28nchllogl35udl140f_ssgwc0p81v125c
                                                          0.784000  so
U1981                     SVQ_OAI222_1    um28nchllogl35udl140f_ssgwc0p81v125c
                                                          0.784000  so
U1982                     SVQ_OAI222_1    um28nchllogl35udl140f_ssgwc0p81v125c
                                                          0.784000  so
U1983                     SVQ_OAI222_1    um28nchllogl35udl140f_ssgwc0p81v125c
                                                          0.784000  so
U1984                     SVQ_OAI222_1    um28nchllogl35udl140f_ssgwc0p81v125c
                                                          0.784000  so
U1985                     SVQ_OAI222_1    um28nchllogl35udl140f_ssgwc0p81v125c
                                                          0.784000  so
U1986                     SVQ_OAI222_1    um28nchllogl35udl140f_ssgwc0p81v125c
                                                          0.784000  so
U1987                     SVQ_OAI222_1    um28nchllogl35udl140f_ssgwc0p81v125c
                                                          0.784000  so
U1988                     SVQ_OAI222_1    um28nchllogl35udl140f_ssgwc0p81v125c
                                                          0.784000  so
U1989                     SVQ_OAI222_1    um28nchllogl35udl140f_ssgwc0p81v125c
                                                          0.784000  so
U1990                     SVQ_OAI222_1    um28nchllogl35udl140f_ssgwc0p81v125c
                                                          0.784000  so
U1991                     SVQ_OAI222_1    um28nchllogl35udl140f_ssgwc0p81v125c
                                                          0.784000  so
U1992                     SVQ_OAI222_1    um28nchllogl35udl140f_ssgwc0p81v125c
                                                          0.784000  so
U1993                     SVQ_OAI222_1    um28nchllogl35udl140f_ssgwc0p81v125c
                                                          0.784000  so
U1994                     SVQ_OAI222_1    um28nchllogl35udl140f_ssgwc0p81v125c
                                                          0.784000  so
U1995                     SVQ_OAI222_1    um28nchllogl35udl140f_ssgwc0p81v125c
                                                          0.784000  so
U1996                     SVQ_OAI222_1    um28nchllogl35udl140f_ssgwc0p81v125c
                                                          0.784000  so
U1997                     SVQ_OAI222_1    um28nchllogl35udl140f_ssgwc0p81v125c
                                                          0.784000  so
U1998                     SVQ_OAI222_1    um28nchllogl35udl140f_ssgwc0p81v125c
                                                          0.784000  so
U1999                     SVQ_OAI222_1    um28nchllogl35udl140f_ssgwc0p81v125c
                                                          0.784000  so
U2000                     SVQ_OAI222_1    um28nchllogl35udl140f_ssgwc0p81v125c
                                                          0.784000  so
U2001                     SVQ_OAI222_1    um28nchllogl35udl140f_ssgwc0p81v125c
                                                          0.784000  so
U2002                     SVQ_OAI222_1    um28nchllogl35udl140f_ssgwc0p81v125c
                                                          0.784000  so
U2003                     SVQ_OAI222_1    um28nchllogl35udl140f_ssgwc0p81v125c
                                                          0.784000  so
U2004                     SVQ_OAI222_1    um28nchllogl35udl140f_ssgwc0p81v125c
                                                          0.784000  so
U2005                     SVQ_OAI222_1    um28nchllogl35udl140f_ssgwc0p81v125c
                                                          0.784000  so
U2006                     SVQ_OAI222_1    um28nchllogl35udl140f_ssgwc0p81v125c
                                                          0.784000  so
U2007                     SVQ_OAI222_1    um28nchllogl35udl140f_ssgwc0p81v125c
                                                          0.784000  so
U2008                     SVQ_OAI222_1    um28nchllogl35udl140f_ssgwc0p81v125c
                                                          0.784000  so
U2009                     SVQ_OAI222_1    um28nchllogl35udl140f_ssgwc0p81v125c
                                                          0.784000  so
U2010                     SVQ_OAI222_1    um28nchllogl35udl140f_ssgwc0p81v125c
                                                          0.784000  so
U2011                     SVQ_OAI222_1    um28nchllogl35udl140f_ssgwc0p81v125c
                                                          0.784000  so
U2012                     SVQ_OAI222_1    um28nchllogl35udl140f_ssgwc0p81v125c
                                                          0.784000  so
U2013                     SVQ_OAI222_1    um28nchllogl35udl140f_ssgwc0p81v125c
                                                          0.784000  so
U2014                     SVQ_OAI222_1    um28nchllogl35udl140f_ssgwc0p81v125c
                                                          0.784000  so
U2015                     SVQ_OAI222_1    um28nchllogl35udl140f_ssgwc0p81v125c
                                                          0.784000  so
U2016                     SVQ_OAI222_1    um28nchllogl35udl140f_ssgwc0p81v125c
                                                          0.784000  so
U2017                     SVQ_OAI222_1    um28nchllogl35udl140f_ssgwc0p81v125c
                                                          0.784000  so
U2018                     SVQ_OAI222_1    um28nchllogl35udl140f_ssgwc0p81v125c
                                                          0.784000  so
U2019                     SVQ_OAI222_1    um28nchllogl35udl140f_ssgwc0p81v125c
                                                          0.784000  so
U2020                     SVQ_OAI222_1    um28nchllogl35udl140f_ssgwc0p81v125c
                                                          0.784000  so
U2021                     SVQ_OAI222_1    um28nchllogl35udl140f_ssgwc0p81v125c
                                                          0.784000  so
U2022                     SVQ_OAI222_1    um28nchllogl35udl140f_ssgwc0p81v125c
                                                          0.784000  so
U2023                     SVQ_OAI222_1    um28nchllogl35udl140f_ssgwc0p81v125c
                                                          0.784000  so
U2024                     SVQ_OAI222_1    um28nchllogl35udl140f_ssgwc0p81v125c
                                                          0.784000  so
U2025                     SVQ_OAI222_1    um28nchllogl35udl140f_ssgwc0p81v125c
                                                          0.784000  so
U2026                     SVQ_OAI222_1    um28nchllogl35udl140f_ssgwc0p81v125c
                                                          0.784000  so
U2027                     SVQ_OAI222_1    um28nchllogl35udl140f_ssgwc0p81v125c
                                                          0.784000  so
U2028                     SVQ_OAI222_1    um28nchllogl35udl140f_ssgwc0p81v125c
                                                          0.784000  so
U2029                     SVQ_OAI222_1    um28nchllogl35udl140f_ssgwc0p81v125c
                                                          0.784000  so
U2030                     SVQ_OAI222_1    um28nchllogl35udl140f_ssgwc0p81v125c
                                                          0.784000  so
U2031                     SVQ_OAI222_1    um28nchllogl35udl140f_ssgwc0p81v125c
                                                          0.784000  so
U2032                     SVQ_OAI222_1    um28nchllogl35udl140f_ssgwc0p81v125c
                                                          0.784000  so
U2033                     SVQ_OAI222_1    um28nchllogl35udl140f_ssgwc0p81v125c
                                                          0.784000  so
U2034                     SVQ_OAI222_1    um28nchllogl35udl140f_ssgwc0p81v125c
                                                          0.784000  so
U2035                     SVQ_OAI222_1    um28nchllogl35udl140f_ssgwc0p81v125c
                                                          0.784000  so
U2036                     SVQ_OAI222_1    um28nchllogl35udl140f_ssgwc0p81v125c
                                                          0.784000  so
U2037                     SVQ_OAI222_1    um28nchllogl35udl140f_ssgwc0p81v125c
                                                          0.784000  so
U2038                     SVQ_OAI222_1    um28nchllogl35udl140f_ssgwc0p81v125c
                                                          0.784000  so
U2039                     SVQ_OAI222_1    um28nchllogl35udl140f_ssgwc0p81v125c
                                                          0.784000  so
U2040                     SVQ_OAI222_1    um28nchllogl35udl140f_ssgwc0p81v125c
                                                          0.784000  so
U2041                     SVQ_OAI222_1    um28nchllogl35udl140f_ssgwc0p81v125c
                                                          0.784000  so
U2042                     SVQ_OAI222_1    um28nchllogl35udl140f_ssgwc0p81v125c
                                                          0.784000  so
U2043                     SVQ_OAI222_1    um28nchllogl35udl140f_ssgwc0p81v125c
                                                          0.784000  so
U2044                     SVQ_OAI222_1    um28nchllogl35udl140f_ssgwc0p81v125c
                                                          0.784000  so
U2045                     SVQ_OAI222_1    um28nchllogl35udl140f_ssgwc0p81v125c
                                                          0.784000  so
U2046                     SVQ_OAI222_1    um28nchllogl35udl140f_ssgwc0p81v125c
                                                          0.784000  so
U2047                     SVQ_OAI222_1    um28nchllogl35udl140f_ssgwc0p81v125c
                                                          0.784000  so
U2048                     SVQ_OAI222_1    um28nchllogl35udl140f_ssgwc0p81v125c
                                                          0.784000  so
U2049                     SVQ_OAI222_1    um28nchllogl35udl140f_ssgwc0p81v125c
                                                          0.784000  so
U2050                     SVQ_OAI222_1    um28nchllogl35udl140f_ssgwc0p81v125c
                                                          0.784000  so
U2051                     SVQ_OAI222_1    um28nchllogl35udl140f_ssgwc0p81v125c
                                                          0.784000  so
U2052                     SVQ_OAI222_1    um28nchllogl35udl140f_ssgwc0p81v125c
                                                          0.784000  so
U2053                     SVQ_OAI222_1    um28nchllogl35udl140f_ssgwc0p81v125c
                                                          0.784000  so
U2054                     SVQ_OAI222_1    um28nchllogl35udl140f_ssgwc0p81v125c
                                                          0.784000  so
U2055                     SVQ_OAI222_1    um28nchllogl35udl140f_ssgwc0p81v125c
                                                          0.784000  so
U2056                     SVQ_OAI222_1    um28nchllogl35udl140f_ssgwc0p81v125c
                                                          0.784000  so
U2057                     SVQ_OAI222_1    um28nchllogl35udl140f_ssgwc0p81v125c
                                                          0.784000  so
U2058                     SVQ_OAI222_1    um28nchllogl35udl140f_ssgwc0p81v125c
                                                          0.784000  so
U2059                     SVQ_OAI222_1    um28nchllogl35udl140f_ssgwc0p81v125c
                                                          0.784000  so
U2060                     SVQ_OAI222_1    um28nchllogl35udl140f_ssgwc0p81v125c
                                                          0.784000  so
U2061                     SVQ_OAI222_1    um28nchllogl35udl140f_ssgwc0p81v125c
                                                          0.784000  so
U2062                     SVQ_OAI222_1    um28nchllogl35udl140f_ssgwc0p81v125c
                                                          0.784000  so
U2063                     SVQ_OAI222_1    um28nchllogl35udl140f_ssgwc0p81v125c
                                                          0.784000  so
U2064                     SVQ_OAI222_1    um28nchllogl35udl140f_ssgwc0p81v125c
                                                          0.784000  so
U2065                     SVQ_OAI222_1    um28nchllogl35udl140f_ssgwc0p81v125c
                                                          0.784000  so
U2066                     SVQ_OAI222_1    um28nchllogl35udl140f_ssgwc0p81v125c
                                                          0.784000  so
U2067                     SVQ_OAI222_1    um28nchllogl35udl140f_ssgwc0p81v125c
                                                          0.784000  so
U2068                     SVQ_OAI222_1    um28nchllogl35udl140f_ssgwc0p81v125c
                                                          0.784000  so
U2069                     SVQ_OAI222_1    um28nchllogl35udl140f_ssgwc0p81v125c
                                                          0.784000  so
U2070                     SVQ_OAI222_1    um28nchllogl35udl140f_ssgwc0p81v125c
                                                          0.784000  so
U2071                     SVQ_OAI222_1    um28nchllogl35udl140f_ssgwc0p81v125c
                                                          0.784000  so
U2072                     SVQ_OAI222_1    um28nchllogl35udl140f_ssgwc0p81v125c
                                                          0.784000  so
U2073                     SVQ_OAI222_1    um28nchllogl35udl140f_ssgwc0p81v125c
                                                          0.784000  so
U2074                     SVQ_OAI222_1    um28nchllogl35udl140f_ssgwc0p81v125c
                                                          0.784000  so
U2075                     SVQ_OAI222_1    um28nchllogl35udl140f_ssgwc0p81v125c
                                                          0.784000  so
U2076                     SVQ_OAI222_1    um28nchllogl35udl140f_ssgwc0p81v125c
                                                          0.784000  so
U2077                     SVQ_OAI222_1    um28nchllogl35udl140f_ssgwc0p81v125c
                                                          0.784000  so
U2078                     SVQ_OAI222_1    um28nchllogl35udl140f_ssgwc0p81v125c
                                                          0.784000  so
U2079                     SVQ_OAI222_1    um28nchllogl35udl140f_ssgwc0p81v125c
                                                          0.784000  so
U2080                     SVQ_OAI222_1    um28nchllogl35udl140f_ssgwc0p81v125c
                                                          0.784000  so
U2081                     SVQ_OAI222_1    um28nchllogl35udl140f_ssgwc0p81v125c
                                                          0.784000  so
U2082                     SVQ_OAI222_1    um28nchllogl35udl140f_ssgwc0p81v125c
                                                          0.784000  so
U2083                     SVQ_OAI222_1    um28nchllogl35udl140f_ssgwc0p81v125c
                                                          0.784000  so
U2084                     SVQ_OAI222_1    um28nchllogl35udl140f_ssgwc0p81v125c
                                                          0.784000  so
U2085                     SVQ_OAI222_1    um28nchllogl35udl140f_ssgwc0p81v125c
                                                          0.784000  so
U2086                     SVQ_OAI222_1    um28nchllogl35udl140f_ssgwc0p81v125c
                                                          0.784000  so
U2087                     SVQ_OAI222_1    um28nchllogl35udl140f_ssgwc0p81v125c
                                                          0.784000  so
U2088                     SVQ_OAI222_1    um28nchllogl35udl140f_ssgwc0p81v125c
                                                          0.784000  so
U2089                     SVQ_OAI222_1    um28nchllogl35udl140f_ssgwc0p81v125c
                                                          0.784000  so
U2090                     SVQ_OAI222_1    um28nchllogl35udl140f_ssgwc0p81v125c
                                                          0.784000  so
U2091                     SVQ_OAI222_1    um28nchllogl35udl140f_ssgwc0p81v125c
                                                          0.784000  so
U2092                     SVQ_OAI222_1    um28nchllogl35udl140f_ssgwc0p81v125c
                                                          0.784000  so
U2093                     SVQ_OAI222_1    um28nchllogl35udl140f_ssgwc0p81v125c
                                                          0.784000  so
U2094                     SVQ_OAI222_1    um28nchllogl35udl140f_ssgwc0p81v125c
                                                          0.784000  so
U2095                     SVQ_OAI222_1    um28nchllogl35udl140f_ssgwc0p81v125c
                                                          0.784000  so
U2096                     SVQ_OAI222_1    um28nchllogl35udl140f_ssgwc0p81v125c
                                                          0.784000  so
U2097                     SVQ_OAI222_1    um28nchllogl35udl140f_ssgwc0p81v125c
                                                          0.784000  so
U2098                     SVQ_OAI222_1    um28nchllogl35udl140f_ssgwc0p81v125c
                                                          0.784000  so
U2099                     SVQ_OAI222_1    um28nchllogl35udl140f_ssgwc0p81v125c
                                                          0.784000  so
U2100                     SVQ_OAI222_1    um28nchllogl35udl140f_ssgwc0p81v125c
                                                          0.784000  so
U2101                     SVQ_OAI222_1    um28nchllogl35udl140f_ssgwc0p81v125c
                                                          0.784000  so
U2102                     SVQ_OAI222_1    um28nchllogl35udl140f_ssgwc0p81v125c
                                                          0.784000  so
U2103                     SVQ_OAI222_1    um28nchllogl35udl140f_ssgwc0p81v125c
                                                          0.784000  so
U2104                     SVQ_OAI222_1    um28nchllogl35udl140f_ssgwc0p81v125c
                                                          0.784000  so
U2105                     SVQ_OAI222_1    um28nchllogl35udl140f_ssgwc0p81v125c
                                                          0.784000  so
U2106                     SVQ_OAI222_1    um28nchllogl35udl140f_ssgwc0p81v125c
                                                          0.784000  so
U2107                     SVQ_OAI222_1    um28nchllogl35udl140f_ssgwc0p81v125c
                                                          0.784000  so
U2108                     SVQ_OAI222_1    um28nchllogl35udl140f_ssgwc0p81v125c
                                                          0.784000  so
U2109                     SVQ_OAI222_1    um28nchllogl35udl140f_ssgwc0p81v125c
                                                          0.784000  so
U2110                     SVQ_OAI222_1    um28nchllogl35udl140f_ssgwc0p81v125c
                                                          0.784000  so
U2111                     SVQ_OAI222_1    um28nchllogl35udl140f_ssgwc0p81v125c
                                                          0.784000  so
U2112                     SVQ_OAI222_1    um28nchllogl35udl140f_ssgwc0p81v125c
                                                          0.784000  so
U2113                     SVQ_OAI222_1    um28nchllogl35udl140f_ssgwc0p81v125c
                                                          0.784000  so
U2114                     SVQ_OAI222_1    um28nchllogl35udl140f_ssgwc0p81v125c
                                                          0.784000  so
U2115                     SVQ_OAI222_1    um28nchllogl35udl140f_ssgwc0p81v125c
                                                          0.784000  so
U2116                     SVQ_OAI222_1    um28nchllogl35udl140f_ssgwc0p81v125c
                                                          0.784000  so
U2117                     SVQ_OAI222_1    um28nchllogl35udl140f_ssgwc0p81v125c
                                                          0.784000  so
U2118                     SVQ_OAI222_1    um28nchllogl35udl140f_ssgwc0p81v125c
                                                          0.784000  so
U2119                     SVQ_OAI222_1    um28nchllogl35udl140f_ssgwc0p81v125c
                                                          0.784000  so
U2120                     SVQ_OAI222_1    um28nchllogl35udl140f_ssgwc0p81v125c
                                                          0.784000  so
U2121                     SVQ_OAI222_1    um28nchllogl35udl140f_ssgwc0p81v125c
                                                          0.784000  so
U2122                     SVQ_OAI222_1    um28nchllogl35udl140f_ssgwc0p81v125c
                                                          0.784000  so
U2123                     SVQ_OAI222_1    um28nchllogl35udl140f_ssgwc0p81v125c
                                                          0.784000  so
U2124                     SVQ_OAI222_1    um28nchllogl35udl140f_ssgwc0p81v125c
                                                          0.784000  so
U2125                     SVQ_OAI222_1    um28nchllogl35udl140f_ssgwc0p81v125c
                                                          0.784000  so
U2126                     SVQ_OAI222_1    um28nchllogl35udl140f_ssgwc0p81v125c
                                                          0.784000  so
U2127                     SVQ_OAI222_1    um28nchllogl35udl140f_ssgwc0p81v125c
                                                          0.784000  so
U2130                     SVQ_INV_1       um28nchllogl35udl140f_ssgwc0p81v125c
                                                          0.196000  
U2131                     SVQ_INV_1       um28nchllogl35udl140f_ssgwc0p81v125c
                                                          0.196000  
U2132                     SVQ_INV_1       um28nchllogl35udl140f_ssgwc0p81v125c
                                                          0.196000  
U2133                     SVQ_INV_1       um28nchllogl35udl140f_ssgwc0p81v125c
                                                          0.196000  
U2134                     SVQ_INV_1       um28nchllogl35udl140f_ssgwc0p81v125c
                                                          0.196000  
U2135                     SVQ_INV_1       um28nchllogl35udl140f_ssgwc0p81v125c
                                                          0.196000  
U2136                     SVQ_INV_1       um28nchllogl35udl140f_ssgwc0p81v125c
                                                          0.196000  
U2137                     SVQ_INV_1       um28nchllogl35udl140f_ssgwc0p81v125c
                                                          0.196000  
U2138                     SVQ_INV_1       um28nchllogl35udl140f_ssgwc0p81v125c
                                                          0.196000  
U2139                     SVQ_INV_1       um28nchllogl35udl140f_ssgwc0p81v125c
                                                          0.196000  
U2140                     SVQ_INV_1       um28nchllogl35udl140f_ssgwc0p81v125c
                                                          0.196000  
U2141                     SVQ_INV_1       um28nchllogl35udl140f_ssgwc0p81v125c
                                                          0.196000  
U2142                     SVQ_INV_1       um28nchllogl35udl140f_ssgwc0p81v125c
                                                          0.196000  
U2143                     SVQ_INV_1       um28nchllogl35udl140f_ssgwc0p81v125c
                                                          0.196000  
U2144                     SVQ_INV_1       um28nchllogl35udl140f_ssgwc0p81v125c
                                                          0.196000  
U2145                     SVQ_INV_1       um28nchllogl35udl140f_ssgwc0p81v125c
                                                          0.196000  
U2146                     SVQ_INV_1       um28nchllogl35udl140f_ssgwc0p81v125c
                                                          0.196000  
U2147                     SVQ_INV_1       um28nchllogl35udl140f_ssgwc0p81v125c
                                                          0.196000  
U2148                     SVQ_INV_1       um28nchllogl35udl140f_ssgwc0p81v125c
                                                          0.196000  
U2149                     SVQ_INV_1       um28nchllogl35udl140f_ssgwc0p81v125c
                                                          0.196000  
U2150                     SVQ_INV_1       um28nchllogl35udl140f_ssgwc0p81v125c
                                                          0.196000  
U2151                     SVQ_INV_1       um28nchllogl35udl140f_ssgwc0p81v125c
                                                          0.196000  
U2152                     SVQ_INV_1       um28nchllogl35udl140f_ssgwc0p81v125c
                                                          0.196000  
U2153                     SVQ_INV_1       um28nchllogl35udl140f_ssgwc0p81v125c
                                                          0.196000  
U2154                     SVQ_INV_1       um28nchllogl35udl140f_ssgwc0p81v125c
                                                          0.196000  
U2155                     SVQ_BUF_M_1     um28nchllogl35udl140f_ssgwc0p81v125c
                                                          0.294000  
U2156                     SVQ_BUF_M_1     um28nchllogl35udl140f_ssgwc0p81v125c
                                                          0.294000  
U2157                     SVQ_BUF_M_1     um28nchllogl35udl140f_ssgwc0p81v125c
                                                          0.294000  
U2158                     SVQ_BUF_M_1     um28nchllogl35udl140f_ssgwc0p81v125c
                                                          0.294000  
U2159                     SVQ_BUF_M_1     um28nchllogl35udl140f_ssgwc0p81v125c
                                                          0.294000  
U2160                     SVQ_BUF_M_1     um28nchllogl35udl140f_ssgwc0p81v125c
                                                          0.294000  
U2161                     SVQ_BUF_M_1     um28nchllogl35udl140f_ssgwc0p81v125c
                                                          0.294000  
U2162                     SVQ_BUF_M_1     um28nchllogl35udl140f_ssgwc0p81v125c
                                                          0.294000  
U2163                     SVQ_BUF_M_1     um28nchllogl35udl140f_ssgwc0p81v125c
                                                          0.294000  
U2164                     SVQ_BUF_M_1     um28nchllogl35udl140f_ssgwc0p81v125c
                                                          0.294000  
U2165                     SVQ_BUF_M_1     um28nchllogl35udl140f_ssgwc0p81v125c
                                                          0.294000  
U2166                     SVQ_BUF_M_1     um28nchllogl35udl140f_ssgwc0p81v125c
                                                          0.294000  
U2167                     SVQ_INV_1       um28nchllogl35udl140f_ssgwc0p81v125c
                                                          0.196000  
U2168                     SVQ_INV_1       um28nchllogl35udl140f_ssgwc0p81v125c
                                                          0.196000  
U2169                     SVQ_INV_1       um28nchllogl35udl140f_ssgwc0p81v125c
                                                          0.196000  
U2170                     SVQ_INV_1       um28nchllogl35udl140f_ssgwc0p81v125c
                                                          0.196000  
U2171                     SVQ_INV_1       um28nchllogl35udl140f_ssgwc0p81v125c
                                                          0.196000  
U2172                     SVQ_NR4_1       um28nchllogl35udl140f_ssgwc0p81v125c
                                                          0.490000  
U2173                     SVQ_ND4_1       um28nchllogl35udl140f_ssgwc0p81v125c
                                                          0.490000  
U2174                     SVQ_ND3_1       um28nchllogl35udl140f_ssgwc0p81v125c
                                                          0.392000  
U2175                     SVQ_BUF_M_1     um28nchllogl35udl140f_ssgwc0p81v125c
                                                          0.294000  
U2176                     SVQ_BUF_M_1     um28nchllogl35udl140f_ssgwc0p81v125c
                                                          0.294000  
U2177                     SVQ_BUF_M_1     um28nchllogl35udl140f_ssgwc0p81v125c
                                                          0.294000  
U2178                     SVQ_BUF_M_1     um28nchllogl35udl140f_ssgwc0p81v125c
                                                          0.294000  
U2179                     SVQ_ND4_1       um28nchllogl35udl140f_ssgwc0p81v125c
                                                          0.490000  
U2180                     SVQ_ND4_1       um28nchllogl35udl140f_ssgwc0p81v125c
                                                          0.490000  
U2181                     SVQ_INV_1       um28nchllogl35udl140f_ssgwc0p81v125c
                                                          0.196000  
U2182                     SVQ_INV_1       um28nchllogl35udl140f_ssgwc0p81v125c
                                                          0.196000  
U2183                     SVQ_INV_1       um28nchllogl35udl140f_ssgwc0p81v125c
                                                          0.196000  
U2184                     SVQ_INV_1       um28nchllogl35udl140f_ssgwc0p81v125c
                                                          0.196000  
U2185                     SVQ_INV_1       um28nchllogl35udl140f_ssgwc0p81v125c
                                                          0.196000  
U2186                     SVQ_INV_1       um28nchllogl35udl140f_ssgwc0p81v125c
                                                          0.196000  
U2187                     SVQ_BUF_M_1     um28nchllogl35udl140f_ssgwc0p81v125c
                                                          0.294000  
U2188                     SVQ_BUF_M_1     um28nchllogl35udl140f_ssgwc0p81v125c
                                                          0.294000  
U2189                     SVQ_BUF_M_1     um28nchllogl35udl140f_ssgwc0p81v125c
                                                          0.294000  
U2190                     SVQ_BUF_M_1     um28nchllogl35udl140f_ssgwc0p81v125c
                                                          0.294000  
U2191                     SVQ_BUF_M_1     um28nchllogl35udl140f_ssgwc0p81v125c
                                                          0.294000  
U2192                     SVQ_BUF_M_1     um28nchllogl35udl140f_ssgwc0p81v125c
                                                          0.294000  
U2193                     SVQ_BUF_M_1     um28nchllogl35udl140f_ssgwc0p81v125c
                                                          0.294000  
U2194                     SVQ_BUF_M_1     um28nchllogl35udl140f_ssgwc0p81v125c
                                                          0.294000  
U2195                     SVQ_BUF_M_1     um28nchllogl35udl140f_ssgwc0p81v125c
                                                          0.294000  
U2196                     SVQ_BUF_M_1     um28nchllogl35udl140f_ssgwc0p81v125c
                                                          0.294000  
U2197                     SVQ_INV_1       um28nchllogl35udl140f_ssgwc0p81v125c
                                                          0.196000  
U2198                     SVQ_BUF_M_1     um28nchllogl35udl140f_ssgwc0p81v125c
                                                          0.294000  
U2199                     SVQ_BUF_M_1     um28nchllogl35udl140f_ssgwc0p81v125c
                                                          0.294000  
U2200                     SVQ_INV_1       um28nchllogl35udl140f_ssgwc0p81v125c
                                                          0.196000  
U2201                     SVQ_INV_1       um28nchllogl35udl140f_ssgwc0p81v125c
                                                          0.196000  
U2202                     SVQ_BUF_M_1     um28nchllogl35udl140f_ssgwc0p81v125c
                                                          0.294000  
U2203                     SVQ_AN2_MG_1    um28nchllogl35udl140f_ssgwc0p81v125c
                                                          0.392000  
U2204                     SVQ_BUF_M_1     um28nchllogl35udl140f_ssgwc0p81v125c
                                                          0.294000  
U2205                     SVQ_AO22_1      um28nchllogl35udl140f_ssgwc0p81v125c
                                                          0.686000  
U2206                     SVQ_AO22_1      um28nchllogl35udl140f_ssgwc0p81v125c
                                                          0.686000  
U2207                     SVQ_AO22_1      um28nchllogl35udl140f_ssgwc0p81v125c
                                                          0.686000  
U2208                     SVQ_AO22_1      um28nchllogl35udl140f_ssgwc0p81v125c
                                                          0.686000  
U2209                     SVQ_AO22_1      um28nchllogl35udl140f_ssgwc0p81v125c
                                                          0.686000  
U2210                     SVQ_AO22_1      um28nchllogl35udl140f_ssgwc0p81v125c
                                                          0.686000  
U2211                     SVQ_AO22_1      um28nchllogl35udl140f_ssgwc0p81v125c
                                                          0.686000  
U2212                     SVQ_AO22_1      um28nchllogl35udl140f_ssgwc0p81v125c
                                                          0.686000  
U2213                     SVQ_AO22_1      um28nchllogl35udl140f_ssgwc0p81v125c
                                                          0.686000  
U2214                     SVQ_AO22_1      um28nchllogl35udl140f_ssgwc0p81v125c
                                                          0.686000  
U2215                     SVQ_AO22_1      um28nchllogl35udl140f_ssgwc0p81v125c
                                                          0.686000  
U2216                     SVQ_AO22_1      um28nchllogl35udl140f_ssgwc0p81v125c
                                                          0.686000  
U2217                     SVQ_AO22_1      um28nchllogl35udl140f_ssgwc0p81v125c
                                                          0.686000  
U2218                     SVQ_AO22_1      um28nchllogl35udl140f_ssgwc0p81v125c
                                                          0.686000  
U2219                     SVQ_AO22_1      um28nchllogl35udl140f_ssgwc0p81v125c
                                                          0.686000  
U2220                     SVQ_AO22_1      um28nchllogl35udl140f_ssgwc0p81v125c
                                                          0.686000  
U2221                     SVQ_AO22_1      um28nchllogl35udl140f_ssgwc0p81v125c
                                                          0.686000  
U2222                     SVQ_AO22_1      um28nchllogl35udl140f_ssgwc0p81v125c
                                                          0.686000  
U2223                     SVQ_AO22_1      um28nchllogl35udl140f_ssgwc0p81v125c
                                                          0.686000  
U2224                     SVQ_AO22_1      um28nchllogl35udl140f_ssgwc0p81v125c
                                                          0.686000  
U2225                     SVQ_AO22_1      um28nchllogl35udl140f_ssgwc0p81v125c
                                                          0.686000  
U2226                     SVQ_AO22_1      um28nchllogl35udl140f_ssgwc0p81v125c
                                                          0.686000  
U2227                     SVQ_AO22_1      um28nchllogl35udl140f_ssgwc0p81v125c
                                                          0.686000  
U2228                     SVQ_AO22_1      um28nchllogl35udl140f_ssgwc0p81v125c
                                                          0.686000  
U2229                     SVQ_AO22_1      um28nchllogl35udl140f_ssgwc0p81v125c
                                                          0.686000  
U2230                     SVQ_AO22_1      um28nchllogl35udl140f_ssgwc0p81v125c
                                                          0.686000  
U2231                     SVQ_AO22_1      um28nchllogl35udl140f_ssgwc0p81v125c
                                                          0.686000  
U2232                     SVQ_AO22_1      um28nchllogl35udl140f_ssgwc0p81v125c
                                                          0.686000  
U2233                     SVQ_AO22_1      um28nchllogl35udl140f_ssgwc0p81v125c
                                                          0.686000  
U2234                     SVQ_AO22_1      um28nchllogl35udl140f_ssgwc0p81v125c
                                                          0.686000  
U2235                     SVQ_AO22_1      um28nchllogl35udl140f_ssgwc0p81v125c
                                                          0.686000  
U2236                     SVQ_AO22_1      um28nchllogl35udl140f_ssgwc0p81v125c
                                                          0.686000  
U2237                     SVQ_AO22_1      um28nchllogl35udl140f_ssgwc0p81v125c
                                                          0.686000  
U2238                     SVQ_AO22_1      um28nchllogl35udl140f_ssgwc0p81v125c
                                                          0.686000  
U2239                     SVQ_AO22_1      um28nchllogl35udl140f_ssgwc0p81v125c
                                                          0.686000  
U2240                     SVQ_AO22_1      um28nchllogl35udl140f_ssgwc0p81v125c
                                                          0.686000  
U2241                     SVQ_AO22_1      um28nchllogl35udl140f_ssgwc0p81v125c
                                                          0.686000  
U2242                     SVQ_AO22_1      um28nchllogl35udl140f_ssgwc0p81v125c
                                                          0.686000  
U2243                     SVQ_AO22_1      um28nchllogl35udl140f_ssgwc0p81v125c
                                                          0.686000  
U2244                     SVQ_AO22_1      um28nchllogl35udl140f_ssgwc0p81v125c
                                                          0.686000  
U2245                     SVQ_AO22_1      um28nchllogl35udl140f_ssgwc0p81v125c
                                                          0.686000  
U2246                     SVQ_AO22_1      um28nchllogl35udl140f_ssgwc0p81v125c
                                                          0.686000  
U2247                     SVQ_AO22_1      um28nchllogl35udl140f_ssgwc0p81v125c
                                                          0.686000  
U2248                     SVQ_AO22_1      um28nchllogl35udl140f_ssgwc0p81v125c
                                                          0.686000  
U2249                     SVQ_AO22_1      um28nchllogl35udl140f_ssgwc0p81v125c
                                                          0.686000  
U2250                     SVQ_AO22_1      um28nchllogl35udl140f_ssgwc0p81v125c
                                                          0.686000  
U2251                     SVQ_AO22_1      um28nchllogl35udl140f_ssgwc0p81v125c
                                                          0.686000  
U2252                     SVQ_AO22_1      um28nchllogl35udl140f_ssgwc0p81v125c
                                                          0.686000  
U2253                     SVQ_AO22_1      um28nchllogl35udl140f_ssgwc0p81v125c
                                                          0.686000  
U2254                     SVQ_AO22_1      um28nchllogl35udl140f_ssgwc0p81v125c
                                                          0.686000  
U2255                     SVQ_AO22_1      um28nchllogl35udl140f_ssgwc0p81v125c
                                                          0.686000  
U2256                     SVQ_AO22_1      um28nchllogl35udl140f_ssgwc0p81v125c
                                                          0.686000  
U2257                     SVQ_AO22_1      um28nchllogl35udl140f_ssgwc0p81v125c
                                                          0.686000  
U2258                     SVQ_AO22_1      um28nchllogl35udl140f_ssgwc0p81v125c
                                                          0.686000  
U2259                     SVQ_AO22_1      um28nchllogl35udl140f_ssgwc0p81v125c
                                                          0.686000  
U2260                     SVQ_AO22_1      um28nchllogl35udl140f_ssgwc0p81v125c
                                                          0.686000  
U2261                     SVQ_AO22_1      um28nchllogl35udl140f_ssgwc0p81v125c
                                                          0.686000  
U2262                     SVQ_AO22_1      um28nchllogl35udl140f_ssgwc0p81v125c
                                                          0.686000  
U2263                     SVQ_AO22_1      um28nchllogl35udl140f_ssgwc0p81v125c
                                                          0.686000  
U2264                     SVQ_AO22_1      um28nchllogl35udl140f_ssgwc0p81v125c
                                                          0.686000  
U2265                     SVQ_AO22_1      um28nchllogl35udl140f_ssgwc0p81v125c
                                                          0.686000  
U2266                     SVQ_AO22_1      um28nchllogl35udl140f_ssgwc0p81v125c
                                                          0.686000  
U2267                     SVQ_AO22_1      um28nchllogl35udl140f_ssgwc0p81v125c
                                                          0.686000  
U2268                     SVQ_AO22_1      um28nchllogl35udl140f_ssgwc0p81v125c
                                                          0.686000  
U2269                     SVQ_AO22_1      um28nchllogl35udl140f_ssgwc0p81v125c
                                                          0.686000  
U2270                     SVQ_AO22_1      um28nchllogl35udl140f_ssgwc0p81v125c
                                                          0.686000  
U2271                     SVQ_AO22_1      um28nchllogl35udl140f_ssgwc0p81v125c
                                                          0.686000  
U2272                     SVQ_AO22_1      um28nchllogl35udl140f_ssgwc0p81v125c
                                                          0.686000  
U2273                     SVQ_AO22_1      um28nchllogl35udl140f_ssgwc0p81v125c
                                                          0.686000  
U2274                     SVQ_AO22_1      um28nchllogl35udl140f_ssgwc0p81v125c
                                                          0.686000  
U2275                     SVQ_AO22_1      um28nchllogl35udl140f_ssgwc0p81v125c
                                                          0.686000  
U2276                     SVQ_AO22_1      um28nchllogl35udl140f_ssgwc0p81v125c
                                                          0.686000  
U2277                     SVQ_AO22_1      um28nchllogl35udl140f_ssgwc0p81v125c
                                                          0.686000  
U2278                     SVQ_AO22_1      um28nchllogl35udl140f_ssgwc0p81v125c
                                                          0.686000  
U2279                     SVQ_AO22_1      um28nchllogl35udl140f_ssgwc0p81v125c
                                                          0.686000  
U2280                     SVQ_AO22_1      um28nchllogl35udl140f_ssgwc0p81v125c
                                                          0.686000  
U2281                     SVQ_AO22_1      um28nchllogl35udl140f_ssgwc0p81v125c
                                                          0.686000  
U2282                     SVQ_AO22_1      um28nchllogl35udl140f_ssgwc0p81v125c
                                                          0.686000  
U2283                     SVQ_AO22_1      um28nchllogl35udl140f_ssgwc0p81v125c
                                                          0.686000  
U2284                     SVQ_AO22_1      um28nchllogl35udl140f_ssgwc0p81v125c
                                                          0.686000  
U2285                     SVQ_AO22_1      um28nchllogl35udl140f_ssgwc0p81v125c
                                                          0.686000  
U2286                     SVQ_AO22_1      um28nchllogl35udl140f_ssgwc0p81v125c
                                                          0.686000  
U2287                     SVQ_AO22_1      um28nchllogl35udl140f_ssgwc0p81v125c
                                                          0.686000  
U2288                     SVQ_AO22_1      um28nchllogl35udl140f_ssgwc0p81v125c
                                                          0.686000  
U2289                     SVQ_AO22_1      um28nchllogl35udl140f_ssgwc0p81v125c
                                                          0.686000  
U2290                     SVQ_AO22_1      um28nchllogl35udl140f_ssgwc0p81v125c
                                                          0.686000  
U2291                     SVQ_AO22_1      um28nchllogl35udl140f_ssgwc0p81v125c
                                                          0.686000  
U2292                     SVQ_AO22_1      um28nchllogl35udl140f_ssgwc0p81v125c
                                                          0.686000  
U2293                     SVQ_AO22_1      um28nchllogl35udl140f_ssgwc0p81v125c
                                                          0.686000  
U2294                     SVQ_AO22_1      um28nchllogl35udl140f_ssgwc0p81v125c
                                                          0.686000  
U2295                     SVQ_AO22_1      um28nchllogl35udl140f_ssgwc0p81v125c
                                                          0.686000  
U2296                     SVQ_AO22_1      um28nchllogl35udl140f_ssgwc0p81v125c
                                                          0.686000  
U2297                     SVQ_AO22_1      um28nchllogl35udl140f_ssgwc0p81v125c
                                                          0.686000  
U2298                     SVQ_AO22_1      um28nchllogl35udl140f_ssgwc0p81v125c
                                                          0.686000  
U2299                     SVQ_AO22_1      um28nchllogl35udl140f_ssgwc0p81v125c
                                                          0.686000  
U2300                     SVQ_AO22_1      um28nchllogl35udl140f_ssgwc0p81v125c
                                                          0.686000  
U2301                     SVQ_AO22_1      um28nchllogl35udl140f_ssgwc0p81v125c
                                                          0.686000  
U2302                     SVQ_AO22_1      um28nchllogl35udl140f_ssgwc0p81v125c
                                                          0.686000  
U2303                     SVQ_AO22_1      um28nchllogl35udl140f_ssgwc0p81v125c
                                                          0.686000  
U2304                     SVQ_AO22_1      um28nchllogl35udl140f_ssgwc0p81v125c
                                                          0.686000  
U2305                     SVQ_AO22_1      um28nchllogl35udl140f_ssgwc0p81v125c
                                                          0.686000  
U2306                     SVQ_AO22_1      um28nchllogl35udl140f_ssgwc0p81v125c
                                                          0.686000  
U2307                     SVQ_AO22_1      um28nchllogl35udl140f_ssgwc0p81v125c
                                                          0.686000  
U2308                     SVQ_AO22_1      um28nchllogl35udl140f_ssgwc0p81v125c
                                                          0.686000  
U2309                     SVQ_AO22_1      um28nchllogl35udl140f_ssgwc0p81v125c
                                                          0.686000  
U2310                     SVQ_AO22_1      um28nchllogl35udl140f_ssgwc0p81v125c
                                                          0.686000  
U2311                     SVQ_AO22_1      um28nchllogl35udl140f_ssgwc0p81v125c
                                                          0.686000  
U2312                     SVQ_AO22_1      um28nchllogl35udl140f_ssgwc0p81v125c
                                                          0.686000  
U2313                     SVQ_AO22_1      um28nchllogl35udl140f_ssgwc0p81v125c
                                                          0.686000  
U2314                     SVQ_AO22_1      um28nchllogl35udl140f_ssgwc0p81v125c
                                                          0.686000  
U2315                     SVQ_AO22_1      um28nchllogl35udl140f_ssgwc0p81v125c
                                                          0.686000  
U2316                     SVQ_AO22_1      um28nchllogl35udl140f_ssgwc0p81v125c
                                                          0.686000  
U2317                     SVQ_AO22_1      um28nchllogl35udl140f_ssgwc0p81v125c
                                                          0.686000  
U2318                     SVQ_AO22_1      um28nchllogl35udl140f_ssgwc0p81v125c
                                                          0.686000  
U2319                     SVQ_AO22_1      um28nchllogl35udl140f_ssgwc0p81v125c
                                                          0.686000  
U2320                     SVQ_AO22_1      um28nchllogl35udl140f_ssgwc0p81v125c
                                                          0.686000  
U2321                     SVQ_AO22_1      um28nchllogl35udl140f_ssgwc0p81v125c
                                                          0.686000  
U2322                     SVQ_AO22_1      um28nchllogl35udl140f_ssgwc0p81v125c
                                                          0.686000  
U2323                     SVQ_AO22_1      um28nchllogl35udl140f_ssgwc0p81v125c
                                                          0.686000  
U2324                     SVQ_AO22_1      um28nchllogl35udl140f_ssgwc0p81v125c
                                                          0.686000  
U2325                     SVQ_AO22_1      um28nchllogl35udl140f_ssgwc0p81v125c
                                                          0.686000  
U2326                     SVQ_AO22_1      um28nchllogl35udl140f_ssgwc0p81v125c
                                                          0.686000  
U2327                     SVQ_AO22_1      um28nchllogl35udl140f_ssgwc0p81v125c
                                                          0.686000  
U2328                     SVQ_AO22_1      um28nchllogl35udl140f_ssgwc0p81v125c
                                                          0.686000  
U2329                     SVQ_AO22_1      um28nchllogl35udl140f_ssgwc0p81v125c
                                                          0.686000  
U2330                     SVQ_AO22_1      um28nchllogl35udl140f_ssgwc0p81v125c
                                                          0.686000  
U2331                     SVQ_AO22_1      um28nchllogl35udl140f_ssgwc0p81v125c
                                                          0.686000  
U2332                     SVQ_AO22_1      um28nchllogl35udl140f_ssgwc0p81v125c
                                                          0.686000  
U2333                     SVQ_AO22_1      um28nchllogl35udl140f_ssgwc0p81v125c
                                                          0.686000  
U2334                     SVQ_AO22_1      um28nchllogl35udl140f_ssgwc0p81v125c
                                                          0.686000  
U2335                     SVQ_AO22_1      um28nchllogl35udl140f_ssgwc0p81v125c
                                                          0.686000  
U2336                     SVQ_AO22_1      um28nchllogl35udl140f_ssgwc0p81v125c
                                                          0.686000  
U2337                     SVQ_AO22_1      um28nchllogl35udl140f_ssgwc0p81v125c
                                                          0.686000  
U2338                     SVQ_AO22_1      um28nchllogl35udl140f_ssgwc0p81v125c
                                                          0.686000  
U2339                     SVQ_AO22_1      um28nchllogl35udl140f_ssgwc0p81v125c
                                                          0.686000  
U2340                     SVQ_AO22_1      um28nchllogl35udl140f_ssgwc0p81v125c
                                                          0.686000  
U2341                     SVQ_AO22_1      um28nchllogl35udl140f_ssgwc0p81v125c
                                                          0.686000  
U2342                     SVQ_AO22_1      um28nchllogl35udl140f_ssgwc0p81v125c
                                                          0.686000  
U2343                     SVQ_AO22_1      um28nchllogl35udl140f_ssgwc0p81v125c
                                                          0.686000  
U2344                     SVQ_AO22_1      um28nchllogl35udl140f_ssgwc0p81v125c
                                                          0.686000  
U2345                     SVQ_AO22_1      um28nchllogl35udl140f_ssgwc0p81v125c
                                                          0.686000  
U2346                     SVQ_AO22_1      um28nchllogl35udl140f_ssgwc0p81v125c
                                                          0.686000  
U2347                     SVQ_AO22_1      um28nchllogl35udl140f_ssgwc0p81v125c
                                                          0.686000  
U2348                     SVQ_AO22_1      um28nchllogl35udl140f_ssgwc0p81v125c
                                                          0.686000  
U2349                     SVQ_AO22_1      um28nchllogl35udl140f_ssgwc0p81v125c
                                                          0.686000  
U2350                     SVQ_AO22_1      um28nchllogl35udl140f_ssgwc0p81v125c
                                                          0.686000  
U2351                     SVQ_AO22_1      um28nchllogl35udl140f_ssgwc0p81v125c
                                                          0.686000  
U2352                     SVQ_AO22_1      um28nchllogl35udl140f_ssgwc0p81v125c
                                                          0.686000  
U2353                     SVQ_AO22_1      um28nchllogl35udl140f_ssgwc0p81v125c
                                                          0.686000  
U2354                     SVQ_AO22_1      um28nchllogl35udl140f_ssgwc0p81v125c
                                                          0.686000  
U2355                     SVQ_AO22_1      um28nchllogl35udl140f_ssgwc0p81v125c
                                                          0.686000  
U2356                     SVQ_AO22_1      um28nchllogl35udl140f_ssgwc0p81v125c
                                                          0.686000  
U2357                     SVQ_AO22_1      um28nchllogl35udl140f_ssgwc0p81v125c
                                                          0.686000  
U2358                     SVQ_AO22_1      um28nchllogl35udl140f_ssgwc0p81v125c
                                                          0.686000  
U2359                     SVQ_AO22_1      um28nchllogl35udl140f_ssgwc0p81v125c
                                                          0.686000  
U2360                     SVQ_AO22_1      um28nchllogl35udl140f_ssgwc0p81v125c
                                                          0.686000  
U2361                     SVQ_AO22_1      um28nchllogl35udl140f_ssgwc0p81v125c
                                                          0.686000  
U2362                     SVQ_AO22_1      um28nchllogl35udl140f_ssgwc0p81v125c
                                                          0.686000  
U2363                     SVQ_AO22_1      um28nchllogl35udl140f_ssgwc0p81v125c
                                                          0.686000  
U2364                     SVQ_AO22_1      um28nchllogl35udl140f_ssgwc0p81v125c
                                                          0.686000  
U2365                     SVQ_AO22_1      um28nchllogl35udl140f_ssgwc0p81v125c
                                                          0.686000  
U2366                     SVQ_AO22_1      um28nchllogl35udl140f_ssgwc0p81v125c
                                                          0.686000  
U2367                     SVQ_AO22_1      um28nchllogl35udl140f_ssgwc0p81v125c
                                                          0.686000  
U2368                     SVQ_AO22_1      um28nchllogl35udl140f_ssgwc0p81v125c
                                                          0.686000  
U2369                     SVQ_AO22_1      um28nchllogl35udl140f_ssgwc0p81v125c
                                                          0.686000  
U2370                     SVQ_AO22_1      um28nchllogl35udl140f_ssgwc0p81v125c
                                                          0.686000  
U2371                     SVQ_AO22_1      um28nchllogl35udl140f_ssgwc0p81v125c
                                                          0.686000  
U2372                     SVQ_AO22_1      um28nchllogl35udl140f_ssgwc0p81v125c
                                                          0.686000  
U2373                     SVQ_AO22_1      um28nchllogl35udl140f_ssgwc0p81v125c
                                                          0.686000  
U2374                     SVQ_AO22_1      um28nchllogl35udl140f_ssgwc0p81v125c
                                                          0.686000  
U2375                     SVQ_AO22_1      um28nchllogl35udl140f_ssgwc0p81v125c
                                                          0.686000  
U2376                     SVQ_AO22_1      um28nchllogl35udl140f_ssgwc0p81v125c
                                                          0.686000  
U2377                     SVQ_AO22_1      um28nchllogl35udl140f_ssgwc0p81v125c
                                                          0.686000  
U2378                     SVQ_AO22_1      um28nchllogl35udl140f_ssgwc0p81v125c
                                                          0.686000  
U2379                     SVQ_AO22_1      um28nchllogl35udl140f_ssgwc0p81v125c
                                                          0.686000  
U2380                     SVQ_AO22_1      um28nchllogl35udl140f_ssgwc0p81v125c
                                                          0.686000  
U2381                     SVQ_AO22_1      um28nchllogl35udl140f_ssgwc0p81v125c
                                                          0.686000  
U2382                     SVQ_AO22_1      um28nchllogl35udl140f_ssgwc0p81v125c
                                                          0.686000  
U2383                     SVQ_AO22_1      um28nchllogl35udl140f_ssgwc0p81v125c
                                                          0.686000  
U2384                     SVQ_AO22_1      um28nchllogl35udl140f_ssgwc0p81v125c
                                                          0.686000  
U2385                     SVQ_AO22_1      um28nchllogl35udl140f_ssgwc0p81v125c
                                                          0.686000  
U2386                     SVQ_AO22_1      um28nchllogl35udl140f_ssgwc0p81v125c
                                                          0.686000  
U2387                     SVQ_AO22_1      um28nchllogl35udl140f_ssgwc0p81v125c
                                                          0.686000  
U2388                     SVQ_AO22_1      um28nchllogl35udl140f_ssgwc0p81v125c
                                                          0.686000  
U2389                     SVQ_AO22_1      um28nchllogl35udl140f_ssgwc0p81v125c
                                                          0.686000  
U2390                     SVQ_AO22_1      um28nchllogl35udl140f_ssgwc0p81v125c
                                                          0.686000  
U2391                     SVQ_AO22_1      um28nchllogl35udl140f_ssgwc0p81v125c
                                                          0.686000  
U2392                     SVQ_AO22_1      um28nchllogl35udl140f_ssgwc0p81v125c
                                                          0.686000  
U2393                     SVQ_AO22_1      um28nchllogl35udl140f_ssgwc0p81v125c
                                                          0.686000  
U2394                     SVQ_AO22_1      um28nchllogl35udl140f_ssgwc0p81v125c
                                                          0.686000  
U2395                     SVQ_AO22_1      um28nchllogl35udl140f_ssgwc0p81v125c
                                                          0.686000  
U2396                     SVQ_AO22_1      um28nchllogl35udl140f_ssgwc0p81v125c
                                                          0.686000  
U2397                     SVQ_AO22_1      um28nchllogl35udl140f_ssgwc0p81v125c
                                                          0.686000  
U2398                     SVQ_AO22_1      um28nchllogl35udl140f_ssgwc0p81v125c
                                                          0.686000  
U2399                     SVQ_AO22_1      um28nchllogl35udl140f_ssgwc0p81v125c
                                                          0.686000  
U2400                     SVQ_AO22_1      um28nchllogl35udl140f_ssgwc0p81v125c
                                                          0.686000  
U2401                     SVQ_AO22_1      um28nchllogl35udl140f_ssgwc0p81v125c
                                                          0.686000  
U2402                     SVQ_AO22_1      um28nchllogl35udl140f_ssgwc0p81v125c
                                                          0.686000  
U2403                     SVQ_AO22_1      um28nchllogl35udl140f_ssgwc0p81v125c
                                                          0.686000  
U2404                     SVQ_AO22_1      um28nchllogl35udl140f_ssgwc0p81v125c
                                                          0.686000  
U2405                     SVQ_AO22_1      um28nchllogl35udl140f_ssgwc0p81v125c
                                                          0.686000  
U2406                     SVQ_AO22_1      um28nchllogl35udl140f_ssgwc0p81v125c
                                                          0.686000  
U2407                     SVQ_AO22_1      um28nchllogl35udl140f_ssgwc0p81v125c
                                                          0.686000  
U2408                     SVQ_AO22_1      um28nchllogl35udl140f_ssgwc0p81v125c
                                                          0.686000  
U2409                     SVQ_AO22_1      um28nchllogl35udl140f_ssgwc0p81v125c
                                                          0.686000  
U2410                     SVQ_AO22_1      um28nchllogl35udl140f_ssgwc0p81v125c
                                                          0.686000  
U2411                     SVQ_AO22_1      um28nchllogl35udl140f_ssgwc0p81v125c
                                                          0.686000  
U2412                     SVQ_AO22_1      um28nchllogl35udl140f_ssgwc0p81v125c
                                                          0.686000  
U2413                     SVQ_AO22_1      um28nchllogl35udl140f_ssgwc0p81v125c
                                                          0.686000  
U2414                     SVQ_AO22_1      um28nchllogl35udl140f_ssgwc0p81v125c
                                                          0.686000  
U2415                     SVQ_AO22_1      um28nchllogl35udl140f_ssgwc0p81v125c
                                                          0.686000  
U2416                     SVQ_AO22_1      um28nchllogl35udl140f_ssgwc0p81v125c
                                                          0.686000  
U2417                     SVQ_AO22_1      um28nchllogl35udl140f_ssgwc0p81v125c
                                                          0.686000  
U2418                     SVQ_AO22_1      um28nchllogl35udl140f_ssgwc0p81v125c
                                                          0.686000  
U2419                     SVQ_AO22_1      um28nchllogl35udl140f_ssgwc0p81v125c
                                                          0.686000  
U2420                     SVQ_AO22_1      um28nchllogl35udl140f_ssgwc0p81v125c
                                                          0.686000  
U2421                     SVQ_AO22_1      um28nchllogl35udl140f_ssgwc0p81v125c
                                                          0.686000  
U2422                     SVQ_AO22_1      um28nchllogl35udl140f_ssgwc0p81v125c
                                                          0.686000  
U2423                     SVQ_AO22_1      um28nchllogl35udl140f_ssgwc0p81v125c
                                                          0.686000  
U2424                     SVQ_AO22_1      um28nchllogl35udl140f_ssgwc0p81v125c
                                                          0.686000  
U2425                     SVQ_AO22_1      um28nchllogl35udl140f_ssgwc0p81v125c
                                                          0.686000  
U2426                     SVQ_AO22_1      um28nchllogl35udl140f_ssgwc0p81v125c
                                                          0.686000  
U2427                     SVQ_AO22_1      um28nchllogl35udl140f_ssgwc0p81v125c
                                                          0.686000  
U2428                     SVQ_AO22_1      um28nchllogl35udl140f_ssgwc0p81v125c
                                                          0.686000  
U2429                     SVQ_AO22_1      um28nchllogl35udl140f_ssgwc0p81v125c
                                                          0.686000  
U2430                     SVQ_AO22_1      um28nchllogl35udl140f_ssgwc0p81v125c
                                                          0.686000  
U2431                     SVQ_AO22_1      um28nchllogl35udl140f_ssgwc0p81v125c
                                                          0.686000  
U2432                     SVQ_AO22_1      um28nchllogl35udl140f_ssgwc0p81v125c
                                                          0.686000  
U2433                     SVQ_AO22_1      um28nchllogl35udl140f_ssgwc0p81v125c
                                                          0.686000  
U2434                     SVQ_AO22_1      um28nchllogl35udl140f_ssgwc0p81v125c
                                                          0.686000  
U2435                     SVQ_AO22_1      um28nchllogl35udl140f_ssgwc0p81v125c
                                                          0.686000  
U2436                     SVQ_AO22_1      um28nchllogl35udl140f_ssgwc0p81v125c
                                                          0.686000  
U2437                     SVQ_AO22_1      um28nchllogl35udl140f_ssgwc0p81v125c
                                                          0.686000  
U2438                     SVQ_AO22_1      um28nchllogl35udl140f_ssgwc0p81v125c
                                                          0.686000  
U2439                     SVQ_AO22_1      um28nchllogl35udl140f_ssgwc0p81v125c
                                                          0.686000  
U2440                     SVQ_AO22_1      um28nchllogl35udl140f_ssgwc0p81v125c
                                                          0.686000  
U2441                     SVQ_AO22_1      um28nchllogl35udl140f_ssgwc0p81v125c
                                                          0.686000  
U2442                     SVQ_AO22_1      um28nchllogl35udl140f_ssgwc0p81v125c
                                                          0.686000  
U2443                     SVQ_AO22_1      um28nchllogl35udl140f_ssgwc0p81v125c
                                                          0.686000  
U2444                     SVQ_AO22_1      um28nchllogl35udl140f_ssgwc0p81v125c
                                                          0.686000  
U2445                     SVQ_AO22_1      um28nchllogl35udl140f_ssgwc0p81v125c
                                                          0.686000  
U2446                     SVQ_AO22_1      um28nchllogl35udl140f_ssgwc0p81v125c
                                                          0.686000  
U2447                     SVQ_AO22_1      um28nchllogl35udl140f_ssgwc0p81v125c
                                                          0.686000  
U2448                     SVQ_AO22_1      um28nchllogl35udl140f_ssgwc0p81v125c
                                                          0.686000  
U2449                     SVQ_AO22_1      um28nchllogl35udl140f_ssgwc0p81v125c
                                                          0.686000  
U2450                     SVQ_AO22_1      um28nchllogl35udl140f_ssgwc0p81v125c
                                                          0.686000  
U2451                     SVQ_AO22_1      um28nchllogl35udl140f_ssgwc0p81v125c
                                                          0.686000  
U2452                     SVQ_AO22_1      um28nchllogl35udl140f_ssgwc0p81v125c
                                                          0.686000  
U2453                     SVQ_AO22_1      um28nchllogl35udl140f_ssgwc0p81v125c
                                                          0.686000  
U2454                     SVQ_AO22_1      um28nchllogl35udl140f_ssgwc0p81v125c
                                                          0.686000  
U2455                     SVQ_AO22_1      um28nchllogl35udl140f_ssgwc0p81v125c
                                                          0.686000  
U2456                     SVQ_AO22_1      um28nchllogl35udl140f_ssgwc0p81v125c
                                                          0.686000  
U2457                     SVQ_AO22_1      um28nchllogl35udl140f_ssgwc0p81v125c
                                                          0.686000  
U2458                     SVQ_AO22_1      um28nchllogl35udl140f_ssgwc0p81v125c
                                                          0.686000  
U2459                     SVQ_AO22_1      um28nchllogl35udl140f_ssgwc0p81v125c
                                                          0.686000  
U2460                     SVQ_AO22_1      um28nchllogl35udl140f_ssgwc0p81v125c
                                                          0.686000  
U2461                     SVQ_AO22_1      um28nchllogl35udl140f_ssgwc0p81v125c
                                                          0.686000  
U2462                     SVQ_AO22_1      um28nchllogl35udl140f_ssgwc0p81v125c
                                                          0.686000  
U2463                     SVQ_AO22_1      um28nchllogl35udl140f_ssgwc0p81v125c
                                                          0.686000  
U2464                     SVQ_AO22_1      um28nchllogl35udl140f_ssgwc0p81v125c
                                                          0.686000  
U2465                     SVQ_AO22_1      um28nchllogl35udl140f_ssgwc0p81v125c
                                                          0.686000  
U2466                     SVQ_AO22_1      um28nchllogl35udl140f_ssgwc0p81v125c
                                                          0.686000  
U2467                     SVQ_AO22_1      um28nchllogl35udl140f_ssgwc0p81v125c
                                                          0.686000  
U2468                     SVQ_AO22_1      um28nchllogl35udl140f_ssgwc0p81v125c
                                                          0.686000  
U2469                     SVQ_AO22_1      um28nchllogl35udl140f_ssgwc0p81v125c
                                                          0.686000  
U2470                     SVQ_AO22_1      um28nchllogl35udl140f_ssgwc0p81v125c
                                                          0.686000  
U2471                     SVQ_AO22_1      um28nchllogl35udl140f_ssgwc0p81v125c
                                                          0.686000  
U2472                     SVQ_AO22_1      um28nchllogl35udl140f_ssgwc0p81v125c
                                                          0.686000  
U2473                     SVQ_AO22_1      um28nchllogl35udl140f_ssgwc0p81v125c
                                                          0.686000  
U2474                     SVQ_AO22_1      um28nchllogl35udl140f_ssgwc0p81v125c
                                                          0.686000  
U2475                     SVQ_AO22_1      um28nchllogl35udl140f_ssgwc0p81v125c
                                                          0.686000  
U2476                     SVQ_AO22_1      um28nchllogl35udl140f_ssgwc0p81v125c
                                                          0.686000  
U2477                     SVQ_AO22_1      um28nchllogl35udl140f_ssgwc0p81v125c
                                                          0.686000  
U2478                     SVQ_AO22_1      um28nchllogl35udl140f_ssgwc0p81v125c
                                                          0.686000  
U2479                     SVQ_AO22_1      um28nchllogl35udl140f_ssgwc0p81v125c
                                                          0.686000  
U2480                     SVQ_AO22_1      um28nchllogl35udl140f_ssgwc0p81v125c
                                                          0.686000  
U2481                     SVQ_AO22_1      um28nchllogl35udl140f_ssgwc0p81v125c
                                                          0.686000  
U2482                     SVQ_AO22_1      um28nchllogl35udl140f_ssgwc0p81v125c
                                                          0.686000  
U2483                     SVQ_AO22_1      um28nchllogl35udl140f_ssgwc0p81v125c
                                                          0.686000  
U2484                     SVQ_AO22_1      um28nchllogl35udl140f_ssgwc0p81v125c
                                                          0.686000  
U2485                     SVQ_AO22_1      um28nchllogl35udl140f_ssgwc0p81v125c
                                                          0.686000  
U2486                     SVQ_AO22_1      um28nchllogl35udl140f_ssgwc0p81v125c
                                                          0.686000  
U2487                     SVQ_AO22_1      um28nchllogl35udl140f_ssgwc0p81v125c
                                                          0.686000  
U2488                     SVQ_AO22_1      um28nchllogl35udl140f_ssgwc0p81v125c
                                                          0.686000  
U2489                     SVQ_AO22_1      um28nchllogl35udl140f_ssgwc0p81v125c
                                                          0.686000  
U2490                     SVQ_AO22_1      um28nchllogl35udl140f_ssgwc0p81v125c
                                                          0.686000  
U2491                     SVQ_AO22_1      um28nchllogl35udl140f_ssgwc0p81v125c
                                                          0.686000  
U2492                     SVQ_AO22_1      um28nchllogl35udl140f_ssgwc0p81v125c
                                                          0.686000  
U2493                     SVQ_AO22_1      um28nchllogl35udl140f_ssgwc0p81v125c
                                                          0.686000  
U2494                     SVQ_AO22_1      um28nchllogl35udl140f_ssgwc0p81v125c
                                                          0.686000  
U2495                     SVQ_AO22_1      um28nchllogl35udl140f_ssgwc0p81v125c
                                                          0.686000  
U2496                     SVQ_AO22_1      um28nchllogl35udl140f_ssgwc0p81v125c
                                                          0.686000  
U2497                     SVQ_AO22_1      um28nchllogl35udl140f_ssgwc0p81v125c
                                                          0.686000  
U2498                     SVQ_AO22_1      um28nchllogl35udl140f_ssgwc0p81v125c
                                                          0.686000  
U2499                     SVQ_AO22_1      um28nchllogl35udl140f_ssgwc0p81v125c
                                                          0.686000  
U2500                     SVQ_AO22_1      um28nchllogl35udl140f_ssgwc0p81v125c
                                                          0.686000  
U2501                     SVQ_AO22_1      um28nchllogl35udl140f_ssgwc0p81v125c
                                                          0.686000  
U2502                     SVQ_AO22_1      um28nchllogl35udl140f_ssgwc0p81v125c
                                                          0.686000  
U2503                     SVQ_AO22_1      um28nchllogl35udl140f_ssgwc0p81v125c
                                                          0.686000  
U2504                     SVQ_AO22_1      um28nchllogl35udl140f_ssgwc0p81v125c
                                                          0.686000  
U2505                     SVQ_AO22_1      um28nchllogl35udl140f_ssgwc0p81v125c
                                                          0.686000  
U2506                     SVQ_AO22_1      um28nchllogl35udl140f_ssgwc0p81v125c
                                                          0.686000  
U2507                     SVQ_AO22_1      um28nchllogl35udl140f_ssgwc0p81v125c
                                                          0.686000  
U2508                     SVQ_AO22_1      um28nchllogl35udl140f_ssgwc0p81v125c
                                                          0.686000  
U2509                     SVQ_AO22_1      um28nchllogl35udl140f_ssgwc0p81v125c
                                                          0.686000  
U2510                     SVQ_AO22_1      um28nchllogl35udl140f_ssgwc0p81v125c
                                                          0.686000  
U2511                     SVQ_AO22_1      um28nchllogl35udl140f_ssgwc0p81v125c
                                                          0.686000  
U2512                     SVQ_AO22_1      um28nchllogl35udl140f_ssgwc0p81v125c
                                                          0.686000  
U2513                     SVQ_AO22_1      um28nchllogl35udl140f_ssgwc0p81v125c
                                                          0.686000  
U2514                     SVQ_AO22_1      um28nchllogl35udl140f_ssgwc0p81v125c
                                                          0.686000  
U2515                     SVQ_AO22_1      um28nchllogl35udl140f_ssgwc0p81v125c
                                                          0.686000  
U2516                     SVQ_AO22_1      um28nchllogl35udl140f_ssgwc0p81v125c
                                                          0.686000  
U2517                     SVQ_AO22_1      um28nchllogl35udl140f_ssgwc0p81v125c
                                                          0.686000  
U2518                     SVQ_AO22_1      um28nchllogl35udl140f_ssgwc0p81v125c
                                                          0.686000  
U2519                     SVQ_AO22_1      um28nchllogl35udl140f_ssgwc0p81v125c
                                                          0.686000  
U2520                     SVQ_AO22_1      um28nchllogl35udl140f_ssgwc0p81v125c
                                                          0.686000  
U2521                     SVQ_AO22_1      um28nchllogl35udl140f_ssgwc0p81v125c
                                                          0.686000  
U2522                     SVQ_AO22_1      um28nchllogl35udl140f_ssgwc0p81v125c
                                                          0.686000  
U2523                     SVQ_AO22_1      um28nchllogl35udl140f_ssgwc0p81v125c
                                                          0.686000  
U2524                     SVQ_AO22_1      um28nchllogl35udl140f_ssgwc0p81v125c
                                                          0.686000  
U2525                     SVQ_AO22_1      um28nchllogl35udl140f_ssgwc0p81v125c
                                                          0.686000  
U2526                     SVQ_AO22_1      um28nchllogl35udl140f_ssgwc0p81v125c
                                                          0.686000  
U2527                     SVQ_AO22_1      um28nchllogl35udl140f_ssgwc0p81v125c
                                                          0.686000  
U2528                     SVQ_AO22_1      um28nchllogl35udl140f_ssgwc0p81v125c
                                                          0.686000  
U2529                     SVQ_AO22_1      um28nchllogl35udl140f_ssgwc0p81v125c
                                                          0.686000  
U2530                     SVQ_AO22_1      um28nchllogl35udl140f_ssgwc0p81v125c
                                                          0.686000  
U2531                     SVQ_AO22_1      um28nchllogl35udl140f_ssgwc0p81v125c
                                                          0.686000  
U2532                     SVQ_AO22_1      um28nchllogl35udl140f_ssgwc0p81v125c
                                                          0.686000  
U2533                     SVQ_AO22_1      um28nchllogl35udl140f_ssgwc0p81v125c
                                                          0.686000  
U2534                     SVQ_AO22_1      um28nchllogl35udl140f_ssgwc0p81v125c
                                                          0.686000  
U2535                     SVQ_AO22_1      um28nchllogl35udl140f_ssgwc0p81v125c
                                                          0.686000  
U2536                     SVQ_AO22_1      um28nchllogl35udl140f_ssgwc0p81v125c
                                                          0.686000  
U2537                     SVQ_AO22_1      um28nchllogl35udl140f_ssgwc0p81v125c
                                                          0.686000  
U2538                     SVQ_AO22_1      um28nchllogl35udl140f_ssgwc0p81v125c
                                                          0.686000  
U2539                     SVQ_AO22_1      um28nchllogl35udl140f_ssgwc0p81v125c
                                                          0.686000  
U2540                     SVQ_AO22_1      um28nchllogl35udl140f_ssgwc0p81v125c
                                                          0.686000  
U2541                     SVQ_AO22_1      um28nchllogl35udl140f_ssgwc0p81v125c
                                                          0.686000  
U2542                     SVQ_AO22_1      um28nchllogl35udl140f_ssgwc0p81v125c
                                                          0.686000  
U2543                     SVQ_AO22_1      um28nchllogl35udl140f_ssgwc0p81v125c
                                                          0.686000  
U2544                     SVQ_AO22_1      um28nchllogl35udl140f_ssgwc0p81v125c
                                                          0.686000  
U2545                     SVQ_AO22_1      um28nchllogl35udl140f_ssgwc0p81v125c
                                                          0.686000  
U2546                     SVQ_AO22_1      um28nchllogl35udl140f_ssgwc0p81v125c
                                                          0.686000  
U2547                     SVQ_AO22_1      um28nchllogl35udl140f_ssgwc0p81v125c
                                                          0.686000  
U2548                     SVQ_AO22_1      um28nchllogl35udl140f_ssgwc0p81v125c
                                                          0.686000  
U2549                     SVQ_AO22_1      um28nchllogl35udl140f_ssgwc0p81v125c
                                                          0.686000  
U2550                     SVQ_AO22_1      um28nchllogl35udl140f_ssgwc0p81v125c
                                                          0.686000  
U2551                     SVQ_AO22_1      um28nchllogl35udl140f_ssgwc0p81v125c
                                                          0.686000  
U2552                     SVQ_AO22_1      um28nchllogl35udl140f_ssgwc0p81v125c
                                                          0.686000  
U2553                     SVQ_AO22_1      um28nchllogl35udl140f_ssgwc0p81v125c
                                                          0.686000  
U2554                     SVQ_AO22_1      um28nchllogl35udl140f_ssgwc0p81v125c
                                                          0.686000  
U2555                     SVQ_AO22_1      um28nchllogl35udl140f_ssgwc0p81v125c
                                                          0.686000  
U2556                     SVQ_AO22_1      um28nchllogl35udl140f_ssgwc0p81v125c
                                                          0.686000  
U2557                     SVQ_AO22_1      um28nchllogl35udl140f_ssgwc0p81v125c
                                                          0.686000  
U2558                     SVQ_AO22_1      um28nchllogl35udl140f_ssgwc0p81v125c
                                                          0.686000  
U2559                     SVQ_AO22_1      um28nchllogl35udl140f_ssgwc0p81v125c
                                                          0.686000  
U2560                     SVQ_AO22_1      um28nchllogl35udl140f_ssgwc0p81v125c
                                                          0.686000  
U2561                     SVQ_AO22_1      um28nchllogl35udl140f_ssgwc0p81v125c
                                                          0.686000  
U2562                     SVQ_AO22_1      um28nchllogl35udl140f_ssgwc0p81v125c
                                                          0.686000  
U2563                     SVQ_AO22_1      um28nchllogl35udl140f_ssgwc0p81v125c
                                                          0.686000  
U2564                     SVQ_AO22_1      um28nchllogl35udl140f_ssgwc0p81v125c
                                                          0.686000  
U2565                     SVQ_AO22_1      um28nchllogl35udl140f_ssgwc0p81v125c
                                                          0.686000  
U2566                     SVQ_AO22_1      um28nchllogl35udl140f_ssgwc0p81v125c
                                                          0.686000  
U2567                     SVQ_AO22_1      um28nchllogl35udl140f_ssgwc0p81v125c
                                                          0.686000  
U2568                     SVQ_AO22_1      um28nchllogl35udl140f_ssgwc0p81v125c
                                                          0.686000  
U2569                     SVQ_AO22_1      um28nchllogl35udl140f_ssgwc0p81v125c
                                                          0.686000  
U2570                     SVQ_AO22_1      um28nchllogl35udl140f_ssgwc0p81v125c
                                                          0.686000  
U2571                     SVQ_AO22_1      um28nchllogl35udl140f_ssgwc0p81v125c
                                                          0.686000  
U2572                     SVQ_AO22_1      um28nchllogl35udl140f_ssgwc0p81v125c
                                                          0.686000  
U2573                     SVQ_AO22_1      um28nchllogl35udl140f_ssgwc0p81v125c
                                                          0.686000  
U2574                     SVQ_AO22_1      um28nchllogl35udl140f_ssgwc0p81v125c
                                                          0.686000  
U2575                     SVQ_AO22_1      um28nchllogl35udl140f_ssgwc0p81v125c
                                                          0.686000  
U2576                     SVQ_AO22_1      um28nchllogl35udl140f_ssgwc0p81v125c
                                                          0.686000  
U2577                     SVQ_AO22_1      um28nchllogl35udl140f_ssgwc0p81v125c
                                                          0.686000  
U2578                     SVQ_AO22_1      um28nchllogl35udl140f_ssgwc0p81v125c
                                                          0.686000  
U2579                     SVQ_AO22_1      um28nchllogl35udl140f_ssgwc0p81v125c
                                                          0.686000  
U2580                     SVQ_AO22_1      um28nchllogl35udl140f_ssgwc0p81v125c
                                                          0.686000  
U2581                     SVQ_AO22_1      um28nchllogl35udl140f_ssgwc0p81v125c
                                                          0.686000  
U2582                     SVQ_AO22_1      um28nchllogl35udl140f_ssgwc0p81v125c
                                                          0.686000  
U2583                     SVQ_AO22_1      um28nchllogl35udl140f_ssgwc0p81v125c
                                                          0.686000  
U2584                     SVQ_AO22_1      um28nchllogl35udl140f_ssgwc0p81v125c
                                                          0.686000  
U2585                     SVQ_AO22_1      um28nchllogl35udl140f_ssgwc0p81v125c
                                                          0.686000  
U2586                     SVQ_AO22_1      um28nchllogl35udl140f_ssgwc0p81v125c
                                                          0.686000  
U2587                     SVQ_AO22_1      um28nchllogl35udl140f_ssgwc0p81v125c
                                                          0.686000  
U2588                     SVQ_AO22_1      um28nchllogl35udl140f_ssgwc0p81v125c
                                                          0.686000  
U2589                     SVQ_AO22_1      um28nchllogl35udl140f_ssgwc0p81v125c
                                                          0.686000  
U2590                     SVQ_AO22_1      um28nchllogl35udl140f_ssgwc0p81v125c
                                                          0.686000  
U2591                     SVQ_AO22_1      um28nchllogl35udl140f_ssgwc0p81v125c
                                                          0.686000  
U2592                     SVQ_AO22_1      um28nchllogl35udl140f_ssgwc0p81v125c
                                                          0.686000  
U2593                     SVQ_AO22_1      um28nchllogl35udl140f_ssgwc0p81v125c
                                                          0.686000  
U2594                     SVQ_AO22_1      um28nchllogl35udl140f_ssgwc0p81v125c
                                                          0.686000  
U2595                     SVQ_AO22_1      um28nchllogl35udl140f_ssgwc0p81v125c
                                                          0.686000  
U2596                     SVQ_AO22_1      um28nchllogl35udl140f_ssgwc0p81v125c
                                                          0.686000  
U2597                     SVQ_AO22_1      um28nchllogl35udl140f_ssgwc0p81v125c
                                                          0.686000  
U2598                     SVQ_AO22_1      um28nchllogl35udl140f_ssgwc0p81v125c
                                                          0.686000  
U2599                     SVQ_AO22_1      um28nchllogl35udl140f_ssgwc0p81v125c
                                                          0.686000  
U2600                     SVQ_AO22_1      um28nchllogl35udl140f_ssgwc0p81v125c
                                                          0.686000  
U2601                     SVQ_AO22_1      um28nchllogl35udl140f_ssgwc0p81v125c
                                                          0.686000  
U2602                     SVQ_AO22_1      um28nchllogl35udl140f_ssgwc0p81v125c
                                                          0.686000  
U2603                     SVQ_AO22_1      um28nchllogl35udl140f_ssgwc0p81v125c
                                                          0.686000  
U2604                     SVQ_AO22_1      um28nchllogl35udl140f_ssgwc0p81v125c
                                                          0.686000  
U2605                     SVQ_AO22_1      um28nchllogl35udl140f_ssgwc0p81v125c
                                                          0.686000  
U2606                     SVQ_AO22_1      um28nchllogl35udl140f_ssgwc0p81v125c
                                                          0.686000  
U2607                     SVQ_AO22_1      um28nchllogl35udl140f_ssgwc0p81v125c
                                                          0.686000  
U2608                     SVQ_AO22_1      um28nchllogl35udl140f_ssgwc0p81v125c
                                                          0.686000  
U2609                     SVQ_AO22_1      um28nchllogl35udl140f_ssgwc0p81v125c
                                                          0.686000  
U2610                     SVQ_AO22_1      um28nchllogl35udl140f_ssgwc0p81v125c
                                                          0.686000  
U2611                     SVQ_AO22_1      um28nchllogl35udl140f_ssgwc0p81v125c
                                                          0.686000  
U2612                     SVQ_AO22_1      um28nchllogl35udl140f_ssgwc0p81v125c
                                                          0.686000  
U2613                     SVQ_AO22_1      um28nchllogl35udl140f_ssgwc0p81v125c
                                                          0.686000  
U2614                     SVQ_AO22_1      um28nchllogl35udl140f_ssgwc0p81v125c
                                                          0.686000  
U2615                     SVQ_AO22_1      um28nchllogl35udl140f_ssgwc0p81v125c
                                                          0.686000  
U2616                     SVQ_AO22_1      um28nchllogl35udl140f_ssgwc0p81v125c
                                                          0.686000  
U2617                     SVQ_AO22_1      um28nchllogl35udl140f_ssgwc0p81v125c
                                                          0.686000  
U2618                     SVQ_AO22_1      um28nchllogl35udl140f_ssgwc0p81v125c
                                                          0.686000  
U2619                     SVQ_AO22_1      um28nchllogl35udl140f_ssgwc0p81v125c
                                                          0.686000  
U2620                     SVQ_AO22_1      um28nchllogl35udl140f_ssgwc0p81v125c
                                                          0.686000  
U2621                     SVQ_AO22_1      um28nchllogl35udl140f_ssgwc0p81v125c
                                                          0.686000  
U2622                     SVQ_AO22_1      um28nchllogl35udl140f_ssgwc0p81v125c
                                                          0.686000  
U2623                     SVQ_AO22_1      um28nchllogl35udl140f_ssgwc0p81v125c
                                                          0.686000  
U2624                     SVQ_AO22_1      um28nchllogl35udl140f_ssgwc0p81v125c
                                                          0.686000  
U2625                     SVQ_AO22_1      um28nchllogl35udl140f_ssgwc0p81v125c
                                                          0.686000  
U2626                     SVQ_AO22_1      um28nchllogl35udl140f_ssgwc0p81v125c
                                                          0.686000  
U2627                     SVQ_AO22_1      um28nchllogl35udl140f_ssgwc0p81v125c
                                                          0.686000  
U2628                     SVQ_AO22_1      um28nchllogl35udl140f_ssgwc0p81v125c
                                                          0.686000  
U2629                     SVQ_AO22_1      um28nchllogl35udl140f_ssgwc0p81v125c
                                                          0.686000  
U2630                     SVQ_AO22_1      um28nchllogl35udl140f_ssgwc0p81v125c
                                                          0.686000  
U2631                     SVQ_AO22_1      um28nchllogl35udl140f_ssgwc0p81v125c
                                                          0.686000  
U2632                     SVQ_AO22_1      um28nchllogl35udl140f_ssgwc0p81v125c
                                                          0.686000  
U2633                     SVQ_AO22_1      um28nchllogl35udl140f_ssgwc0p81v125c
                                                          0.686000  
U2634                     SVQ_AO22_1      um28nchllogl35udl140f_ssgwc0p81v125c
                                                          0.686000  
U2635                     SVQ_AO22_1      um28nchllogl35udl140f_ssgwc0p81v125c
                                                          0.686000  
U2636                     SVQ_AO22_1      um28nchllogl35udl140f_ssgwc0p81v125c
                                                          0.686000  
U2637                     SVQ_AO22_1      um28nchllogl35udl140f_ssgwc0p81v125c
                                                          0.686000  
U2638                     SVQ_AO22_1      um28nchllogl35udl140f_ssgwc0p81v125c
                                                          0.686000  
U2639                     SVQ_AO22_1      um28nchllogl35udl140f_ssgwc0p81v125c
                                                          0.686000  
U2640                     SVQ_AO22_1      um28nchllogl35udl140f_ssgwc0p81v125c
                                                          0.686000  
U2641                     SVQ_AO22_1      um28nchllogl35udl140f_ssgwc0p81v125c
                                                          0.686000  
U2642                     SVQ_AO22_1      um28nchllogl35udl140f_ssgwc0p81v125c
                                                          0.686000  
U2643                     SVQ_AO22_1      um28nchllogl35udl140f_ssgwc0p81v125c
                                                          0.686000  
U2644                     SVQ_AO22_1      um28nchllogl35udl140f_ssgwc0p81v125c
                                                          0.686000  
U2645                     SVQ_AO22_1      um28nchllogl35udl140f_ssgwc0p81v125c
                                                          0.686000  
U2646                     SVQ_AO22_1      um28nchllogl35udl140f_ssgwc0p81v125c
                                                          0.686000  
U2647                     SVQ_AO22_1      um28nchllogl35udl140f_ssgwc0p81v125c
                                                          0.686000  
U2648                     SVQ_AO22_1      um28nchllogl35udl140f_ssgwc0p81v125c
                                                          0.686000  
U2649                     SVQ_AO22_1      um28nchllogl35udl140f_ssgwc0p81v125c
                                                          0.686000  
U2650                     SVQ_AO22_1      um28nchllogl35udl140f_ssgwc0p81v125c
                                                          0.686000  
U2651                     SVQ_AO22_1      um28nchllogl35udl140f_ssgwc0p81v125c
                                                          0.686000  
U2652                     SVQ_AO22_1      um28nchllogl35udl140f_ssgwc0p81v125c
                                                          0.686000  
U2653                     SVQ_AO22_1      um28nchllogl35udl140f_ssgwc0p81v125c
                                                          0.686000  
U2654                     SVQ_AO22_1      um28nchllogl35udl140f_ssgwc0p81v125c
                                                          0.686000  
U2655                     SVQ_AO22_1      um28nchllogl35udl140f_ssgwc0p81v125c
                                                          0.686000  
U2656                     SVQ_AO22_1      um28nchllogl35udl140f_ssgwc0p81v125c
                                                          0.686000  
U2657                     SVQ_AO22_1      um28nchllogl35udl140f_ssgwc0p81v125c
                                                          0.686000  
U2658                     SVQ_AO22_1      um28nchllogl35udl140f_ssgwc0p81v125c
                                                          0.686000  
U2659                     SVQ_AO22_1      um28nchllogl35udl140f_ssgwc0p81v125c
                                                          0.686000  
U2660                     SVQ_AO22_1      um28nchllogl35udl140f_ssgwc0p81v125c
                                                          0.686000  
U2661                     SVQ_AO22_1      um28nchllogl35udl140f_ssgwc0p81v125c
                                                          0.686000  
U2662                     SVQ_AO22_1      um28nchllogl35udl140f_ssgwc0p81v125c
                                                          0.686000  
U2663                     SVQ_AO22_1      um28nchllogl35udl140f_ssgwc0p81v125c
                                                          0.686000  
U2664                     SVQ_AO22_1      um28nchllogl35udl140f_ssgwc0p81v125c
                                                          0.686000  
U2665                     SVQ_AO22_1      um28nchllogl35udl140f_ssgwc0p81v125c
                                                          0.686000  
U2666                     SVQ_AO22_1      um28nchllogl35udl140f_ssgwc0p81v125c
                                                          0.686000  
U2667                     SVQ_AO22_1      um28nchllogl35udl140f_ssgwc0p81v125c
                                                          0.686000  
U2668                     SVQ_AO22_1      um28nchllogl35udl140f_ssgwc0p81v125c
                                                          0.686000  
U2669                     SVQ_AO22_1      um28nchllogl35udl140f_ssgwc0p81v125c
                                                          0.686000  
U2670                     SVQ_AO22_1      um28nchllogl35udl140f_ssgwc0p81v125c
                                                          0.686000  
U2671                     SVQ_AO22_1      um28nchllogl35udl140f_ssgwc0p81v125c
                                                          0.686000  
U2672                     SVQ_AO22_1      um28nchllogl35udl140f_ssgwc0p81v125c
                                                          0.686000  
U2673                     SVQ_AO22_1      um28nchllogl35udl140f_ssgwc0p81v125c
                                                          0.686000  
U2674                     SVQ_AO22_1      um28nchllogl35udl140f_ssgwc0p81v125c
                                                          0.686000  
U2675                     SVQ_AO22_1      um28nchllogl35udl140f_ssgwc0p81v125c
                                                          0.686000  
U2676                     SVQ_AO22_1      um28nchllogl35udl140f_ssgwc0p81v125c
                                                          0.686000  
U2677                     SVQ_AO22_1      um28nchllogl35udl140f_ssgwc0p81v125c
                                                          0.686000  
U2678                     SVQ_AO22_1      um28nchllogl35udl140f_ssgwc0p81v125c
                                                          0.686000  
U2679                     SVQ_AO22_1      um28nchllogl35udl140f_ssgwc0p81v125c
                                                          0.686000  
U2680                     SVQ_AO22_1      um28nchllogl35udl140f_ssgwc0p81v125c
                                                          0.686000  
U2681                     SVQ_AO22_1      um28nchllogl35udl140f_ssgwc0p81v125c
                                                          0.686000  
U2682                     SVQ_AO22_1      um28nchllogl35udl140f_ssgwc0p81v125c
                                                          0.686000  
U2683                     SVQ_AO22_1      um28nchllogl35udl140f_ssgwc0p81v125c
                                                          0.686000  
U2684                     SVQ_AO22_1      um28nchllogl35udl140f_ssgwc0p81v125c
                                                          0.686000  
U2685                     SVQ_AO22_1      um28nchllogl35udl140f_ssgwc0p81v125c
                                                          0.686000  
U2686                     SVQ_AO22_1      um28nchllogl35udl140f_ssgwc0p81v125c
                                                          0.686000  
U2687                     SVQ_AO22_1      um28nchllogl35udl140f_ssgwc0p81v125c
                                                          0.686000  
U2688                     SVQ_AO22_1      um28nchllogl35udl140f_ssgwc0p81v125c
                                                          0.686000  
U2689                     SVQ_AO22_1      um28nchllogl35udl140f_ssgwc0p81v125c
                                                          0.686000  
U2690                     SVQ_AO22_1      um28nchllogl35udl140f_ssgwc0p81v125c
                                                          0.686000  
U2691                     SVQ_AO22_1      um28nchllogl35udl140f_ssgwc0p81v125c
                                                          0.686000  
U2692                     SVQ_AO22_1      um28nchllogl35udl140f_ssgwc0p81v125c
                                                          0.686000  
U2693                     SVQ_AO22_1      um28nchllogl35udl140f_ssgwc0p81v125c
                                                          0.686000  
U2694                     SVQ_AO22_1      um28nchllogl35udl140f_ssgwc0p81v125c
                                                          0.686000  
U2695                     SVQ_AO22_1      um28nchllogl35udl140f_ssgwc0p81v125c
                                                          0.686000  
U2696                     SVQ_AO22_1      um28nchllogl35udl140f_ssgwc0p81v125c
                                                          0.686000  
U2697                     SVQ_AO22_1      um28nchllogl35udl140f_ssgwc0p81v125c
                                                          0.686000  
U2698                     SVQ_AO22_1      um28nchllogl35udl140f_ssgwc0p81v125c
                                                          0.686000  
U2699                     SVQ_AO22_1      um28nchllogl35udl140f_ssgwc0p81v125c
                                                          0.686000  
U2700                     SVQ_AO22_1      um28nchllogl35udl140f_ssgwc0p81v125c
                                                          0.686000  
U2701                     SVQ_AO22_1      um28nchllogl35udl140f_ssgwc0p81v125c
                                                          0.686000  
U2702                     SVQ_AO22_1      um28nchllogl35udl140f_ssgwc0p81v125c
                                                          0.686000  
U2703                     SVQ_AO22_1      um28nchllogl35udl140f_ssgwc0p81v125c
                                                          0.686000  
U2704                     SVQ_AO22_1      um28nchllogl35udl140f_ssgwc0p81v125c
                                                          0.686000  
U2705                     SVQ_AO22_1      um28nchllogl35udl140f_ssgwc0p81v125c
                                                          0.686000  
U2706                     SVQ_AO22_1      um28nchllogl35udl140f_ssgwc0p81v125c
                                                          0.686000  
U2707                     SVQ_AO22_1      um28nchllogl35udl140f_ssgwc0p81v125c
                                                          0.686000  
U2708                     SVQ_AO22_1      um28nchllogl35udl140f_ssgwc0p81v125c
                                                          0.686000  
U2709                     SVQ_AO22_1      um28nchllogl35udl140f_ssgwc0p81v125c
                                                          0.686000  
U2710                     SVQ_AO22_1      um28nchllogl35udl140f_ssgwc0p81v125c
                                                          0.686000  
U2711                     SVQ_AO22_1      um28nchllogl35udl140f_ssgwc0p81v125c
                                                          0.686000  
U2712                     SVQ_AO22_1      um28nchllogl35udl140f_ssgwc0p81v125c
                                                          0.686000  
U2713                     SVQ_AO22_1      um28nchllogl35udl140f_ssgwc0p81v125c
                                                          0.686000  
U2714                     SVQ_AO22_1      um28nchllogl35udl140f_ssgwc0p81v125c
                                                          0.686000  
U2715                     SVQ_AO22_1      um28nchllogl35udl140f_ssgwc0p81v125c
                                                          0.686000  
U2716                     SVQ_AO22_1      um28nchllogl35udl140f_ssgwc0p81v125c
                                                          0.686000  
U2717                     SVQ_AO22_1      um28nchllogl35udl140f_ssgwc0p81v125c
                                                          0.686000  
U2718                     SVQ_AO22_1      um28nchllogl35udl140f_ssgwc0p81v125c
                                                          0.686000  
U2719                     SVQ_AO22_1      um28nchllogl35udl140f_ssgwc0p81v125c
                                                          0.686000  
U2720                     SVQ_AO22_1      um28nchllogl35udl140f_ssgwc0p81v125c
                                                          0.686000  
U2721                     SVQ_AO22_1      um28nchllogl35udl140f_ssgwc0p81v125c
                                                          0.686000  
U2722                     SVQ_AO22_1      um28nchllogl35udl140f_ssgwc0p81v125c
                                                          0.686000  
U2723                     SVQ_AO22_1      um28nchllogl35udl140f_ssgwc0p81v125c
                                                          0.686000  
U2724                     SVQ_AO22_1      um28nchllogl35udl140f_ssgwc0p81v125c
                                                          0.686000  
U2725                     SVQ_AO22_1      um28nchllogl35udl140f_ssgwc0p81v125c
                                                          0.686000  
U2726                     SVQ_AO22_1      um28nchllogl35udl140f_ssgwc0p81v125c
                                                          0.686000  
U2727                     SVQ_AO22_1      um28nchllogl35udl140f_ssgwc0p81v125c
                                                          0.686000  
U2728                     SVQ_AO22_1      um28nchllogl35udl140f_ssgwc0p81v125c
                                                          0.686000  
U2729                     SVQ_AO22_1      um28nchllogl35udl140f_ssgwc0p81v125c
                                                          0.686000  
U2730                     SVQ_AO22_1      um28nchllogl35udl140f_ssgwc0p81v125c
                                                          0.686000  
U2731                     SVQ_AO22_1      um28nchllogl35udl140f_ssgwc0p81v125c
                                                          0.686000  
U2732                     SVQ_AO22_1      um28nchllogl35udl140f_ssgwc0p81v125c
                                                          0.686000  
U2733                     SVQ_AO22_1      um28nchllogl35udl140f_ssgwc0p81v125c
                                                          0.686000  
U2734                     SVQ_AO22_1      um28nchllogl35udl140f_ssgwc0p81v125c
                                                          0.686000  
U2735                     SVQ_AO22_1      um28nchllogl35udl140f_ssgwc0p81v125c
                                                          0.686000  
U2736                     SVQ_AO22_1      um28nchllogl35udl140f_ssgwc0p81v125c
                                                          0.686000  
U2737                     SVQ_AO22_1      um28nchllogl35udl140f_ssgwc0p81v125c
                                                          0.686000  
U2738                     SVQ_AO22_1      um28nchllogl35udl140f_ssgwc0p81v125c
                                                          0.686000  
U2739                     SVQ_AO22_1      um28nchllogl35udl140f_ssgwc0p81v125c
                                                          0.686000  
U2740                     SVQ_AO22_1      um28nchllogl35udl140f_ssgwc0p81v125c
                                                          0.686000  
U2741                     SVQ_AO22_1      um28nchllogl35udl140f_ssgwc0p81v125c
                                                          0.686000  
U2742                     SVQ_AO22_1      um28nchllogl35udl140f_ssgwc0p81v125c
                                                          0.686000  
U2743                     SVQ_AO22_1      um28nchllogl35udl140f_ssgwc0p81v125c
                                                          0.686000  
U2744                     SVQ_AO22_1      um28nchllogl35udl140f_ssgwc0p81v125c
                                                          0.686000  
U2745                     SVQ_AO22_1      um28nchllogl35udl140f_ssgwc0p81v125c
                                                          0.686000  
U2746                     SVQ_AO22_1      um28nchllogl35udl140f_ssgwc0p81v125c
                                                          0.686000  
U2747                     SVQ_AO22_1      um28nchllogl35udl140f_ssgwc0p81v125c
                                                          0.686000  
U2748                     SVQ_AO22_1      um28nchllogl35udl140f_ssgwc0p81v125c
                                                          0.686000  
U2749                     SVQ_AO22_1      um28nchllogl35udl140f_ssgwc0p81v125c
                                                          0.686000  
U2750                     SVQ_AO22_1      um28nchllogl35udl140f_ssgwc0p81v125c
                                                          0.686000  
U2751                     SVQ_AO22_1      um28nchllogl35udl140f_ssgwc0p81v125c
                                                          0.686000  
U2752                     SVQ_AO22_1      um28nchllogl35udl140f_ssgwc0p81v125c
                                                          0.686000  
U2753                     SVQ_AO22_1      um28nchllogl35udl140f_ssgwc0p81v125c
                                                          0.686000  
U2754                     SVQ_AO22_1      um28nchllogl35udl140f_ssgwc0p81v125c
                                                          0.686000  
U2755                     SVQ_AO22_1      um28nchllogl35udl140f_ssgwc0p81v125c
                                                          0.686000  
U2756                     SVQ_AO22_1      um28nchllogl35udl140f_ssgwc0p81v125c
                                                          0.686000  
U2757                     SVQ_AO22_1      um28nchllogl35udl140f_ssgwc0p81v125c
                                                          0.686000  
U2758                     SVQ_AO22_1      um28nchllogl35udl140f_ssgwc0p81v125c
                                                          0.686000  
U2759                     SVQ_AO22_1      um28nchllogl35udl140f_ssgwc0p81v125c
                                                          0.686000  
U2760                     SVQ_AO22_1      um28nchllogl35udl140f_ssgwc0p81v125c
                                                          0.686000  
U2761                     SVQ_AO22_1      um28nchllogl35udl140f_ssgwc0p81v125c
                                                          0.686000  
U2762                     SVQ_AO22_1      um28nchllogl35udl140f_ssgwc0p81v125c
                                                          0.686000  
U2763                     SVQ_AO22_1      um28nchllogl35udl140f_ssgwc0p81v125c
                                                          0.686000  
U2764                     SVQ_AO22_1      um28nchllogl35udl140f_ssgwc0p81v125c
                                                          0.686000  
U2765                     SVQ_AO22_1      um28nchllogl35udl140f_ssgwc0p81v125c
                                                          0.686000  
U2766                     SVQ_AO22_1      um28nchllogl35udl140f_ssgwc0p81v125c
                                                          0.686000  
U2767                     SVQ_AO22_1      um28nchllogl35udl140f_ssgwc0p81v125c
                                                          0.686000  
U2768                     SVQ_AO22_1      um28nchllogl35udl140f_ssgwc0p81v125c
                                                          0.686000  
U2769                     SVQ_AO22_1      um28nchllogl35udl140f_ssgwc0p81v125c
                                                          0.686000  
U2770                     SVQ_AO22_1      um28nchllogl35udl140f_ssgwc0p81v125c
                                                          0.686000  
U2771                     SVQ_AO22_1      um28nchllogl35udl140f_ssgwc0p81v125c
                                                          0.686000  
U2772                     SVQ_AO22_1      um28nchllogl35udl140f_ssgwc0p81v125c
                                                          0.686000  
U2773                     SVQ_AO22_1      um28nchllogl35udl140f_ssgwc0p81v125c
                                                          0.686000  
U2774                     SVQ_AO22_1      um28nchllogl35udl140f_ssgwc0p81v125c
                                                          0.686000  
U2775                     SVQ_AO22_1      um28nchllogl35udl140f_ssgwc0p81v125c
                                                          0.686000  
U2776                     SVQ_AO22_1      um28nchllogl35udl140f_ssgwc0p81v125c
                                                          0.686000  
U2777                     SVQ_AO22_1      um28nchllogl35udl140f_ssgwc0p81v125c
                                                          0.686000  
U2778                     SVQ_AO22_1      um28nchllogl35udl140f_ssgwc0p81v125c
                                                          0.686000  
U2779                     SVQ_AO22_1      um28nchllogl35udl140f_ssgwc0p81v125c
                                                          0.686000  
U2780                     SVQ_AO22_1      um28nchllogl35udl140f_ssgwc0p81v125c
                                                          0.686000  
U2781                     SVQ_AO22_1      um28nchllogl35udl140f_ssgwc0p81v125c
                                                          0.686000  
U2782                     SVQ_AO22_1      um28nchllogl35udl140f_ssgwc0p81v125c
                                                          0.686000  
U2783                     SVQ_AO22_1      um28nchllogl35udl140f_ssgwc0p81v125c
                                                          0.686000  
U2784                     SVQ_AO22_1      um28nchllogl35udl140f_ssgwc0p81v125c
                                                          0.686000  
U2785                     SVQ_AO22_1      um28nchllogl35udl140f_ssgwc0p81v125c
                                                          0.686000  
U2786                     SVQ_AO22_1      um28nchllogl35udl140f_ssgwc0p81v125c
                                                          0.686000  
U2787                     SVQ_AO22_1      um28nchllogl35udl140f_ssgwc0p81v125c
                                                          0.686000  
U2788                     SVQ_AO22_1      um28nchllogl35udl140f_ssgwc0p81v125c
                                                          0.686000  
U2789                     SVQ_AO22_1      um28nchllogl35udl140f_ssgwc0p81v125c
                                                          0.686000  
U2790                     SVQ_AO22_1      um28nchllogl35udl140f_ssgwc0p81v125c
                                                          0.686000  
U2791                     SVQ_AO22_1      um28nchllogl35udl140f_ssgwc0p81v125c
                                                          0.686000  
U2792                     SVQ_AO22_1      um28nchllogl35udl140f_ssgwc0p81v125c
                                                          0.686000  
U2793                     SVQ_AO22_1      um28nchllogl35udl140f_ssgwc0p81v125c
                                                          0.686000  
U2794                     SVQ_AO22_1      um28nchllogl35udl140f_ssgwc0p81v125c
                                                          0.686000  
U2795                     SVQ_AO22_1      um28nchllogl35udl140f_ssgwc0p81v125c
                                                          0.686000  
U2796                     SVQ_AO22_1      um28nchllogl35udl140f_ssgwc0p81v125c
                                                          0.686000  
U2797                     SVQ_AO22_1      um28nchllogl35udl140f_ssgwc0p81v125c
                                                          0.686000  
U2798                     SVQ_AO22_1      um28nchllogl35udl140f_ssgwc0p81v125c
                                                          0.686000  
U2799                     SVQ_AO22_1      um28nchllogl35udl140f_ssgwc0p81v125c
                                                          0.686000  
U2800                     SVQ_AO22_1      um28nchllogl35udl140f_ssgwc0p81v125c
                                                          0.686000  
U2801                     SVQ_AO22_1      um28nchllogl35udl140f_ssgwc0p81v125c
                                                          0.686000  
U2802                     SVQ_AO22_1      um28nchllogl35udl140f_ssgwc0p81v125c
                                                          0.686000  
U2803                     SVQ_AO22_1      um28nchllogl35udl140f_ssgwc0p81v125c
                                                          0.686000  
U2804                     SVQ_AO22_1      um28nchllogl35udl140f_ssgwc0p81v125c
                                                          0.686000  
U2805                     SVQ_AO22_1      um28nchllogl35udl140f_ssgwc0p81v125c
                                                          0.686000  
U2806                     SVQ_AO22_1      um28nchllogl35udl140f_ssgwc0p81v125c
                                                          0.686000  
U2807                     SVQ_AO22_1      um28nchllogl35udl140f_ssgwc0p81v125c
                                                          0.686000  
U2808                     SVQ_AO22_1      um28nchllogl35udl140f_ssgwc0p81v125c
                                                          0.686000  
U2809                     SVQ_AO22_1      um28nchllogl35udl140f_ssgwc0p81v125c
                                                          0.686000  
U2810                     SVQ_AO22_1      um28nchllogl35udl140f_ssgwc0p81v125c
                                                          0.686000  
U2811                     SVQ_AO22_1      um28nchllogl35udl140f_ssgwc0p81v125c
                                                          0.686000  
U2812                     SVQ_AO22_1      um28nchllogl35udl140f_ssgwc0p81v125c
                                                          0.686000  
U2813                     SVQ_AO22_1      um28nchllogl35udl140f_ssgwc0p81v125c
                                                          0.686000  
U2814                     SVQ_AO22_1      um28nchllogl35udl140f_ssgwc0p81v125c
                                                          0.686000  
U2815                     SVQ_AO22_1      um28nchllogl35udl140f_ssgwc0p81v125c
                                                          0.686000  
U2816                     SVQ_AO22_1      um28nchllogl35udl140f_ssgwc0p81v125c
                                                          0.686000  
U2817                     SVQ_AO22_1      um28nchllogl35udl140f_ssgwc0p81v125c
                                                          0.686000  
U2818                     SVQ_AO22_1      um28nchllogl35udl140f_ssgwc0p81v125c
                                                          0.686000  
U2819                     SVQ_AO22_1      um28nchllogl35udl140f_ssgwc0p81v125c
                                                          0.686000  
U2820                     SVQ_AO22_1      um28nchllogl35udl140f_ssgwc0p81v125c
                                                          0.686000  
U2821                     SVQ_AO22_1      um28nchllogl35udl140f_ssgwc0p81v125c
                                                          0.686000  
U2822                     SVQ_AO22_1      um28nchllogl35udl140f_ssgwc0p81v125c
                                                          0.686000  
U2823                     SVQ_AO22_1      um28nchllogl35udl140f_ssgwc0p81v125c
                                                          0.686000  
U2824                     SVQ_AO22_1      um28nchllogl35udl140f_ssgwc0p81v125c
                                                          0.686000  
U2825                     SVQ_AO22_1      um28nchllogl35udl140f_ssgwc0p81v125c
                                                          0.686000  
U2826                     SVQ_AO22_1      um28nchllogl35udl140f_ssgwc0p81v125c
                                                          0.686000  
U2827                     SVQ_AO22_1      um28nchllogl35udl140f_ssgwc0p81v125c
                                                          0.686000  
U2828                     SVQ_AO22_1      um28nchllogl35udl140f_ssgwc0p81v125c
                                                          0.686000  
U2829                     SVQ_AO22_1      um28nchllogl35udl140f_ssgwc0p81v125c
                                                          0.686000  
U2830                     SVQ_AO22_1      um28nchllogl35udl140f_ssgwc0p81v125c
                                                          0.686000  
U2831                     SVQ_AO22_1      um28nchllogl35udl140f_ssgwc0p81v125c
                                                          0.686000  
U2832                     SVQ_AO22_1      um28nchllogl35udl140f_ssgwc0p81v125c
                                                          0.686000  
U2833                     SVQ_AO22_1      um28nchllogl35udl140f_ssgwc0p81v125c
                                                          0.686000  
U2834                     SVQ_AO22_1      um28nchllogl35udl140f_ssgwc0p81v125c
                                                          0.686000  
U2835                     SVQ_AO22_1      um28nchllogl35udl140f_ssgwc0p81v125c
                                                          0.686000  
U2836                     SVQ_AO22_1      um28nchllogl35udl140f_ssgwc0p81v125c
                                                          0.686000  
U2837                     SVQ_AO22_1      um28nchllogl35udl140f_ssgwc0p81v125c
                                                          0.686000  
U2838                     SVQ_AO22_1      um28nchllogl35udl140f_ssgwc0p81v125c
                                                          0.686000  
U2839                     SVQ_AO22_1      um28nchllogl35udl140f_ssgwc0p81v125c
                                                          0.686000  
U2840                     SVQ_AO22_1      um28nchllogl35udl140f_ssgwc0p81v125c
                                                          0.686000  
U2841                     SVQ_AO22_1      um28nchllogl35udl140f_ssgwc0p81v125c
                                                          0.686000  
U2842                     SVQ_AO22_1      um28nchllogl35udl140f_ssgwc0p81v125c
                                                          0.686000  
U2843                     SVQ_AO22_1      um28nchllogl35udl140f_ssgwc0p81v125c
                                                          0.686000  
U2844                     SVQ_AO22_1      um28nchllogl35udl140f_ssgwc0p81v125c
                                                          0.686000  
U2845                     SVQ_AO22_1      um28nchllogl35udl140f_ssgwc0p81v125c
                                                          0.686000  
U2846                     SVQ_AO22_1      um28nchllogl35udl140f_ssgwc0p81v125c
                                                          0.686000  
U2847                     SVQ_AO22_1      um28nchllogl35udl140f_ssgwc0p81v125c
                                                          0.686000  
U2848                     SVQ_AO22_1      um28nchllogl35udl140f_ssgwc0p81v125c
                                                          0.686000  
U2849                     SVQ_AO22_1      um28nchllogl35udl140f_ssgwc0p81v125c
                                                          0.686000  
U2850                     SVQ_AO22_1      um28nchllogl35udl140f_ssgwc0p81v125c
                                                          0.686000  
U2851                     SVQ_AO22_1      um28nchllogl35udl140f_ssgwc0p81v125c
                                                          0.686000  
U2852                     SVQ_AO22_1      um28nchllogl35udl140f_ssgwc0p81v125c
                                                          0.686000  
U2853                     SVQ_AO22_1      um28nchllogl35udl140f_ssgwc0p81v125c
                                                          0.686000  
U2854                     SVQ_AO22_1      um28nchllogl35udl140f_ssgwc0p81v125c
                                                          0.686000  
U2855                     SVQ_AO22_1      um28nchllogl35udl140f_ssgwc0p81v125c
                                                          0.686000  
U2856                     SVQ_AO22_1      um28nchllogl35udl140f_ssgwc0p81v125c
                                                          0.686000  
U2857                     SVQ_AO22_1      um28nchllogl35udl140f_ssgwc0p81v125c
                                                          0.686000  
U2858                     SVQ_AO22_1      um28nchllogl35udl140f_ssgwc0p81v125c
                                                          0.686000  
U2859                     SVQ_AO22_1      um28nchllogl35udl140f_ssgwc0p81v125c
                                                          0.686000  
U2860                     SVQ_AO22_1      um28nchllogl35udl140f_ssgwc0p81v125c
                                                          0.686000  
U2861                     SVQ_AO22_1      um28nchllogl35udl140f_ssgwc0p81v125c
                                                          0.686000  
U2862                     SVQ_AO22_1      um28nchllogl35udl140f_ssgwc0p81v125c
                                                          0.686000  
U2863                     SVQ_AO22_1      um28nchllogl35udl140f_ssgwc0p81v125c
                                                          0.686000  
U2864                     SVQ_AO22_1      um28nchllogl35udl140f_ssgwc0p81v125c
                                                          0.686000  
U2865                     SVQ_AO22_1      um28nchllogl35udl140f_ssgwc0p81v125c
                                                          0.686000  
U2866                     SVQ_AO22_1      um28nchllogl35udl140f_ssgwc0p81v125c
                                                          0.686000  
U2867                     SVQ_AO22_1      um28nchllogl35udl140f_ssgwc0p81v125c
                                                          0.686000  
U2868                     SVQ_AO22_1      um28nchllogl35udl140f_ssgwc0p81v125c
                                                          0.686000  
U2869                     SVQ_AO22_1      um28nchllogl35udl140f_ssgwc0p81v125c
                                                          0.686000  
U2870                     SVQ_AO22_1      um28nchllogl35udl140f_ssgwc0p81v125c
                                                          0.686000  
U2871                     SVQ_AO22_1      um28nchllogl35udl140f_ssgwc0p81v125c
                                                          0.686000  
U2872                     SVQ_AO22_1      um28nchllogl35udl140f_ssgwc0p81v125c
                                                          0.686000  
U2873                     SVQ_AO22_1      um28nchllogl35udl140f_ssgwc0p81v125c
                                                          0.686000  
U2874                     SVQ_AO22_1      um28nchllogl35udl140f_ssgwc0p81v125c
                                                          0.686000  
U2875                     SVQ_AO22_1      um28nchllogl35udl140f_ssgwc0p81v125c
                                                          0.686000  
U2876                     SVQ_AO22_1      um28nchllogl35udl140f_ssgwc0p81v125c
                                                          0.686000  
U2877                     SVQ_AO22_1      um28nchllogl35udl140f_ssgwc0p81v125c
                                                          0.686000  
U2878                     SVQ_AO22_1      um28nchllogl35udl140f_ssgwc0p81v125c
                                                          0.686000  
U2879                     SVQ_AO22_1      um28nchllogl35udl140f_ssgwc0p81v125c
                                                          0.686000  
U2880                     SVQ_AO22_1      um28nchllogl35udl140f_ssgwc0p81v125c
                                                          0.686000  
U2881                     SVQ_AO22_1      um28nchllogl35udl140f_ssgwc0p81v125c
                                                          0.686000  
U2882                     SVQ_AO22_1      um28nchllogl35udl140f_ssgwc0p81v125c
                                                          0.686000  
U2883                     SVQ_AO22_1      um28nchllogl35udl140f_ssgwc0p81v125c
                                                          0.686000  
U2884                     SVQ_AO22_1      um28nchllogl35udl140f_ssgwc0p81v125c
                                                          0.686000  
U2885                     SVQ_AO22_1      um28nchllogl35udl140f_ssgwc0p81v125c
                                                          0.686000  
U2886                     SVQ_AO22_1      um28nchllogl35udl140f_ssgwc0p81v125c
                                                          0.686000  
U2887                     SVQ_AO22_1      um28nchllogl35udl140f_ssgwc0p81v125c
                                                          0.686000  
U2888                     SVQ_AO22_1      um28nchllogl35udl140f_ssgwc0p81v125c
                                                          0.686000  
U2889                     SVQ_AO22_1      um28nchllogl35udl140f_ssgwc0p81v125c
                                                          0.686000  
U2890                     SVQ_AO22_1      um28nchllogl35udl140f_ssgwc0p81v125c
                                                          0.686000  
U2891                     SVQ_AO22_1      um28nchllogl35udl140f_ssgwc0p81v125c
                                                          0.686000  
U2892                     SVQ_AO22_1      um28nchllogl35udl140f_ssgwc0p81v125c
                                                          0.686000  
U2893                     SVQ_AO22_1      um28nchllogl35udl140f_ssgwc0p81v125c
                                                          0.686000  
U2894                     SVQ_AO22_1      um28nchllogl35udl140f_ssgwc0p81v125c
                                                          0.686000  
U2895                     SVQ_AO22_1      um28nchllogl35udl140f_ssgwc0p81v125c
                                                          0.686000  
U2896                     SVQ_AO22_1      um28nchllogl35udl140f_ssgwc0p81v125c
                                                          0.686000  
U2897                     SVQ_AO22_1      um28nchllogl35udl140f_ssgwc0p81v125c
                                                          0.686000  
U2898                     SVQ_AO22_1      um28nchllogl35udl140f_ssgwc0p81v125c
                                                          0.686000  
U2899                     SVQ_AO22_1      um28nchllogl35udl140f_ssgwc0p81v125c
                                                          0.686000  
U2900                     SVQ_AO22_1      um28nchllogl35udl140f_ssgwc0p81v125c
                                                          0.686000  
U2901                     SVQ_AO22_1      um28nchllogl35udl140f_ssgwc0p81v125c
                                                          0.686000  
U2902                     SVQ_AO22_1      um28nchllogl35udl140f_ssgwc0p81v125c
                                                          0.686000  
U2903                     SVQ_AO22_1      um28nchllogl35udl140f_ssgwc0p81v125c
                                                          0.686000  
U2904                     SVQ_AO22_1      um28nchllogl35udl140f_ssgwc0p81v125c
                                                          0.686000  
U2905                     SVQ_AO22_1      um28nchllogl35udl140f_ssgwc0p81v125c
                                                          0.686000  
U2906                     SVQ_AO22_1      um28nchllogl35udl140f_ssgwc0p81v125c
                                                          0.686000  
U2907                     SVQ_AO22_1      um28nchllogl35udl140f_ssgwc0p81v125c
                                                          0.686000  
U2908                     SVQ_AO22_1      um28nchllogl35udl140f_ssgwc0p81v125c
                                                          0.686000  
U2909                     SVQ_AO22_1      um28nchllogl35udl140f_ssgwc0p81v125c
                                                          0.686000  
U2910                     SVQ_AO22_1      um28nchllogl35udl140f_ssgwc0p81v125c
                                                          0.686000  
U2911                     SVQ_AO22_1      um28nchllogl35udl140f_ssgwc0p81v125c
                                                          0.686000  
U2912                     SVQ_AO22_1      um28nchllogl35udl140f_ssgwc0p81v125c
                                                          0.686000  
U2913                     SVQ_AO22_1      um28nchllogl35udl140f_ssgwc0p81v125c
                                                          0.686000  
U2914                     SVQ_AO22_1      um28nchllogl35udl140f_ssgwc0p81v125c
                                                          0.686000  
U2915                     SVQ_AO22_1      um28nchllogl35udl140f_ssgwc0p81v125c
                                                          0.686000  
U2916                     SVQ_AO22_1      um28nchllogl35udl140f_ssgwc0p81v125c
                                                          0.686000  
U2917                     SVQ_AO22_1      um28nchllogl35udl140f_ssgwc0p81v125c
                                                          0.686000  
U2918                     SVQ_AO22_1      um28nchllogl35udl140f_ssgwc0p81v125c
                                                          0.686000  
U2919                     SVQ_AO22_1      um28nchllogl35udl140f_ssgwc0p81v125c
                                                          0.686000  
U2920                     SVQ_AO22_1      um28nchllogl35udl140f_ssgwc0p81v125c
                                                          0.686000  
U2921                     SVQ_AO22_1      um28nchllogl35udl140f_ssgwc0p81v125c
                                                          0.686000  
U2922                     SVQ_AO22_1      um28nchllogl35udl140f_ssgwc0p81v125c
                                                          0.686000  
U2923                     SVQ_AO22_1      um28nchllogl35udl140f_ssgwc0p81v125c
                                                          0.686000  
U2924                     SVQ_AO22_1      um28nchllogl35udl140f_ssgwc0p81v125c
                                                          0.686000  
U2925                     SVQ_AO22_1      um28nchllogl35udl140f_ssgwc0p81v125c
                                                          0.686000  
U2926                     SVQ_AO22_1      um28nchllogl35udl140f_ssgwc0p81v125c
                                                          0.686000  
U2927                     SVQ_AO22_1      um28nchllogl35udl140f_ssgwc0p81v125c
                                                          0.686000  
U2928                     SVQ_AO22_1      um28nchllogl35udl140f_ssgwc0p81v125c
                                                          0.686000  
U2929                     SVQ_AO22_1      um28nchllogl35udl140f_ssgwc0p81v125c
                                                          0.686000  
U2930                     SVQ_AO22_1      um28nchllogl35udl140f_ssgwc0p81v125c
                                                          0.686000  
U2931                     SVQ_AO22_1      um28nchllogl35udl140f_ssgwc0p81v125c
                                                          0.686000  
U2932                     SVQ_AO22_1      um28nchllogl35udl140f_ssgwc0p81v125c
                                                          0.686000  
U2933                     SVQ_AO22_1      um28nchllogl35udl140f_ssgwc0p81v125c
                                                          0.686000  
U2934                     SVQ_AO22_1      um28nchllogl35udl140f_ssgwc0p81v125c
                                                          0.686000  
U2935                     SVQ_AO22_1      um28nchllogl35udl140f_ssgwc0p81v125c
                                                          0.686000  
U2936                     SVQ_AO22_1      um28nchllogl35udl140f_ssgwc0p81v125c
                                                          0.686000  
U2937                     SVQ_AO22_1      um28nchllogl35udl140f_ssgwc0p81v125c
                                                          0.686000  
U2938                     SVQ_AO22_1      um28nchllogl35udl140f_ssgwc0p81v125c
                                                          0.686000  
U2939                     SVQ_AO22_1      um28nchllogl35udl140f_ssgwc0p81v125c
                                                          0.686000  
U2940                     SVQ_AO22_1      um28nchllogl35udl140f_ssgwc0p81v125c
                                                          0.686000  
U2941                     SVQ_AO22_1      um28nchllogl35udl140f_ssgwc0p81v125c
                                                          0.686000  
U2942                     SVQ_AO22_1      um28nchllogl35udl140f_ssgwc0p81v125c
                                                          0.686000  
U2943                     SVQ_AO22_1      um28nchllogl35udl140f_ssgwc0p81v125c
                                                          0.686000  
U2944                     SVQ_AO22_1      um28nchllogl35udl140f_ssgwc0p81v125c
                                                          0.686000  
U2945                     SVQ_AO22_1      um28nchllogl35udl140f_ssgwc0p81v125c
                                                          0.686000  
U2946                     SVQ_AO22_1      um28nchllogl35udl140f_ssgwc0p81v125c
                                                          0.686000  
U2947                     SVQ_AO22_1      um28nchllogl35udl140f_ssgwc0p81v125c
                                                          0.686000  
U2948                     SVQ_AO22_1      um28nchllogl35udl140f_ssgwc0p81v125c
                                                          0.686000  
U2949                     SVQ_AO22_1      um28nchllogl35udl140f_ssgwc0p81v125c
                                                          0.686000  
U2950                     SVQ_AO22_1      um28nchllogl35udl140f_ssgwc0p81v125c
                                                          0.686000  
U2951                     SVQ_AO22_1      um28nchllogl35udl140f_ssgwc0p81v125c
                                                          0.686000  
U2952                     SVQ_AO22_1      um28nchllogl35udl140f_ssgwc0p81v125c
                                                          0.686000  
U2953                     SVQ_AO22_1      um28nchllogl35udl140f_ssgwc0p81v125c
                                                          0.686000  
U2954                     SVQ_AO22_1      um28nchllogl35udl140f_ssgwc0p81v125c
                                                          0.686000  
U2955                     SVQ_AO22_1      um28nchllogl35udl140f_ssgwc0p81v125c
                                                          0.686000  
U2956                     SVQ_AO22_1      um28nchllogl35udl140f_ssgwc0p81v125c
                                                          0.686000  
U2957                     SVQ_AO22_1      um28nchllogl35udl140f_ssgwc0p81v125c
                                                          0.686000  
U2958                     SVQ_AO22_1      um28nchllogl35udl140f_ssgwc0p81v125c
                                                          0.686000  
U2959                     SVQ_AO22_1      um28nchllogl35udl140f_ssgwc0p81v125c
                                                          0.686000  
U2960                     SVQ_AO22_1      um28nchllogl35udl140f_ssgwc0p81v125c
                                                          0.686000  
U2961                     SVQ_AO22_1      um28nchllogl35udl140f_ssgwc0p81v125c
                                                          0.686000  
U2962                     SVQ_AO22_1      um28nchllogl35udl140f_ssgwc0p81v125c
                                                          0.686000  
U2963                     SVQ_AO22_1      um28nchllogl35udl140f_ssgwc0p81v125c
                                                          0.686000  
U2964                     SVQ_AO22_1      um28nchllogl35udl140f_ssgwc0p81v125c
                                                          0.686000  
U2965                     SVQ_AO22_1      um28nchllogl35udl140f_ssgwc0p81v125c
                                                          0.686000  
U2966                     SVQ_AO22_1      um28nchllogl35udl140f_ssgwc0p81v125c
                                                          0.686000  
U2967                     SVQ_AO22_1      um28nchllogl35udl140f_ssgwc0p81v125c
                                                          0.686000  
U2968                     SVQ_AO22_1      um28nchllogl35udl140f_ssgwc0p81v125c
                                                          0.686000  
U2969                     SVQ_AO22_1      um28nchllogl35udl140f_ssgwc0p81v125c
                                                          0.686000  
U2970                     SVQ_AO22_1      um28nchllogl35udl140f_ssgwc0p81v125c
                                                          0.686000  
U2971                     SVQ_AO22_1      um28nchllogl35udl140f_ssgwc0p81v125c
                                                          0.686000  
U2972                     SVQ_AO22_1      um28nchllogl35udl140f_ssgwc0p81v125c
                                                          0.686000  
U2973                     SVQ_AO22_1      um28nchllogl35udl140f_ssgwc0p81v125c
                                                          0.686000  
U2974                     SVQ_AO22_1      um28nchllogl35udl140f_ssgwc0p81v125c
                                                          0.686000  
U2975                     SVQ_AO22_1      um28nchllogl35udl140f_ssgwc0p81v125c
                                                          0.686000  
U2976                     SVQ_AO22_1      um28nchllogl35udl140f_ssgwc0p81v125c
                                                          0.686000  
U2977                     SVQ_AO22_1      um28nchllogl35udl140f_ssgwc0p81v125c
                                                          0.686000  
U2978                     SVQ_AO22_1      um28nchllogl35udl140f_ssgwc0p81v125c
                                                          0.686000  
U2979                     SVQ_AO22_1      um28nchllogl35udl140f_ssgwc0p81v125c
                                                          0.686000  
U2980                     SVQ_AO22_1      um28nchllogl35udl140f_ssgwc0p81v125c
                                                          0.686000  
U2981                     SVQ_AO22_1      um28nchllogl35udl140f_ssgwc0p81v125c
                                                          0.686000  
U2982                     SVQ_AO22_1      um28nchllogl35udl140f_ssgwc0p81v125c
                                                          0.686000  
U2983                     SVQ_AO22_1      um28nchllogl35udl140f_ssgwc0p81v125c
                                                          0.686000  
U2984                     SVQ_AO22_1      um28nchllogl35udl140f_ssgwc0p81v125c
                                                          0.686000  
U2985                     SVQ_AO22_1      um28nchllogl35udl140f_ssgwc0p81v125c
                                                          0.686000  
U2986                     SVQ_AO22_1      um28nchllogl35udl140f_ssgwc0p81v125c
                                                          0.686000  
U2987                     SVQ_AO22_1      um28nchllogl35udl140f_ssgwc0p81v125c
                                                          0.686000  
U2988                     SVQ_AO22_1      um28nchllogl35udl140f_ssgwc0p81v125c
                                                          0.686000  
U2989                     SVQ_AO22_1      um28nchllogl35udl140f_ssgwc0p81v125c
                                                          0.686000  
U2990                     SVQ_AO22_1      um28nchllogl35udl140f_ssgwc0p81v125c
                                                          0.686000  
U2991                     SVQ_AO22_1      um28nchllogl35udl140f_ssgwc0p81v125c
                                                          0.686000  
U2992                     SVQ_AO22_1      um28nchllogl35udl140f_ssgwc0p81v125c
                                                          0.686000  
U2993                     SVQ_AO22_1      um28nchllogl35udl140f_ssgwc0p81v125c
                                                          0.686000  
U2994                     SVQ_AO22_1      um28nchllogl35udl140f_ssgwc0p81v125c
                                                          0.686000  
U2995                     SVQ_AO22_1      um28nchllogl35udl140f_ssgwc0p81v125c
                                                          0.686000  
U2996                     SVQ_AO22_1      um28nchllogl35udl140f_ssgwc0p81v125c
                                                          0.686000  
U2997                     SVQ_AO22_1      um28nchllogl35udl140f_ssgwc0p81v125c
                                                          0.686000  
U2998                     SVQ_AO22_1      um28nchllogl35udl140f_ssgwc0p81v125c
                                                          0.686000  
U2999                     SVQ_AO22_1      um28nchllogl35udl140f_ssgwc0p81v125c
                                                          0.686000  
U3000                     SVQ_AO22_1      um28nchllogl35udl140f_ssgwc0p81v125c
                                                          0.686000  
U3001                     SVQ_AO22_1      um28nchllogl35udl140f_ssgwc0p81v125c
                                                          0.686000  
U3002                     SVQ_AO22_1      um28nchllogl35udl140f_ssgwc0p81v125c
                                                          0.686000  
U3003                     SVQ_AO22_1      um28nchllogl35udl140f_ssgwc0p81v125c
                                                          0.686000  
U3004                     SVQ_AO22_1      um28nchllogl35udl140f_ssgwc0p81v125c
                                                          0.686000  
U3005                     SVQ_AO22_1      um28nchllogl35udl140f_ssgwc0p81v125c
                                                          0.686000  
U3006                     SVQ_AO22_1      um28nchllogl35udl140f_ssgwc0p81v125c
                                                          0.686000  
U3007                     SVQ_AO22_1      um28nchllogl35udl140f_ssgwc0p81v125c
                                                          0.686000  
U3008                     SVQ_AO22_1      um28nchllogl35udl140f_ssgwc0p81v125c
                                                          0.686000  
U3009                     SVQ_AO22_1      um28nchllogl35udl140f_ssgwc0p81v125c
                                                          0.686000  
U3010                     SVQ_AO22_1      um28nchllogl35udl140f_ssgwc0p81v125c
                                                          0.686000  
U3011                     SVQ_AO22_1      um28nchllogl35udl140f_ssgwc0p81v125c
                                                          0.686000  
U3012                     SVQ_AO22_1      um28nchllogl35udl140f_ssgwc0p81v125c
                                                          0.686000  
U3013                     SVQ_AO22_1      um28nchllogl35udl140f_ssgwc0p81v125c
                                                          0.686000  
U3014                     SVQ_AO22_1      um28nchllogl35udl140f_ssgwc0p81v125c
                                                          0.686000  
U3015                     SVQ_AO22_1      um28nchllogl35udl140f_ssgwc0p81v125c
                                                          0.686000  
U3016                     SVQ_AO22_1      um28nchllogl35udl140f_ssgwc0p81v125c
                                                          0.686000  
U3017                     SVQ_AO22_1      um28nchllogl35udl140f_ssgwc0p81v125c
                                                          0.686000  
U3018                     SVQ_AO22_1      um28nchllogl35udl140f_ssgwc0p81v125c
                                                          0.686000  
U3019                     SVQ_AO22_1      um28nchllogl35udl140f_ssgwc0p81v125c
                                                          0.686000  
U3020                     SVQ_AO22_1      um28nchllogl35udl140f_ssgwc0p81v125c
                                                          0.686000  
U3021                     SVQ_AO22_1      um28nchllogl35udl140f_ssgwc0p81v125c
                                                          0.686000  
U3022                     SVQ_AO22_1      um28nchllogl35udl140f_ssgwc0p81v125c
                                                          0.686000  
U3023                     SVQ_AO22_1      um28nchllogl35udl140f_ssgwc0p81v125c
                                                          0.686000  
U3024                     SVQ_AO22_1      um28nchllogl35udl140f_ssgwc0p81v125c
                                                          0.686000  
U3025                     SVQ_AO22_1      um28nchllogl35udl140f_ssgwc0p81v125c
                                                          0.686000  
U3026                     SVQ_AO22_1      um28nchllogl35udl140f_ssgwc0p81v125c
                                                          0.686000  
U3027                     SVQ_AO22_1      um28nchllogl35udl140f_ssgwc0p81v125c
                                                          0.686000  
U3028                     SVQ_AO22_1      um28nchllogl35udl140f_ssgwc0p81v125c
                                                          0.686000  
U3029                     SVQ_AO22_1      um28nchllogl35udl140f_ssgwc0p81v125c
                                                          0.686000  
U3030                     SVQ_AO22_1      um28nchllogl35udl140f_ssgwc0p81v125c
                                                          0.686000  
U3031                     SVQ_AO22_1      um28nchllogl35udl140f_ssgwc0p81v125c
                                                          0.686000  
U3032                     SVQ_AO22_1      um28nchllogl35udl140f_ssgwc0p81v125c
                                                          0.686000  
U3033                     SVQ_AO22_1      um28nchllogl35udl140f_ssgwc0p81v125c
                                                          0.686000  
U3034                     SVQ_AO22_1      um28nchllogl35udl140f_ssgwc0p81v125c
                                                          0.686000  
U3035                     SVQ_AO22_1      um28nchllogl35udl140f_ssgwc0p81v125c
                                                          0.686000  
U3036                     SVQ_AO22_1      um28nchllogl35udl140f_ssgwc0p81v125c
                                                          0.686000  
U3037                     SVQ_AO22_1      um28nchllogl35udl140f_ssgwc0p81v125c
                                                          0.686000  
U3038                     SVQ_AO22_1      um28nchllogl35udl140f_ssgwc0p81v125c
                                                          0.686000  
U3039                     SVQ_AO22_1      um28nchllogl35udl140f_ssgwc0p81v125c
                                                          0.686000  
U3040                     SVQ_AO22_1      um28nchllogl35udl140f_ssgwc0p81v125c
                                                          0.686000  
U3041                     SVQ_AO22_1      um28nchllogl35udl140f_ssgwc0p81v125c
                                                          0.686000  
U3042                     SVQ_AO22_1      um28nchllogl35udl140f_ssgwc0p81v125c
                                                          0.686000  
U3043                     SVQ_AO22_1      um28nchllogl35udl140f_ssgwc0p81v125c
                                                          0.686000  
U3044                     SVQ_AO22_1      um28nchllogl35udl140f_ssgwc0p81v125c
                                                          0.686000  
U3045                     SVQ_AO22_1      um28nchllogl35udl140f_ssgwc0p81v125c
                                                          0.686000  
U3046                     SVQ_AO22_1      um28nchllogl35udl140f_ssgwc0p81v125c
                                                          0.686000  
U3047                     SVQ_AO22_1      um28nchllogl35udl140f_ssgwc0p81v125c
                                                          0.686000  
U3048                     SVQ_AO22_1      um28nchllogl35udl140f_ssgwc0p81v125c
                                                          0.686000  
U3049                     SVQ_AO22_1      um28nchllogl35udl140f_ssgwc0p81v125c
                                                          0.686000  
U3050                     SVQ_AO22_1      um28nchllogl35udl140f_ssgwc0p81v125c
                                                          0.686000  
U3051                     SVQ_AO22_1      um28nchllogl35udl140f_ssgwc0p81v125c
                                                          0.686000  
U3052                     SVQ_AO22_1      um28nchllogl35udl140f_ssgwc0p81v125c
                                                          0.686000  
U3053                     SVQ_AO22_1      um28nchllogl35udl140f_ssgwc0p81v125c
                                                          0.686000  
U3054                     SVQ_AO22_1      um28nchllogl35udl140f_ssgwc0p81v125c
                                                          0.686000  
U3055                     SVQ_AO22_1      um28nchllogl35udl140f_ssgwc0p81v125c
                                                          0.686000  
U3056                     SVQ_AO22_1      um28nchllogl35udl140f_ssgwc0p81v125c
                                                          0.686000  
U3057                     SVQ_AO22_1      um28nchllogl35udl140f_ssgwc0p81v125c
                                                          0.686000  
U3058                     SVQ_AO22_1      um28nchllogl35udl140f_ssgwc0p81v125c
                                                          0.686000  
U3059                     SVQ_AO22_1      um28nchllogl35udl140f_ssgwc0p81v125c
                                                          0.686000  
U3060                     SVQ_AO22_1      um28nchllogl35udl140f_ssgwc0p81v125c
                                                          0.686000  
U3061                     SVQ_AO22_1      um28nchllogl35udl140f_ssgwc0p81v125c
                                                          0.686000  
U3062                     SVQ_AO22_1      um28nchllogl35udl140f_ssgwc0p81v125c
                                                          0.686000  
U3063                     SVQ_AO22_1      um28nchllogl35udl140f_ssgwc0p81v125c
                                                          0.686000  
U3064                     SVQ_AO22_1      um28nchllogl35udl140f_ssgwc0p81v125c
                                                          0.686000  
U3065                     SVQ_AO22_1      um28nchllogl35udl140f_ssgwc0p81v125c
                                                          0.686000  
U3066                     SVQ_AO22_1      um28nchllogl35udl140f_ssgwc0p81v125c
                                                          0.686000  
U3067                     SVQ_AO22_1      um28nchllogl35udl140f_ssgwc0p81v125c
                                                          0.686000  
U3068                     SVQ_AO22_1      um28nchllogl35udl140f_ssgwc0p81v125c
                                                          0.686000  
U3069                     SVQ_AO22_1      um28nchllogl35udl140f_ssgwc0p81v125c
                                                          0.686000  
U3070                     SVQ_AO22_1      um28nchllogl35udl140f_ssgwc0p81v125c
                                                          0.686000  
U3071                     SVQ_AO22_1      um28nchllogl35udl140f_ssgwc0p81v125c
                                                          0.686000  
U3072                     SVQ_AO22_1      um28nchllogl35udl140f_ssgwc0p81v125c
                                                          0.686000  
U3073                     SVQ_AO22_1      um28nchllogl35udl140f_ssgwc0p81v125c
                                                          0.686000  
U3074                     SVQ_AO22_1      um28nchllogl35udl140f_ssgwc0p81v125c
                                                          0.686000  
U3075                     SVQ_AO22_1      um28nchllogl35udl140f_ssgwc0p81v125c
                                                          0.686000  
U3076                     SVQ_AO22_1      um28nchllogl35udl140f_ssgwc0p81v125c
                                                          0.686000  
U3077                     SVQ_AO22_1      um28nchllogl35udl140f_ssgwc0p81v125c
                                                          0.686000  
U3078                     SVQ_AO22_1      um28nchllogl35udl140f_ssgwc0p81v125c
                                                          0.686000  
U3079                     SVQ_AO22_1      um28nchllogl35udl140f_ssgwc0p81v125c
                                                          0.686000  
U3080                     SVQ_AO22_1      um28nchllogl35udl140f_ssgwc0p81v125c
                                                          0.686000  
U3081                     SVQ_AO22_1      um28nchllogl35udl140f_ssgwc0p81v125c
                                                          0.686000  
U3082                     SVQ_AO22_1      um28nchllogl35udl140f_ssgwc0p81v125c
                                                          0.686000  
U3083                     SVQ_AO22_1      um28nchllogl35udl140f_ssgwc0p81v125c
                                                          0.686000  
U3084                     SVQ_AO22_1      um28nchllogl35udl140f_ssgwc0p81v125c
                                                          0.686000  
U3085                     SVQ_AO22_1      um28nchllogl35udl140f_ssgwc0p81v125c
                                                          0.686000  
U3086                     SVQ_AO22_1      um28nchllogl35udl140f_ssgwc0p81v125c
                                                          0.686000  
U3087                     SVQ_AO22_1      um28nchllogl35udl140f_ssgwc0p81v125c
                                                          0.686000  
U3088                     SVQ_AO22_1      um28nchllogl35udl140f_ssgwc0p81v125c
                                                          0.686000  
U3089                     SVQ_AO22_1      um28nchllogl35udl140f_ssgwc0p81v125c
                                                          0.686000  
U3090                     SVQ_AO22_1      um28nchllogl35udl140f_ssgwc0p81v125c
                                                          0.686000  
U3091                     SVQ_AO22_1      um28nchllogl35udl140f_ssgwc0p81v125c
                                                          0.686000  
U3092                     SVQ_AO22_1      um28nchllogl35udl140f_ssgwc0p81v125c
                                                          0.686000  
U3093                     SVQ_AO22_1      um28nchllogl35udl140f_ssgwc0p81v125c
                                                          0.686000  
U3094                     SVQ_AO22_1      um28nchllogl35udl140f_ssgwc0p81v125c
                                                          0.686000  
U3095                     SVQ_AO22_1      um28nchllogl35udl140f_ssgwc0p81v125c
                                                          0.686000  
U3096                     SVQ_AO22_1      um28nchllogl35udl140f_ssgwc0p81v125c
                                                          0.686000  
U3097                     SVQ_AO22_1      um28nchllogl35udl140f_ssgwc0p81v125c
                                                          0.686000  
U3098                     SVQ_AO22_1      um28nchllogl35udl140f_ssgwc0p81v125c
                                                          0.686000  
U3099                     SVQ_AO22_1      um28nchllogl35udl140f_ssgwc0p81v125c
                                                          0.686000  
U3100                     SVQ_AO22_1      um28nchllogl35udl140f_ssgwc0p81v125c
                                                          0.686000  
U3101                     SVQ_AO22_1      um28nchllogl35udl140f_ssgwc0p81v125c
                                                          0.686000  
U3102                     SVQ_AO22_1      um28nchllogl35udl140f_ssgwc0p81v125c
                                                          0.686000  
U3103                     SVQ_AO22_1      um28nchllogl35udl140f_ssgwc0p81v125c
                                                          0.686000  
U3104                     SVQ_AO22_1      um28nchllogl35udl140f_ssgwc0p81v125c
                                                          0.686000  
U3105                     SVQ_AO22_1      um28nchllogl35udl140f_ssgwc0p81v125c
                                                          0.686000  
U3106                     SVQ_AO22_1      um28nchllogl35udl140f_ssgwc0p81v125c
                                                          0.686000  
U3107                     SVQ_AO22_1      um28nchllogl35udl140f_ssgwc0p81v125c
                                                          0.686000  
U3108                     SVQ_AO22_1      um28nchllogl35udl140f_ssgwc0p81v125c
                                                          0.686000  
U3109                     SVQ_AO22_1      um28nchllogl35udl140f_ssgwc0p81v125c
                                                          0.686000  
U3110                     SVQ_AO22_1      um28nchllogl35udl140f_ssgwc0p81v125c
                                                          0.686000  
U3111                     SVQ_AO22_1      um28nchllogl35udl140f_ssgwc0p81v125c
                                                          0.686000  
U3112                     SVQ_AO22_1      um28nchllogl35udl140f_ssgwc0p81v125c
                                                          0.686000  
U3113                     SVQ_AO22_1      um28nchllogl35udl140f_ssgwc0p81v125c
                                                          0.686000  
U3114                     SVQ_AO22_1      um28nchllogl35udl140f_ssgwc0p81v125c
                                                          0.686000  
U3115                     SVQ_AO22_1      um28nchllogl35udl140f_ssgwc0p81v125c
                                                          0.686000  
U3116                     SVQ_AO22_1      um28nchllogl35udl140f_ssgwc0p81v125c
                                                          0.686000  
U3117                     SVQ_AO22_1      um28nchllogl35udl140f_ssgwc0p81v125c
                                                          0.686000  
U3118                     SVQ_AO22_1      um28nchllogl35udl140f_ssgwc0p81v125c
                                                          0.686000  
U3119                     SVQ_AO22_1      um28nchllogl35udl140f_ssgwc0p81v125c
                                                          0.686000  
U3120                     SVQ_AO22_1      um28nchllogl35udl140f_ssgwc0p81v125c
                                                          0.686000  
U3121                     SVQ_AO22_1      um28nchllogl35udl140f_ssgwc0p81v125c
                                                          0.686000  
U3122                     SVQ_AO22_1      um28nchllogl35udl140f_ssgwc0p81v125c
                                                          0.686000  
U3123                     SVQ_AO22_1      um28nchllogl35udl140f_ssgwc0p81v125c
                                                          0.686000  
U3124                     SVQ_AO22_1      um28nchllogl35udl140f_ssgwc0p81v125c
                                                          0.686000  
U3125                     SVQ_AO22_1      um28nchllogl35udl140f_ssgwc0p81v125c
                                                          0.686000  
U3126                     SVQ_AO22_1      um28nchllogl35udl140f_ssgwc0p81v125c
                                                          0.686000  
U3127                     SVQ_AO22_1      um28nchllogl35udl140f_ssgwc0p81v125c
                                                          0.686000  
U3128                     SVQ_AO22_1      um28nchllogl35udl140f_ssgwc0p81v125c
                                                          0.686000  
U3129                     SVQ_AO22_1      um28nchllogl35udl140f_ssgwc0p81v125c
                                                          0.686000  
U3130                     SVQ_AO22_1      um28nchllogl35udl140f_ssgwc0p81v125c
                                                          0.686000  
U3131                     SVQ_AO22_1      um28nchllogl35udl140f_ssgwc0p81v125c
                                                          0.686000  
U3132                     SVQ_AO22_1      um28nchllogl35udl140f_ssgwc0p81v125c
                                                          0.686000  
U3133                     SVQ_AO22_1      um28nchllogl35udl140f_ssgwc0p81v125c
                                                          0.686000  
U3134                     SVQ_AO22_1      um28nchllogl35udl140f_ssgwc0p81v125c
                                                          0.686000  
U3135                     SVQ_AO22_1      um28nchllogl35udl140f_ssgwc0p81v125c
                                                          0.686000  
U3136                     SVQ_AO22_1      um28nchllogl35udl140f_ssgwc0p81v125c
                                                          0.686000  
U3137                     SVQ_AO22_1      um28nchllogl35udl140f_ssgwc0p81v125c
                                                          0.686000  
U3138                     SVQ_AO22_1      um28nchllogl35udl140f_ssgwc0p81v125c
                                                          0.686000  
U3139                     SVQ_AO22_1      um28nchllogl35udl140f_ssgwc0p81v125c
                                                          0.686000  
U3140                     SVQ_AO22_1      um28nchllogl35udl140f_ssgwc0p81v125c
                                                          0.686000  
U3141                     SVQ_AO22_1      um28nchllogl35udl140f_ssgwc0p81v125c
                                                          0.686000  
U3142                     SVQ_AO22_1      um28nchllogl35udl140f_ssgwc0p81v125c
                                                          0.686000  
U3143                     SVQ_AO22_1      um28nchllogl35udl140f_ssgwc0p81v125c
                                                          0.686000  
U3144                     SVQ_AO22_1      um28nchllogl35udl140f_ssgwc0p81v125c
                                                          0.686000  
U3145                     SVQ_AO22_1      um28nchllogl35udl140f_ssgwc0p81v125c
                                                          0.686000  
U3146                     SVQ_AO22_1      um28nchllogl35udl140f_ssgwc0p81v125c
                                                          0.686000  
U3147                     SVQ_AO22_1      um28nchllogl35udl140f_ssgwc0p81v125c
                                                          0.686000  
U3148                     SVQ_AO22_1      um28nchllogl35udl140f_ssgwc0p81v125c
                                                          0.686000  
U3149                     SVQ_AO22_1      um28nchllogl35udl140f_ssgwc0p81v125c
                                                          0.686000  
U3150                     SVQ_AO22_1      um28nchllogl35udl140f_ssgwc0p81v125c
                                                          0.686000  
U3151                     SVQ_AO22_1      um28nchllogl35udl140f_ssgwc0p81v125c
                                                          0.686000  
U3152                     SVQ_AO22_1      um28nchllogl35udl140f_ssgwc0p81v125c
                                                          0.686000  
U3153                     SVQ_AO22_1      um28nchllogl35udl140f_ssgwc0p81v125c
                                                          0.686000  
U3154                     SVQ_AO22_1      um28nchllogl35udl140f_ssgwc0p81v125c
                                                          0.686000  
U3155                     SVQ_AO22_1      um28nchllogl35udl140f_ssgwc0p81v125c
                                                          0.686000  
U3156                     SVQ_AO22_1      um28nchllogl35udl140f_ssgwc0p81v125c
                                                          0.686000  
U3157                     SVQ_AO22_1      um28nchllogl35udl140f_ssgwc0p81v125c
                                                          0.686000  
U3158                     SVQ_AO22_1      um28nchllogl35udl140f_ssgwc0p81v125c
                                                          0.686000  
U3159                     SVQ_AO22_1      um28nchllogl35udl140f_ssgwc0p81v125c
                                                          0.686000  
U3160                     SVQ_AO22_1      um28nchllogl35udl140f_ssgwc0p81v125c
                                                          0.686000  
U3161                     SVQ_AO22_1      um28nchllogl35udl140f_ssgwc0p81v125c
                                                          0.686000  
U3162                     SVQ_AO22_1      um28nchllogl35udl140f_ssgwc0p81v125c
                                                          0.686000  
U3163                     SVQ_AO22_1      um28nchllogl35udl140f_ssgwc0p81v125c
                                                          0.686000  
U3164                     SVQ_AO22_1      um28nchllogl35udl140f_ssgwc0p81v125c
                                                          0.686000  
U3165                     SVQ_ND4_1       um28nchllogl35udl140f_ssgwc0p81v125c
                                                          0.490000  
U3166                     SVQ_ND2_1       um28nchllogl35udl140f_ssgwc0p81v125c
                                                          0.294000  
U3167                     SVQ_OAI211_1    um28nchllogl35udl140f_ssgwc0p81v125c
                                                          0.490000  
U3168                     SVQ_ND2_1       um28nchllogl35udl140f_ssgwc0p81v125c
                                                          0.294000  
U3169                     SVQ_OAI211_1    um28nchllogl35udl140f_ssgwc0p81v125c
                                                          0.490000  
U3170                     SVQ_ND2_1       um28nchllogl35udl140f_ssgwc0p81v125c
                                                          0.294000  
U3171                     SVQ_ND3_1       um28nchllogl35udl140f_ssgwc0p81v125c
                                                          0.392000  
U3172                     SVQ_AO21_U_1    um28nchllogl35udl140f_ssgwc0p81v125c
                                                          0.490000  
U3173                     SVQ_NR4_1       um28nchllogl35udl140f_ssgwc0p81v125c
                                                          0.490000  
U3174                     SVQ_AO22_1      um28nchllogl35udl140f_ssgwc0p81v125c
                                                          0.686000  
U3175                     SVQ_AO22_1      um28nchllogl35udl140f_ssgwc0p81v125c
                                                          0.686000  
U3176                     SVQ_AO22_1      um28nchllogl35udl140f_ssgwc0p81v125c
                                                          0.686000  
U3177                     SVQ_AO22_1      um28nchllogl35udl140f_ssgwc0p81v125c
                                                          0.686000  
U3178                     SVQ_AO22_1      um28nchllogl35udl140f_ssgwc0p81v125c
                                                          0.686000  
U3179                     SVQ_AO22_1      um28nchllogl35udl140f_ssgwc0p81v125c
                                                          0.686000  
U3180                     SVQ_AO22_1      um28nchllogl35udl140f_ssgwc0p81v125c
                                                          0.686000  
U3181                     SVQ_AO22_1      um28nchllogl35udl140f_ssgwc0p81v125c
                                                          0.686000  
U3182                     SVQ_AO22_1      um28nchllogl35udl140f_ssgwc0p81v125c
                                                          0.686000  
U3183                     SVQ_AO22_1      um28nchllogl35udl140f_ssgwc0p81v125c
                                                          0.686000  
U3184                     SVQ_AO22_1      um28nchllogl35udl140f_ssgwc0p81v125c
                                                          0.686000  
U3185                     SVQ_AO22_1      um28nchllogl35udl140f_ssgwc0p81v125c
                                                          0.686000  
U3186                     SVQ_AO22_1      um28nchllogl35udl140f_ssgwc0p81v125c
                                                          0.686000  
U3187                     SVQ_AO22_1      um28nchllogl35udl140f_ssgwc0p81v125c
                                                          0.686000  
U3188                     SVQ_AO22_1      um28nchllogl35udl140f_ssgwc0p81v125c
                                                          0.686000  
U3189                     SVQ_AO22_1      um28nchllogl35udl140f_ssgwc0p81v125c
                                                          0.686000  
U3190                     SVQ_AO22_1      um28nchllogl35udl140f_ssgwc0p81v125c
                                                          0.686000  
U3191                     SVQ_AO22_1      um28nchllogl35udl140f_ssgwc0p81v125c
                                                          0.686000  
U3192                     SVQ_AO22_1      um28nchllogl35udl140f_ssgwc0p81v125c
                                                          0.686000  
U3193                     SVQ_AO22_1      um28nchllogl35udl140f_ssgwc0p81v125c
                                                          0.686000  
U3194                     SVQ_AO22_1      um28nchllogl35udl140f_ssgwc0p81v125c
                                                          0.686000  
U3195                     SVQ_AO22_1      um28nchllogl35udl140f_ssgwc0p81v125c
                                                          0.686000  
U3196                     SVQ_AO22_1      um28nchllogl35udl140f_ssgwc0p81v125c
                                                          0.686000  
U3197                     SVQ_AO22_1      um28nchllogl35udl140f_ssgwc0p81v125c
                                                          0.686000  
U3198                     SVQ_AO22_1      um28nchllogl35udl140f_ssgwc0p81v125c
                                                          0.686000  
U3199                     SVQ_AO22_1      um28nchllogl35udl140f_ssgwc0p81v125c
                                                          0.686000  
U3200                     SVQ_AO22_1      um28nchllogl35udl140f_ssgwc0p81v125c
                                                          0.686000  
U3201                     SVQ_AO22_1      um28nchllogl35udl140f_ssgwc0p81v125c
                                                          0.686000  
U3202                     SVQ_AO22_1      um28nchllogl35udl140f_ssgwc0p81v125c
                                                          0.686000  
U3203                     SVQ_AO22_1      um28nchllogl35udl140f_ssgwc0p81v125c
                                                          0.686000  
U3204                     SVQ_AO22_1      um28nchllogl35udl140f_ssgwc0p81v125c
                                                          0.686000  
U3205                     SVQ_AO22_1      um28nchllogl35udl140f_ssgwc0p81v125c
                                                          0.686000  
U3206                     SVQ_AO22_1      um28nchllogl35udl140f_ssgwc0p81v125c
                                                          0.686000  
U3207                     SVQ_AO22_1      um28nchllogl35udl140f_ssgwc0p81v125c
                                                          0.686000  
U3208                     SVQ_AO22_1      um28nchllogl35udl140f_ssgwc0p81v125c
                                                          0.686000  
U3209                     SVQ_AO22_1      um28nchllogl35udl140f_ssgwc0p81v125c
                                                          0.686000  
U3210                     SVQ_AO22_1      um28nchllogl35udl140f_ssgwc0p81v125c
                                                          0.686000  
U3211                     SVQ_AO22_1      um28nchllogl35udl140f_ssgwc0p81v125c
                                                          0.686000  
U3212                     SVQ_AO22_1      um28nchllogl35udl140f_ssgwc0p81v125c
                                                          0.686000  
U3213                     SVQ_AO22_1      um28nchllogl35udl140f_ssgwc0p81v125c
                                                          0.686000  
U3214                     SVQ_AO22_1      um28nchllogl35udl140f_ssgwc0p81v125c
                                                          0.686000  
U3215                     SVQ_AO22_1      um28nchllogl35udl140f_ssgwc0p81v125c
                                                          0.686000  
U3216                     SVQ_AO22_1      um28nchllogl35udl140f_ssgwc0p81v125c
                                                          0.686000  
U3217                     SVQ_AO22_1      um28nchllogl35udl140f_ssgwc0p81v125c
                                                          0.686000  
U3218                     SVQ_AO22_1      um28nchllogl35udl140f_ssgwc0p81v125c
                                                          0.686000  
U3219                     SVQ_AO22_1      um28nchllogl35udl140f_ssgwc0p81v125c
                                                          0.686000  
U3220                     SVQ_AO22_1      um28nchllogl35udl140f_ssgwc0p81v125c
                                                          0.686000  
U3221                     SVQ_AO22_1      um28nchllogl35udl140f_ssgwc0p81v125c
                                                          0.686000  
U3222                     SVQ_AO22_1      um28nchllogl35udl140f_ssgwc0p81v125c
                                                          0.686000  
U3223                     SVQ_AO22_1      um28nchllogl35udl140f_ssgwc0p81v125c
                                                          0.686000  
U3224                     SVQ_AO22_1      um28nchllogl35udl140f_ssgwc0p81v125c
                                                          0.686000  
U3225                     SVQ_AO22_1      um28nchllogl35udl140f_ssgwc0p81v125c
                                                          0.686000  
U3226                     SVQ_AO22_1      um28nchllogl35udl140f_ssgwc0p81v125c
                                                          0.686000  
U3227                     SVQ_AO22_1      um28nchllogl35udl140f_ssgwc0p81v125c
                                                          0.686000  
U3228                     SVQ_AO22_1      um28nchllogl35udl140f_ssgwc0p81v125c
                                                          0.686000  
U3229                     SVQ_AO22_1      um28nchllogl35udl140f_ssgwc0p81v125c
                                                          0.686000  
U3230                     SVQ_AO22_1      um28nchllogl35udl140f_ssgwc0p81v125c
                                                          0.686000  
U3231                     SVQ_AO22_1      um28nchllogl35udl140f_ssgwc0p81v125c
                                                          0.686000  
U3232                     SVQ_AO22_1      um28nchllogl35udl140f_ssgwc0p81v125c
                                                          0.686000  
U3233                     SVQ_AO22_1      um28nchllogl35udl140f_ssgwc0p81v125c
                                                          0.686000  
U3234                     SVQ_AO22_1      um28nchllogl35udl140f_ssgwc0p81v125c
                                                          0.686000  
U3235                     SVQ_AO22_1      um28nchllogl35udl140f_ssgwc0p81v125c
                                                          0.686000  
U3236                     SVQ_AO22_1      um28nchllogl35udl140f_ssgwc0p81v125c
                                                          0.686000  
U3237                     SVQ_AO22_1      um28nchllogl35udl140f_ssgwc0p81v125c
                                                          0.686000  
U3238                     SVQ_AO22_1      um28nchllogl35udl140f_ssgwc0p81v125c
                                                          0.686000  
U3239                     SVQ_AO22_1      um28nchllogl35udl140f_ssgwc0p81v125c
                                                          0.686000  
U3240                     SVQ_AO22_1      um28nchllogl35udl140f_ssgwc0p81v125c
                                                          0.686000  
U3241                     SVQ_AO22_1      um28nchllogl35udl140f_ssgwc0p81v125c
                                                          0.686000  
U3242                     SVQ_AO22_1      um28nchllogl35udl140f_ssgwc0p81v125c
                                                          0.686000  
U3243                     SVQ_AO22_1      um28nchllogl35udl140f_ssgwc0p81v125c
                                                          0.686000  
U3244                     SVQ_AO22_1      um28nchllogl35udl140f_ssgwc0p81v125c
                                                          0.686000  
U3245                     SVQ_AO22_1      um28nchllogl35udl140f_ssgwc0p81v125c
                                                          0.686000  
U3246                     SVQ_AO22_1      um28nchllogl35udl140f_ssgwc0p81v125c
                                                          0.686000  
U3247                     SVQ_AO22_1      um28nchllogl35udl140f_ssgwc0p81v125c
                                                          0.686000  
U3248                     SVQ_AO22_1      um28nchllogl35udl140f_ssgwc0p81v125c
                                                          0.686000  
U3249                     SVQ_AO22_1      um28nchllogl35udl140f_ssgwc0p81v125c
                                                          0.686000  
U3250                     SVQ_AO22_1      um28nchllogl35udl140f_ssgwc0p81v125c
                                                          0.686000  
U3251                     SVQ_AO22_1      um28nchllogl35udl140f_ssgwc0p81v125c
                                                          0.686000  
U3252                     SVQ_AO22_1      um28nchllogl35udl140f_ssgwc0p81v125c
                                                          0.686000  
U3253                     SVQ_AO22_1      um28nchllogl35udl140f_ssgwc0p81v125c
                                                          0.686000  
U3254                     SVQ_AO22_1      um28nchllogl35udl140f_ssgwc0p81v125c
                                                          0.686000  
U3255                     SVQ_AO22_1      um28nchllogl35udl140f_ssgwc0p81v125c
                                                          0.686000  
U3256                     SVQ_AO22_1      um28nchllogl35udl140f_ssgwc0p81v125c
                                                          0.686000  
U3257                     SVQ_AO22_1      um28nchllogl35udl140f_ssgwc0p81v125c
                                                          0.686000  
U3258                     SVQ_AO22_1      um28nchllogl35udl140f_ssgwc0p81v125c
                                                          0.686000  
U3259                     SVQ_AO22_1      um28nchllogl35udl140f_ssgwc0p81v125c
                                                          0.686000  
U3260                     SVQ_AO22_1      um28nchllogl35udl140f_ssgwc0p81v125c
                                                          0.686000  
U3261                     SVQ_AO22_1      um28nchllogl35udl140f_ssgwc0p81v125c
                                                          0.686000  
U3262                     SVQ_AO22_1      um28nchllogl35udl140f_ssgwc0p81v125c
                                                          0.686000  
U3263                     SVQ_AO22_1      um28nchllogl35udl140f_ssgwc0p81v125c
                                                          0.686000  
U3264                     SVQ_AO22_1      um28nchllogl35udl140f_ssgwc0p81v125c
                                                          0.686000  
U3265                     SVQ_AO22_1      um28nchllogl35udl140f_ssgwc0p81v125c
                                                          0.686000  
U3266                     SVQ_AO22_1      um28nchllogl35udl140f_ssgwc0p81v125c
                                                          0.686000  
U3267                     SVQ_AO22_1      um28nchllogl35udl140f_ssgwc0p81v125c
                                                          0.686000  
U3268                     SVQ_AO22_1      um28nchllogl35udl140f_ssgwc0p81v125c
                                                          0.686000  
U3269                     SVQ_AO22_1      um28nchllogl35udl140f_ssgwc0p81v125c
                                                          0.686000  
U3270                     SVQ_AO22_1      um28nchllogl35udl140f_ssgwc0p81v125c
                                                          0.686000  
U3271                     SVQ_AO22_1      um28nchllogl35udl140f_ssgwc0p81v125c
                                                          0.686000  
U3272                     SVQ_AO22_1      um28nchllogl35udl140f_ssgwc0p81v125c
                                                          0.686000  
U3273                     SVQ_AO22_1      um28nchllogl35udl140f_ssgwc0p81v125c
                                                          0.686000  
U3274                     SVQ_AO22_1      um28nchllogl35udl140f_ssgwc0p81v125c
                                                          0.686000  
U3275                     SVQ_AO22_1      um28nchllogl35udl140f_ssgwc0p81v125c
                                                          0.686000  
U3276                     SVQ_AO22_1      um28nchllogl35udl140f_ssgwc0p81v125c
                                                          0.686000  
U3277                     SVQ_AO22_1      um28nchllogl35udl140f_ssgwc0p81v125c
                                                          0.686000  
U3278                     SVQ_AO22_1      um28nchllogl35udl140f_ssgwc0p81v125c
                                                          0.686000  
U3279                     SVQ_AO22_1      um28nchllogl35udl140f_ssgwc0p81v125c
                                                          0.686000  
U3280                     SVQ_AO22_1      um28nchllogl35udl140f_ssgwc0p81v125c
                                                          0.686000  
U3281                     SVQ_AO22_1      um28nchllogl35udl140f_ssgwc0p81v125c
                                                          0.686000  
U3282                     SVQ_AO22_1      um28nchllogl35udl140f_ssgwc0p81v125c
                                                          0.686000  
U3283                     SVQ_AO22_1      um28nchllogl35udl140f_ssgwc0p81v125c
                                                          0.686000  
U3284                     SVQ_AO22_1      um28nchllogl35udl140f_ssgwc0p81v125c
                                                          0.686000  
U3285                     SVQ_AO22_1      um28nchllogl35udl140f_ssgwc0p81v125c
                                                          0.686000  
U3286                     SVQ_AO22_1      um28nchllogl35udl140f_ssgwc0p81v125c
                                                          0.686000  
U3287                     SVQ_AO22_1      um28nchllogl35udl140f_ssgwc0p81v125c
                                                          0.686000  
U3288                     SVQ_AO22_1      um28nchllogl35udl140f_ssgwc0p81v125c
                                                          0.686000  
U3289                     SVQ_AO22_1      um28nchllogl35udl140f_ssgwc0p81v125c
                                                          0.686000  
U3290                     SVQ_AO22_1      um28nchllogl35udl140f_ssgwc0p81v125c
                                                          0.686000  
U3291                     SVQ_OAI21_S_1   um28nchllogl35udl140f_ssgwc0p81v125c
                                                          0.392000  
U3292                     SVQ_AO22_1      um28nchllogl35udl140f_ssgwc0p81v125c
                                                          0.686000  
U3293                     SVQ_AO22_1      um28nchllogl35udl140f_ssgwc0p81v125c
                                                          0.686000  
U3294                     SVQ_AO22_1      um28nchllogl35udl140f_ssgwc0p81v125c
                                                          0.686000  
U3295                     SVQ_AO22_1      um28nchllogl35udl140f_ssgwc0p81v125c
                                                          0.686000  
U3296                     SVQ_AO22_1      um28nchllogl35udl140f_ssgwc0p81v125c
                                                          0.686000  
U3297                     SVQ_AO22_1      um28nchllogl35udl140f_ssgwc0p81v125c
                                                          0.686000  
U3298                     SVQ_AO22_1      um28nchllogl35udl140f_ssgwc0p81v125c
                                                          0.686000  
U3299                     SVQ_AO22_1      um28nchllogl35udl140f_ssgwc0p81v125c
                                                          0.686000  
U3300                     SVQ_AO22_1      um28nchllogl35udl140f_ssgwc0p81v125c
                                                          0.686000  
U3301                     SVQ_AO22_1      um28nchllogl35udl140f_ssgwc0p81v125c
                                                          0.686000  
U3302                     SVQ_AO22_1      um28nchllogl35udl140f_ssgwc0p81v125c
                                                          0.686000  
U3303                     SVQ_INV_1       um28nchllogl35udl140f_ssgwc0p81v125c
                                                          0.196000  
U3304                     SVQ_INV_1       um28nchllogl35udl140f_ssgwc0p81v125c
                                                          0.196000  
U3305                     SVQ_AN2_MG_1    um28nchllogl35udl140f_ssgwc0p81v125c
                                                          0.392000  
U3306                     SVQ_AO22_1      um28nchllogl35udl140f_ssgwc0p81v125c
                                                          0.686000  
U3307                     SVQ_AO22_1      um28nchllogl35udl140f_ssgwc0p81v125c
                                                          0.686000  
U3308                     SVQ_AO22_1      um28nchllogl35udl140f_ssgwc0p81v125c
                                                          0.686000  
U3309                     SVQ_AO22_1      um28nchllogl35udl140f_ssgwc0p81v125c
                                                          0.686000  
U3310                     SVQ_AO22_1      um28nchllogl35udl140f_ssgwc0p81v125c
                                                          0.686000  
U3311                     SVQ_AO22_1      um28nchllogl35udl140f_ssgwc0p81v125c
                                                          0.686000  
U3312                     SVQ_AO22_1      um28nchllogl35udl140f_ssgwc0p81v125c
                                                          0.686000  
U3313                     SVQ_AO22_1      um28nchllogl35udl140f_ssgwc0p81v125c
                                                          0.686000  
U3314                     SVQ_AO22_1      um28nchllogl35udl140f_ssgwc0p81v125c
                                                          0.686000  
U3315                     SVQ_AO22_1      um28nchllogl35udl140f_ssgwc0p81v125c
                                                          0.686000  
U3316                     SVQ_AO22_1      um28nchllogl35udl140f_ssgwc0p81v125c
                                                          0.686000  
U3317                     SVQ_AO22_1      um28nchllogl35udl140f_ssgwc0p81v125c
                                                          0.686000  
U3318                     SVQ_AO22_1      um28nchllogl35udl140f_ssgwc0p81v125c
                                                          0.686000  
U3319                     SVQ_AO22_1      um28nchllogl35udl140f_ssgwc0p81v125c
                                                          0.686000  
U3320                     SVQ_AO22_1      um28nchllogl35udl140f_ssgwc0p81v125c
                                                          0.686000  
U3321                     SVQ_AO22_1      um28nchllogl35udl140f_ssgwc0p81v125c
                                                          0.686000  
U3322                     SVQ_AO22_1      um28nchllogl35udl140f_ssgwc0p81v125c
                                                          0.686000  
U3323                     SVQ_AO22_1      um28nchllogl35udl140f_ssgwc0p81v125c
                                                          0.686000  
U3324                     SVQ_AO22_1      um28nchllogl35udl140f_ssgwc0p81v125c
                                                          0.686000  
U3325                     SVQ_AO22_1      um28nchllogl35udl140f_ssgwc0p81v125c
                                                          0.686000  
U3326                     SVQ_AO22_1      um28nchllogl35udl140f_ssgwc0p81v125c
                                                          0.686000  
U3327                     SVQ_AO22_1      um28nchllogl35udl140f_ssgwc0p81v125c
                                                          0.686000  
U3328                     SVQ_AO22_1      um28nchllogl35udl140f_ssgwc0p81v125c
                                                          0.686000  
U3329                     SVQ_AO22_1      um28nchllogl35udl140f_ssgwc0p81v125c
                                                          0.686000  
U3330                     SVQ_AO22_1      um28nchllogl35udl140f_ssgwc0p81v125c
                                                          0.686000  
U3331                     SVQ_AO22_1      um28nchllogl35udl140f_ssgwc0p81v125c
                                                          0.686000  
U3332                     SVQ_AO22_1      um28nchllogl35udl140f_ssgwc0p81v125c
                                                          0.686000  
U3333                     SVQ_AO22_1      um28nchllogl35udl140f_ssgwc0p81v125c
                                                          0.686000  
U3334                     SVQ_AO22_1      um28nchllogl35udl140f_ssgwc0p81v125c
                                                          0.686000  
U3335                     SVQ_AO22_1      um28nchllogl35udl140f_ssgwc0p81v125c
                                                          0.686000  
U3336                     SVQ_AO22_1      um28nchllogl35udl140f_ssgwc0p81v125c
                                                          0.686000  
U3337                     SVQ_AO22_1      um28nchllogl35udl140f_ssgwc0p81v125c
                                                          0.686000  
U3338                     SVQ_AO22_1      um28nchllogl35udl140f_ssgwc0p81v125c
                                                          0.686000  
U3339                     SVQ_AO22_1      um28nchllogl35udl140f_ssgwc0p81v125c
                                                          0.686000  
U3340                     SVQ_AO22_1      um28nchllogl35udl140f_ssgwc0p81v125c
                                                          0.686000  
U3341                     SVQ_AO22_1      um28nchllogl35udl140f_ssgwc0p81v125c
                                                          0.686000  
U3342                     SVQ_AO22_1      um28nchllogl35udl140f_ssgwc0p81v125c
                                                          0.686000  
U3343                     SVQ_AO22_1      um28nchllogl35udl140f_ssgwc0p81v125c
                                                          0.686000  
U3344                     SVQ_AO22_1      um28nchllogl35udl140f_ssgwc0p81v125c
                                                          0.686000  
U3345                     SVQ_AO22_1      um28nchllogl35udl140f_ssgwc0p81v125c
                                                          0.686000  
U3346                     SVQ_AO22_1      um28nchllogl35udl140f_ssgwc0p81v125c
                                                          0.686000  
U3347                     SVQ_AO22_1      um28nchllogl35udl140f_ssgwc0p81v125c
                                                          0.686000  
U3348                     SVQ_AO22_1      um28nchllogl35udl140f_ssgwc0p81v125c
                                                          0.686000  
U3349                     SVQ_AO22_1      um28nchllogl35udl140f_ssgwc0p81v125c
                                                          0.686000  
U3350                     SVQ_AO22_1      um28nchllogl35udl140f_ssgwc0p81v125c
                                                          0.686000  
U3351                     SVQ_AO22_1      um28nchllogl35udl140f_ssgwc0p81v125c
                                                          0.686000  
U3352                     SVQ_AO22_1      um28nchllogl35udl140f_ssgwc0p81v125c
                                                          0.686000  
U3353                     SVQ_AO22_1      um28nchllogl35udl140f_ssgwc0p81v125c
                                                          0.686000  
U3354                     SVQ_AO22_1      um28nchllogl35udl140f_ssgwc0p81v125c
                                                          0.686000  
U3355                     SVQ_AO22_1      um28nchllogl35udl140f_ssgwc0p81v125c
                                                          0.686000  
U3356                     SVQ_AO22_1      um28nchllogl35udl140f_ssgwc0p81v125c
                                                          0.686000  
U3357                     SVQ_AO22_1      um28nchllogl35udl140f_ssgwc0p81v125c
                                                          0.686000  
U3358                     SVQ_AO22_1      um28nchllogl35udl140f_ssgwc0p81v125c
                                                          0.686000  
U3359                     SVQ_AO22_1      um28nchllogl35udl140f_ssgwc0p81v125c
                                                          0.686000  
U3360                     SVQ_AO22_1      um28nchllogl35udl140f_ssgwc0p81v125c
                                                          0.686000  
U3361                     SVQ_AO22_1      um28nchllogl35udl140f_ssgwc0p81v125c
                                                          0.686000  
U3362                     SVQ_AO22_1      um28nchllogl35udl140f_ssgwc0p81v125c
                                                          0.686000  
U3363                     SVQ_AO22_1      um28nchllogl35udl140f_ssgwc0p81v125c
                                                          0.686000  
U3364                     SVQ_AO22_1      um28nchllogl35udl140f_ssgwc0p81v125c
                                                          0.686000  
U3365                     SVQ_AO22_1      um28nchllogl35udl140f_ssgwc0p81v125c
                                                          0.686000  
U3366                     SVQ_AO22_1      um28nchllogl35udl140f_ssgwc0p81v125c
                                                          0.686000  
U3367                     SVQ_AO22_1      um28nchllogl35udl140f_ssgwc0p81v125c
                                                          0.686000  
U3368                     SVQ_AO22_1      um28nchllogl35udl140f_ssgwc0p81v125c
                                                          0.686000  
U3369                     SVQ_AO22_1      um28nchllogl35udl140f_ssgwc0p81v125c
                                                          0.686000  
U3370                     SVQ_AO22_1      um28nchllogl35udl140f_ssgwc0p81v125c
                                                          0.686000  
U3371                     SVQ_AO22_1      um28nchllogl35udl140f_ssgwc0p81v125c
                                                          0.686000  
U3372                     SVQ_AO22_1      um28nchllogl35udl140f_ssgwc0p81v125c
                                                          0.686000  
U3373                     SVQ_AO22_1      um28nchllogl35udl140f_ssgwc0p81v125c
                                                          0.686000  
U3374                     SVQ_AO22_1      um28nchllogl35udl140f_ssgwc0p81v125c
                                                          0.686000  
U3375                     SVQ_AO22_1      um28nchllogl35udl140f_ssgwc0p81v125c
                                                          0.686000  
U3376                     SVQ_AO22_1      um28nchllogl35udl140f_ssgwc0p81v125c
                                                          0.686000  
U3377                     SVQ_AO22_1      um28nchllogl35udl140f_ssgwc0p81v125c
                                                          0.686000  
U3378                     SVQ_INV_1       um28nchllogl35udl140f_ssgwc0p81v125c
                                                          0.196000  
U3379                     SVQ_AOI21_S_1   um28nchllogl35udl140f_ssgwc0p81v125c
                                                          0.392000  
U3380                     SVQ_INV_1       um28nchllogl35udl140f_ssgwc0p81v125c
                                                          0.196000  
U3381                     SVQ_INV_1       um28nchllogl35udl140f_ssgwc0p81v125c
                                                          0.196000  
U3382                     SVQ_INV_1       um28nchllogl35udl140f_ssgwc0p81v125c
                                                          0.196000  
U3383                     SVQ_INV_1       um28nchllogl35udl140f_ssgwc0p81v125c
                                                          0.196000  
U3384                     SVQ_INV_1       um28nchllogl35udl140f_ssgwc0p81v125c
                                                          0.196000  
U3385                     SVQ_INV_1       um28nchllogl35udl140f_ssgwc0p81v125c
                                                          0.196000  
U3386                     SVQ_INV_1       um28nchllogl35udl140f_ssgwc0p81v125c
                                                          0.196000  
U3387                     SVQ_INV_1       um28nchllogl35udl140f_ssgwc0p81v125c
                                                          0.196000  
U3388                     SVQ_INV_1       um28nchllogl35udl140f_ssgwc0p81v125c
                                                          0.196000  
U3389                     SVQ_INV_1       um28nchllogl35udl140f_ssgwc0p81v125c
                                                          0.196000  
U3390                     SVQ_INV_1       um28nchllogl35udl140f_ssgwc0p81v125c
                                                          0.196000  
U3391                     SVQ_INV_1       um28nchllogl35udl140f_ssgwc0p81v125c
                                                          0.196000  
U3392                     SVQ_INV_1       um28nchllogl35udl140f_ssgwc0p81v125c
                                                          0.196000  
U3393                     SVQ_INV_1       um28nchllogl35udl140f_ssgwc0p81v125c
                                                          0.196000  
U3394                     SVQ_INV_1       um28nchllogl35udl140f_ssgwc0p81v125c
                                                          0.196000  
U3395                     SVQ_INV_1       um28nchllogl35udl140f_ssgwc0p81v125c
                                                          0.196000  
U3396                     SVQ_INV_1       um28nchllogl35udl140f_ssgwc0p81v125c
                                                          0.196000  
U3397                     SVQ_INV_1       um28nchllogl35udl140f_ssgwc0p81v125c
                                                          0.196000  
U3398                     SVQ_INV_1       um28nchllogl35udl140f_ssgwc0p81v125c
                                                          0.196000  
U3399                     SVQ_INV_1       um28nchllogl35udl140f_ssgwc0p81v125c
                                                          0.196000  
U3400                     SVQ_INV_1       um28nchllogl35udl140f_ssgwc0p81v125c
                                                          0.196000  
U3401                     SVQ_ND2_1       um28nchllogl35udl140f_ssgwc0p81v125c
                                                          0.294000  
U3402                     SVQ_INV_1       um28nchllogl35udl140f_ssgwc0p81v125c
                                                          0.196000  
U3403                     SVQ_ND2_1       um28nchllogl35udl140f_ssgwc0p81v125c
                                                          0.294000  
U3404                     SVQ_INV_1       um28nchllogl35udl140f_ssgwc0p81v125c
                                                          0.196000  
U3405                     SVQ_ND2_1       um28nchllogl35udl140f_ssgwc0p81v125c
                                                          0.294000  
U3406                     SVQ_INV_1       um28nchllogl35udl140f_ssgwc0p81v125c
                                                          0.196000  
U3407                     SVQ_ND2_1       um28nchllogl35udl140f_ssgwc0p81v125c
                                                          0.294000  
U3408                     SVQ_INV_1       um28nchllogl35udl140f_ssgwc0p81v125c
                                                          0.196000  
U3409                     SVQ_ND2_1       um28nchllogl35udl140f_ssgwc0p81v125c
                                                          0.294000  
U3410                     SVQ_INV_1       um28nchllogl35udl140f_ssgwc0p81v125c
                                                          0.196000  
U3411                     SVQ_ND2_1       um28nchllogl35udl140f_ssgwc0p81v125c
                                                          0.294000  
U3412                     SVQ_INV_1       um28nchllogl35udl140f_ssgwc0p81v125c
                                                          0.196000  
U3413                     SVQ_ND2_1       um28nchllogl35udl140f_ssgwc0p81v125c
                                                          0.294000  
U3414                     SVQ_INV_1       um28nchllogl35udl140f_ssgwc0p81v125c
                                                          0.196000  
U3415                     SVQ_ND2_1       um28nchllogl35udl140f_ssgwc0p81v125c
                                                          0.294000  
U3416                     SVQ_INV_1       um28nchllogl35udl140f_ssgwc0p81v125c
                                                          0.196000  
U3417                     SVQ_ND2_1       um28nchllogl35udl140f_ssgwc0p81v125c
                                                          0.294000  
U3418                     SVQ_INV_1       um28nchllogl35udl140f_ssgwc0p81v125c
                                                          0.196000  
U3419                     SVQ_ND2_1       um28nchllogl35udl140f_ssgwc0p81v125c
                                                          0.294000  
U3420                     SVQ_INV_1       um28nchllogl35udl140f_ssgwc0p81v125c
                                                          0.196000  
U3421                     SVQ_ND2_1       um28nchllogl35udl140f_ssgwc0p81v125c
                                                          0.294000  
U3422                     SVQ_INV_1       um28nchllogl35udl140f_ssgwc0p81v125c
                                                          0.196000  
U3423                     SVQ_ND2_1       um28nchllogl35udl140f_ssgwc0p81v125c
                                                          0.294000  
U3424                     SVQ_INV_1       um28nchllogl35udl140f_ssgwc0p81v125c
                                                          0.196000  
U3425                     SVQ_ND2_1       um28nchllogl35udl140f_ssgwc0p81v125c
                                                          0.294000  
U3426                     SVQ_INV_1       um28nchllogl35udl140f_ssgwc0p81v125c
                                                          0.196000  
U3427                     SVQ_ND2_1       um28nchllogl35udl140f_ssgwc0p81v125c
                                                          0.294000  
U3428                     SVQ_INV_1       um28nchllogl35udl140f_ssgwc0p81v125c
                                                          0.196000  
U3429                     SVQ_ND2_1       um28nchllogl35udl140f_ssgwc0p81v125c
                                                          0.294000  
U3430                     SVQ_INV_1       um28nchllogl35udl140f_ssgwc0p81v125c
                                                          0.196000  
U3431                     SVQ_ND2_1       um28nchllogl35udl140f_ssgwc0p81v125c
                                                          0.294000  
U3432                     SVQ_INV_1       um28nchllogl35udl140f_ssgwc0p81v125c
                                                          0.196000  
U3433                     SVQ_ND2_1       um28nchllogl35udl140f_ssgwc0p81v125c
                                                          0.294000  
U3434                     SVQ_INV_1       um28nchllogl35udl140f_ssgwc0p81v125c
                                                          0.196000  
U3435                     SVQ_ND2_1       um28nchllogl35udl140f_ssgwc0p81v125c
                                                          0.294000  
U3436                     SVQ_INV_1       um28nchllogl35udl140f_ssgwc0p81v125c
                                                          0.196000  
U3437                     SVQ_ND2_1       um28nchllogl35udl140f_ssgwc0p81v125c
                                                          0.294000  
U3438                     SVQ_INV_1       um28nchllogl35udl140f_ssgwc0p81v125c
                                                          0.196000  
U3439                     SVQ_ND2_1       um28nchllogl35udl140f_ssgwc0p81v125c
                                                          0.294000  
U3440                     SVQ_INV_1       um28nchllogl35udl140f_ssgwc0p81v125c
                                                          0.196000  
U3441                     SVQ_ND2_1       um28nchllogl35udl140f_ssgwc0p81v125c
                                                          0.294000  
U3442                     SVQ_INV_1       um28nchllogl35udl140f_ssgwc0p81v125c
                                                          0.196000  
U3443                     SVQ_ND2_1       um28nchllogl35udl140f_ssgwc0p81v125c
                                                          0.294000  
U3444                     SVQ_INV_1       um28nchllogl35udl140f_ssgwc0p81v125c
                                                          0.196000  
U3445                     SVQ_ND2_1       um28nchllogl35udl140f_ssgwc0p81v125c
                                                          0.294000  
U3446                     SVQ_INV_1       um28nchllogl35udl140f_ssgwc0p81v125c
                                                          0.196000  
U3447                     SVQ_ND2_1       um28nchllogl35udl140f_ssgwc0p81v125c
                                                          0.294000  
U3448                     SVQ_INV_1       um28nchllogl35udl140f_ssgwc0p81v125c
                                                          0.196000  
U3449                     SVQ_ND2_1       um28nchllogl35udl140f_ssgwc0p81v125c
                                                          0.294000  
U3450                     SVQ_INV_1       um28nchllogl35udl140f_ssgwc0p81v125c
                                                          0.196000  
U3451                     SVQ_ND2_1       um28nchllogl35udl140f_ssgwc0p81v125c
                                                          0.294000  
U3452                     SVQ_INV_1       um28nchllogl35udl140f_ssgwc0p81v125c
                                                          0.196000  
U3453                     SVQ_ND2_1       um28nchllogl35udl140f_ssgwc0p81v125c
                                                          0.294000  
U3454                     SVQ_INV_1       um28nchllogl35udl140f_ssgwc0p81v125c
                                                          0.196000  
U3455                     SVQ_ND2_1       um28nchllogl35udl140f_ssgwc0p81v125c
                                                          0.294000  
U3456                     SVQ_INV_1       um28nchllogl35udl140f_ssgwc0p81v125c
                                                          0.196000  
U3457                     SVQ_ND2_1       um28nchllogl35udl140f_ssgwc0p81v125c
                                                          0.294000  
U3458                     SVQ_INV_1       um28nchllogl35udl140f_ssgwc0p81v125c
                                                          0.196000  
U3459                     SVQ_ND2_1       um28nchllogl35udl140f_ssgwc0p81v125c
                                                          0.294000  
U3460                     SVQ_INV_1       um28nchllogl35udl140f_ssgwc0p81v125c
                                                          0.196000  
U3461                     SVQ_ND2_1       um28nchllogl35udl140f_ssgwc0p81v125c
                                                          0.294000  
U3462                     SVQ_INV_1       um28nchllogl35udl140f_ssgwc0p81v125c
                                                          0.196000  
U3463                     SVQ_ND2_1       um28nchllogl35udl140f_ssgwc0p81v125c
                                                          0.294000  
U3464                     SVQ_INV_1       um28nchllogl35udl140f_ssgwc0p81v125c
                                                          0.196000  
U3465                     SVQ_ND2_1       um28nchllogl35udl140f_ssgwc0p81v125c
                                                          0.294000  
U3466                     SVQ_INV_1       um28nchllogl35udl140f_ssgwc0p81v125c
                                                          0.196000  
U3467                     SVQ_ND2_1       um28nchllogl35udl140f_ssgwc0p81v125c
                                                          0.294000  
U3468                     SVQ_INV_1       um28nchllogl35udl140f_ssgwc0p81v125c
                                                          0.196000  
U3469                     SVQ_ND2_1       um28nchllogl35udl140f_ssgwc0p81v125c
                                                          0.294000  
U3470                     SVQ_INV_1       um28nchllogl35udl140f_ssgwc0p81v125c
                                                          0.196000  
U3471                     SVQ_ND2_1       um28nchllogl35udl140f_ssgwc0p81v125c
                                                          0.294000  
U3472                     SVQ_INV_1       um28nchllogl35udl140f_ssgwc0p81v125c
                                                          0.196000  
U3473                     SVQ_ND2_1       um28nchllogl35udl140f_ssgwc0p81v125c
                                                          0.294000  
U3474                     SVQ_INV_1       um28nchllogl35udl140f_ssgwc0p81v125c
                                                          0.196000  
U3475                     SVQ_ND2_1       um28nchllogl35udl140f_ssgwc0p81v125c
                                                          0.294000  
U3476                     SVQ_INV_1       um28nchllogl35udl140f_ssgwc0p81v125c
                                                          0.196000  
U3477                     SVQ_ND2_1       um28nchllogl35udl140f_ssgwc0p81v125c
                                                          0.294000  
U3478                     SVQ_INV_1       um28nchllogl35udl140f_ssgwc0p81v125c
                                                          0.196000  
U3479                     SVQ_ND2_1       um28nchllogl35udl140f_ssgwc0p81v125c
                                                          0.294000  
U3480                     SVQ_INV_1       um28nchllogl35udl140f_ssgwc0p81v125c
                                                          0.196000  
U3481                     SVQ_ND2_1       um28nchllogl35udl140f_ssgwc0p81v125c
                                                          0.294000  
U3482                     SVQ_INV_1       um28nchllogl35udl140f_ssgwc0p81v125c
                                                          0.196000  
U3483                     SVQ_ND2_1       um28nchllogl35udl140f_ssgwc0p81v125c
                                                          0.294000  
U3484                     SVQ_INV_1       um28nchllogl35udl140f_ssgwc0p81v125c
                                                          0.196000  
U3485                     SVQ_ND2_1       um28nchllogl35udl140f_ssgwc0p81v125c
                                                          0.294000  
U3486                     SVQ_INV_1       um28nchllogl35udl140f_ssgwc0p81v125c
                                                          0.196000  
U3487                     SVQ_ND2_1       um28nchllogl35udl140f_ssgwc0p81v125c
                                                          0.294000  
U3488                     SVQ_INV_1       um28nchllogl35udl140f_ssgwc0p81v125c
                                                          0.196000  
U3489                     SVQ_ND2_1       um28nchllogl35udl140f_ssgwc0p81v125c
                                                          0.294000  
U3490                     SVQ_INV_1       um28nchllogl35udl140f_ssgwc0p81v125c
                                                          0.196000  
U3491                     SVQ_ND2_1       um28nchllogl35udl140f_ssgwc0p81v125c
                                                          0.294000  
U3492                     SVQ_INV_1       um28nchllogl35udl140f_ssgwc0p81v125c
                                                          0.196000  
U3493                     SVQ_ND2_1       um28nchllogl35udl140f_ssgwc0p81v125c
                                                          0.294000  
U3494                     SVQ_INV_1       um28nchllogl35udl140f_ssgwc0p81v125c
                                                          0.196000  
U3495                     SVQ_ND2_1       um28nchllogl35udl140f_ssgwc0p81v125c
                                                          0.294000  
U3496                     SVQ_INV_1       um28nchllogl35udl140f_ssgwc0p81v125c
                                                          0.196000  
U3497                     SVQ_ND2_1       um28nchllogl35udl140f_ssgwc0p81v125c
                                                          0.294000  
U3498                     SVQ_INV_1       um28nchllogl35udl140f_ssgwc0p81v125c
                                                          0.196000  
U3499                     SVQ_ND2_1       um28nchllogl35udl140f_ssgwc0p81v125c
                                                          0.294000  
U3500                     SVQ_INV_1       um28nchllogl35udl140f_ssgwc0p81v125c
                                                          0.196000  
U3501                     SVQ_ND2_1       um28nchllogl35udl140f_ssgwc0p81v125c
                                                          0.294000  
U3502                     SVQ_INV_1       um28nchllogl35udl140f_ssgwc0p81v125c
                                                          0.196000  
U3503                     SVQ_ND2_1       um28nchllogl35udl140f_ssgwc0p81v125c
                                                          0.294000  
U3504                     SVQ_INV_1       um28nchllogl35udl140f_ssgwc0p81v125c
                                                          0.196000  
U3505                     SVQ_ND2_1       um28nchllogl35udl140f_ssgwc0p81v125c
                                                          0.294000  
U3506                     SVQ_INV_1       um28nchllogl35udl140f_ssgwc0p81v125c
                                                          0.196000  
U3507                     SVQ_ND2_1       um28nchllogl35udl140f_ssgwc0p81v125c
                                                          0.294000  
U3508                     SVQ_INV_1       um28nchllogl35udl140f_ssgwc0p81v125c
                                                          0.196000  
U3509                     SVQ_ND2_1       um28nchllogl35udl140f_ssgwc0p81v125c
                                                          0.294000  
U3510                     SVQ_INV_1       um28nchllogl35udl140f_ssgwc0p81v125c
                                                          0.196000  
U3511                     SVQ_ND2_1       um28nchllogl35udl140f_ssgwc0p81v125c
                                                          0.294000  
U3512                     SVQ_INV_1       um28nchllogl35udl140f_ssgwc0p81v125c
                                                          0.196000  
U3513                     SVQ_ND2_1       um28nchllogl35udl140f_ssgwc0p81v125c
                                                          0.294000  
U3514                     SVQ_INV_1       um28nchllogl35udl140f_ssgwc0p81v125c
                                                          0.196000  
U3515                     SVQ_ND2_1       um28nchllogl35udl140f_ssgwc0p81v125c
                                                          0.294000  
U3516                     SVQ_INV_1       um28nchllogl35udl140f_ssgwc0p81v125c
                                                          0.196000  
U3517                     SVQ_ND2_1       um28nchllogl35udl140f_ssgwc0p81v125c
                                                          0.294000  
U3518                     SVQ_INV_1       um28nchllogl35udl140f_ssgwc0p81v125c
                                                          0.196000  
U3519                     SVQ_ND2_1       um28nchllogl35udl140f_ssgwc0p81v125c
                                                          0.294000  
U3520                     SVQ_INV_1       um28nchllogl35udl140f_ssgwc0p81v125c
                                                          0.196000  
U3521                     SVQ_ND2_1       um28nchllogl35udl140f_ssgwc0p81v125c
                                                          0.294000  
U3522                     SVQ_INV_1       um28nchllogl35udl140f_ssgwc0p81v125c
                                                          0.196000  
U3523                     SVQ_ND2_1       um28nchllogl35udl140f_ssgwc0p81v125c
                                                          0.294000  
U3524                     SVQ_INV_1       um28nchllogl35udl140f_ssgwc0p81v125c
                                                          0.196000  
U3525                     SVQ_ND2_1       um28nchllogl35udl140f_ssgwc0p81v125c
                                                          0.294000  
U3526                     SVQ_INV_1       um28nchllogl35udl140f_ssgwc0p81v125c
                                                          0.196000  
U3527                     SVQ_ND2_1       um28nchllogl35udl140f_ssgwc0p81v125c
                                                          0.294000  
U3528                     SVQ_INV_1       um28nchllogl35udl140f_ssgwc0p81v125c
                                                          0.196000  
U3529                     SVQ_ND2_1       um28nchllogl35udl140f_ssgwc0p81v125c
                                                          0.294000  
U3530                     SVQ_INV_1       um28nchllogl35udl140f_ssgwc0p81v125c
                                                          0.196000  
U3531                     SVQ_ND2_1       um28nchllogl35udl140f_ssgwc0p81v125c
                                                          0.294000  
U3532                     SVQ_INV_1       um28nchllogl35udl140f_ssgwc0p81v125c
                                                          0.196000  
U3533                     SVQ_ND2_1       um28nchllogl35udl140f_ssgwc0p81v125c
                                                          0.294000  
U3534                     SVQ_INV_1       um28nchllogl35udl140f_ssgwc0p81v125c
                                                          0.196000  
U3535                     SVQ_ND2_1       um28nchllogl35udl140f_ssgwc0p81v125c
                                                          0.294000  
U3536                     SVQ_INV_1       um28nchllogl35udl140f_ssgwc0p81v125c
                                                          0.196000  
U3537                     SVQ_ND2_1       um28nchllogl35udl140f_ssgwc0p81v125c
                                                          0.294000  
U3538                     SVQ_INV_1       um28nchllogl35udl140f_ssgwc0p81v125c
                                                          0.196000  
U3539                     SVQ_ND2_1       um28nchllogl35udl140f_ssgwc0p81v125c
                                                          0.294000  
U3540                     SVQ_INV_1       um28nchllogl35udl140f_ssgwc0p81v125c
                                                          0.196000  
U3541                     SVQ_ND2_1       um28nchllogl35udl140f_ssgwc0p81v125c
                                                          0.294000  
U3542                     SVQ_INV_1       um28nchllogl35udl140f_ssgwc0p81v125c
                                                          0.196000  
U3543                     SVQ_ND2_1       um28nchllogl35udl140f_ssgwc0p81v125c
                                                          0.294000  
U3544                     SVQ_INV_1       um28nchllogl35udl140f_ssgwc0p81v125c
                                                          0.196000  
U3545                     SVQ_ND2_1       um28nchllogl35udl140f_ssgwc0p81v125c
                                                          0.294000  
U3546                     SVQ_INV_1       um28nchllogl35udl140f_ssgwc0p81v125c
                                                          0.196000  
U3547                     SVQ_ND2_1       um28nchllogl35udl140f_ssgwc0p81v125c
                                                          0.294000  
U3548                     SVQ_INV_1       um28nchllogl35udl140f_ssgwc0p81v125c
                                                          0.196000  
U3549                     SVQ_ND2_1       um28nchllogl35udl140f_ssgwc0p81v125c
                                                          0.294000  
U3550                     SVQ_INV_1       um28nchllogl35udl140f_ssgwc0p81v125c
                                                          0.196000  
U3551                     SVQ_ND2_1       um28nchllogl35udl140f_ssgwc0p81v125c
                                                          0.294000  
U3552                     SVQ_INV_1       um28nchllogl35udl140f_ssgwc0p81v125c
                                                          0.196000  
U3553                     SVQ_ND2_1       um28nchllogl35udl140f_ssgwc0p81v125c
                                                          0.294000  
U3554                     SVQ_INV_1       um28nchllogl35udl140f_ssgwc0p81v125c
                                                          0.196000  
U3555                     SVQ_ND2_1       um28nchllogl35udl140f_ssgwc0p81v125c
                                                          0.294000  
U3556                     SVQ_INV_1       um28nchllogl35udl140f_ssgwc0p81v125c
                                                          0.196000  
U3557                     SVQ_ND2_1       um28nchllogl35udl140f_ssgwc0p81v125c
                                                          0.294000  
U3558                     SVQ_INV_1       um28nchllogl35udl140f_ssgwc0p81v125c
                                                          0.196000  
U3559                     SVQ_ND2_1       um28nchllogl35udl140f_ssgwc0p81v125c
                                                          0.294000  
U3560                     SVQ_INV_1       um28nchllogl35udl140f_ssgwc0p81v125c
                                                          0.196000  
U3561                     SVQ_ND2_1       um28nchllogl35udl140f_ssgwc0p81v125c
                                                          0.294000  
U3562                     SVQ_INV_1       um28nchllogl35udl140f_ssgwc0p81v125c
                                                          0.196000  
U3563                     SVQ_ND2_1       um28nchllogl35udl140f_ssgwc0p81v125c
                                                          0.294000  
U3564                     SVQ_INV_1       um28nchllogl35udl140f_ssgwc0p81v125c
                                                          0.196000  
U3565                     SVQ_ND2_1       um28nchllogl35udl140f_ssgwc0p81v125c
                                                          0.294000  
U3566                     SVQ_INV_1       um28nchllogl35udl140f_ssgwc0p81v125c
                                                          0.196000  
U3567                     SVQ_ND2_1       um28nchllogl35udl140f_ssgwc0p81v125c
                                                          0.294000  
U3568                     SVQ_INV_1       um28nchllogl35udl140f_ssgwc0p81v125c
                                                          0.196000  
U3569                     SVQ_ND2_1       um28nchllogl35udl140f_ssgwc0p81v125c
                                                          0.294000  
U3570                     SVQ_INV_1       um28nchllogl35udl140f_ssgwc0p81v125c
                                                          0.196000  
U3571                     SVQ_ND2_1       um28nchllogl35udl140f_ssgwc0p81v125c
                                                          0.294000  
U3572                     SVQ_INV_1       um28nchllogl35udl140f_ssgwc0p81v125c
                                                          0.196000  
U3573                     SVQ_ND2_1       um28nchllogl35udl140f_ssgwc0p81v125c
                                                          0.294000  
U3574                     SVQ_INV_1       um28nchllogl35udl140f_ssgwc0p81v125c
                                                          0.196000  
U3575                     SVQ_ND2_1       um28nchllogl35udl140f_ssgwc0p81v125c
                                                          0.294000  
U3576                     SVQ_INV_1       um28nchllogl35udl140f_ssgwc0p81v125c
                                                          0.196000  
U3577                     SVQ_ND2_1       um28nchllogl35udl140f_ssgwc0p81v125c
                                                          0.294000  
U3578                     SVQ_INV_1       um28nchllogl35udl140f_ssgwc0p81v125c
                                                          0.196000  
U3579                     SVQ_ND2_1       um28nchllogl35udl140f_ssgwc0p81v125c
                                                          0.294000  
U3580                     SVQ_INV_1       um28nchllogl35udl140f_ssgwc0p81v125c
                                                          0.196000  
U3581                     SVQ_ND2_1       um28nchllogl35udl140f_ssgwc0p81v125c
                                                          0.294000  
U3582                     SVQ_INV_1       um28nchllogl35udl140f_ssgwc0p81v125c
                                                          0.196000  
U3583                     SVQ_ND2_1       um28nchllogl35udl140f_ssgwc0p81v125c
                                                          0.294000  
U3584                     SVQ_INV_1       um28nchllogl35udl140f_ssgwc0p81v125c
                                                          0.196000  
U3585                     SVQ_ND2_1       um28nchllogl35udl140f_ssgwc0p81v125c
                                                          0.294000  
U3586                     SVQ_INV_1       um28nchllogl35udl140f_ssgwc0p81v125c
                                                          0.196000  
U3587                     SVQ_ND2_1       um28nchllogl35udl140f_ssgwc0p81v125c
                                                          0.294000  
U3588                     SVQ_INV_1       um28nchllogl35udl140f_ssgwc0p81v125c
                                                          0.196000  
U3589                     SVQ_ND2_1       um28nchllogl35udl140f_ssgwc0p81v125c
                                                          0.294000  
U3590                     SVQ_INV_1       um28nchllogl35udl140f_ssgwc0p81v125c
                                                          0.196000  
U3591                     SVQ_ND2_1       um28nchllogl35udl140f_ssgwc0p81v125c
                                                          0.294000  
U3592                     SVQ_INV_1       um28nchllogl35udl140f_ssgwc0p81v125c
                                                          0.196000  
U3593                     SVQ_ND2_1       um28nchllogl35udl140f_ssgwc0p81v125c
                                                          0.294000  
U3594                     SVQ_INV_1       um28nchllogl35udl140f_ssgwc0p81v125c
                                                          0.196000  
U3595                     SVQ_ND2_1       um28nchllogl35udl140f_ssgwc0p81v125c
                                                          0.294000  
U3596                     SVQ_INV_1       um28nchllogl35udl140f_ssgwc0p81v125c
                                                          0.196000  
U3597                     SVQ_ND2_1       um28nchllogl35udl140f_ssgwc0p81v125c
                                                          0.294000  
U3598                     SVQ_INV_1       um28nchllogl35udl140f_ssgwc0p81v125c
                                                          0.196000  
U3599                     SVQ_ND2_1       um28nchllogl35udl140f_ssgwc0p81v125c
                                                          0.294000  
U3600                     SVQ_INV_1       um28nchllogl35udl140f_ssgwc0p81v125c
                                                          0.196000  
U3601                     SVQ_ND2_1       um28nchllogl35udl140f_ssgwc0p81v125c
                                                          0.294000  
U3602                     SVQ_INV_1       um28nchllogl35udl140f_ssgwc0p81v125c
                                                          0.196000  
U3603                     SVQ_ND2_1       um28nchllogl35udl140f_ssgwc0p81v125c
                                                          0.294000  
U3604                     SVQ_INV_1       um28nchllogl35udl140f_ssgwc0p81v125c
                                                          0.196000  
U3605                     SVQ_ND2_1       um28nchllogl35udl140f_ssgwc0p81v125c
                                                          0.294000  
U3606                     SVQ_INV_1       um28nchllogl35udl140f_ssgwc0p81v125c
                                                          0.196000  
U3607                     SVQ_ND2_1       um28nchllogl35udl140f_ssgwc0p81v125c
                                                          0.294000  
U3608                     SVQ_INV_1       um28nchllogl35udl140f_ssgwc0p81v125c
                                                          0.196000  
U3609                     SVQ_ND2_1       um28nchllogl35udl140f_ssgwc0p81v125c
                                                          0.294000  
U3610                     SVQ_INV_1       um28nchllogl35udl140f_ssgwc0p81v125c
                                                          0.196000  
U3611                     SVQ_ND2_1       um28nchllogl35udl140f_ssgwc0p81v125c
                                                          0.294000  
U3612                     SVQ_INV_1       um28nchllogl35udl140f_ssgwc0p81v125c
                                                          0.196000  
U3613                     SVQ_ND2_1       um28nchllogl35udl140f_ssgwc0p81v125c
                                                          0.294000  
U3614                     SVQ_INV_1       um28nchllogl35udl140f_ssgwc0p81v125c
                                                          0.196000  
U3615                     SVQ_ND2_1       um28nchllogl35udl140f_ssgwc0p81v125c
                                                          0.294000  
U3616                     SVQ_INV_1       um28nchllogl35udl140f_ssgwc0p81v125c
                                                          0.196000  
U3617                     SVQ_ND2_1       um28nchllogl35udl140f_ssgwc0p81v125c
                                                          0.294000  
U3618                     SVQ_INV_1       um28nchllogl35udl140f_ssgwc0p81v125c
                                                          0.196000  
U3619                     SVQ_ND2_1       um28nchllogl35udl140f_ssgwc0p81v125c
                                                          0.294000  
U3620                     SVQ_INV_1       um28nchllogl35udl140f_ssgwc0p81v125c
                                                          0.196000  
U3621                     SVQ_ND2_1       um28nchllogl35udl140f_ssgwc0p81v125c
                                                          0.294000  
U3622                     SVQ_INV_1       um28nchllogl35udl140f_ssgwc0p81v125c
                                                          0.196000  
U3623                     SVQ_ND2_1       um28nchllogl35udl140f_ssgwc0p81v125c
                                                          0.294000  
U3624                     SVQ_INV_1       um28nchllogl35udl140f_ssgwc0p81v125c
                                                          0.196000  
U3625                     SVQ_ND2_1       um28nchllogl35udl140f_ssgwc0p81v125c
                                                          0.294000  
U3626                     SVQ_INV_1       um28nchllogl35udl140f_ssgwc0p81v125c
                                                          0.196000  
U3627                     SVQ_ND2_1       um28nchllogl35udl140f_ssgwc0p81v125c
                                                          0.294000  
U3628                     SVQ_INV_1       um28nchllogl35udl140f_ssgwc0p81v125c
                                                          0.196000  
U3629                     SVQ_ND2_1       um28nchllogl35udl140f_ssgwc0p81v125c
                                                          0.294000  
U3630                     SVQ_INV_1       um28nchllogl35udl140f_ssgwc0p81v125c
                                                          0.196000  
U3631                     SVQ_ND2_1       um28nchllogl35udl140f_ssgwc0p81v125c
                                                          0.294000  
U3632                     SVQ_INV_1       um28nchllogl35udl140f_ssgwc0p81v125c
                                                          0.196000  
U3633                     SVQ_ND2_1       um28nchllogl35udl140f_ssgwc0p81v125c
                                                          0.294000  
U3634                     SVQ_INV_1       um28nchllogl35udl140f_ssgwc0p81v125c
                                                          0.196000  
U3635                     SVQ_ND2_1       um28nchllogl35udl140f_ssgwc0p81v125c
                                                          0.294000  
U3636                     SVQ_INV_1       um28nchllogl35udl140f_ssgwc0p81v125c
                                                          0.196000  
U3637                     SVQ_ND2_1       um28nchllogl35udl140f_ssgwc0p81v125c
                                                          0.294000  
U3638                     SVQ_INV_1       um28nchllogl35udl140f_ssgwc0p81v125c
                                                          0.196000  
U3639                     SVQ_ND2_1       um28nchllogl35udl140f_ssgwc0p81v125c
                                                          0.294000  
U3640                     SVQ_INV_1       um28nchllogl35udl140f_ssgwc0p81v125c
                                                          0.196000  
U3641                     SVQ_ND2_1       um28nchllogl35udl140f_ssgwc0p81v125c
                                                          0.294000  
U3642                     SVQ_INV_1       um28nchllogl35udl140f_ssgwc0p81v125c
                                                          0.196000  
U3643                     SVQ_ND2_1       um28nchllogl35udl140f_ssgwc0p81v125c
                                                          0.294000  
U3644                     SVQ_INV_1       um28nchllogl35udl140f_ssgwc0p81v125c
                                                          0.196000  
U3645                     SVQ_ND2_1       um28nchllogl35udl140f_ssgwc0p81v125c
                                                          0.294000  
U3646                     SVQ_INV_1       um28nchllogl35udl140f_ssgwc0p81v125c
                                                          0.196000  
U3647                     SVQ_ND2_1       um28nchllogl35udl140f_ssgwc0p81v125c
                                                          0.294000  
U3648                     SVQ_INV_1       um28nchllogl35udl140f_ssgwc0p81v125c
                                                          0.196000  
U3649                     SVQ_ND2_1       um28nchllogl35udl140f_ssgwc0p81v125c
                                                          0.294000  
U3650                     SVQ_INV_1       um28nchllogl35udl140f_ssgwc0p81v125c
                                                          0.196000  
U3651                     SVQ_ND2_1       um28nchllogl35udl140f_ssgwc0p81v125c
                                                          0.294000  
U3652                     SVQ_INV_1       um28nchllogl35udl140f_ssgwc0p81v125c
                                                          0.196000  
U3653                     SVQ_ND2_1       um28nchllogl35udl140f_ssgwc0p81v125c
                                                          0.294000  
U3654                     SVQ_INV_1       um28nchllogl35udl140f_ssgwc0p81v125c
                                                          0.196000  
U3655                     SVQ_ND2_1       um28nchllogl35udl140f_ssgwc0p81v125c
                                                          0.294000  
U3656                     SVQ_INV_1       um28nchllogl35udl140f_ssgwc0p81v125c
                                                          0.196000  
U3657                     SVQ_INV_1       um28nchllogl35udl140f_ssgwc0p81v125c
                                                          0.196000  
U3658                     SVQ_INV_1       um28nchllogl35udl140f_ssgwc0p81v125c
                                                          0.196000  
U3659                     SVQ_INV_1       um28nchllogl35udl140f_ssgwc0p81v125c
                                                          0.196000  
U3660                     SVQ_INV_1       um28nchllogl35udl140f_ssgwc0p81v125c
                                                          0.196000  
U3661                     SVQ_INV_1       um28nchllogl35udl140f_ssgwc0p81v125c
                                                          0.196000  
U3662                     SVQ_INV_1       um28nchllogl35udl140f_ssgwc0p81v125c
                                                          0.196000  
U3663                     SVQ_INV_1       um28nchllogl35udl140f_ssgwc0p81v125c
                                                          0.196000  
U3664                     SVQ_INV_1       um28nchllogl35udl140f_ssgwc0p81v125c
                                                          0.196000  
U3665                     SVQ_INV_1       um28nchllogl35udl140f_ssgwc0p81v125c
                                                          0.196000  
U3666                     SVQ_INV_1       um28nchllogl35udl140f_ssgwc0p81v125c
                                                          0.196000  
U3667                     SVQ_INV_1       um28nchllogl35udl140f_ssgwc0p81v125c
                                                          0.196000  
U3668                     SVQ_INV_1       um28nchllogl35udl140f_ssgwc0p81v125c
                                                          0.196000  
U3669                     SVQ_INV_1       um28nchllogl35udl140f_ssgwc0p81v125c
                                                          0.196000  
U3670                     SVQ_INV_1       um28nchllogl35udl140f_ssgwc0p81v125c
                                                          0.196000  
U3671                     SVQ_INV_1       um28nchllogl35udl140f_ssgwc0p81v125c
                                                          0.196000  
U3672                     SVQ_INV_1       um28nchllogl35udl140f_ssgwc0p81v125c
                                                          0.196000  
U3673                     SVQ_INV_1       um28nchllogl35udl140f_ssgwc0p81v125c
                                                          0.196000  
U3674                     SVQ_INV_1       um28nchllogl35udl140f_ssgwc0p81v125c
                                                          0.196000  
U3675                     SVQ_INV_1       um28nchllogl35udl140f_ssgwc0p81v125c
                                                          0.196000  
U3676                     SVQ_INV_1       um28nchllogl35udl140f_ssgwc0p81v125c
                                                          0.196000  
U3677                     SVQ_INV_1       um28nchllogl35udl140f_ssgwc0p81v125c
                                                          0.196000  
U3678                     SVQ_INV_1       um28nchllogl35udl140f_ssgwc0p81v125c
                                                          0.196000  
U3679                     SVQ_INV_1       um28nchllogl35udl140f_ssgwc0p81v125c
                                                          0.196000  
U3680                     SVQ_INV_1       um28nchllogl35udl140f_ssgwc0p81v125c
                                                          0.196000  
U3681                     SVQ_INV_1       um28nchllogl35udl140f_ssgwc0p81v125c
                                                          0.196000  
U3682                     SVQ_INV_1       um28nchllogl35udl140f_ssgwc0p81v125c
                                                          0.196000  
U3683                     SVQ_INV_1       um28nchllogl35udl140f_ssgwc0p81v125c
                                                          0.196000  
U3684                     SVQ_INV_1       um28nchllogl35udl140f_ssgwc0p81v125c
                                                          0.196000  
U3685                     SVQ_INV_1       um28nchllogl35udl140f_ssgwc0p81v125c
                                                          0.196000  
U3686                     SVQ_INV_1       um28nchllogl35udl140f_ssgwc0p81v125c
                                                          0.196000  
U3687                     SVQ_INV_1       um28nchllogl35udl140f_ssgwc0p81v125c
                                                          0.196000  
U3688                     SVQ_INV_1       um28nchllogl35udl140f_ssgwc0p81v125c
                                                          0.196000  
U3689                     SVQ_AOI22_0P75  um28nchllogl35udl140f_ssgwc0p81v125c
                                                          0.490000  
U3690                     SVQ_INV_1       um28nchllogl35udl140f_ssgwc0p81v125c
                                                          0.196000  
U3691                     SVQ_AOI22_0P75  um28nchllogl35udl140f_ssgwc0p81v125c
                                                          0.490000  
U3692                     SVQ_INV_1       um28nchllogl35udl140f_ssgwc0p81v125c
                                                          0.196000  
U3693                     SVQ_AOI22_0P75  um28nchllogl35udl140f_ssgwc0p81v125c
                                                          0.490000  
U3694                     SVQ_INV_1       um28nchllogl35udl140f_ssgwc0p81v125c
                                                          0.196000  
U3695                     SVQ_AOI22_0P75  um28nchllogl35udl140f_ssgwc0p81v125c
                                                          0.490000  
U3696                     SVQ_INV_1       um28nchllogl35udl140f_ssgwc0p81v125c
                                                          0.196000  
U3697                     SVQ_AOI22_0P75  um28nchllogl35udl140f_ssgwc0p81v125c
                                                          0.490000  
U3698                     SVQ_INV_1       um28nchllogl35udl140f_ssgwc0p81v125c
                                                          0.196000  
U3699                     SVQ_AOI22_0P75  um28nchllogl35udl140f_ssgwc0p81v125c
                                                          0.490000  
U3700                     SVQ_INV_1       um28nchllogl35udl140f_ssgwc0p81v125c
                                                          0.196000  
U3701                     SVQ_AOI22_0P75  um28nchllogl35udl140f_ssgwc0p81v125c
                                                          0.490000  
U3702                     SVQ_INV_1       um28nchllogl35udl140f_ssgwc0p81v125c
                                                          0.196000  
U3703                     SVQ_AOI22_0P75  um28nchllogl35udl140f_ssgwc0p81v125c
                                                          0.490000  
U3704                     SVQ_INV_1       um28nchllogl35udl140f_ssgwc0p81v125c
                                                          0.196000  
U3705                     SVQ_AOI22_0P75  um28nchllogl35udl140f_ssgwc0p81v125c
                                                          0.490000  
U3706                     SVQ_INV_1       um28nchllogl35udl140f_ssgwc0p81v125c
                                                          0.196000  
U3707                     SVQ_AOI22_0P75  um28nchllogl35udl140f_ssgwc0p81v125c
                                                          0.490000  
U3708                     SVQ_INV_1       um28nchllogl35udl140f_ssgwc0p81v125c
                                                          0.196000  
U3709                     SVQ_AOI22_0P75  um28nchllogl35udl140f_ssgwc0p81v125c
                                                          0.490000  
U3710                     SVQ_INV_1       um28nchllogl35udl140f_ssgwc0p81v125c
                                                          0.196000  
U3711                     SVQ_AOI22_0P75  um28nchllogl35udl140f_ssgwc0p81v125c
                                                          0.490000  
U3712                     SVQ_INV_1       um28nchllogl35udl140f_ssgwc0p81v125c
                                                          0.196000  
U3713                     SVQ_AOI22_0P75  um28nchllogl35udl140f_ssgwc0p81v125c
                                                          0.490000  
U3714                     SVQ_INV_1       um28nchllogl35udl140f_ssgwc0p81v125c
                                                          0.196000  
U3715                     SVQ_AOI22_0P75  um28nchllogl35udl140f_ssgwc0p81v125c
                                                          0.490000  
U3716                     SVQ_INV_1       um28nchllogl35udl140f_ssgwc0p81v125c
                                                          0.196000  
U3717                     SVQ_AOI22_0P75  um28nchllogl35udl140f_ssgwc0p81v125c
                                                          0.490000  
U3718                     SVQ_INV_1       um28nchllogl35udl140f_ssgwc0p81v125c
                                                          0.196000  
U3719                     SVQ_AOI22_0P75  um28nchllogl35udl140f_ssgwc0p81v125c
                                                          0.490000  
U3720                     SVQ_INV_1       um28nchllogl35udl140f_ssgwc0p81v125c
                                                          0.196000  
U3721                     SVQ_AOI22_0P75  um28nchllogl35udl140f_ssgwc0p81v125c
                                                          0.490000  
U3722                     SVQ_INV_1       um28nchllogl35udl140f_ssgwc0p81v125c
                                                          0.196000  
U3723                     SVQ_AOI22_0P75  um28nchllogl35udl140f_ssgwc0p81v125c
                                                          0.490000  
U3724                     SVQ_INV_1       um28nchllogl35udl140f_ssgwc0p81v125c
                                                          0.196000  
U3725                     SVQ_AOI22_0P75  um28nchllogl35udl140f_ssgwc0p81v125c
                                                          0.490000  
U3726                     SVQ_INV_1       um28nchllogl35udl140f_ssgwc0p81v125c
                                                          0.196000  
U3727                     SVQ_AOI22_0P75  um28nchllogl35udl140f_ssgwc0p81v125c
                                                          0.490000  
U3728                     SVQ_INV_1       um28nchllogl35udl140f_ssgwc0p81v125c
                                                          0.196000  
U3729                     SVQ_AOI22_0P75  um28nchllogl35udl140f_ssgwc0p81v125c
                                                          0.490000  
U3730                     SVQ_INV_1       um28nchllogl35udl140f_ssgwc0p81v125c
                                                          0.196000  
U3731                     SVQ_AOI22_0P75  um28nchllogl35udl140f_ssgwc0p81v125c
                                                          0.490000  
U3732                     SVQ_INV_1       um28nchllogl35udl140f_ssgwc0p81v125c
                                                          0.196000  
U3733                     SVQ_AOI22_0P75  um28nchllogl35udl140f_ssgwc0p81v125c
                                                          0.490000  
U3734                     SVQ_INV_1       um28nchllogl35udl140f_ssgwc0p81v125c
                                                          0.196000  
U3735                     SVQ_AOI22_0P75  um28nchllogl35udl140f_ssgwc0p81v125c
                                                          0.490000  
U3736                     SVQ_INV_1       um28nchllogl35udl140f_ssgwc0p81v125c
                                                          0.196000  
U3737                     SVQ_AOI22_0P75  um28nchllogl35udl140f_ssgwc0p81v125c
                                                          0.490000  
U3738                     SVQ_INV_1       um28nchllogl35udl140f_ssgwc0p81v125c
                                                          0.196000  
U3739                     SVQ_AOI22_0P75  um28nchllogl35udl140f_ssgwc0p81v125c
                                                          0.490000  
U3740                     SVQ_INV_1       um28nchllogl35udl140f_ssgwc0p81v125c
                                                          0.196000  
U3741                     SVQ_AOI22_0P75  um28nchllogl35udl140f_ssgwc0p81v125c
                                                          0.490000  
U3742                     SVQ_INV_1       um28nchllogl35udl140f_ssgwc0p81v125c
                                                          0.196000  
U3743                     SVQ_AOI22_0P75  um28nchllogl35udl140f_ssgwc0p81v125c
                                                          0.490000  
U3744                     SVQ_INV_1       um28nchllogl35udl140f_ssgwc0p81v125c
                                                          0.196000  
U3745                     SVQ_AOI22_0P75  um28nchllogl35udl140f_ssgwc0p81v125c
                                                          0.490000  
U3746                     SVQ_INV_1       um28nchllogl35udl140f_ssgwc0p81v125c
                                                          0.196000  
U3747                     SVQ_AOI22_0P75  um28nchllogl35udl140f_ssgwc0p81v125c
                                                          0.490000  
U3748                     SVQ_INV_1       um28nchllogl35udl140f_ssgwc0p81v125c
                                                          0.196000  
U3749                     SVQ_AOI22_0P75  um28nchllogl35udl140f_ssgwc0p81v125c
                                                          0.490000  
U3750                     SVQ_INV_1       um28nchllogl35udl140f_ssgwc0p81v125c
                                                          0.196000  
U3751                     SVQ_AOI22_0P75  um28nchllogl35udl140f_ssgwc0p81v125c
                                                          0.490000  
U3752                     SVQ_INV_1       um28nchllogl35udl140f_ssgwc0p81v125c
                                                          0.196000  
U3753                     SVQ_AOI22_0P75  um28nchllogl35udl140f_ssgwc0p81v125c
                                                          0.490000  
U3754                     SVQ_INV_1       um28nchllogl35udl140f_ssgwc0p81v125c
                                                          0.196000  
U3755                     SVQ_AOI22_0P75  um28nchllogl35udl140f_ssgwc0p81v125c
                                                          0.490000  
U3756                     SVQ_INV_1       um28nchllogl35udl140f_ssgwc0p81v125c
                                                          0.196000  
U3757                     SVQ_AOI22_0P75  um28nchllogl35udl140f_ssgwc0p81v125c
                                                          0.490000  
U3758                     SVQ_INV_1       um28nchllogl35udl140f_ssgwc0p81v125c
                                                          0.196000  
U3759                     SVQ_AOI22_0P75  um28nchllogl35udl140f_ssgwc0p81v125c
                                                          0.490000  
U3760                     SVQ_INV_1       um28nchllogl35udl140f_ssgwc0p81v125c
                                                          0.196000  
U3761                     SVQ_AOI22_0P75  um28nchllogl35udl140f_ssgwc0p81v125c
                                                          0.490000  
U3762                     SVQ_INV_1       um28nchllogl35udl140f_ssgwc0p81v125c
                                                          0.196000  
U3763                     SVQ_AOI22_0P75  um28nchllogl35udl140f_ssgwc0p81v125c
                                                          0.490000  
U3764                     SVQ_INV_1       um28nchllogl35udl140f_ssgwc0p81v125c
                                                          0.196000  
U3765                     SVQ_AOI22_0P75  um28nchllogl35udl140f_ssgwc0p81v125c
                                                          0.490000  
U3766                     SVQ_INV_1       um28nchllogl35udl140f_ssgwc0p81v125c
                                                          0.196000  
U3767                     SVQ_AOI22_0P75  um28nchllogl35udl140f_ssgwc0p81v125c
                                                          0.490000  
U3768                     SVQ_INV_1       um28nchllogl35udl140f_ssgwc0p81v125c
                                                          0.196000  
U3769                     SVQ_AOI22_0P75  um28nchllogl35udl140f_ssgwc0p81v125c
                                                          0.490000  
U3770                     SVQ_INV_1       um28nchllogl35udl140f_ssgwc0p81v125c
                                                          0.196000  
U3771                     SVQ_AOI22_0P75  um28nchllogl35udl140f_ssgwc0p81v125c
                                                          0.490000  
U3772                     SVQ_INV_1       um28nchllogl35udl140f_ssgwc0p81v125c
                                                          0.196000  
U3773                     SVQ_AOI22_0P75  um28nchllogl35udl140f_ssgwc0p81v125c
                                                          0.490000  
U3774                     SVQ_INV_1       um28nchllogl35udl140f_ssgwc0p81v125c
                                                          0.196000  
U3775                     SVQ_AOI22_0P75  um28nchllogl35udl140f_ssgwc0p81v125c
                                                          0.490000  
U3776                     SVQ_INV_1       um28nchllogl35udl140f_ssgwc0p81v125c
                                                          0.196000  
U3777                     SVQ_AOI22_0P75  um28nchllogl35udl140f_ssgwc0p81v125c
                                                          0.490000  
U3778                     SVQ_INV_1       um28nchllogl35udl140f_ssgwc0p81v125c
                                                          0.196000  
U3779                     SVQ_AOI22_0P75  um28nchllogl35udl140f_ssgwc0p81v125c
                                                          0.490000  
U3780                     SVQ_INV_1       um28nchllogl35udl140f_ssgwc0p81v125c
                                                          0.196000  
U3781                     SVQ_AOI22_0P75  um28nchllogl35udl140f_ssgwc0p81v125c
                                                          0.490000  
U3782                     SVQ_INV_1       um28nchllogl35udl140f_ssgwc0p81v125c
                                                          0.196000  
U3783                     SVQ_AOI22_0P75  um28nchllogl35udl140f_ssgwc0p81v125c
                                                          0.490000  
U3784                     SVQ_INV_1       um28nchllogl35udl140f_ssgwc0p81v125c
                                                          0.196000  
U3785                     SVQ_AOI22_0P75  um28nchllogl35udl140f_ssgwc0p81v125c
                                                          0.490000  
U3786                     SVQ_INV_1       um28nchllogl35udl140f_ssgwc0p81v125c
                                                          0.196000  
U3787                     SVQ_AOI22_0P75  um28nchllogl35udl140f_ssgwc0p81v125c
                                                          0.490000  
U3788                     SVQ_INV_1       um28nchllogl35udl140f_ssgwc0p81v125c
                                                          0.196000  
U3789                     SVQ_AOI22_0P75  um28nchllogl35udl140f_ssgwc0p81v125c
                                                          0.490000  
U3790                     SVQ_INV_1       um28nchllogl35udl140f_ssgwc0p81v125c
                                                          0.196000  
U3791                     SVQ_AOI22_0P75  um28nchllogl35udl140f_ssgwc0p81v125c
                                                          0.490000  
U3792                     SVQ_INV_1       um28nchllogl35udl140f_ssgwc0p81v125c
                                                          0.196000  
U3793                     SVQ_AOI22_0P75  um28nchllogl35udl140f_ssgwc0p81v125c
                                                          0.490000  
U3794                     SVQ_INV_1       um28nchllogl35udl140f_ssgwc0p81v125c
                                                          0.196000  
U3795                     SVQ_AOI22_0P75  um28nchllogl35udl140f_ssgwc0p81v125c
                                                          0.490000  
U3796                     SVQ_INV_1       um28nchllogl35udl140f_ssgwc0p81v125c
                                                          0.196000  
U3797                     SVQ_AOI22_0P75  um28nchllogl35udl140f_ssgwc0p81v125c
                                                          0.490000  
U3798                     SVQ_INV_1       um28nchllogl35udl140f_ssgwc0p81v125c
                                                          0.196000  
U3799                     SVQ_AOI22_0P75  um28nchllogl35udl140f_ssgwc0p81v125c
                                                          0.490000  
U3800                     SVQ_INV_1       um28nchllogl35udl140f_ssgwc0p81v125c
                                                          0.196000  
U3801                     SVQ_AOI22_0P75  um28nchllogl35udl140f_ssgwc0p81v125c
                                                          0.490000  
U3802                     SVQ_INV_1       um28nchllogl35udl140f_ssgwc0p81v125c
                                                          0.196000  
U3803                     SVQ_AOI22_0P75  um28nchllogl35udl140f_ssgwc0p81v125c
                                                          0.490000  
U3804                     SVQ_INV_1       um28nchllogl35udl140f_ssgwc0p81v125c
                                                          0.196000  
U3805                     SVQ_AOI22_0P75  um28nchllogl35udl140f_ssgwc0p81v125c
                                                          0.490000  
U3806                     SVQ_INV_1       um28nchllogl35udl140f_ssgwc0p81v125c
                                                          0.196000  
U3807                     SVQ_AOI22_0P75  um28nchllogl35udl140f_ssgwc0p81v125c
                                                          0.490000  
U3808                     SVQ_INV_1       um28nchllogl35udl140f_ssgwc0p81v125c
                                                          0.196000  
U3809                     SVQ_AOI22_0P75  um28nchllogl35udl140f_ssgwc0p81v125c
                                                          0.490000  
U3810                     SVQ_INV_1       um28nchllogl35udl140f_ssgwc0p81v125c
                                                          0.196000  
U3811                     SVQ_AOI22_0P75  um28nchllogl35udl140f_ssgwc0p81v125c
                                                          0.490000  
U3812                     SVQ_INV_1       um28nchllogl35udl140f_ssgwc0p81v125c
                                                          0.196000  
U3813                     SVQ_AOI22_0P75  um28nchllogl35udl140f_ssgwc0p81v125c
                                                          0.490000  
U3814                     SVQ_INV_1       um28nchllogl35udl140f_ssgwc0p81v125c
                                                          0.196000  
U3815                     SVQ_AOI22_0P75  um28nchllogl35udl140f_ssgwc0p81v125c
                                                          0.490000  
U3816                     SVQ_INV_1       um28nchllogl35udl140f_ssgwc0p81v125c
                                                          0.196000  
U3817                     SVQ_AOI22_0P75  um28nchllogl35udl140f_ssgwc0p81v125c
                                                          0.490000  
U3818                     SVQ_INV_1       um28nchllogl35udl140f_ssgwc0p81v125c
                                                          0.196000  
U3819                     SVQ_AOI22_0P75  um28nchllogl35udl140f_ssgwc0p81v125c
                                                          0.490000  
U3820                     SVQ_INV_1       um28nchllogl35udl140f_ssgwc0p81v125c
                                                          0.196000  
U3821                     SVQ_AOI22_0P75  um28nchllogl35udl140f_ssgwc0p81v125c
                                                          0.490000  
U3822                     SVQ_INV_1       um28nchllogl35udl140f_ssgwc0p81v125c
                                                          0.196000  
U3823                     SVQ_AOI22_0P75  um28nchllogl35udl140f_ssgwc0p81v125c
                                                          0.490000  
U3824                     SVQ_INV_1       um28nchllogl35udl140f_ssgwc0p81v125c
                                                          0.196000  
U3825                     SVQ_AOI22_0P75  um28nchllogl35udl140f_ssgwc0p81v125c
                                                          0.490000  
U3826                     SVQ_INV_1       um28nchllogl35udl140f_ssgwc0p81v125c
                                                          0.196000  
U3827                     SVQ_AOI22_0P75  um28nchllogl35udl140f_ssgwc0p81v125c
                                                          0.490000  
U3828                     SVQ_INV_1       um28nchllogl35udl140f_ssgwc0p81v125c
                                                          0.196000  
U3829                     SVQ_AOI22_0P75  um28nchllogl35udl140f_ssgwc0p81v125c
                                                          0.490000  
U3830                     SVQ_INV_1       um28nchllogl35udl140f_ssgwc0p81v125c
                                                          0.196000  
U3831                     SVQ_AOI22_0P75  um28nchllogl35udl140f_ssgwc0p81v125c
                                                          0.490000  
U3832                     SVQ_INV_1       um28nchllogl35udl140f_ssgwc0p81v125c
                                                          0.196000  
U3833                     SVQ_AOI22_0P75  um28nchllogl35udl140f_ssgwc0p81v125c
                                                          0.490000  
U3834                     SVQ_INV_1       um28nchllogl35udl140f_ssgwc0p81v125c
                                                          0.196000  
U3835                     SVQ_AOI22_0P75  um28nchllogl35udl140f_ssgwc0p81v125c
                                                          0.490000  
U3836                     SVQ_INV_1       um28nchllogl35udl140f_ssgwc0p81v125c
                                                          0.196000  
U3837                     SVQ_AOI22_0P75  um28nchllogl35udl140f_ssgwc0p81v125c
                                                          0.490000  
U3838                     SVQ_INV_1       um28nchllogl35udl140f_ssgwc0p81v125c
                                                          0.196000  
U3839                     SVQ_AOI22_0P75  um28nchllogl35udl140f_ssgwc0p81v125c
                                                          0.490000  
U3840                     SVQ_INV_1       um28nchllogl35udl140f_ssgwc0p81v125c
                                                          0.196000  
U3841                     SVQ_AOI22_0P75  um28nchllogl35udl140f_ssgwc0p81v125c
                                                          0.490000  
U3842                     SVQ_INV_1       um28nchllogl35udl140f_ssgwc0p81v125c
                                                          0.196000  
U3843                     SVQ_AOI22_0P75  um28nchllogl35udl140f_ssgwc0p81v125c
                                                          0.490000  
U3844                     SVQ_INV_1       um28nchllogl35udl140f_ssgwc0p81v125c
                                                          0.196000  
U3845                     SVQ_AOI22_0P75  um28nchllogl35udl140f_ssgwc0p81v125c
                                                          0.490000  
U3846                     SVQ_INV_1       um28nchllogl35udl140f_ssgwc0p81v125c
                                                          0.196000  
U3847                     SVQ_AOI22_0P75  um28nchllogl35udl140f_ssgwc0p81v125c
                                                          0.490000  
U3848                     SVQ_INV_1       um28nchllogl35udl140f_ssgwc0p81v125c
                                                          0.196000  
U3849                     SVQ_AOI22_0P75  um28nchllogl35udl140f_ssgwc0p81v125c
                                                          0.490000  
U3850                     SVQ_INV_1       um28nchllogl35udl140f_ssgwc0p81v125c
                                                          0.196000  
U3851                     SVQ_AOI22_0P75  um28nchllogl35udl140f_ssgwc0p81v125c
                                                          0.490000  
U3852                     SVQ_INV_1       um28nchllogl35udl140f_ssgwc0p81v125c
                                                          0.196000  
U3853                     SVQ_AOI22_0P75  um28nchllogl35udl140f_ssgwc0p81v125c
                                                          0.490000  
U3854                     SVQ_INV_1       um28nchllogl35udl140f_ssgwc0p81v125c
                                                          0.196000  
U3855                     SVQ_AOI22_0P75  um28nchllogl35udl140f_ssgwc0p81v125c
                                                          0.490000  
U3856                     SVQ_INV_1       um28nchllogl35udl140f_ssgwc0p81v125c
                                                          0.196000  
U3857                     SVQ_AOI22_0P75  um28nchllogl35udl140f_ssgwc0p81v125c
                                                          0.490000  
U3858                     SVQ_INV_1       um28nchllogl35udl140f_ssgwc0p81v125c
                                                          0.196000  
U3859                     SVQ_AOI22_0P75  um28nchllogl35udl140f_ssgwc0p81v125c
                                                          0.490000  
U3860                     SVQ_INV_1       um28nchllogl35udl140f_ssgwc0p81v125c
                                                          0.196000  
U3861                     SVQ_AOI22_0P75  um28nchllogl35udl140f_ssgwc0p81v125c
                                                          0.490000  
U3862                     SVQ_INV_1       um28nchllogl35udl140f_ssgwc0p81v125c
                                                          0.196000  
U3863                     SVQ_AOI22_0P75  um28nchllogl35udl140f_ssgwc0p81v125c
                                                          0.490000  
U3864                     SVQ_INV_1       um28nchllogl35udl140f_ssgwc0p81v125c
                                                          0.196000  
U3865                     SVQ_AOI22_0P75  um28nchllogl35udl140f_ssgwc0p81v125c
                                                          0.490000  
U3866                     SVQ_INV_1       um28nchllogl35udl140f_ssgwc0p81v125c
                                                          0.196000  
U3867                     SVQ_AOI22_0P75  um28nchllogl35udl140f_ssgwc0p81v125c
                                                          0.490000  
U3868                     SVQ_INV_1       um28nchllogl35udl140f_ssgwc0p81v125c
                                                          0.196000  
U3869                     SVQ_AOI22_0P75  um28nchllogl35udl140f_ssgwc0p81v125c
                                                          0.490000  
U3870                     SVQ_INV_1       um28nchllogl35udl140f_ssgwc0p81v125c
                                                          0.196000  
U3871                     SVQ_AOI22_0P75  um28nchllogl35udl140f_ssgwc0p81v125c
                                                          0.490000  
U3872                     SVQ_INV_1       um28nchllogl35udl140f_ssgwc0p81v125c
                                                          0.196000  
U3873                     SVQ_AOI22_0P75  um28nchllogl35udl140f_ssgwc0p81v125c
                                                          0.490000  
U3874                     SVQ_INV_1       um28nchllogl35udl140f_ssgwc0p81v125c
                                                          0.196000  
U3875                     SVQ_AOI22_0P75  um28nchllogl35udl140f_ssgwc0p81v125c
                                                          0.490000  
U3876                     SVQ_INV_1       um28nchllogl35udl140f_ssgwc0p81v125c
                                                          0.196000  
U3877                     SVQ_AOI22_0P75  um28nchllogl35udl140f_ssgwc0p81v125c
                                                          0.490000  
U3878                     SVQ_INV_1       um28nchllogl35udl140f_ssgwc0p81v125c
                                                          0.196000  
U3879                     SVQ_AOI22_0P75  um28nchllogl35udl140f_ssgwc0p81v125c
                                                          0.490000  
U3880                     SVQ_INV_1       um28nchllogl35udl140f_ssgwc0p81v125c
                                                          0.196000  
U3881                     SVQ_AOI22_0P75  um28nchllogl35udl140f_ssgwc0p81v125c
                                                          0.490000  
U3882                     SVQ_INV_1       um28nchllogl35udl140f_ssgwc0p81v125c
                                                          0.196000  
U3883                     SVQ_AOI22_0P75  um28nchllogl35udl140f_ssgwc0p81v125c
                                                          0.490000  
U3884                     SVQ_INV_1       um28nchllogl35udl140f_ssgwc0p81v125c
                                                          0.196000  
U3885                     SVQ_AOI22_0P75  um28nchllogl35udl140f_ssgwc0p81v125c
                                                          0.490000  
U3886                     SVQ_INV_1       um28nchllogl35udl140f_ssgwc0p81v125c
                                                          0.196000  
U3887                     SVQ_AOI22_0P75  um28nchllogl35udl140f_ssgwc0p81v125c
                                                          0.490000  
U3888                     SVQ_INV_1       um28nchllogl35udl140f_ssgwc0p81v125c
                                                          0.196000  
U3889                     SVQ_AOI22_0P75  um28nchllogl35udl140f_ssgwc0p81v125c
                                                          0.490000  
U3890                     SVQ_INV_1       um28nchllogl35udl140f_ssgwc0p81v125c
                                                          0.196000  
U3891                     SVQ_AOI22_0P75  um28nchllogl35udl140f_ssgwc0p81v125c
                                                          0.490000  
U3892                     SVQ_INV_1       um28nchllogl35udl140f_ssgwc0p81v125c
                                                          0.196000  
U3893                     SVQ_AOI22_0P75  um28nchllogl35udl140f_ssgwc0p81v125c
                                                          0.490000  
U3894                     SVQ_INV_1       um28nchllogl35udl140f_ssgwc0p81v125c
                                                          0.196000  
U3895                     SVQ_AOI22_0P75  um28nchllogl35udl140f_ssgwc0p81v125c
                                                          0.490000  
U3896                     SVQ_INV_1       um28nchllogl35udl140f_ssgwc0p81v125c
                                                          0.196000  
U3897                     SVQ_AOI22_0P75  um28nchllogl35udl140f_ssgwc0p81v125c
                                                          0.490000  
U3898                     SVQ_INV_1       um28nchllogl35udl140f_ssgwc0p81v125c
                                                          0.196000  
U3899                     SVQ_AOI22_0P75  um28nchllogl35udl140f_ssgwc0p81v125c
                                                          0.490000  
U3900                     SVQ_INV_1       um28nchllogl35udl140f_ssgwc0p81v125c
                                                          0.196000  
U3901                     SVQ_AOI22_0P75  um28nchllogl35udl140f_ssgwc0p81v125c
                                                          0.490000  
U3902                     SVQ_INV_1       um28nchllogl35udl140f_ssgwc0p81v125c
                                                          0.196000  
U3903                     SVQ_AOI22_0P75  um28nchllogl35udl140f_ssgwc0p81v125c
                                                          0.490000  
U3904                     SVQ_INV_1       um28nchllogl35udl140f_ssgwc0p81v125c
                                                          0.196000  
U3905                     SVQ_AOI22_0P75  um28nchllogl35udl140f_ssgwc0p81v125c
                                                          0.490000  
U3906                     SVQ_INV_1       um28nchllogl35udl140f_ssgwc0p81v125c
                                                          0.196000  
U3907                     SVQ_AOI22_0P75  um28nchllogl35udl140f_ssgwc0p81v125c
                                                          0.490000  
U3908                     SVQ_INV_1       um28nchllogl35udl140f_ssgwc0p81v125c
                                                          0.196000  
U3909                     SVQ_AOI22_0P75  um28nchllogl35udl140f_ssgwc0p81v125c
                                                          0.490000  
U3910                     SVQ_INV_1       um28nchllogl35udl140f_ssgwc0p81v125c
                                                          0.196000  
U3911                     SVQ_AOI22_0P75  um28nchllogl35udl140f_ssgwc0p81v125c
                                                          0.490000  
U3912                     SVQ_INV_1       um28nchllogl35udl140f_ssgwc0p81v125c
                                                          0.196000  
U3913                     SVQ_AOI22_0P75  um28nchllogl35udl140f_ssgwc0p81v125c
                                                          0.490000  
U3914                     SVQ_INV_1       um28nchllogl35udl140f_ssgwc0p81v125c
                                                          0.196000  
U3915                     SVQ_AOI22_0P75  um28nchllogl35udl140f_ssgwc0p81v125c
                                                          0.490000  
U3916                     SVQ_INV_1       um28nchllogl35udl140f_ssgwc0p81v125c
                                                          0.196000  
U3917                     SVQ_AOI22_0P75  um28nchllogl35udl140f_ssgwc0p81v125c
                                                          0.490000  
U3918                     SVQ_INV_1       um28nchllogl35udl140f_ssgwc0p81v125c
                                                          0.196000  
U3919                     SVQ_AOI22_0P75  um28nchllogl35udl140f_ssgwc0p81v125c
                                                          0.490000  
U3920                     SVQ_INV_1       um28nchllogl35udl140f_ssgwc0p81v125c
                                                          0.196000  
U3921                     SVQ_AOI22_0P75  um28nchllogl35udl140f_ssgwc0p81v125c
                                                          0.490000  
U3922                     SVQ_INV_1       um28nchllogl35udl140f_ssgwc0p81v125c
                                                          0.196000  
U3923                     SVQ_AOI22_0P75  um28nchllogl35udl140f_ssgwc0p81v125c
                                                          0.490000  
U3924                     SVQ_INV_1       um28nchllogl35udl140f_ssgwc0p81v125c
                                                          0.196000  
U3925                     SVQ_AOI22_0P75  um28nchllogl35udl140f_ssgwc0p81v125c
                                                          0.490000  
U3926                     SVQ_INV_1       um28nchllogl35udl140f_ssgwc0p81v125c
                                                          0.196000  
U3927                     SVQ_AOI22_0P75  um28nchllogl35udl140f_ssgwc0p81v125c
                                                          0.490000  
U3928                     SVQ_INV_1       um28nchllogl35udl140f_ssgwc0p81v125c
                                                          0.196000  
U3929                     SVQ_AOI22_0P75  um28nchllogl35udl140f_ssgwc0p81v125c
                                                          0.490000  
U3930                     SVQ_INV_1       um28nchllogl35udl140f_ssgwc0p81v125c
                                                          0.196000  
U3931                     SVQ_AOI22_0P75  um28nchllogl35udl140f_ssgwc0p81v125c
                                                          0.490000  
U3932                     SVQ_INV_1       um28nchllogl35udl140f_ssgwc0p81v125c
                                                          0.196000  
U3933                     SVQ_AOI22_0P75  um28nchllogl35udl140f_ssgwc0p81v125c
                                                          0.490000  
U3934                     SVQ_INV_1       um28nchllogl35udl140f_ssgwc0p81v125c
                                                          0.196000  
U3935                     SVQ_AOI22_0P75  um28nchllogl35udl140f_ssgwc0p81v125c
                                                          0.490000  
U3936                     SVQ_INV_1       um28nchllogl35udl140f_ssgwc0p81v125c
                                                          0.196000  
U3937                     SVQ_AOI22_0P75  um28nchllogl35udl140f_ssgwc0p81v125c
                                                          0.490000  
U3938                     SVQ_INV_1       um28nchllogl35udl140f_ssgwc0p81v125c
                                                          0.196000  
U3939                     SVQ_AOI22_0P75  um28nchllogl35udl140f_ssgwc0p81v125c
                                                          0.490000  
U3940                     SVQ_INV_1       um28nchllogl35udl140f_ssgwc0p81v125c
                                                          0.196000  
U3941                     SVQ_AOI22_0P75  um28nchllogl35udl140f_ssgwc0p81v125c
                                                          0.490000  
U3942                     SVQ_INV_1       um28nchllogl35udl140f_ssgwc0p81v125c
                                                          0.196000  
U3943                     SVQ_AOI22_0P75  um28nchllogl35udl140f_ssgwc0p81v125c
                                                          0.490000  
U3944                     SVQ_INV_1       um28nchllogl35udl140f_ssgwc0p81v125c
                                                          0.196000  
U3945                     SVQ_INV_1       um28nchllogl35udl140f_ssgwc0p81v125c
                                                          0.196000  
U3946                     SVQ_INV_1       um28nchllogl35udl140f_ssgwc0p81v125c
                                                          0.196000  
U3947                     SVQ_INV_1       um28nchllogl35udl140f_ssgwc0p81v125c
                                                          0.196000  
U3948                     SVQ_INV_1       um28nchllogl35udl140f_ssgwc0p81v125c
                                                          0.196000  
U3949                     SVQ_INV_1       um28nchllogl35udl140f_ssgwc0p81v125c
                                                          0.196000  
U3950                     SVQ_INV_1       um28nchllogl35udl140f_ssgwc0p81v125c
                                                          0.196000  
U3951                     SVQ_INV_1       um28nchllogl35udl140f_ssgwc0p81v125c
                                                          0.196000  
U3952                     SVQ_INV_1       um28nchllogl35udl140f_ssgwc0p81v125c
                                                          0.196000  
U3953                     SVQ_INV_1       um28nchllogl35udl140f_ssgwc0p81v125c
                                                          0.196000  
U3954                     SVQ_INV_1       um28nchllogl35udl140f_ssgwc0p81v125c
                                                          0.196000  
U3955                     SVQ_INV_1       um28nchllogl35udl140f_ssgwc0p81v125c
                                                          0.196000  
U3956                     SVQ_INV_1       um28nchllogl35udl140f_ssgwc0p81v125c
                                                          0.196000  
U3957                     SVQ_INV_1       um28nchllogl35udl140f_ssgwc0p81v125c
                                                          0.196000  
U3958                     SVQ_INV_1       um28nchllogl35udl140f_ssgwc0p81v125c
                                                          0.196000  
U3959                     SVQ_INV_1       um28nchllogl35udl140f_ssgwc0p81v125c
                                                          0.196000  
U3960                     SVQ_INV_1       um28nchllogl35udl140f_ssgwc0p81v125c
                                                          0.196000  
U3961                     SVQ_INV_1       um28nchllogl35udl140f_ssgwc0p81v125c
                                                          0.196000  
U3962                     SVQ_INV_1       um28nchllogl35udl140f_ssgwc0p81v125c
                                                          0.196000  
U3963                     SVQ_INV_1       um28nchllogl35udl140f_ssgwc0p81v125c
                                                          0.196000  
U3964                     SVQ_INV_1       um28nchllogl35udl140f_ssgwc0p81v125c
                                                          0.196000  
U3965                     SVQ_INV_1       um28nchllogl35udl140f_ssgwc0p81v125c
                                                          0.196000  
U3966                     SVQ_INV_1       um28nchllogl35udl140f_ssgwc0p81v125c
                                                          0.196000  
U3967                     SVQ_INV_1       um28nchllogl35udl140f_ssgwc0p81v125c
                                                          0.196000  
U3968                     SVQ_INV_1       um28nchllogl35udl140f_ssgwc0p81v125c
                                                          0.196000  
U3969                     SVQ_INV_1       um28nchllogl35udl140f_ssgwc0p81v125c
                                                          0.196000  
U3970                     SVQ_INV_1       um28nchllogl35udl140f_ssgwc0p81v125c
                                                          0.196000  
U3971                     SVQ_INV_1       um28nchllogl35udl140f_ssgwc0p81v125c
                                                          0.196000  
U3972                     SVQ_INV_1       um28nchllogl35udl140f_ssgwc0p81v125c
                                                          0.196000  
U3973                     SVQ_INV_1       um28nchllogl35udl140f_ssgwc0p81v125c
                                                          0.196000  
U3974                     SVQ_INV_1       um28nchllogl35udl140f_ssgwc0p81v125c
                                                          0.196000  
U3975                     SVQ_INV_1       um28nchllogl35udl140f_ssgwc0p81v125c
                                                          0.196000  
U3976                     SVQ_ND2B_V1_1   um28nchllogl35udl140f_ssgwc0p81v125c
                                                          0.392000  
U3977                     SVQ_ND2_1       um28nchllogl35udl140f_ssgwc0p81v125c
                                                          0.294000  
U3978                     SVQ_ND2_1       um28nchllogl35udl140f_ssgwc0p81v125c
                                                          0.294000  
U3979                     SVQ_ND2_1       um28nchllogl35udl140f_ssgwc0p81v125c
                                                          0.294000  
U3980                     SVQ_ND2_1       um28nchllogl35udl140f_ssgwc0p81v125c
                                                          0.294000  
U3981                     SVQ_ND2_1       um28nchllogl35udl140f_ssgwc0p81v125c
                                                          0.294000  
U3982                     SVQ_ND2_1       um28nchllogl35udl140f_ssgwc0p81v125c
                                                          0.294000  
U3983                     SVQ_ND2_1       um28nchllogl35udl140f_ssgwc0p81v125c
                                                          0.294000  
U3984                     SVQ_OAOI211_1   um28nchllogl35udl140f_ssgwc0p81v125c
                                                          0.490000  
U3985                     SVQ_INV_1       um28nchllogl35udl140f_ssgwc0p81v125c
                                                          0.196000  
U3986                     SVQ_ND2B_V1_1   um28nchllogl35udl140f_ssgwc0p81v125c
                                                          0.392000  
U3987                     SVQ_ND2_1       um28nchllogl35udl140f_ssgwc0p81v125c
                                                          0.294000  
U3988                     SVQ_TIE1_1      um28nchllogl35udl140f_ssgwc0p81v125c
                                                          0.392000  
U3989                     SVQ_TIE0_1      um28nchllogl35udl140f_ssgwc0p81v125c
                                                          0.392000  
rden_bias_reg             SVQ_FDPRBQ_V2_1 um28nchllogl35udl140f_ssgwc0p81v125c
                                                          1.764000  n
read_addr_bias_reg[0]     SVQ_FDPQ_V2_1   um28nchllogl35udl140f_ssgwc0p81v125c
                                                          1.568000  n
read_addr_bias_reg[1]     SVQ_FDPQ_V2_1   um28nchllogl35udl140f_ssgwc0p81v125c
                                                          1.568000  n
read_addr_bias_reg[2]     SVQ_FDPQ_V2_1   um28nchllogl35udl140f_ssgwc0p81v125c
                                                          1.568000  n
stage3_input_reg[0][0]    SVQ_FDPRBQ_V2_1 um28nchllogl35udl140f_ssgwc0p81v125c
                                                          1.764000  n
stage3_input_reg[0][1]    SVQ_FDPRBQ_V2_1 um28nchllogl35udl140f_ssgwc0p81v125c
                                                          1.764000  n
stage3_input_reg[0][2]    SVQ_FDPRBQ_V2_1 um28nchllogl35udl140f_ssgwc0p81v125c
                                                          1.764000  n
stage3_input_reg[0][3]    SVQ_FDPRBQ_V2_1 um28nchllogl35udl140f_ssgwc0p81v125c
                                                          1.764000  n
stage3_input_reg[0][4]    SVQ_FDPRBQ_V2_1 um28nchllogl35udl140f_ssgwc0p81v125c
                                                          1.764000  n
stage3_input_reg[0][5]    SVQ_FDPRBQ_V2_1 um28nchllogl35udl140f_ssgwc0p81v125c
                                                          1.764000  n
stage3_input_reg[0][6]    SVQ_FDPRBQ_V2_1 um28nchllogl35udl140f_ssgwc0p81v125c
                                                          1.764000  n
stage3_input_reg[0][7]    SVQ_FDPRBQ_V2_1 um28nchllogl35udl140f_ssgwc0p81v125c
                                                          1.764000  n
stage3_input_reg[0][8]    SVQ_FDPRBQ_V2_1 um28nchllogl35udl140f_ssgwc0p81v125c
                                                          1.764000  n
stage3_input_reg[0][9]    SVQ_FDPRBQ_V2_1 um28nchllogl35udl140f_ssgwc0p81v125c
                                                          1.764000  n
stage3_input_reg[0][10]   SVQ_FDPRBQ_V2_1 um28nchllogl35udl140f_ssgwc0p81v125c
                                                          1.764000  n
stage3_input_reg[0][11]   SVQ_FDPRBQ_V2_1 um28nchllogl35udl140f_ssgwc0p81v125c
                                                          1.764000  n
stage3_input_reg[0][12]   SVQ_FDPRBQ_V2_1 um28nchllogl35udl140f_ssgwc0p81v125c
                                                          1.764000  n
stage3_input_reg[0][13]   SVQ_FDPRBQ_V2_1 um28nchllogl35udl140f_ssgwc0p81v125c
                                                          1.764000  n
stage3_input_reg[0][14]   SVQ_FDPRBQ_V2_1 um28nchllogl35udl140f_ssgwc0p81v125c
                                                          1.764000  n
stage3_input_reg[0][15]   SVQ_FDPRBQ_V2_1 um28nchllogl35udl140f_ssgwc0p81v125c
                                                          1.764000  n
stage3_input_reg[0][16]   SVQ_FDPRBQ_V2_1 um28nchllogl35udl140f_ssgwc0p81v125c
                                                          1.764000  n
stage3_input_reg[0][17]   SVQ_FDPRBQ_V2_1 um28nchllogl35udl140f_ssgwc0p81v125c
                                                          1.764000  n
stage3_input_reg[0][18]   SVQ_FDPRBQ_V2_1 um28nchllogl35udl140f_ssgwc0p81v125c
                                                          1.764000  n
stage3_input_reg[0][19]   SVQ_FDPRBQ_V2_1 um28nchllogl35udl140f_ssgwc0p81v125c
                                                          1.764000  n
stage3_input_reg[0][20]   SVQ_FDPRBQ_V2_1 um28nchllogl35udl140f_ssgwc0p81v125c
                                                          1.764000  n
stage3_input_reg[0][21]   SVQ_FDPRBQ_V2_1 um28nchllogl35udl140f_ssgwc0p81v125c
                                                          1.764000  n
stage3_input_reg[0][22]   SVQ_FDPRBQ_V2_1 um28nchllogl35udl140f_ssgwc0p81v125c
                                                          1.764000  n
stage3_input_reg[0][23]   SVQ_FDPRBQ_V2_1 um28nchllogl35udl140f_ssgwc0p81v125c
                                                          1.764000  n
stage3_input_reg[0][24]   SVQ_FDPRBQ_V2_1 um28nchllogl35udl140f_ssgwc0p81v125c
                                                          1.764000  n
stage3_input_reg[0][25]   SVQ_FDPRBQ_V2_1 um28nchllogl35udl140f_ssgwc0p81v125c
                                                          1.764000  n
stage3_input_reg[0][26]   SVQ_FDPRBQ_V2_1 um28nchllogl35udl140f_ssgwc0p81v125c
                                                          1.764000  n
stage3_input_reg[0][27]   SVQ_FDPRBQ_V2_1 um28nchllogl35udl140f_ssgwc0p81v125c
                                                          1.764000  n
stage3_input_reg[0][28]   SVQ_FDPRBQ_V2_1 um28nchllogl35udl140f_ssgwc0p81v125c
                                                          1.764000  n
stage3_input_reg[0][29]   SVQ_FDPRBQ_V2_1 um28nchllogl35udl140f_ssgwc0p81v125c
                                                          1.764000  n
stage3_input_reg[0][30]   SVQ_FDPRBQ_V2_1 um28nchllogl35udl140f_ssgwc0p81v125c
                                                          1.764000  n
stage3_input_reg[0][31]   SVQ_FDPRBQ_V2_1 um28nchllogl35udl140f_ssgwc0p81v125c
                                                          1.764000  n
stage3_input_reg[0][32]   SVQ_FDPRBQ_V2_1 um28nchllogl35udl140f_ssgwc0p81v125c
                                                          1.764000  n
stage3_input_reg[0][33]   SVQ_FDPRBQ_V2_1 um28nchllogl35udl140f_ssgwc0p81v125c
                                                          1.764000  n
stage3_input_reg[0][34]   SVQ_FDPRBQ_V2_1 um28nchllogl35udl140f_ssgwc0p81v125c
                                                          1.764000  n
stage3_input_reg[0][35]   SVQ_FDPRBQ_V2_1 um28nchllogl35udl140f_ssgwc0p81v125c
                                                          1.764000  n
stage3_input_reg[0][36]   SVQ_FDPRBQ_V2_1 um28nchllogl35udl140f_ssgwc0p81v125c
                                                          1.764000  n
stage3_input_reg[0][37]   SVQ_FDPRBQ_V2_1 um28nchllogl35udl140f_ssgwc0p81v125c
                                                          1.764000  n
stage3_input_reg[0][38]   SVQ_FDPRBQ_V2_1 um28nchllogl35udl140f_ssgwc0p81v125c
                                                          1.764000  n
stage3_input_reg[0][39]   SVQ_FDPRBQ_V2_1 um28nchllogl35udl140f_ssgwc0p81v125c
                                                          1.764000  n
stage3_input_reg[0][40]   SVQ_FDPRBQ_V2_1 um28nchllogl35udl140f_ssgwc0p81v125c
                                                          1.764000  n
stage3_input_reg[0][41]   SVQ_FDPRBQ_V2_1 um28nchllogl35udl140f_ssgwc0p81v125c
                                                          1.764000  n
stage3_input_reg[0][42]   SVQ_FDPRBQ_V2_1 um28nchllogl35udl140f_ssgwc0p81v125c
                                                          1.764000  n
stage3_input_reg[0][43]   SVQ_FDPRBQ_V2_1 um28nchllogl35udl140f_ssgwc0p81v125c
                                                          1.764000  n
stage3_input_reg[0][44]   SVQ_FDPRBQ_V2_1 um28nchllogl35udl140f_ssgwc0p81v125c
                                                          1.764000  n
stage3_input_reg[0][45]   SVQ_FDPRBQ_V2_1 um28nchllogl35udl140f_ssgwc0p81v125c
                                                          1.764000  n
stage3_input_reg[0][46]   SVQ_FDPRBQ_V2_1 um28nchllogl35udl140f_ssgwc0p81v125c
                                                          1.764000  n
stage3_input_reg[0][47]   SVQ_FDPRBQ_V2_1 um28nchllogl35udl140f_ssgwc0p81v125c
                                                          1.764000  n
stage3_input_reg[0][48]   SVQ_FDPRBQ_V2_1 um28nchllogl35udl140f_ssgwc0p81v125c
                                                          1.764000  n
stage3_input_reg[0][49]   SVQ_FDPRBQ_V2_1 um28nchllogl35udl140f_ssgwc0p81v125c
                                                          1.764000  n
stage3_input_reg[0][50]   SVQ_FDPRBQ_V2_1 um28nchllogl35udl140f_ssgwc0p81v125c
                                                          1.764000  n
stage3_input_reg[0][51]   SVQ_FDPRBQ_V2_1 um28nchllogl35udl140f_ssgwc0p81v125c
                                                          1.764000  n
stage3_input_reg[0][52]   SVQ_FDPRBQ_V2_1 um28nchllogl35udl140f_ssgwc0p81v125c
                                                          1.764000  n
stage3_input_reg[0][53]   SVQ_FDPRBQ_V2_1 um28nchllogl35udl140f_ssgwc0p81v125c
                                                          1.764000  n
stage3_input_reg[0][54]   SVQ_FDPRBQ_V2_1 um28nchllogl35udl140f_ssgwc0p81v125c
                                                          1.764000  n
stage3_input_reg[0][55]   SVQ_FDPRBQ_V2_1 um28nchllogl35udl140f_ssgwc0p81v125c
                                                          1.764000  n
stage3_input_reg[0][56]   SVQ_FDPRBQ_V2_1 um28nchllogl35udl140f_ssgwc0p81v125c
                                                          1.764000  n
stage3_input_reg[0][57]   SVQ_FDPRBQ_V2_1 um28nchllogl35udl140f_ssgwc0p81v125c
                                                          1.764000  n
stage3_input_reg[0][58]   SVQ_FDPRBQ_V2_1 um28nchllogl35udl140f_ssgwc0p81v125c
                                                          1.764000  n
stage3_input_reg[0][59]   SVQ_FDPRBQ_V2_1 um28nchllogl35udl140f_ssgwc0p81v125c
                                                          1.764000  n
stage3_input_reg[0][60]   SVQ_FDPRBQ_V2_1 um28nchllogl35udl140f_ssgwc0p81v125c
                                                          1.764000  n
stage3_input_reg[0][61]   SVQ_FDPRBQ_V2_1 um28nchllogl35udl140f_ssgwc0p81v125c
                                                          1.764000  n
stage3_input_reg[0][62]   SVQ_FDPRBQ_V2_1 um28nchllogl35udl140f_ssgwc0p81v125c
                                                          1.764000  n
stage3_input_reg[0][63]   SVQ_FDPRBQ_V2_1 um28nchllogl35udl140f_ssgwc0p81v125c
                                                          1.764000  n
stage3_input_reg[0][64]   SVQ_FDPRBQ_V2_1 um28nchllogl35udl140f_ssgwc0p81v125c
                                                          1.764000  n
stage3_input_reg[0][65]   SVQ_FDPRBQ_V2_1 um28nchllogl35udl140f_ssgwc0p81v125c
                                                          1.764000  n
stage3_input_reg[0][66]   SVQ_FDPRBQ_V2_1 um28nchllogl35udl140f_ssgwc0p81v125c
                                                          1.764000  n
stage3_input_reg[0][67]   SVQ_FDPRBQ_V2_1 um28nchllogl35udl140f_ssgwc0p81v125c
                                                          1.764000  n
stage3_input_reg[0][68]   SVQ_FDPRBQ_V2_1 um28nchllogl35udl140f_ssgwc0p81v125c
                                                          1.764000  n
stage3_input_reg[0][69]   SVQ_FDPRBQ_V2_1 um28nchllogl35udl140f_ssgwc0p81v125c
                                                          1.764000  n
stage3_input_reg[0][70]   SVQ_FDPRBQ_V2_1 um28nchllogl35udl140f_ssgwc0p81v125c
                                                          1.764000  n
stage3_input_reg[0][71]   SVQ_FDPRBQ_V2_1 um28nchllogl35udl140f_ssgwc0p81v125c
                                                          1.764000  n
stage3_input_reg[0][72]   SVQ_FDPRBQ_V2_1 um28nchllogl35udl140f_ssgwc0p81v125c
                                                          1.764000  n
stage3_input_reg[0][73]   SVQ_FDPRBQ_V2_1 um28nchllogl35udl140f_ssgwc0p81v125c
                                                          1.764000  n
stage3_input_reg[0][74]   SVQ_FDPRBQ_V2_1 um28nchllogl35udl140f_ssgwc0p81v125c
                                                          1.764000  n
stage3_input_reg[0][75]   SVQ_FDPRBQ_V2_1 um28nchllogl35udl140f_ssgwc0p81v125c
                                                          1.764000  n
stage3_input_reg[0][76]   SVQ_FDPRBQ_V2_1 um28nchllogl35udl140f_ssgwc0p81v125c
                                                          1.764000  n
stage3_input_reg[0][77]   SVQ_FDPRBQ_V2_1 um28nchllogl35udl140f_ssgwc0p81v125c
                                                          1.764000  n
stage3_input_reg[0][78]   SVQ_FDPRBQ_V2_1 um28nchllogl35udl140f_ssgwc0p81v125c
                                                          1.764000  n
stage3_input_reg[0][79]   SVQ_FDPRBQ_V2_1 um28nchllogl35udl140f_ssgwc0p81v125c
                                                          1.764000  n
stage3_input_reg[0][80]   SVQ_FDPRBQ_V2_1 um28nchllogl35udl140f_ssgwc0p81v125c
                                                          1.764000  n
stage3_input_reg[0][81]   SVQ_FDPRBQ_V2_1 um28nchllogl35udl140f_ssgwc0p81v125c
                                                          1.764000  n
stage3_input_reg[0][82]   SVQ_FDPRBQ_V2_1 um28nchllogl35udl140f_ssgwc0p81v125c
                                                          1.764000  n
stage3_input_reg[0][83]   SVQ_FDPRBQ_V2_1 um28nchllogl35udl140f_ssgwc0p81v125c
                                                          1.764000  n
stage3_input_reg[0][84]   SVQ_FDPRBQ_V2_1 um28nchllogl35udl140f_ssgwc0p81v125c
                                                          1.764000  n
stage3_input_reg[0][85]   SVQ_FDPRBQ_V2_1 um28nchllogl35udl140f_ssgwc0p81v125c
                                                          1.764000  n
stage3_input_reg[0][86]   SVQ_FDPRBQ_V2_1 um28nchllogl35udl140f_ssgwc0p81v125c
                                                          1.764000  n
stage3_input_reg[0][87]   SVQ_FDPRBQ_V2_1 um28nchllogl35udl140f_ssgwc0p81v125c
                                                          1.764000  n
stage3_input_reg[0][88]   SVQ_FDPRBQ_V2_1 um28nchllogl35udl140f_ssgwc0p81v125c
                                                          1.764000  n
stage3_input_reg[0][89]   SVQ_FDPRBQ_V2_1 um28nchllogl35udl140f_ssgwc0p81v125c
                                                          1.764000  n
stage3_input_reg[0][90]   SVQ_FDPRBQ_V2_1 um28nchllogl35udl140f_ssgwc0p81v125c
                                                          1.764000  n
stage3_input_reg[0][91]   SVQ_FDPRBQ_V2_1 um28nchllogl35udl140f_ssgwc0p81v125c
                                                          1.764000  n
stage3_input_reg[0][92]   SVQ_FDPRBQ_V2_1 um28nchllogl35udl140f_ssgwc0p81v125c
                                                          1.764000  n
stage3_input_reg[0][93]   SVQ_FDPRBQ_V2_1 um28nchllogl35udl140f_ssgwc0p81v125c
                                                          1.764000  n
stage3_input_reg[0][94]   SVQ_FDPRBQ_V2_1 um28nchllogl35udl140f_ssgwc0p81v125c
                                                          1.764000  n
stage3_input_reg[0][95]   SVQ_FDPRBQ_V2_1 um28nchllogl35udl140f_ssgwc0p81v125c
                                                          1.764000  n
stage3_input_reg[0][96]   SVQ_FDPRBQ_V2_1 um28nchllogl35udl140f_ssgwc0p81v125c
                                                          1.764000  n
stage3_input_reg[0][97]   SVQ_FDPRBQ_V2_1 um28nchllogl35udl140f_ssgwc0p81v125c
                                                          1.764000  n
stage3_input_reg[0][98]   SVQ_FDPRBQ_V2_1 um28nchllogl35udl140f_ssgwc0p81v125c
                                                          1.764000  n
stage3_input_reg[0][99]   SVQ_FDPRBQ_V2_1 um28nchllogl35udl140f_ssgwc0p81v125c
                                                          1.764000  n
stage3_input_reg[0][100]  SVQ_FDPRBQ_V2_1 um28nchllogl35udl140f_ssgwc0p81v125c
                                                          1.764000  n
stage3_input_reg[0][101]  SVQ_FDPRBQ_V2_1 um28nchllogl35udl140f_ssgwc0p81v125c
                                                          1.764000  n
stage3_input_reg[0][102]  SVQ_FDPRBQ_V2_1 um28nchllogl35udl140f_ssgwc0p81v125c
                                                          1.764000  n
stage3_input_reg[0][103]  SVQ_FDPRBQ_V2_1 um28nchllogl35udl140f_ssgwc0p81v125c
                                                          1.764000  n
stage3_input_reg[0][104]  SVQ_FDPRBQ_V2_1 um28nchllogl35udl140f_ssgwc0p81v125c
                                                          1.764000  n
stage3_input_reg[0][105]  SVQ_FDPRBQ_V2_1 um28nchllogl35udl140f_ssgwc0p81v125c
                                                          1.764000  n
stage3_input_reg[0][106]  SVQ_FDPRBQ_V2_1 um28nchllogl35udl140f_ssgwc0p81v125c
                                                          1.764000  n
stage3_input_reg[0][107]  SVQ_FDPRBQ_V2_1 um28nchllogl35udl140f_ssgwc0p81v125c
                                                          1.764000  n
stage3_input_reg[0][108]  SVQ_FDPRBQ_V2_1 um28nchllogl35udl140f_ssgwc0p81v125c
                                                          1.764000  n
stage3_input_reg[0][109]  SVQ_FDPRBQ_V2_1 um28nchllogl35udl140f_ssgwc0p81v125c
                                                          1.764000  n
stage3_input_reg[0][110]  SVQ_FDPRBQ_V2_1 um28nchllogl35udl140f_ssgwc0p81v125c
                                                          1.764000  n
stage3_input_reg[0][111]  SVQ_FDPRBQ_V2_1 um28nchllogl35udl140f_ssgwc0p81v125c
                                                          1.764000  n
stage3_input_reg[0][112]  SVQ_FDPRBQ_V2_1 um28nchllogl35udl140f_ssgwc0p81v125c
                                                          1.764000  n
stage3_input_reg[0][113]  SVQ_FDPRBQ_V2_1 um28nchllogl35udl140f_ssgwc0p81v125c
                                                          1.764000  n
stage3_input_reg[0][114]  SVQ_FDPRBQ_V2_1 um28nchllogl35udl140f_ssgwc0p81v125c
                                                          1.764000  n
stage3_input_reg[0][115]  SVQ_FDPRBQ_V2_1 um28nchllogl35udl140f_ssgwc0p81v125c
                                                          1.764000  n
stage3_input_reg[0][116]  SVQ_FDPRBQ_V2_1 um28nchllogl35udl140f_ssgwc0p81v125c
                                                          1.764000  n
stage3_input_reg[0][117]  SVQ_FDPRBQ_V2_1 um28nchllogl35udl140f_ssgwc0p81v125c
                                                          1.764000  n
stage3_input_reg[0][118]  SVQ_FDPRBQ_V2_1 um28nchllogl35udl140f_ssgwc0p81v125c
                                                          1.764000  n
stage3_input_reg[0][119]  SVQ_FDPRBQ_V2_1 um28nchllogl35udl140f_ssgwc0p81v125c
                                                          1.764000  n
stage3_input_reg[0][120]  SVQ_FDPRBQ_V2_1 um28nchllogl35udl140f_ssgwc0p81v125c
                                                          1.764000  n
stage3_input_reg[0][121]  SVQ_FDPRBQ_V2_1 um28nchllogl35udl140f_ssgwc0p81v125c
                                                          1.764000  n
stage3_input_reg[0][122]  SVQ_FDPRBQ_V2_1 um28nchllogl35udl140f_ssgwc0p81v125c
                                                          1.764000  n
stage3_input_reg[0][123]  SVQ_FDPRBQ_V2_1 um28nchllogl35udl140f_ssgwc0p81v125c
                                                          1.764000  n
stage3_input_reg[0][124]  SVQ_FDPRBQ_V2_1 um28nchllogl35udl140f_ssgwc0p81v125c
                                                          1.764000  n
stage3_input_reg[0][125]  SVQ_FDPRBQ_V2_1 um28nchllogl35udl140f_ssgwc0p81v125c
                                                          1.764000  n
stage3_input_reg[0][126]  SVQ_FDPRBQ_V2_1 um28nchllogl35udl140f_ssgwc0p81v125c
                                                          1.764000  n
stage3_input_reg[0][127]  SVQ_FDPRBQ_V2_1 um28nchllogl35udl140f_ssgwc0p81v125c
                                                          1.764000  n
stage3_input_reg[0][128]  SVQ_FDPRBQ_V2_1 um28nchllogl35udl140f_ssgwc0p81v125c
                                                          1.764000  n
stage3_input_reg[0][129]  SVQ_FDPRBQ_V2_1 um28nchllogl35udl140f_ssgwc0p81v125c
                                                          1.764000  n
stage3_input_reg[0][130]  SVQ_FDPRBQ_V2_1 um28nchllogl35udl140f_ssgwc0p81v125c
                                                          1.764000  n
stage3_input_reg[0][131]  SVQ_FDPRBQ_V2_1 um28nchllogl35udl140f_ssgwc0p81v125c
                                                          1.764000  n
stage3_input_reg[0][132]  SVQ_FDPRBQ_V2_1 um28nchllogl35udl140f_ssgwc0p81v125c
                                                          1.764000  n
stage3_input_reg[0][133]  SVQ_FDPRBQ_V2_1 um28nchllogl35udl140f_ssgwc0p81v125c
                                                          1.764000  n
stage3_input_reg[0][134]  SVQ_FDPRBQ_V2_1 um28nchllogl35udl140f_ssgwc0p81v125c
                                                          1.764000  n
stage3_input_reg[0][135]  SVQ_FDPRBQ_V2_1 um28nchllogl35udl140f_ssgwc0p81v125c
                                                          1.764000  n
stage3_input_reg[0][136]  SVQ_FDPRBQ_V2_1 um28nchllogl35udl140f_ssgwc0p81v125c
                                                          1.764000  n
stage3_input_reg[0][137]  SVQ_FDPRBQ_V2_1 um28nchllogl35udl140f_ssgwc0p81v125c
                                                          1.764000  n
stage3_input_reg[0][138]  SVQ_FDPRBQ_V2_1 um28nchllogl35udl140f_ssgwc0p81v125c
                                                          1.764000  n
stage3_input_reg[0][139]  SVQ_FDPRBQ_V2_1 um28nchllogl35udl140f_ssgwc0p81v125c
                                                          1.764000  n
stage3_input_reg[0][140]  SVQ_FDPRBQ_V2_1 um28nchllogl35udl140f_ssgwc0p81v125c
                                                          1.764000  n
stage3_input_reg[0][141]  SVQ_FDPRBQ_V2_1 um28nchllogl35udl140f_ssgwc0p81v125c
                                                          1.764000  n
stage3_input_reg[0][142]  SVQ_FDPRBQ_V2_1 um28nchllogl35udl140f_ssgwc0p81v125c
                                                          1.764000  n
stage3_input_reg[0][143]  SVQ_FDPRBQ_V2_1 um28nchllogl35udl140f_ssgwc0p81v125c
                                                          1.764000  n
stage3_input_reg[0][144]  SVQ_FDPRBQ_V2_1 um28nchllogl35udl140f_ssgwc0p81v125c
                                                          1.764000  n
stage3_input_reg[0][145]  SVQ_FDPRBQ_V2_1 um28nchllogl35udl140f_ssgwc0p81v125c
                                                          1.764000  n
stage3_input_reg[0][146]  SVQ_FDPRBQ_V2_1 um28nchllogl35udl140f_ssgwc0p81v125c
                                                          1.764000  n
stage3_input_reg[0][147]  SVQ_FDPRBQ_V2_1 um28nchllogl35udl140f_ssgwc0p81v125c
                                                          1.764000  n
stage3_input_reg[0][148]  SVQ_FDPRBQ_V2_1 um28nchllogl35udl140f_ssgwc0p81v125c
                                                          1.764000  n
stage3_input_reg[0][149]  SVQ_FDPRBQ_V2_1 um28nchllogl35udl140f_ssgwc0p81v125c
                                                          1.764000  n
stage3_input_reg[0][150]  SVQ_FDPRBQ_V2_1 um28nchllogl35udl140f_ssgwc0p81v125c
                                                          1.764000  n
stage3_input_reg[0][151]  SVQ_FDPRBQ_V2_1 um28nchllogl35udl140f_ssgwc0p81v125c
                                                          1.764000  n
stage3_input_reg[0][152]  SVQ_FDPRBQ_V2_1 um28nchllogl35udl140f_ssgwc0p81v125c
                                                          1.764000  n
stage3_input_reg[0][153]  SVQ_FDPRBQ_V2_1 um28nchllogl35udl140f_ssgwc0p81v125c
                                                          1.764000  n
stage3_input_reg[0][154]  SVQ_FDPRBQ_V2_1 um28nchllogl35udl140f_ssgwc0p81v125c
                                                          1.764000  n
stage3_input_reg[0][155]  SVQ_FDPRBQ_V2_1 um28nchllogl35udl140f_ssgwc0p81v125c
                                                          1.764000  n
stage3_input_reg[0][156]  SVQ_FDPRBQ_V2_1 um28nchllogl35udl140f_ssgwc0p81v125c
                                                          1.764000  n
stage3_input_reg[0][157]  SVQ_FDPRBQ_V2_1 um28nchllogl35udl140f_ssgwc0p81v125c
                                                          1.764000  n
stage3_input_reg[0][158]  SVQ_FDPRBQ_V2_1 um28nchllogl35udl140f_ssgwc0p81v125c
                                                          1.764000  n
stage3_input_reg[0][159]  SVQ_FDPRBQ_V2_1 um28nchllogl35udl140f_ssgwc0p81v125c
                                                          1.764000  n
stage3_input_reg[0][160]  SVQ_FDPRBQ_V2_1 um28nchllogl35udl140f_ssgwc0p81v125c
                                                          1.764000  n
stage3_input_reg[0][161]  SVQ_FDPRBQ_V2_1 um28nchllogl35udl140f_ssgwc0p81v125c
                                                          1.764000  n
stage3_input_reg[0][162]  SVQ_FDPRBQ_V2_1 um28nchllogl35udl140f_ssgwc0p81v125c
                                                          1.764000  n
stage3_input_reg[0][163]  SVQ_FDPRBQ_V2_1 um28nchllogl35udl140f_ssgwc0p81v125c
                                                          1.764000  n
stage3_input_reg[0][164]  SVQ_FDPRBQ_V2_1 um28nchllogl35udl140f_ssgwc0p81v125c
                                                          1.764000  n
stage3_input_reg[0][165]  SVQ_FDPRBQ_V2_1 um28nchllogl35udl140f_ssgwc0p81v125c
                                                          1.764000  n
stage3_input_reg[0][166]  SVQ_FDPRBQ_V2_1 um28nchllogl35udl140f_ssgwc0p81v125c
                                                          1.764000  n
stage3_input_reg[0][167]  SVQ_FDPRBQ_V2_1 um28nchllogl35udl140f_ssgwc0p81v125c
                                                          1.764000  n
stage3_input_reg[0][168]  SVQ_FDPRBQ_V2_1 um28nchllogl35udl140f_ssgwc0p81v125c
                                                          1.764000  n
stage3_input_reg[0][169]  SVQ_FDPRBQ_V2_1 um28nchllogl35udl140f_ssgwc0p81v125c
                                                          1.764000  n
stage3_input_reg[0][170]  SVQ_FDPRBQ_V2_1 um28nchllogl35udl140f_ssgwc0p81v125c
                                                          1.764000  n
stage3_input_reg[0][171]  SVQ_FDPRBQ_V2_1 um28nchllogl35udl140f_ssgwc0p81v125c
                                                          1.764000  n
stage3_input_reg[0][172]  SVQ_FDPRBQ_V2_1 um28nchllogl35udl140f_ssgwc0p81v125c
                                                          1.764000  n
stage3_input_reg[0][173]  SVQ_FDPRBQ_V2_1 um28nchllogl35udl140f_ssgwc0p81v125c
                                                          1.764000  n
stage3_input_reg[0][174]  SVQ_FDPRBQ_V2_1 um28nchllogl35udl140f_ssgwc0p81v125c
                                                          1.764000  n
stage3_input_reg[0][175]  SVQ_FDPRBQ_V2_1 um28nchllogl35udl140f_ssgwc0p81v125c
                                                          1.764000  n
stage3_input_reg[0][176]  SVQ_FDPRBQ_V2_1 um28nchllogl35udl140f_ssgwc0p81v125c
                                                          1.764000  n
stage3_input_reg[0][177]  SVQ_FDPRBQ_V2_1 um28nchllogl35udl140f_ssgwc0p81v125c
                                                          1.764000  n
stage3_input_reg[0][178]  SVQ_FDPRBQ_V2_1 um28nchllogl35udl140f_ssgwc0p81v125c
                                                          1.764000  n
stage3_input_reg[0][179]  SVQ_FDPRBQ_V2_1 um28nchllogl35udl140f_ssgwc0p81v125c
                                                          1.764000  n
stage3_input_reg[0][180]  SVQ_FDPRBQ_V2_1 um28nchllogl35udl140f_ssgwc0p81v125c
                                                          1.764000  n
stage3_input_reg[0][181]  SVQ_FDPRBQ_V2_1 um28nchllogl35udl140f_ssgwc0p81v125c
                                                          1.764000  n
stage3_input_reg[0][182]  SVQ_FDPRBQ_V2_1 um28nchllogl35udl140f_ssgwc0p81v125c
                                                          1.764000  n
stage3_input_reg[0][183]  SVQ_FDPRBQ_V2_1 um28nchllogl35udl140f_ssgwc0p81v125c
                                                          1.764000  n
stage3_input_reg[0][184]  SVQ_FDPRBQ_V2_1 um28nchllogl35udl140f_ssgwc0p81v125c
                                                          1.764000  n
stage3_input_reg[0][185]  SVQ_FDPRBQ_V2_1 um28nchllogl35udl140f_ssgwc0p81v125c
                                                          1.764000  n
stage3_input_reg[0][186]  SVQ_FDPRBQ_V2_1 um28nchllogl35udl140f_ssgwc0p81v125c
                                                          1.764000  n
stage3_input_reg[0][187]  SVQ_FDPRBQ_V2_1 um28nchllogl35udl140f_ssgwc0p81v125c
                                                          1.764000  n
stage3_input_reg[0][188]  SVQ_FDPRBQ_V2_1 um28nchllogl35udl140f_ssgwc0p81v125c
                                                          1.764000  n
stage3_input_reg[0][189]  SVQ_FDPRBQ_V2_1 um28nchllogl35udl140f_ssgwc0p81v125c
                                                          1.764000  n
stage3_input_reg[0][190]  SVQ_FDPRBQ_V2_1 um28nchllogl35udl140f_ssgwc0p81v125c
                                                          1.764000  n
stage3_input_reg[0][191]  SVQ_FDPRBQ_V2_1 um28nchllogl35udl140f_ssgwc0p81v125c
                                                          1.764000  n
stage3_input_reg[0][192]  SVQ_FDPRBQ_V2_1 um28nchllogl35udl140f_ssgwc0p81v125c
                                                          1.764000  n
stage3_input_reg[0][193]  SVQ_FDPRBQ_V2_1 um28nchllogl35udl140f_ssgwc0p81v125c
                                                          1.764000  n
stage3_input_reg[0][194]  SVQ_FDPRBQ_V2_1 um28nchllogl35udl140f_ssgwc0p81v125c
                                                          1.764000  n
stage3_input_reg[0][195]  SVQ_FDPRBQ_V2_1 um28nchllogl35udl140f_ssgwc0p81v125c
                                                          1.764000  n
stage3_input_reg[0][196]  SVQ_FDPRBQ_V2_1 um28nchllogl35udl140f_ssgwc0p81v125c
                                                          1.764000  n
stage3_input_reg[0][197]  SVQ_FDPRBQ_V2_1 um28nchllogl35udl140f_ssgwc0p81v125c
                                                          1.764000  n
stage3_input_reg[0][198]  SVQ_FDPRBQ_V2_1 um28nchllogl35udl140f_ssgwc0p81v125c
                                                          1.764000  n
stage3_input_reg[0][199]  SVQ_FDPRBQ_V2_1 um28nchllogl35udl140f_ssgwc0p81v125c
                                                          1.764000  n
stage3_input_reg[0][200]  SVQ_FDPRBQ_V2_1 um28nchllogl35udl140f_ssgwc0p81v125c
                                                          1.764000  n
stage3_input_reg[0][201]  SVQ_FDPRBQ_V2_1 um28nchllogl35udl140f_ssgwc0p81v125c
                                                          1.764000  n
stage3_input_reg[0][202]  SVQ_FDPRBQ_V2_1 um28nchllogl35udl140f_ssgwc0p81v125c
                                                          1.764000  n
stage3_input_reg[0][203]  SVQ_FDPRBQ_V2_1 um28nchllogl35udl140f_ssgwc0p81v125c
                                                          1.764000  n
stage3_input_reg[0][204]  SVQ_FDPRBQ_V2_1 um28nchllogl35udl140f_ssgwc0p81v125c
                                                          1.764000  n
stage3_input_reg[0][205]  SVQ_FDPRBQ_V2_1 um28nchllogl35udl140f_ssgwc0p81v125c
                                                          1.764000  n
stage3_input_reg[0][206]  SVQ_FDPRBQ_V2_1 um28nchllogl35udl140f_ssgwc0p81v125c
                                                          1.764000  n
stage3_input_reg[0][207]  SVQ_FDPRBQ_V2_1 um28nchllogl35udl140f_ssgwc0p81v125c
                                                          1.764000  n
stage3_input_reg[0][208]  SVQ_FDPRBQ_V2_1 um28nchllogl35udl140f_ssgwc0p81v125c
                                                          1.764000  n
stage3_input_reg[0][209]  SVQ_FDPRBQ_V2_1 um28nchllogl35udl140f_ssgwc0p81v125c
                                                          1.764000  n
stage3_input_reg[0][210]  SVQ_FDPRBQ_V2_1 um28nchllogl35udl140f_ssgwc0p81v125c
                                                          1.764000  n
stage3_input_reg[0][211]  SVQ_FDPRBQ_V2_1 um28nchllogl35udl140f_ssgwc0p81v125c
                                                          1.764000  n
stage3_input_reg[0][212]  SVQ_FDPRBQ_V2_1 um28nchllogl35udl140f_ssgwc0p81v125c
                                                          1.764000  n
stage3_input_reg[0][213]  SVQ_FDPRBQ_V2_1 um28nchllogl35udl140f_ssgwc0p81v125c
                                                          1.764000  n
stage3_input_reg[0][214]  SVQ_FDPRBQ_V2_1 um28nchllogl35udl140f_ssgwc0p81v125c
                                                          1.764000  n
stage3_input_reg[0][215]  SVQ_FDPRBQ_V2_1 um28nchllogl35udl140f_ssgwc0p81v125c
                                                          1.764000  n
stage3_input_reg[0][216]  SVQ_FDPRBQ_V2_1 um28nchllogl35udl140f_ssgwc0p81v125c
                                                          1.764000  n
stage3_input_reg[0][217]  SVQ_FDPRBQ_V2_1 um28nchllogl35udl140f_ssgwc0p81v125c
                                                          1.764000  n
stage3_input_reg[0][218]  SVQ_FDPRBQ_V2_1 um28nchllogl35udl140f_ssgwc0p81v125c
                                                          1.764000  n
stage3_input_reg[0][219]  SVQ_FDPRBQ_V2_1 um28nchllogl35udl140f_ssgwc0p81v125c
                                                          1.764000  n
stage3_input_reg[0][220]  SVQ_FDPRBQ_V2_1 um28nchllogl35udl140f_ssgwc0p81v125c
                                                          1.764000  n
stage3_input_reg[0][221]  SVQ_FDPRBQ_V2_1 um28nchllogl35udl140f_ssgwc0p81v125c
                                                          1.764000  n
stage3_input_reg[0][222]  SVQ_FDPRBQ_V2_1 um28nchllogl35udl140f_ssgwc0p81v125c
                                                          1.764000  n
stage3_input_reg[0][223]  SVQ_FDPRBQ_V2_1 um28nchllogl35udl140f_ssgwc0p81v125c
                                                          1.764000  n
stage3_input_reg[0][224]  SVQ_FDPRBQ_V2_1 um28nchllogl35udl140f_ssgwc0p81v125c
                                                          1.764000  n
stage3_input_reg[0][225]  SVQ_FDPRBQ_V2_1 um28nchllogl35udl140f_ssgwc0p81v125c
                                                          1.764000  n
stage3_input_reg[0][226]  SVQ_FDPRBQ_V2_1 um28nchllogl35udl140f_ssgwc0p81v125c
                                                          1.764000  n
stage3_input_reg[0][227]  SVQ_FDPRBQ_V2_1 um28nchllogl35udl140f_ssgwc0p81v125c
                                                          1.764000  n
stage3_input_reg[0][228]  SVQ_FDPRBQ_V2_1 um28nchllogl35udl140f_ssgwc0p81v125c
                                                          1.764000  n
stage3_input_reg[0][229]  SVQ_FDPRBQ_V2_1 um28nchllogl35udl140f_ssgwc0p81v125c
                                                          1.764000  n
stage3_input_reg[0][230]  SVQ_FDPRBQ_V2_1 um28nchllogl35udl140f_ssgwc0p81v125c
                                                          1.764000  n
stage3_input_reg[0][231]  SVQ_FDPRBQ_V2_1 um28nchllogl35udl140f_ssgwc0p81v125c
                                                          1.764000  n
stage3_input_reg[0][232]  SVQ_FDPRBQ_V2_1 um28nchllogl35udl140f_ssgwc0p81v125c
                                                          1.764000  n
stage3_input_reg[0][233]  SVQ_FDPRBQ_V2_1 um28nchllogl35udl140f_ssgwc0p81v125c
                                                          1.764000  n
stage3_input_reg[0][234]  SVQ_FDPRBQ_V2_1 um28nchllogl35udl140f_ssgwc0p81v125c
                                                          1.764000  n
stage3_input_reg[0][235]  SVQ_FDPRBQ_V2_1 um28nchllogl35udl140f_ssgwc0p81v125c
                                                          1.764000  n
stage3_input_reg[0][236]  SVQ_FDPRBQ_V2_1 um28nchllogl35udl140f_ssgwc0p81v125c
                                                          1.764000  n
stage3_input_reg[0][237]  SVQ_FDPRBQ_V2_1 um28nchllogl35udl140f_ssgwc0p81v125c
                                                          1.764000  n
stage3_input_reg[0][238]  SVQ_FDPRBQ_V2_1 um28nchllogl35udl140f_ssgwc0p81v125c
                                                          1.764000  n
stage3_input_reg[0][239]  SVQ_FDPRBQ_V2_1 um28nchllogl35udl140f_ssgwc0p81v125c
                                                          1.764000  n
stage3_input_reg[0][240]  SVQ_FDPRBQ_V2_1 um28nchllogl35udl140f_ssgwc0p81v125c
                                                          1.764000  n
stage3_input_reg[0][241]  SVQ_FDPRBQ_V2_1 um28nchllogl35udl140f_ssgwc0p81v125c
                                                          1.764000  n
stage3_input_reg[0][242]  SVQ_FDPRBQ_V2_1 um28nchllogl35udl140f_ssgwc0p81v125c
                                                          1.764000  n
stage3_input_reg[0][243]  SVQ_FDPRBQ_V2_1 um28nchllogl35udl140f_ssgwc0p81v125c
                                                          1.764000  n
stage3_input_reg[0][244]  SVQ_FDPRBQ_V2_1 um28nchllogl35udl140f_ssgwc0p81v125c
                                                          1.764000  n
stage3_input_reg[0][245]  SVQ_FDPRBQ_V2_1 um28nchllogl35udl140f_ssgwc0p81v125c
                                                          1.764000  n
stage3_input_reg[0][246]  SVQ_FDPRBQ_V2_1 um28nchllogl35udl140f_ssgwc0p81v125c
                                                          1.764000  n
stage3_input_reg[0][247]  SVQ_FDPRBQ_V2_1 um28nchllogl35udl140f_ssgwc0p81v125c
                                                          1.764000  n
stage3_input_reg[0][248]  SVQ_FDPRBQ_V2_1 um28nchllogl35udl140f_ssgwc0p81v125c
                                                          1.764000  n
stage3_input_reg[0][249]  SVQ_FDPRBQ_V2_1 um28nchllogl35udl140f_ssgwc0p81v125c
                                                          1.764000  n
stage3_input_reg[0][250]  SVQ_FDPRBQ_V2_1 um28nchllogl35udl140f_ssgwc0p81v125c
                                                          1.764000  n
stage3_input_reg[0][251]  SVQ_FDPRBQ_V2_1 um28nchllogl35udl140f_ssgwc0p81v125c
                                                          1.764000  n
stage3_input_reg[0][252]  SVQ_FDPRBQ_V2_1 um28nchllogl35udl140f_ssgwc0p81v125c
                                                          1.764000  n
stage3_input_reg[0][253]  SVQ_FDPRBQ_V2_1 um28nchllogl35udl140f_ssgwc0p81v125c
                                                          1.764000  n
stage3_input_reg[0][254]  SVQ_FDPRBQ_V2_1 um28nchllogl35udl140f_ssgwc0p81v125c
                                                          1.764000  n
stage3_input_reg[0][255]  SVQ_FDPRBQ_V2_1 um28nchllogl35udl140f_ssgwc0p81v125c
                                                          1.764000  n
stage3_input_reg[0][256]  SVQ_FDPRBQ_V2_1 um28nchllogl35udl140f_ssgwc0p81v125c
                                                          1.764000  n
stage3_input_reg[0][257]  SVQ_FDPRBQ_V2_1 um28nchllogl35udl140f_ssgwc0p81v125c
                                                          1.764000  n
stage3_input_reg[0][258]  SVQ_FDPRBQ_V2_1 um28nchllogl35udl140f_ssgwc0p81v125c
                                                          1.764000  n
stage3_input_reg[0][259]  SVQ_FDPRBQ_V2_1 um28nchllogl35udl140f_ssgwc0p81v125c
                                                          1.764000  n
stage3_input_reg[0][260]  SVQ_FDPRBQ_V2_1 um28nchllogl35udl140f_ssgwc0p81v125c
                                                          1.764000  n
stage3_input_reg[0][261]  SVQ_FDPRBQ_V2_1 um28nchllogl35udl140f_ssgwc0p81v125c
                                                          1.764000  n
stage3_input_reg[0][262]  SVQ_FDPRBQ_V2_1 um28nchllogl35udl140f_ssgwc0p81v125c
                                                          1.764000  n
stage3_input_reg[0][263]  SVQ_FDPRBQ_V2_1 um28nchllogl35udl140f_ssgwc0p81v125c
                                                          1.764000  n
stage3_input_reg[0][264]  SVQ_FDPRBQ_V2_1 um28nchllogl35udl140f_ssgwc0p81v125c
                                                          1.764000  n
stage3_input_reg[0][265]  SVQ_FDPRBQ_V2_1 um28nchllogl35udl140f_ssgwc0p81v125c
                                                          1.764000  n
stage3_input_reg[0][266]  SVQ_FDPRBQ_V2_1 um28nchllogl35udl140f_ssgwc0p81v125c
                                                          1.764000  n
stage3_input_reg[0][267]  SVQ_FDPRBQ_V2_1 um28nchllogl35udl140f_ssgwc0p81v125c
                                                          1.764000  n
stage3_input_reg[0][268]  SVQ_FDPRBQ_V2_1 um28nchllogl35udl140f_ssgwc0p81v125c
                                                          1.764000  n
stage3_input_reg[0][269]  SVQ_FDPRBQ_V2_1 um28nchllogl35udl140f_ssgwc0p81v125c
                                                          1.764000  n
stage3_input_reg[0][270]  SVQ_FDPRBQ_V2_1 um28nchllogl35udl140f_ssgwc0p81v125c
                                                          1.764000  n
stage3_input_reg[0][271]  SVQ_FDPRBQ_V2_1 um28nchllogl35udl140f_ssgwc0p81v125c
                                                          1.764000  n
stage3_input_reg[0][272]  SVQ_FDPRBQ_V2_1 um28nchllogl35udl140f_ssgwc0p81v125c
                                                          1.764000  n
stage3_input_reg[0][273]  SVQ_FDPRBQ_V2_1 um28nchllogl35udl140f_ssgwc0p81v125c
                                                          1.764000  n
stage3_input_reg[0][274]  SVQ_FDPRBQ_V2_1 um28nchllogl35udl140f_ssgwc0p81v125c
                                                          1.764000  n
stage3_input_reg[0][275]  SVQ_FDPRBQ_V2_1 um28nchllogl35udl140f_ssgwc0p81v125c
                                                          1.764000  n
stage3_input_reg[0][276]  SVQ_FDPRBQ_V2_1 um28nchllogl35udl140f_ssgwc0p81v125c
                                                          1.764000  n
stage3_input_reg[0][277]  SVQ_FDPRBQ_V2_1 um28nchllogl35udl140f_ssgwc0p81v125c
                                                          1.764000  n
stage3_input_reg[0][278]  SVQ_FDPRBQ_V2_1 um28nchllogl35udl140f_ssgwc0p81v125c
                                                          1.764000  n
stage3_input_reg[0][279]  SVQ_FDPRBQ_V2_1 um28nchllogl35udl140f_ssgwc0p81v125c
                                                          1.764000  n
stage3_input_reg[0][280]  SVQ_FDPRBQ_V2_1 um28nchllogl35udl140f_ssgwc0p81v125c
                                                          1.764000  n
stage3_input_reg[0][281]  SVQ_FDPRBQ_V2_1 um28nchllogl35udl140f_ssgwc0p81v125c
                                                          1.764000  n
stage3_input_reg[0][282]  SVQ_FDPRBQ_V2_1 um28nchllogl35udl140f_ssgwc0p81v125c
                                                          1.764000  n
stage3_input_reg[0][283]  SVQ_FDPRBQ_V2_1 um28nchllogl35udl140f_ssgwc0p81v125c
                                                          1.764000  n
stage3_input_reg[0][284]  SVQ_FDPRBQ_V2_1 um28nchllogl35udl140f_ssgwc0p81v125c
                                                          1.764000  n
stage3_input_reg[0][285]  SVQ_FDPRBQ_V2_1 um28nchllogl35udl140f_ssgwc0p81v125c
                                                          1.764000  n
stage3_input_reg[0][286]  SVQ_FDPRBQ_V2_1 um28nchllogl35udl140f_ssgwc0p81v125c
                                                          1.764000  n
stage3_input_reg[0][287]  SVQ_FDPRBQ_V2_1 um28nchllogl35udl140f_ssgwc0p81v125c
                                                          1.764000  n
stage3_input_reg[0][288]  SVQ_FDPRBQ_V2_1 um28nchllogl35udl140f_ssgwc0p81v125c
                                                          1.764000  n
stage3_input_reg[0][289]  SVQ_FDPRBQ_V2_1 um28nchllogl35udl140f_ssgwc0p81v125c
                                                          1.764000  n
stage3_input_reg[0][290]  SVQ_FDPRBQ_V2_1 um28nchllogl35udl140f_ssgwc0p81v125c
                                                          1.764000  n
stage3_input_reg[0][291]  SVQ_FDPRBQ_V2_1 um28nchllogl35udl140f_ssgwc0p81v125c
                                                          1.764000  n
stage3_input_reg[0][292]  SVQ_FDPRBQ_V2_1 um28nchllogl35udl140f_ssgwc0p81v125c
                                                          1.764000  n
stage3_input_reg[0][293]  SVQ_FDPRBQ_V2_1 um28nchllogl35udl140f_ssgwc0p81v125c
                                                          1.764000  n
stage3_input_reg[0][294]  SVQ_FDPRBQ_V2_1 um28nchllogl35udl140f_ssgwc0p81v125c
                                                          1.764000  n
stage3_input_reg[0][295]  SVQ_FDPRBQ_V2_1 um28nchllogl35udl140f_ssgwc0p81v125c
                                                          1.764000  n
stage3_input_reg[0][296]  SVQ_FDPRBQ_V2_1 um28nchllogl35udl140f_ssgwc0p81v125c
                                                          1.764000  n
stage3_input_reg[0][297]  SVQ_FDPRBQ_V2_1 um28nchllogl35udl140f_ssgwc0p81v125c
                                                          1.764000  n
stage3_input_reg[0][298]  SVQ_FDPRBQ_V2_1 um28nchllogl35udl140f_ssgwc0p81v125c
                                                          1.764000  n
stage3_input_reg[0][299]  SVQ_FDPRBQ_V2_1 um28nchllogl35udl140f_ssgwc0p81v125c
                                                          1.764000  n
stage3_input_reg[0][300]  SVQ_FDPRBQ_V2_1 um28nchllogl35udl140f_ssgwc0p81v125c
                                                          1.764000  n
stage3_input_reg[0][301]  SVQ_FDPRBQ_V2_1 um28nchllogl35udl140f_ssgwc0p81v125c
                                                          1.764000  n
stage3_input_reg[0][302]  SVQ_FDPRBQ_V2_1 um28nchllogl35udl140f_ssgwc0p81v125c
                                                          1.764000  n
stage3_input_reg[0][303]  SVQ_FDPRBQ_V2_1 um28nchllogl35udl140f_ssgwc0p81v125c
                                                          1.764000  n
stage3_input_reg[0][304]  SVQ_FDPRBQ_V2_1 um28nchllogl35udl140f_ssgwc0p81v125c
                                                          1.764000  n
stage3_input_reg[0][305]  SVQ_FDPRBQ_V2_1 um28nchllogl35udl140f_ssgwc0p81v125c
                                                          1.764000  n
stage3_input_reg[0][306]  SVQ_FDPRBQ_V2_1 um28nchllogl35udl140f_ssgwc0p81v125c
                                                          1.764000  n
stage3_input_reg[0][307]  SVQ_FDPRBQ_V2_1 um28nchllogl35udl140f_ssgwc0p81v125c
                                                          1.764000  n
stage3_input_reg[0][308]  SVQ_FDPRBQ_V2_1 um28nchllogl35udl140f_ssgwc0p81v125c
                                                          1.764000  n
stage3_input_reg[0][309]  SVQ_FDPRBQ_V2_1 um28nchllogl35udl140f_ssgwc0p81v125c
                                                          1.764000  n
stage3_input_reg[0][310]  SVQ_FDPRBQ_V2_1 um28nchllogl35udl140f_ssgwc0p81v125c
                                                          1.764000  n
stage3_input_reg[0][311]  SVQ_FDPRBQ_V2_1 um28nchllogl35udl140f_ssgwc0p81v125c
                                                          1.764000  n
stage3_input_reg[0][312]  SVQ_FDPRBQ_V2_1 um28nchllogl35udl140f_ssgwc0p81v125c
                                                          1.764000  n
stage3_input_reg[0][313]  SVQ_FDPRBQ_V2_1 um28nchllogl35udl140f_ssgwc0p81v125c
                                                          1.764000  n
stage3_input_reg[0][314]  SVQ_FDPRBQ_V2_1 um28nchllogl35udl140f_ssgwc0p81v125c
                                                          1.764000  n
stage3_input_reg[0][315]  SVQ_FDPRBQ_V2_1 um28nchllogl35udl140f_ssgwc0p81v125c
                                                          1.764000  n
stage3_input_reg[0][316]  SVQ_FDPRBQ_V2_1 um28nchllogl35udl140f_ssgwc0p81v125c
                                                          1.764000  n
stage3_input_reg[0][317]  SVQ_FDPRBQ_V2_1 um28nchllogl35udl140f_ssgwc0p81v125c
                                                          1.764000  n
stage3_input_reg[0][318]  SVQ_FDPRBQ_V2_1 um28nchllogl35udl140f_ssgwc0p81v125c
                                                          1.764000  n
stage3_input_reg[0][319]  SVQ_FDPRBQ_V2_1 um28nchllogl35udl140f_ssgwc0p81v125c
                                                          1.764000  n
stage3_input_reg[1][0]    SVQ_FDPRBQ_V2_1 um28nchllogl35udl140f_ssgwc0p81v125c
                                                          1.764000  n
stage3_input_reg[1][1]    SVQ_FDPRBQ_V2_1 um28nchllogl35udl140f_ssgwc0p81v125c
                                                          1.764000  n
stage3_input_reg[1][2]    SVQ_FDPRBQ_V2_1 um28nchllogl35udl140f_ssgwc0p81v125c
                                                          1.764000  n
stage3_input_reg[1][3]    SVQ_FDPRBQ_V2_1 um28nchllogl35udl140f_ssgwc0p81v125c
                                                          1.764000  n
stage3_input_reg[1][4]    SVQ_FDPRBQ_V2_1 um28nchllogl35udl140f_ssgwc0p81v125c
                                                          1.764000  n
stage3_input_reg[1][5]    SVQ_FDPRBQ_V2_1 um28nchllogl35udl140f_ssgwc0p81v125c
                                                          1.764000  n
stage3_input_reg[1][6]    SVQ_FDPRBQ_V2_1 um28nchllogl35udl140f_ssgwc0p81v125c
                                                          1.764000  n
stage3_input_reg[1][7]    SVQ_FDPRBQ_V2_1 um28nchllogl35udl140f_ssgwc0p81v125c
                                                          1.764000  n
stage3_input_reg[1][8]    SVQ_FDPRBQ_V2_1 um28nchllogl35udl140f_ssgwc0p81v125c
                                                          1.764000  n
stage3_input_reg[1][9]    SVQ_FDPRBQ_V2_1 um28nchllogl35udl140f_ssgwc0p81v125c
                                                          1.764000  n
stage3_input_reg[1][10]   SVQ_FDPRBQ_V2_1 um28nchllogl35udl140f_ssgwc0p81v125c
                                                          1.764000  n
stage3_input_reg[1][11]   SVQ_FDPRBQ_V2_1 um28nchllogl35udl140f_ssgwc0p81v125c
                                                          1.764000  n
stage3_input_reg[1][12]   SVQ_FDPRBQ_V2_1 um28nchllogl35udl140f_ssgwc0p81v125c
                                                          1.764000  n
stage3_input_reg[1][13]   SVQ_FDPRBQ_V2_1 um28nchllogl35udl140f_ssgwc0p81v125c
                                                          1.764000  n
stage3_input_reg[1][14]   SVQ_FDPRBQ_V2_1 um28nchllogl35udl140f_ssgwc0p81v125c
                                                          1.764000  n
stage3_input_reg[1][15]   SVQ_FDPRBQ_V2_1 um28nchllogl35udl140f_ssgwc0p81v125c
                                                          1.764000  n
stage3_input_reg[1][16]   SVQ_FDPRBQ_V2_1 um28nchllogl35udl140f_ssgwc0p81v125c
                                                          1.764000  n
stage3_input_reg[1][17]   SVQ_FDPRBQ_V2_1 um28nchllogl35udl140f_ssgwc0p81v125c
                                                          1.764000  n
stage3_input_reg[1][18]   SVQ_FDPRBQ_V2_1 um28nchllogl35udl140f_ssgwc0p81v125c
                                                          1.764000  n
stage3_input_reg[1][19]   SVQ_FDPRBQ_V2_1 um28nchllogl35udl140f_ssgwc0p81v125c
                                                          1.764000  n
stage3_input_reg[1][20]   SVQ_FDPRBQ_V2_1 um28nchllogl35udl140f_ssgwc0p81v125c
                                                          1.764000  n
stage3_input_reg[1][21]   SVQ_FDPRBQ_V2_1 um28nchllogl35udl140f_ssgwc0p81v125c
                                                          1.764000  n
stage3_input_reg[1][22]   SVQ_FDPRBQ_V2_1 um28nchllogl35udl140f_ssgwc0p81v125c
                                                          1.764000  n
stage3_input_reg[1][23]   SVQ_FDPRBQ_V2_1 um28nchllogl35udl140f_ssgwc0p81v125c
                                                          1.764000  n
stage3_input_reg[1][24]   SVQ_FDPRBQ_V2_1 um28nchllogl35udl140f_ssgwc0p81v125c
                                                          1.764000  n
stage3_input_reg[1][25]   SVQ_FDPRBQ_V2_1 um28nchllogl35udl140f_ssgwc0p81v125c
                                                          1.764000  n
stage3_input_reg[1][26]   SVQ_FDPRBQ_V2_1 um28nchllogl35udl140f_ssgwc0p81v125c
                                                          1.764000  n
stage3_input_reg[1][27]   SVQ_FDPRBQ_V2_1 um28nchllogl35udl140f_ssgwc0p81v125c
                                                          1.764000  n
stage3_input_reg[1][28]   SVQ_FDPRBQ_V2_1 um28nchllogl35udl140f_ssgwc0p81v125c
                                                          1.764000  n
stage3_input_reg[1][29]   SVQ_FDPRBQ_V2_1 um28nchllogl35udl140f_ssgwc0p81v125c
                                                          1.764000  n
stage3_input_reg[1][30]   SVQ_FDPRBQ_V2_1 um28nchllogl35udl140f_ssgwc0p81v125c
                                                          1.764000  n
stage3_input_reg[1][31]   SVQ_FDPRBQ_V2_1 um28nchllogl35udl140f_ssgwc0p81v125c
                                                          1.764000  n
stage3_input_reg[1][32]   SVQ_FDPRBQ_V2_1 um28nchllogl35udl140f_ssgwc0p81v125c
                                                          1.764000  n
stage3_input_reg[1][33]   SVQ_FDPRBQ_V2_1 um28nchllogl35udl140f_ssgwc0p81v125c
                                                          1.764000  n
stage3_input_reg[1][34]   SVQ_FDPRBQ_V2_1 um28nchllogl35udl140f_ssgwc0p81v125c
                                                          1.764000  n
stage3_input_reg[1][35]   SVQ_FDPRBQ_V2_1 um28nchllogl35udl140f_ssgwc0p81v125c
                                                          1.764000  n
stage3_input_reg[1][36]   SVQ_FDPRBQ_V2_1 um28nchllogl35udl140f_ssgwc0p81v125c
                                                          1.764000  n
stage3_input_reg[1][37]   SVQ_FDPRBQ_V2_1 um28nchllogl35udl140f_ssgwc0p81v125c
                                                          1.764000  n
stage3_input_reg[1][38]   SVQ_FDPRBQ_V2_1 um28nchllogl35udl140f_ssgwc0p81v125c
                                                          1.764000  n
stage3_input_reg[1][39]   SVQ_FDPRBQ_V2_1 um28nchllogl35udl140f_ssgwc0p81v125c
                                                          1.764000  n
stage3_input_reg[1][40]   SVQ_FDPRBQ_V2_1 um28nchllogl35udl140f_ssgwc0p81v125c
                                                          1.764000  n
stage3_input_reg[1][41]   SVQ_FDPRBQ_V2_1 um28nchllogl35udl140f_ssgwc0p81v125c
                                                          1.764000  n
stage3_input_reg[1][42]   SVQ_FDPRBQ_V2_1 um28nchllogl35udl140f_ssgwc0p81v125c
                                                          1.764000  n
stage3_input_reg[1][43]   SVQ_FDPRBQ_V2_1 um28nchllogl35udl140f_ssgwc0p81v125c
                                                          1.764000  n
stage3_input_reg[1][44]   SVQ_FDPRBQ_V2_1 um28nchllogl35udl140f_ssgwc0p81v125c
                                                          1.764000  n
stage3_input_reg[1][45]   SVQ_FDPRBQ_V2_1 um28nchllogl35udl140f_ssgwc0p81v125c
                                                          1.764000  n
stage3_input_reg[1][46]   SVQ_FDPRBQ_V2_1 um28nchllogl35udl140f_ssgwc0p81v125c
                                                          1.764000  n
stage3_input_reg[1][47]   SVQ_FDPRBQ_V2_1 um28nchllogl35udl140f_ssgwc0p81v125c
                                                          1.764000  n
stage3_input_reg[1][48]   SVQ_FDPRBQ_V2_1 um28nchllogl35udl140f_ssgwc0p81v125c
                                                          1.764000  n
stage3_input_reg[1][49]   SVQ_FDPRBQ_V2_1 um28nchllogl35udl140f_ssgwc0p81v125c
                                                          1.764000  n
stage3_input_reg[1][50]   SVQ_FDPRBQ_V2_1 um28nchllogl35udl140f_ssgwc0p81v125c
                                                          1.764000  n
stage3_input_reg[1][51]   SVQ_FDPRBQ_V2_1 um28nchllogl35udl140f_ssgwc0p81v125c
                                                          1.764000  n
stage3_input_reg[1][52]   SVQ_FDPRBQ_V2_1 um28nchllogl35udl140f_ssgwc0p81v125c
                                                          1.764000  n
stage3_input_reg[1][53]   SVQ_FDPRBQ_V2_1 um28nchllogl35udl140f_ssgwc0p81v125c
                                                          1.764000  n
stage3_input_reg[1][54]   SVQ_FDPRBQ_V2_1 um28nchllogl35udl140f_ssgwc0p81v125c
                                                          1.764000  n
stage3_input_reg[1][55]   SVQ_FDPRBQ_V2_1 um28nchllogl35udl140f_ssgwc0p81v125c
                                                          1.764000  n
stage3_input_reg[1][56]   SVQ_FDPRBQ_V2_1 um28nchllogl35udl140f_ssgwc0p81v125c
                                                          1.764000  n
stage3_input_reg[1][57]   SVQ_FDPRBQ_V2_1 um28nchllogl35udl140f_ssgwc0p81v125c
                                                          1.764000  n
stage3_input_reg[1][58]   SVQ_FDPRBQ_V2_1 um28nchllogl35udl140f_ssgwc0p81v125c
                                                          1.764000  n
stage3_input_reg[1][59]   SVQ_FDPRBQ_V2_1 um28nchllogl35udl140f_ssgwc0p81v125c
                                                          1.764000  n
stage3_input_reg[1][60]   SVQ_FDPRBQ_V2_1 um28nchllogl35udl140f_ssgwc0p81v125c
                                                          1.764000  n
stage3_input_reg[1][61]   SVQ_FDPRBQ_V2_1 um28nchllogl35udl140f_ssgwc0p81v125c
                                                          1.764000  n
stage3_input_reg[1][62]   SVQ_FDPRBQ_V2_1 um28nchllogl35udl140f_ssgwc0p81v125c
                                                          1.764000  n
stage3_input_reg[1][63]   SVQ_FDPRBQ_V2_1 um28nchllogl35udl140f_ssgwc0p81v125c
                                                          1.764000  n
stage3_input_reg[1][64]   SVQ_FDPRBQ_V2_1 um28nchllogl35udl140f_ssgwc0p81v125c
                                                          1.764000  n
stage3_input_reg[1][65]   SVQ_FDPRBQ_V2_1 um28nchllogl35udl140f_ssgwc0p81v125c
                                                          1.764000  n
stage3_input_reg[1][66]   SVQ_FDPRBQ_V2_1 um28nchllogl35udl140f_ssgwc0p81v125c
                                                          1.764000  n
stage3_input_reg[1][67]   SVQ_FDPRBQ_V2_1 um28nchllogl35udl140f_ssgwc0p81v125c
                                                          1.764000  n
stage3_input_reg[1][68]   SVQ_FDPRBQ_V2_1 um28nchllogl35udl140f_ssgwc0p81v125c
                                                          1.764000  n
stage3_input_reg[1][69]   SVQ_FDPRBQ_V2_1 um28nchllogl35udl140f_ssgwc0p81v125c
                                                          1.764000  n
stage3_input_reg[1][70]   SVQ_FDPRBQ_V2_1 um28nchllogl35udl140f_ssgwc0p81v125c
                                                          1.764000  n
stage3_input_reg[1][71]   SVQ_FDPRBQ_V2_1 um28nchllogl35udl140f_ssgwc0p81v125c
                                                          1.764000  n
stage3_input_reg[1][72]   SVQ_FDPRBQ_V2_1 um28nchllogl35udl140f_ssgwc0p81v125c
                                                          1.764000  n
stage3_input_reg[1][73]   SVQ_FDPRBQ_V2_1 um28nchllogl35udl140f_ssgwc0p81v125c
                                                          1.764000  n
stage3_input_reg[1][74]   SVQ_FDPRBQ_V2_1 um28nchllogl35udl140f_ssgwc0p81v125c
                                                          1.764000  n
stage3_input_reg[1][75]   SVQ_FDPRBQ_V2_1 um28nchllogl35udl140f_ssgwc0p81v125c
                                                          1.764000  n
stage3_input_reg[1][76]   SVQ_FDPRBQ_V2_1 um28nchllogl35udl140f_ssgwc0p81v125c
                                                          1.764000  n
stage3_input_reg[1][77]   SVQ_FDPRBQ_V2_1 um28nchllogl35udl140f_ssgwc0p81v125c
                                                          1.764000  n
stage3_input_reg[1][78]   SVQ_FDPRBQ_V2_1 um28nchllogl35udl140f_ssgwc0p81v125c
                                                          1.764000  n
stage3_input_reg[1][79]   SVQ_FDPRBQ_V2_1 um28nchllogl35udl140f_ssgwc0p81v125c
                                                          1.764000  n
stage3_input_reg[1][80]   SVQ_FDPRBQ_V2_1 um28nchllogl35udl140f_ssgwc0p81v125c
                                                          1.764000  n
stage3_input_reg[1][81]   SVQ_FDPRBQ_V2_1 um28nchllogl35udl140f_ssgwc0p81v125c
                                                          1.764000  n
stage3_input_reg[1][82]   SVQ_FDPRBQ_V2_1 um28nchllogl35udl140f_ssgwc0p81v125c
                                                          1.764000  n
stage3_input_reg[1][83]   SVQ_FDPRBQ_V2_1 um28nchllogl35udl140f_ssgwc0p81v125c
                                                          1.764000  n
stage3_input_reg[1][84]   SVQ_FDPRBQ_V2_1 um28nchllogl35udl140f_ssgwc0p81v125c
                                                          1.764000  n
stage3_input_reg[1][85]   SVQ_FDPRBQ_V2_1 um28nchllogl35udl140f_ssgwc0p81v125c
                                                          1.764000  n
stage3_input_reg[1][86]   SVQ_FDPRBQ_V2_1 um28nchllogl35udl140f_ssgwc0p81v125c
                                                          1.764000  n
stage3_input_reg[1][87]   SVQ_FDPRBQ_V2_1 um28nchllogl35udl140f_ssgwc0p81v125c
                                                          1.764000  n
stage3_input_reg[1][88]   SVQ_FDPRBQ_V2_1 um28nchllogl35udl140f_ssgwc0p81v125c
                                                          1.764000  n
stage3_input_reg[1][89]   SVQ_FDPRBQ_V2_1 um28nchllogl35udl140f_ssgwc0p81v125c
                                                          1.764000  n
stage3_input_reg[1][90]   SVQ_FDPRBQ_V2_1 um28nchllogl35udl140f_ssgwc0p81v125c
                                                          1.764000  n
stage3_input_reg[1][91]   SVQ_FDPRBQ_V2_1 um28nchllogl35udl140f_ssgwc0p81v125c
                                                          1.764000  n
stage3_input_reg[1][92]   SVQ_FDPRBQ_V2_1 um28nchllogl35udl140f_ssgwc0p81v125c
                                                          1.764000  n
stage3_input_reg[1][93]   SVQ_FDPRBQ_V2_1 um28nchllogl35udl140f_ssgwc0p81v125c
                                                          1.764000  n
stage3_input_reg[1][94]   SVQ_FDPRBQ_V2_1 um28nchllogl35udl140f_ssgwc0p81v125c
                                                          1.764000  n
stage3_input_reg[1][95]   SVQ_FDPRBQ_V2_1 um28nchllogl35udl140f_ssgwc0p81v125c
                                                          1.764000  n
stage3_input_reg[1][96]   SVQ_FDPRBQ_V2_1 um28nchllogl35udl140f_ssgwc0p81v125c
                                                          1.764000  n
stage3_input_reg[1][97]   SVQ_FDPRBQ_V2_1 um28nchllogl35udl140f_ssgwc0p81v125c
                                                          1.764000  n
stage3_input_reg[1][98]   SVQ_FDPRBQ_V2_1 um28nchllogl35udl140f_ssgwc0p81v125c
                                                          1.764000  n
stage3_input_reg[1][99]   SVQ_FDPRBQ_V2_1 um28nchllogl35udl140f_ssgwc0p81v125c
                                                          1.764000  n
stage3_input_reg[1][100]  SVQ_FDPRBQ_V2_1 um28nchllogl35udl140f_ssgwc0p81v125c
                                                          1.764000  n
stage3_input_reg[1][101]  SVQ_FDPRBQ_V2_1 um28nchllogl35udl140f_ssgwc0p81v125c
                                                          1.764000  n
stage3_input_reg[1][102]  SVQ_FDPRBQ_V2_1 um28nchllogl35udl140f_ssgwc0p81v125c
                                                          1.764000  n
stage3_input_reg[1][103]  SVQ_FDPRBQ_V2_1 um28nchllogl35udl140f_ssgwc0p81v125c
                                                          1.764000  n
stage3_input_reg[1][104]  SVQ_FDPRBQ_V2_1 um28nchllogl35udl140f_ssgwc0p81v125c
                                                          1.764000  n
stage3_input_reg[1][105]  SVQ_FDPRBQ_V2_1 um28nchllogl35udl140f_ssgwc0p81v125c
                                                          1.764000  n
stage3_input_reg[1][106]  SVQ_FDPRBQ_V2_1 um28nchllogl35udl140f_ssgwc0p81v125c
                                                          1.764000  n
stage3_input_reg[1][107]  SVQ_FDPRBQ_V2_1 um28nchllogl35udl140f_ssgwc0p81v125c
                                                          1.764000  n
stage3_input_reg[1][108]  SVQ_FDPRBQ_V2_1 um28nchllogl35udl140f_ssgwc0p81v125c
                                                          1.764000  n
stage3_input_reg[1][109]  SVQ_FDPRBQ_V2_1 um28nchllogl35udl140f_ssgwc0p81v125c
                                                          1.764000  n
stage3_input_reg[1][110]  SVQ_FDPRBQ_V2_1 um28nchllogl35udl140f_ssgwc0p81v125c
                                                          1.764000  n
stage3_input_reg[1][111]  SVQ_FDPRBQ_V2_1 um28nchllogl35udl140f_ssgwc0p81v125c
                                                          1.764000  n
stage3_input_reg[1][112]  SVQ_FDPRBQ_V2_1 um28nchllogl35udl140f_ssgwc0p81v125c
                                                          1.764000  n
stage3_input_reg[1][113]  SVQ_FDPRBQ_V2_1 um28nchllogl35udl140f_ssgwc0p81v125c
                                                          1.764000  n
stage3_input_reg[1][114]  SVQ_FDPRBQ_V2_1 um28nchllogl35udl140f_ssgwc0p81v125c
                                                          1.764000  n
stage3_input_reg[1][115]  SVQ_FDPRBQ_V2_1 um28nchllogl35udl140f_ssgwc0p81v125c
                                                          1.764000  n
stage3_input_reg[1][116]  SVQ_FDPRBQ_V2_1 um28nchllogl35udl140f_ssgwc0p81v125c
                                                          1.764000  n
stage3_input_reg[1][117]  SVQ_FDPRBQ_V2_1 um28nchllogl35udl140f_ssgwc0p81v125c
                                                          1.764000  n
stage3_input_reg[1][118]  SVQ_FDPRBQ_V2_1 um28nchllogl35udl140f_ssgwc0p81v125c
                                                          1.764000  n
stage3_input_reg[1][119]  SVQ_FDPRBQ_V2_1 um28nchllogl35udl140f_ssgwc0p81v125c
                                                          1.764000  n
stage3_input_reg[1][120]  SVQ_FDPRBQ_V2_1 um28nchllogl35udl140f_ssgwc0p81v125c
                                                          1.764000  n
stage3_input_reg[1][121]  SVQ_FDPRBQ_V2_1 um28nchllogl35udl140f_ssgwc0p81v125c
                                                          1.764000  n
stage3_input_reg[1][122]  SVQ_FDPRBQ_V2_1 um28nchllogl35udl140f_ssgwc0p81v125c
                                                          1.764000  n
stage3_input_reg[1][123]  SVQ_FDPRBQ_V2_1 um28nchllogl35udl140f_ssgwc0p81v125c
                                                          1.764000  n
stage3_input_reg[1][124]  SVQ_FDPRBQ_V2_1 um28nchllogl35udl140f_ssgwc0p81v125c
                                                          1.764000  n
stage3_input_reg[1][125]  SVQ_FDPRBQ_V2_1 um28nchllogl35udl140f_ssgwc0p81v125c
                                                          1.764000  n
stage3_input_reg[1][126]  SVQ_FDPRBQ_V2_1 um28nchllogl35udl140f_ssgwc0p81v125c
                                                          1.764000  n
stage3_input_reg[1][127]  SVQ_FDPRBQ_V2_1 um28nchllogl35udl140f_ssgwc0p81v125c
                                                          1.764000  n
stage3_input_reg[1][128]  SVQ_FDPRBQ_V2_1 um28nchllogl35udl140f_ssgwc0p81v125c
                                                          1.764000  n
stage3_input_reg[1][129]  SVQ_FDPRBQ_V2_1 um28nchllogl35udl140f_ssgwc0p81v125c
                                                          1.764000  n
stage3_input_reg[1][130]  SVQ_FDPRBQ_V2_1 um28nchllogl35udl140f_ssgwc0p81v125c
                                                          1.764000  n
stage3_input_reg[1][131]  SVQ_FDPRBQ_V2_1 um28nchllogl35udl140f_ssgwc0p81v125c
                                                          1.764000  n
stage3_input_reg[1][132]  SVQ_FDPRBQ_V2_1 um28nchllogl35udl140f_ssgwc0p81v125c
                                                          1.764000  n
stage3_input_reg[1][133]  SVQ_FDPRBQ_V2_1 um28nchllogl35udl140f_ssgwc0p81v125c
                                                          1.764000  n
stage3_input_reg[1][134]  SVQ_FDPRBQ_V2_1 um28nchllogl35udl140f_ssgwc0p81v125c
                                                          1.764000  n
stage3_input_reg[1][135]  SVQ_FDPRBQ_V2_1 um28nchllogl35udl140f_ssgwc0p81v125c
                                                          1.764000  n
stage3_input_reg[1][136]  SVQ_FDPRBQ_V2_1 um28nchllogl35udl140f_ssgwc0p81v125c
                                                          1.764000  n
stage3_input_reg[1][137]  SVQ_FDPRBQ_V2_1 um28nchllogl35udl140f_ssgwc0p81v125c
                                                          1.764000  n
stage3_input_reg[1][138]  SVQ_FDPRBQ_V2_1 um28nchllogl35udl140f_ssgwc0p81v125c
                                                          1.764000  n
stage3_input_reg[1][139]  SVQ_FDPRBQ_V2_1 um28nchllogl35udl140f_ssgwc0p81v125c
                                                          1.764000  n
stage3_input_reg[1][140]  SVQ_FDPRBQ_V2_1 um28nchllogl35udl140f_ssgwc0p81v125c
                                                          1.764000  n
stage3_input_reg[1][141]  SVQ_FDPRBQ_V2_1 um28nchllogl35udl140f_ssgwc0p81v125c
                                                          1.764000  n
stage3_input_reg[1][142]  SVQ_FDPRBQ_V2_1 um28nchllogl35udl140f_ssgwc0p81v125c
                                                          1.764000  n
stage3_input_reg[1][143]  SVQ_FDPRBQ_V2_1 um28nchllogl35udl140f_ssgwc0p81v125c
                                                          1.764000  n
stage3_input_reg[1][144]  SVQ_FDPRBQ_V2_1 um28nchllogl35udl140f_ssgwc0p81v125c
                                                          1.764000  n
stage3_input_reg[1][145]  SVQ_FDPRBQ_V2_1 um28nchllogl35udl140f_ssgwc0p81v125c
                                                          1.764000  n
stage3_input_reg[1][146]  SVQ_FDPRBQ_V2_1 um28nchllogl35udl140f_ssgwc0p81v125c
                                                          1.764000  n
stage3_input_reg[1][147]  SVQ_FDPRBQ_V2_1 um28nchllogl35udl140f_ssgwc0p81v125c
                                                          1.764000  n
stage3_input_reg[1][148]  SVQ_FDPRBQ_V2_1 um28nchllogl35udl140f_ssgwc0p81v125c
                                                          1.764000  n
stage3_input_reg[1][149]  SVQ_FDPRBQ_V2_1 um28nchllogl35udl140f_ssgwc0p81v125c
                                                          1.764000  n
stage3_input_reg[1][150]  SVQ_FDPRBQ_V2_1 um28nchllogl35udl140f_ssgwc0p81v125c
                                                          1.764000  n
stage3_input_reg[1][151]  SVQ_FDPRBQ_V2_1 um28nchllogl35udl140f_ssgwc0p81v125c
                                                          1.764000  n
stage3_input_reg[1][152]  SVQ_FDPRBQ_V2_1 um28nchllogl35udl140f_ssgwc0p81v125c
                                                          1.764000  n
stage3_input_reg[1][153]  SVQ_FDPRBQ_V2_1 um28nchllogl35udl140f_ssgwc0p81v125c
                                                          1.764000  n
stage3_input_reg[1][154]  SVQ_FDPRBQ_V2_1 um28nchllogl35udl140f_ssgwc0p81v125c
                                                          1.764000  n
stage3_input_reg[1][155]  SVQ_FDPRBQ_V2_1 um28nchllogl35udl140f_ssgwc0p81v125c
                                                          1.764000  n
stage3_input_reg[1][156]  SVQ_FDPRBQ_V2_1 um28nchllogl35udl140f_ssgwc0p81v125c
                                                          1.764000  n
stage3_input_reg[1][157]  SVQ_FDPRBQ_V2_1 um28nchllogl35udl140f_ssgwc0p81v125c
                                                          1.764000  n
stage3_input_reg[1][158]  SVQ_FDPRBQ_V2_1 um28nchllogl35udl140f_ssgwc0p81v125c
                                                          1.764000  n
stage3_input_reg[1][159]  SVQ_FDPRBQ_V2_1 um28nchllogl35udl140f_ssgwc0p81v125c
                                                          1.764000  n
stage3_input_reg[1][160]  SVQ_FDPRBQ_V2_1 um28nchllogl35udl140f_ssgwc0p81v125c
                                                          1.764000  n
stage3_input_reg[1][161]  SVQ_FDPRBQ_V2_1 um28nchllogl35udl140f_ssgwc0p81v125c
                                                          1.764000  n
stage3_input_reg[1][162]  SVQ_FDPRBQ_V2_1 um28nchllogl35udl140f_ssgwc0p81v125c
                                                          1.764000  n
stage3_input_reg[1][163]  SVQ_FDPRBQ_V2_1 um28nchllogl35udl140f_ssgwc0p81v125c
                                                          1.764000  n
stage3_input_reg[1][164]  SVQ_FDPRBQ_V2_1 um28nchllogl35udl140f_ssgwc0p81v125c
                                                          1.764000  n
stage3_input_reg[1][165]  SVQ_FDPRBQ_V2_1 um28nchllogl35udl140f_ssgwc0p81v125c
                                                          1.764000  n
stage3_input_reg[1][166]  SVQ_FDPRBQ_V2_1 um28nchllogl35udl140f_ssgwc0p81v125c
                                                          1.764000  n
stage3_input_reg[1][167]  SVQ_FDPRBQ_V2_1 um28nchllogl35udl140f_ssgwc0p81v125c
                                                          1.764000  n
stage3_input_reg[1][168]  SVQ_FDPRBQ_V2_1 um28nchllogl35udl140f_ssgwc0p81v125c
                                                          1.764000  n
stage3_input_reg[1][169]  SVQ_FDPRBQ_V2_1 um28nchllogl35udl140f_ssgwc0p81v125c
                                                          1.764000  n
stage3_input_reg[1][170]  SVQ_FDPRBQ_V2_1 um28nchllogl35udl140f_ssgwc0p81v125c
                                                          1.764000  n
stage3_input_reg[1][171]  SVQ_FDPRBQ_V2_1 um28nchllogl35udl140f_ssgwc0p81v125c
                                                          1.764000  n
stage3_input_reg[1][172]  SVQ_FDPRBQ_V2_1 um28nchllogl35udl140f_ssgwc0p81v125c
                                                          1.764000  n
stage3_input_reg[1][173]  SVQ_FDPRBQ_V2_1 um28nchllogl35udl140f_ssgwc0p81v125c
                                                          1.764000  n
stage3_input_reg[1][174]  SVQ_FDPRBQ_V2_1 um28nchllogl35udl140f_ssgwc0p81v125c
                                                          1.764000  n
stage3_input_reg[1][175]  SVQ_FDPRBQ_V2_1 um28nchllogl35udl140f_ssgwc0p81v125c
                                                          1.764000  n
stage3_input_reg[1][176]  SVQ_FDPRBQ_V2_1 um28nchllogl35udl140f_ssgwc0p81v125c
                                                          1.764000  n
stage3_input_reg[1][177]  SVQ_FDPRBQ_V2_1 um28nchllogl35udl140f_ssgwc0p81v125c
                                                          1.764000  n
stage3_input_reg[1][178]  SVQ_FDPRBQ_V2_1 um28nchllogl35udl140f_ssgwc0p81v125c
                                                          1.764000  n
stage3_input_reg[1][179]  SVQ_FDPRBQ_V2_1 um28nchllogl35udl140f_ssgwc0p81v125c
                                                          1.764000  n
stage3_input_reg[1][180]  SVQ_FDPRBQ_V2_1 um28nchllogl35udl140f_ssgwc0p81v125c
                                                          1.764000  n
stage3_input_reg[1][181]  SVQ_FDPRBQ_V2_1 um28nchllogl35udl140f_ssgwc0p81v125c
                                                          1.764000  n
stage3_input_reg[1][182]  SVQ_FDPRBQ_V2_1 um28nchllogl35udl140f_ssgwc0p81v125c
                                                          1.764000  n
stage3_input_reg[1][183]  SVQ_FDPRBQ_V2_1 um28nchllogl35udl140f_ssgwc0p81v125c
                                                          1.764000  n
stage3_input_reg[1][184]  SVQ_FDPRBQ_V2_1 um28nchllogl35udl140f_ssgwc0p81v125c
                                                          1.764000  n
stage3_input_reg[1][185]  SVQ_FDPRBQ_V2_1 um28nchllogl35udl140f_ssgwc0p81v125c
                                                          1.764000  n
stage3_input_reg[1][186]  SVQ_FDPRBQ_V2_1 um28nchllogl35udl140f_ssgwc0p81v125c
                                                          1.764000  n
stage3_input_reg[1][187]  SVQ_FDPRBQ_V2_1 um28nchllogl35udl140f_ssgwc0p81v125c
                                                          1.764000  n
stage3_input_reg[1][188]  SVQ_FDPRBQ_V2_1 um28nchllogl35udl140f_ssgwc0p81v125c
                                                          1.764000  n
stage3_input_reg[1][189]  SVQ_FDPRBQ_V2_1 um28nchllogl35udl140f_ssgwc0p81v125c
                                                          1.764000  n
stage3_input_reg[1][190]  SVQ_FDPRBQ_V2_1 um28nchllogl35udl140f_ssgwc0p81v125c
                                                          1.764000  n
stage3_input_reg[1][191]  SVQ_FDPRBQ_V2_1 um28nchllogl35udl140f_ssgwc0p81v125c
                                                          1.764000  n
stage3_input_reg[1][192]  SVQ_FDPRBQ_V2_1 um28nchllogl35udl140f_ssgwc0p81v125c
                                                          1.764000  n
stage3_input_reg[1][193]  SVQ_FDPRBQ_V2_1 um28nchllogl35udl140f_ssgwc0p81v125c
                                                          1.764000  n
stage3_input_reg[1][194]  SVQ_FDPRBQ_V2_1 um28nchllogl35udl140f_ssgwc0p81v125c
                                                          1.764000  n
stage3_input_reg[1][195]  SVQ_FDPRBQ_V2_1 um28nchllogl35udl140f_ssgwc0p81v125c
                                                          1.764000  n
stage3_input_reg[1][196]  SVQ_FDPRBQ_V2_1 um28nchllogl35udl140f_ssgwc0p81v125c
                                                          1.764000  n
stage3_input_reg[1][197]  SVQ_FDPRBQ_V2_1 um28nchllogl35udl140f_ssgwc0p81v125c
                                                          1.764000  n
stage3_input_reg[1][198]  SVQ_FDPRBQ_V2_1 um28nchllogl35udl140f_ssgwc0p81v125c
                                                          1.764000  n
stage3_input_reg[1][199]  SVQ_FDPRBQ_V2_1 um28nchllogl35udl140f_ssgwc0p81v125c
                                                          1.764000  n
stage3_input_reg[1][200]  SVQ_FDPRBQ_V2_1 um28nchllogl35udl140f_ssgwc0p81v125c
                                                          1.764000  n
stage3_input_reg[1][201]  SVQ_FDPRBQ_V2_1 um28nchllogl35udl140f_ssgwc0p81v125c
                                                          1.764000  n
stage3_input_reg[1][202]  SVQ_FDPRBQ_V2_1 um28nchllogl35udl140f_ssgwc0p81v125c
                                                          1.764000  n
stage3_input_reg[1][203]  SVQ_FDPRBQ_V2_1 um28nchllogl35udl140f_ssgwc0p81v125c
                                                          1.764000  n
stage3_input_reg[1][204]  SVQ_FDPRBQ_V2_1 um28nchllogl35udl140f_ssgwc0p81v125c
                                                          1.764000  n
stage3_input_reg[1][205]  SVQ_FDPRBQ_V2_1 um28nchllogl35udl140f_ssgwc0p81v125c
                                                          1.764000  n
stage3_input_reg[1][206]  SVQ_FDPRBQ_V2_1 um28nchllogl35udl140f_ssgwc0p81v125c
                                                          1.764000  n
stage3_input_reg[1][207]  SVQ_FDPRBQ_V2_1 um28nchllogl35udl140f_ssgwc0p81v125c
                                                          1.764000  n
stage3_input_reg[1][208]  SVQ_FDPRBQ_V2_1 um28nchllogl35udl140f_ssgwc0p81v125c
                                                          1.764000  n
stage3_input_reg[1][209]  SVQ_FDPRBQ_V2_1 um28nchllogl35udl140f_ssgwc0p81v125c
                                                          1.764000  n
stage3_input_reg[1][210]  SVQ_FDPRBQ_V2_1 um28nchllogl35udl140f_ssgwc0p81v125c
                                                          1.764000  n
stage3_input_reg[1][211]  SVQ_FDPRBQ_V2_1 um28nchllogl35udl140f_ssgwc0p81v125c
                                                          1.764000  n
stage3_input_reg[1][212]  SVQ_FDPRBQ_V2_1 um28nchllogl35udl140f_ssgwc0p81v125c
                                                          1.764000  n
stage3_input_reg[1][213]  SVQ_FDPRBQ_V2_1 um28nchllogl35udl140f_ssgwc0p81v125c
                                                          1.764000  n
stage3_input_reg[1][214]  SVQ_FDPRBQ_V2_1 um28nchllogl35udl140f_ssgwc0p81v125c
                                                          1.764000  n
stage3_input_reg[1][215]  SVQ_FDPRBQ_V2_1 um28nchllogl35udl140f_ssgwc0p81v125c
                                                          1.764000  n
stage3_input_reg[1][216]  SVQ_FDPRBQ_V2_1 um28nchllogl35udl140f_ssgwc0p81v125c
                                                          1.764000  n
stage3_input_reg[1][217]  SVQ_FDPRBQ_V2_1 um28nchllogl35udl140f_ssgwc0p81v125c
                                                          1.764000  n
stage3_input_reg[1][218]  SVQ_FDPRBQ_V2_1 um28nchllogl35udl140f_ssgwc0p81v125c
                                                          1.764000  n
stage3_input_reg[1][219]  SVQ_FDPRBQ_V2_1 um28nchllogl35udl140f_ssgwc0p81v125c
                                                          1.764000  n
stage3_input_reg[1][220]  SVQ_FDPRBQ_V2_1 um28nchllogl35udl140f_ssgwc0p81v125c
                                                          1.764000  n
stage3_input_reg[1][221]  SVQ_FDPRBQ_V2_1 um28nchllogl35udl140f_ssgwc0p81v125c
                                                          1.764000  n
stage3_input_reg[1][222]  SVQ_FDPRBQ_V2_1 um28nchllogl35udl140f_ssgwc0p81v125c
                                                          1.764000  n
stage3_input_reg[1][223]  SVQ_FDPRBQ_V2_1 um28nchllogl35udl140f_ssgwc0p81v125c
                                                          1.764000  n
stage3_input_reg[1][224]  SVQ_FDPRBQ_V2_1 um28nchllogl35udl140f_ssgwc0p81v125c
                                                          1.764000  n
stage3_input_reg[1][225]  SVQ_FDPRBQ_V2_1 um28nchllogl35udl140f_ssgwc0p81v125c
                                                          1.764000  n
stage3_input_reg[1][226]  SVQ_FDPRBQ_V2_1 um28nchllogl35udl140f_ssgwc0p81v125c
                                                          1.764000  n
stage3_input_reg[1][227]  SVQ_FDPRBQ_V2_1 um28nchllogl35udl140f_ssgwc0p81v125c
                                                          1.764000  n
stage3_input_reg[1][228]  SVQ_FDPRBQ_V2_1 um28nchllogl35udl140f_ssgwc0p81v125c
                                                          1.764000  n
stage3_input_reg[1][229]  SVQ_FDPRBQ_V2_1 um28nchllogl35udl140f_ssgwc0p81v125c
                                                          1.764000  n
stage3_input_reg[1][230]  SVQ_FDPRBQ_V2_1 um28nchllogl35udl140f_ssgwc0p81v125c
                                                          1.764000  n
stage3_input_reg[1][231]  SVQ_FDPRBQ_V2_1 um28nchllogl35udl140f_ssgwc0p81v125c
                                                          1.764000  n
stage3_input_reg[1][232]  SVQ_FDPRBQ_V2_1 um28nchllogl35udl140f_ssgwc0p81v125c
                                                          1.764000  n
stage3_input_reg[1][233]  SVQ_FDPRBQ_V2_1 um28nchllogl35udl140f_ssgwc0p81v125c
                                                          1.764000  n
stage3_input_reg[1][234]  SVQ_FDPRBQ_V2_1 um28nchllogl35udl140f_ssgwc0p81v125c
                                                          1.764000  n
stage3_input_reg[1][235]  SVQ_FDPRBQ_V2_1 um28nchllogl35udl140f_ssgwc0p81v125c
                                                          1.764000  n
stage3_input_reg[1][236]  SVQ_FDPRBQ_V2_1 um28nchllogl35udl140f_ssgwc0p81v125c
                                                          1.764000  n
stage3_input_reg[1][237]  SVQ_FDPRBQ_V2_1 um28nchllogl35udl140f_ssgwc0p81v125c
                                                          1.764000  n
stage3_input_reg[1][238]  SVQ_FDPRBQ_V2_1 um28nchllogl35udl140f_ssgwc0p81v125c
                                                          1.764000  n
stage3_input_reg[1][239]  SVQ_FDPRBQ_V2_1 um28nchllogl35udl140f_ssgwc0p81v125c
                                                          1.764000  n
stage3_input_reg[1][240]  SVQ_FDPRBQ_V2_1 um28nchllogl35udl140f_ssgwc0p81v125c
                                                          1.764000  n
stage3_input_reg[1][241]  SVQ_FDPRBQ_V2_1 um28nchllogl35udl140f_ssgwc0p81v125c
                                                          1.764000  n
stage3_input_reg[1][242]  SVQ_FDPRBQ_V2_1 um28nchllogl35udl140f_ssgwc0p81v125c
                                                          1.764000  n
stage3_input_reg[1][243]  SVQ_FDPRBQ_V2_1 um28nchllogl35udl140f_ssgwc0p81v125c
                                                          1.764000  n
stage3_input_reg[1][244]  SVQ_FDPRBQ_V2_1 um28nchllogl35udl140f_ssgwc0p81v125c
                                                          1.764000  n
stage3_input_reg[1][245]  SVQ_FDPRBQ_V2_1 um28nchllogl35udl140f_ssgwc0p81v125c
                                                          1.764000  n
stage3_input_reg[1][246]  SVQ_FDPRBQ_V2_1 um28nchllogl35udl140f_ssgwc0p81v125c
                                                          1.764000  n
stage3_input_reg[1][247]  SVQ_FDPRBQ_V2_1 um28nchllogl35udl140f_ssgwc0p81v125c
                                                          1.764000  n
stage3_input_reg[1][248]  SVQ_FDPRBQ_V2_1 um28nchllogl35udl140f_ssgwc0p81v125c
                                                          1.764000  n
stage3_input_reg[1][249]  SVQ_FDPRBQ_V2_1 um28nchllogl35udl140f_ssgwc0p81v125c
                                                          1.764000  n
stage3_input_reg[1][250]  SVQ_FDPRBQ_V2_1 um28nchllogl35udl140f_ssgwc0p81v125c
                                                          1.764000  n
stage3_input_reg[1][251]  SVQ_FDPRBQ_V2_1 um28nchllogl35udl140f_ssgwc0p81v125c
                                                          1.764000  n
stage3_input_reg[1][252]  SVQ_FDPRBQ_V2_1 um28nchllogl35udl140f_ssgwc0p81v125c
                                                          1.764000  n
stage3_input_reg[1][253]  SVQ_FDPRBQ_V2_1 um28nchllogl35udl140f_ssgwc0p81v125c
                                                          1.764000  n
stage3_input_reg[1][254]  SVQ_FDPRBQ_V2_1 um28nchllogl35udl140f_ssgwc0p81v125c
                                                          1.764000  n
stage3_input_reg[1][255]  SVQ_FDPRBQ_V2_1 um28nchllogl35udl140f_ssgwc0p81v125c
                                                          1.764000  n
stage3_input_reg[1][256]  SVQ_FDPRBQ_V2_1 um28nchllogl35udl140f_ssgwc0p81v125c
                                                          1.764000  n
stage3_input_reg[1][257]  SVQ_FDPRBQ_V2_1 um28nchllogl35udl140f_ssgwc0p81v125c
                                                          1.764000  n
stage3_input_reg[1][258]  SVQ_FDPRBQ_V2_1 um28nchllogl35udl140f_ssgwc0p81v125c
                                                          1.764000  n
stage3_input_reg[1][259]  SVQ_FDPRBQ_V2_1 um28nchllogl35udl140f_ssgwc0p81v125c
                                                          1.764000  n
stage3_input_reg[1][260]  SVQ_FDPRBQ_V2_1 um28nchllogl35udl140f_ssgwc0p81v125c
                                                          1.764000  n
stage3_input_reg[1][261]  SVQ_FDPRBQ_V2_1 um28nchllogl35udl140f_ssgwc0p81v125c
                                                          1.764000  n
stage3_input_reg[1][262]  SVQ_FDPRBQ_V2_1 um28nchllogl35udl140f_ssgwc0p81v125c
                                                          1.764000  n
stage3_input_reg[1][263]  SVQ_FDPRBQ_V2_1 um28nchllogl35udl140f_ssgwc0p81v125c
                                                          1.764000  n
stage3_input_reg[1][264]  SVQ_FDPRBQ_V2_1 um28nchllogl35udl140f_ssgwc0p81v125c
                                                          1.764000  n
stage3_input_reg[1][265]  SVQ_FDPRBQ_V2_1 um28nchllogl35udl140f_ssgwc0p81v125c
                                                          1.764000  n
stage3_input_reg[1][266]  SVQ_FDPRBQ_V2_1 um28nchllogl35udl140f_ssgwc0p81v125c
                                                          1.764000  n
stage3_input_reg[1][267]  SVQ_FDPRBQ_V2_1 um28nchllogl35udl140f_ssgwc0p81v125c
                                                          1.764000  n
stage3_input_reg[1][268]  SVQ_FDPRBQ_V2_1 um28nchllogl35udl140f_ssgwc0p81v125c
                                                          1.764000  n
stage3_input_reg[1][269]  SVQ_FDPRBQ_V2_1 um28nchllogl35udl140f_ssgwc0p81v125c
                                                          1.764000  n
stage3_input_reg[1][270]  SVQ_FDPRBQ_V2_1 um28nchllogl35udl140f_ssgwc0p81v125c
                                                          1.764000  n
stage3_input_reg[1][271]  SVQ_FDPRBQ_V2_1 um28nchllogl35udl140f_ssgwc0p81v125c
                                                          1.764000  n
stage3_input_reg[1][272]  SVQ_FDPRBQ_V2_1 um28nchllogl35udl140f_ssgwc0p81v125c
                                                          1.764000  n
stage3_input_reg[1][273]  SVQ_FDPRBQ_V2_1 um28nchllogl35udl140f_ssgwc0p81v125c
                                                          1.764000  n
stage3_input_reg[1][274]  SVQ_FDPRBQ_V2_1 um28nchllogl35udl140f_ssgwc0p81v125c
                                                          1.764000  n
stage3_input_reg[1][275]  SVQ_FDPRBQ_V2_1 um28nchllogl35udl140f_ssgwc0p81v125c
                                                          1.764000  n
stage3_input_reg[1][276]  SVQ_FDPRBQ_V2_1 um28nchllogl35udl140f_ssgwc0p81v125c
                                                          1.764000  n
stage3_input_reg[1][277]  SVQ_FDPRBQ_V2_1 um28nchllogl35udl140f_ssgwc0p81v125c
                                                          1.764000  n
stage3_input_reg[1][278]  SVQ_FDPRBQ_V2_1 um28nchllogl35udl140f_ssgwc0p81v125c
                                                          1.764000  n
stage3_input_reg[1][279]  SVQ_FDPRBQ_V2_1 um28nchllogl35udl140f_ssgwc0p81v125c
                                                          1.764000  n
stage3_input_reg[1][280]  SVQ_FDPRBQ_V2_1 um28nchllogl35udl140f_ssgwc0p81v125c
                                                          1.764000  n
stage3_input_reg[1][281]  SVQ_FDPRBQ_V2_1 um28nchllogl35udl140f_ssgwc0p81v125c
                                                          1.764000  n
stage3_input_reg[1][282]  SVQ_FDPRBQ_V2_1 um28nchllogl35udl140f_ssgwc0p81v125c
                                                          1.764000  n
stage3_input_reg[1][283]  SVQ_FDPRBQ_V2_1 um28nchllogl35udl140f_ssgwc0p81v125c
                                                          1.764000  n
stage3_input_reg[1][284]  SVQ_FDPRBQ_V2_1 um28nchllogl35udl140f_ssgwc0p81v125c
                                                          1.764000  n
stage3_input_reg[1][285]  SVQ_FDPRBQ_V2_1 um28nchllogl35udl140f_ssgwc0p81v125c
                                                          1.764000  n
stage3_input_reg[1][286]  SVQ_FDPRBQ_V2_1 um28nchllogl35udl140f_ssgwc0p81v125c
                                                          1.764000  n
stage3_input_reg[1][287]  SVQ_FDPRBQ_V2_1 um28nchllogl35udl140f_ssgwc0p81v125c
                                                          1.764000  n
stage3_input_reg[1][288]  SVQ_FDPRBQ_V2_1 um28nchllogl35udl140f_ssgwc0p81v125c
                                                          1.764000  n
stage3_input_reg[1][289]  SVQ_FDPRBQ_V2_1 um28nchllogl35udl140f_ssgwc0p81v125c
                                                          1.764000  n
stage3_input_reg[1][290]  SVQ_FDPRBQ_V2_1 um28nchllogl35udl140f_ssgwc0p81v125c
                                                          1.764000  n
stage3_input_reg[1][291]  SVQ_FDPRBQ_V2_1 um28nchllogl35udl140f_ssgwc0p81v125c
                                                          1.764000  n
stage3_input_reg[1][292]  SVQ_FDPRBQ_V2_1 um28nchllogl35udl140f_ssgwc0p81v125c
                                                          1.764000  n
stage3_input_reg[1][293]  SVQ_FDPRBQ_V2_1 um28nchllogl35udl140f_ssgwc0p81v125c
                                                          1.764000  n
stage3_input_reg[1][294]  SVQ_FDPRBQ_V2_1 um28nchllogl35udl140f_ssgwc0p81v125c
                                                          1.764000  n
stage3_input_reg[1][295]  SVQ_FDPRBQ_V2_1 um28nchllogl35udl140f_ssgwc0p81v125c
                                                          1.764000  n
stage3_input_reg[1][296]  SVQ_FDPRBQ_V2_1 um28nchllogl35udl140f_ssgwc0p81v125c
                                                          1.764000  n
stage3_input_reg[1][297]  SVQ_FDPRBQ_V2_1 um28nchllogl35udl140f_ssgwc0p81v125c
                                                          1.764000  n
stage3_input_reg[1][298]  SVQ_FDPRBQ_V2_1 um28nchllogl35udl140f_ssgwc0p81v125c
                                                          1.764000  n
stage3_input_reg[1][299]  SVQ_FDPRBQ_V2_1 um28nchllogl35udl140f_ssgwc0p81v125c
                                                          1.764000  n
stage3_input_reg[1][300]  SVQ_FDPRBQ_V2_1 um28nchllogl35udl140f_ssgwc0p81v125c
                                                          1.764000  n
stage3_input_reg[1][301]  SVQ_FDPRBQ_V2_1 um28nchllogl35udl140f_ssgwc0p81v125c
                                                          1.764000  n
stage3_input_reg[1][302]  SVQ_FDPRBQ_V2_1 um28nchllogl35udl140f_ssgwc0p81v125c
                                                          1.764000  n
stage3_input_reg[1][303]  SVQ_FDPRBQ_V2_1 um28nchllogl35udl140f_ssgwc0p81v125c
                                                          1.764000  n
stage3_input_reg[1][304]  SVQ_FDPRBQ_V2_1 um28nchllogl35udl140f_ssgwc0p81v125c
                                                          1.764000  n
stage3_input_reg[1][305]  SVQ_FDPRBQ_V2_1 um28nchllogl35udl140f_ssgwc0p81v125c
                                                          1.764000  n
stage3_input_reg[1][306]  SVQ_FDPRBQ_V2_1 um28nchllogl35udl140f_ssgwc0p81v125c
                                                          1.764000  n
stage3_input_reg[1][307]  SVQ_FDPRBQ_V2_1 um28nchllogl35udl140f_ssgwc0p81v125c
                                                          1.764000  n
stage3_input_reg[1][308]  SVQ_FDPRBQ_V2_1 um28nchllogl35udl140f_ssgwc0p81v125c
                                                          1.764000  n
stage3_input_reg[1][309]  SVQ_FDPRBQ_V2_1 um28nchllogl35udl140f_ssgwc0p81v125c
                                                          1.764000  n
stage3_input_reg[1][310]  SVQ_FDPRBQ_V2_1 um28nchllogl35udl140f_ssgwc0p81v125c
                                                          1.764000  n
stage3_input_reg[1][311]  SVQ_FDPRBQ_V2_1 um28nchllogl35udl140f_ssgwc0p81v125c
                                                          1.764000  n
stage3_input_reg[1][312]  SVQ_FDPRBQ_V2_1 um28nchllogl35udl140f_ssgwc0p81v125c
                                                          1.764000  n
stage3_input_reg[1][313]  SVQ_FDPRBQ_V2_1 um28nchllogl35udl140f_ssgwc0p81v125c
                                                          1.764000  n
stage3_input_reg[1][314]  SVQ_FDPRBQ_V2_1 um28nchllogl35udl140f_ssgwc0p81v125c
                                                          1.764000  n
stage3_input_reg[1][315]  SVQ_FDPRBQ_V2_1 um28nchllogl35udl140f_ssgwc0p81v125c
                                                          1.764000  n
stage3_input_reg[1][316]  SVQ_FDPRBQ_V2_1 um28nchllogl35udl140f_ssgwc0p81v125c
                                                          1.764000  n
stage3_input_reg[1][317]  SVQ_FDPRBQ_V2_1 um28nchllogl35udl140f_ssgwc0p81v125c
                                                          1.764000  n
stage3_input_reg[1][318]  SVQ_FDPRBQ_V2_1 um28nchllogl35udl140f_ssgwc0p81v125c
                                                          1.764000  n
stage3_input_reg[1][319]  SVQ_FDPRBQ_V2_1 um28nchllogl35udl140f_ssgwc0p81v125c
                                                          1.764000  n
stage3_input_reg[2][0]    SVQ_FDPRBQ_V2_1 um28nchllogl35udl140f_ssgwc0p81v125c
                                                          1.764000  n
stage3_input_reg[2][1]    SVQ_FDPRBQ_V2_1 um28nchllogl35udl140f_ssgwc0p81v125c
                                                          1.764000  n
stage3_input_reg[2][2]    SVQ_FDPRBQ_V2_1 um28nchllogl35udl140f_ssgwc0p81v125c
                                                          1.764000  n
stage3_input_reg[2][3]    SVQ_FDPRBQ_V2_1 um28nchllogl35udl140f_ssgwc0p81v125c
                                                          1.764000  n
stage3_input_reg[2][4]    SVQ_FDPRBQ_V2_1 um28nchllogl35udl140f_ssgwc0p81v125c
                                                          1.764000  n
stage3_input_reg[2][5]    SVQ_FDPRBQ_V2_1 um28nchllogl35udl140f_ssgwc0p81v125c
                                                          1.764000  n
stage3_input_reg[2][6]    SVQ_FDPRBQ_V2_1 um28nchllogl35udl140f_ssgwc0p81v125c
                                                          1.764000  n
stage3_input_reg[2][7]    SVQ_FDPRBQ_V2_1 um28nchllogl35udl140f_ssgwc0p81v125c
                                                          1.764000  n
stage3_input_reg[2][8]    SVQ_FDPRBQ_V2_1 um28nchllogl35udl140f_ssgwc0p81v125c
                                                          1.764000  n
stage3_input_reg[2][9]    SVQ_FDPRBQ_V2_1 um28nchllogl35udl140f_ssgwc0p81v125c
                                                          1.764000  n
stage3_input_reg[2][10]   SVQ_FDPRBQ_V2_1 um28nchllogl35udl140f_ssgwc0p81v125c
                                                          1.764000  n
stage3_input_reg[2][11]   SVQ_FDPRBQ_V2_1 um28nchllogl35udl140f_ssgwc0p81v125c
                                                          1.764000  n
stage3_input_reg[2][12]   SVQ_FDPRBQ_V2_1 um28nchllogl35udl140f_ssgwc0p81v125c
                                                          1.764000  n
stage3_input_reg[2][13]   SVQ_FDPRBQ_V2_1 um28nchllogl35udl140f_ssgwc0p81v125c
                                                          1.764000  n
stage3_input_reg[2][14]   SVQ_FDPRBQ_V2_1 um28nchllogl35udl140f_ssgwc0p81v125c
                                                          1.764000  n
stage3_input_reg[2][15]   SVQ_FDPRBQ_V2_1 um28nchllogl35udl140f_ssgwc0p81v125c
                                                          1.764000  n
stage3_input_reg[2][16]   SVQ_FDPRBQ_V2_1 um28nchllogl35udl140f_ssgwc0p81v125c
                                                          1.764000  n
stage3_input_reg[2][17]   SVQ_FDPRBQ_V2_1 um28nchllogl35udl140f_ssgwc0p81v125c
                                                          1.764000  n
stage3_input_reg[2][18]   SVQ_FDPRBQ_V2_1 um28nchllogl35udl140f_ssgwc0p81v125c
                                                          1.764000  n
stage3_input_reg[2][19]   SVQ_FDPRBQ_V2_1 um28nchllogl35udl140f_ssgwc0p81v125c
                                                          1.764000  n
stage3_input_reg[2][20]   SVQ_FDPRBQ_V2_1 um28nchllogl35udl140f_ssgwc0p81v125c
                                                          1.764000  n
stage3_input_reg[2][21]   SVQ_FDPRBQ_V2_1 um28nchllogl35udl140f_ssgwc0p81v125c
                                                          1.764000  n
stage3_input_reg[2][22]   SVQ_FDPRBQ_V2_1 um28nchllogl35udl140f_ssgwc0p81v125c
                                                          1.764000  n
stage3_input_reg[2][23]   SVQ_FDPRBQ_V2_1 um28nchllogl35udl140f_ssgwc0p81v125c
                                                          1.764000  n
stage3_input_reg[2][24]   SVQ_FDPRBQ_V2_1 um28nchllogl35udl140f_ssgwc0p81v125c
                                                          1.764000  n
stage3_input_reg[2][25]   SVQ_FDPRBQ_V2_1 um28nchllogl35udl140f_ssgwc0p81v125c
                                                          1.764000  n
stage3_input_reg[2][26]   SVQ_FDPRBQ_V2_1 um28nchllogl35udl140f_ssgwc0p81v125c
                                                          1.764000  n
stage3_input_reg[2][27]   SVQ_FDPRBQ_V2_1 um28nchllogl35udl140f_ssgwc0p81v125c
                                                          1.764000  n
stage3_input_reg[2][28]   SVQ_FDPRBQ_V2_1 um28nchllogl35udl140f_ssgwc0p81v125c
                                                          1.764000  n
stage3_input_reg[2][29]   SVQ_FDPRBQ_V2_1 um28nchllogl35udl140f_ssgwc0p81v125c
                                                          1.764000  n
stage3_input_reg[2][30]   SVQ_FDPRBQ_V2_1 um28nchllogl35udl140f_ssgwc0p81v125c
                                                          1.764000  n
stage3_input_reg[2][31]   SVQ_FDPRBQ_V2_1 um28nchllogl35udl140f_ssgwc0p81v125c
                                                          1.764000  n
stage3_input_reg[2][32]   SVQ_FDPRBQ_V2_1 um28nchllogl35udl140f_ssgwc0p81v125c
                                                          1.764000  n
stage3_input_reg[2][33]   SVQ_FDPRBQ_V2_1 um28nchllogl35udl140f_ssgwc0p81v125c
                                                          1.764000  n
stage3_input_reg[2][34]   SVQ_FDPRBQ_V2_1 um28nchllogl35udl140f_ssgwc0p81v125c
                                                          1.764000  n
stage3_input_reg[2][35]   SVQ_FDPRBQ_V2_1 um28nchllogl35udl140f_ssgwc0p81v125c
                                                          1.764000  n
stage3_input_reg[2][36]   SVQ_FDPRBQ_V2_1 um28nchllogl35udl140f_ssgwc0p81v125c
                                                          1.764000  n
stage3_input_reg[2][37]   SVQ_FDPRBQ_V2_1 um28nchllogl35udl140f_ssgwc0p81v125c
                                                          1.764000  n
stage3_input_reg[2][38]   SVQ_FDPRBQ_V2_1 um28nchllogl35udl140f_ssgwc0p81v125c
                                                          1.764000  n
stage3_input_reg[2][39]   SVQ_FDPRBQ_V2_1 um28nchllogl35udl140f_ssgwc0p81v125c
                                                          1.764000  n
stage3_input_reg[2][40]   SVQ_FDPRBQ_V2_1 um28nchllogl35udl140f_ssgwc0p81v125c
                                                          1.764000  n
stage3_input_reg[2][41]   SVQ_FDPRBQ_V2_1 um28nchllogl35udl140f_ssgwc0p81v125c
                                                          1.764000  n
stage3_input_reg[2][42]   SVQ_FDPRBQ_V2_1 um28nchllogl35udl140f_ssgwc0p81v125c
                                                          1.764000  n
stage3_input_reg[2][43]   SVQ_FDPRBQ_V2_1 um28nchllogl35udl140f_ssgwc0p81v125c
                                                          1.764000  n
stage3_input_reg[2][44]   SVQ_FDPRBQ_V2_1 um28nchllogl35udl140f_ssgwc0p81v125c
                                                          1.764000  n
stage3_input_reg[2][45]   SVQ_FDPRBQ_V2_1 um28nchllogl35udl140f_ssgwc0p81v125c
                                                          1.764000  n
stage3_input_reg[2][46]   SVQ_FDPRBQ_V2_1 um28nchllogl35udl140f_ssgwc0p81v125c
                                                          1.764000  n
stage3_input_reg[2][47]   SVQ_FDPRBQ_V2_1 um28nchllogl35udl140f_ssgwc0p81v125c
                                                          1.764000  n
stage3_input_reg[2][48]   SVQ_FDPRBQ_V2_1 um28nchllogl35udl140f_ssgwc0p81v125c
                                                          1.764000  n
stage3_input_reg[2][49]   SVQ_FDPRBQ_V2_1 um28nchllogl35udl140f_ssgwc0p81v125c
                                                          1.764000  n
stage3_input_reg[2][50]   SVQ_FDPRBQ_V2_1 um28nchllogl35udl140f_ssgwc0p81v125c
                                                          1.764000  n
stage3_input_reg[2][51]   SVQ_FDPRBQ_V2_1 um28nchllogl35udl140f_ssgwc0p81v125c
                                                          1.764000  n
stage3_input_reg[2][52]   SVQ_FDPRBQ_V2_1 um28nchllogl35udl140f_ssgwc0p81v125c
                                                          1.764000  n
stage3_input_reg[2][53]   SVQ_FDPRBQ_V2_1 um28nchllogl35udl140f_ssgwc0p81v125c
                                                          1.764000  n
stage3_input_reg[2][54]   SVQ_FDPRBQ_V2_1 um28nchllogl35udl140f_ssgwc0p81v125c
                                                          1.764000  n
stage3_input_reg[2][55]   SVQ_FDPRBQ_V2_1 um28nchllogl35udl140f_ssgwc0p81v125c
                                                          1.764000  n
stage3_input_reg[2][56]   SVQ_FDPRBQ_V2_1 um28nchllogl35udl140f_ssgwc0p81v125c
                                                          1.764000  n
stage3_input_reg[2][57]   SVQ_FDPRBQ_V2_1 um28nchllogl35udl140f_ssgwc0p81v125c
                                                          1.764000  n
stage3_input_reg[2][58]   SVQ_FDPRBQ_V2_1 um28nchllogl35udl140f_ssgwc0p81v125c
                                                          1.764000  n
stage3_input_reg[2][59]   SVQ_FDPRBQ_V2_1 um28nchllogl35udl140f_ssgwc0p81v125c
                                                          1.764000  n
stage3_input_reg[2][60]   SVQ_FDPRBQ_V2_1 um28nchllogl35udl140f_ssgwc0p81v125c
                                                          1.764000  n
stage3_input_reg[2][61]   SVQ_FDPRBQ_V2_1 um28nchllogl35udl140f_ssgwc0p81v125c
                                                          1.764000  n
stage3_input_reg[2][62]   SVQ_FDPRBQ_V2_1 um28nchllogl35udl140f_ssgwc0p81v125c
                                                          1.764000  n
stage3_input_reg[2][63]   SVQ_FDPRBQ_V2_1 um28nchllogl35udl140f_ssgwc0p81v125c
                                                          1.764000  n
stage3_input_reg[2][64]   SVQ_FDPRBQ_V2_1 um28nchllogl35udl140f_ssgwc0p81v125c
                                                          1.764000  n
stage3_input_reg[2][65]   SVQ_FDPRBQ_V2_1 um28nchllogl35udl140f_ssgwc0p81v125c
                                                          1.764000  n
stage3_input_reg[2][66]   SVQ_FDPRBQ_V2_1 um28nchllogl35udl140f_ssgwc0p81v125c
                                                          1.764000  n
stage3_input_reg[2][67]   SVQ_FDPRBQ_V2_1 um28nchllogl35udl140f_ssgwc0p81v125c
                                                          1.764000  n
stage3_input_reg[2][68]   SVQ_FDPRBQ_V2_1 um28nchllogl35udl140f_ssgwc0p81v125c
                                                          1.764000  n
stage3_input_reg[2][69]   SVQ_FDPRBQ_V2_1 um28nchllogl35udl140f_ssgwc0p81v125c
                                                          1.764000  n
stage3_input_reg[2][70]   SVQ_FDPRBQ_V2_1 um28nchllogl35udl140f_ssgwc0p81v125c
                                                          1.764000  n
stage3_input_reg[2][71]   SVQ_FDPRBQ_V2_1 um28nchllogl35udl140f_ssgwc0p81v125c
                                                          1.764000  n
stage3_input_reg[2][72]   SVQ_FDPRBQ_V2_1 um28nchllogl35udl140f_ssgwc0p81v125c
                                                          1.764000  n
stage3_input_reg[2][73]   SVQ_FDPRBQ_V2_1 um28nchllogl35udl140f_ssgwc0p81v125c
                                                          1.764000  n
stage3_input_reg[2][74]   SVQ_FDPRBQ_V2_1 um28nchllogl35udl140f_ssgwc0p81v125c
                                                          1.764000  n
stage3_input_reg[2][75]   SVQ_FDPRBQ_V2_1 um28nchllogl35udl140f_ssgwc0p81v125c
                                                          1.764000  n
stage3_input_reg[2][76]   SVQ_FDPRBQ_V2_1 um28nchllogl35udl140f_ssgwc0p81v125c
                                                          1.764000  n
stage3_input_reg[2][77]   SVQ_FDPRBQ_V2_1 um28nchllogl35udl140f_ssgwc0p81v125c
                                                          1.764000  n
stage3_input_reg[2][78]   SVQ_FDPRBQ_V2_1 um28nchllogl35udl140f_ssgwc0p81v125c
                                                          1.764000  n
stage3_input_reg[2][79]   SVQ_FDPRBQ_V2_1 um28nchllogl35udl140f_ssgwc0p81v125c
                                                          1.764000  n
stage3_input_reg[2][80]   SVQ_FDPRBQ_V2_1 um28nchllogl35udl140f_ssgwc0p81v125c
                                                          1.764000  n
stage3_input_reg[2][81]   SVQ_FDPRBQ_V2_1 um28nchllogl35udl140f_ssgwc0p81v125c
                                                          1.764000  n
stage3_input_reg[2][82]   SVQ_FDPRBQ_V2_1 um28nchllogl35udl140f_ssgwc0p81v125c
                                                          1.764000  n
stage3_input_reg[2][83]   SVQ_FDPRBQ_V2_1 um28nchllogl35udl140f_ssgwc0p81v125c
                                                          1.764000  n
stage3_input_reg[2][84]   SVQ_FDPRBQ_V2_1 um28nchllogl35udl140f_ssgwc0p81v125c
                                                          1.764000  n
stage3_input_reg[2][85]   SVQ_FDPRBQ_V2_1 um28nchllogl35udl140f_ssgwc0p81v125c
                                                          1.764000  n
stage3_input_reg[2][86]   SVQ_FDPRBQ_V2_1 um28nchllogl35udl140f_ssgwc0p81v125c
                                                          1.764000  n
stage3_input_reg[2][87]   SVQ_FDPRBQ_V2_1 um28nchllogl35udl140f_ssgwc0p81v125c
                                                          1.764000  n
stage3_input_reg[2][88]   SVQ_FDPRBQ_V2_1 um28nchllogl35udl140f_ssgwc0p81v125c
                                                          1.764000  n
stage3_input_reg[2][89]   SVQ_FDPRBQ_V2_1 um28nchllogl35udl140f_ssgwc0p81v125c
                                                          1.764000  n
stage3_input_reg[2][90]   SVQ_FDPRBQ_V2_1 um28nchllogl35udl140f_ssgwc0p81v125c
                                                          1.764000  n
stage3_input_reg[2][91]   SVQ_FDPRBQ_V2_1 um28nchllogl35udl140f_ssgwc0p81v125c
                                                          1.764000  n
stage3_input_reg[2][92]   SVQ_FDPRBQ_V2_1 um28nchllogl35udl140f_ssgwc0p81v125c
                                                          1.764000  n
stage3_input_reg[2][93]   SVQ_FDPRBQ_V2_1 um28nchllogl35udl140f_ssgwc0p81v125c
                                                          1.764000  n
stage3_input_reg[2][94]   SVQ_FDPRBQ_V2_1 um28nchllogl35udl140f_ssgwc0p81v125c
                                                          1.764000  n
stage3_input_reg[2][95]   SVQ_FDPRBQ_V2_1 um28nchllogl35udl140f_ssgwc0p81v125c
                                                          1.764000  n
stage3_input_reg[2][96]   SVQ_FDPRBQ_V2_1 um28nchllogl35udl140f_ssgwc0p81v125c
                                                          1.764000  n
stage3_input_reg[2][97]   SVQ_FDPRBQ_V2_1 um28nchllogl35udl140f_ssgwc0p81v125c
                                                          1.764000  n
stage3_input_reg[2][98]   SVQ_FDPRBQ_V2_1 um28nchllogl35udl140f_ssgwc0p81v125c
                                                          1.764000  n
stage3_input_reg[2][99]   SVQ_FDPRBQ_V2_1 um28nchllogl35udl140f_ssgwc0p81v125c
                                                          1.764000  n
stage3_input_reg[2][100]  SVQ_FDPRBQ_V2_1 um28nchllogl35udl140f_ssgwc0p81v125c
                                                          1.764000  n
stage3_input_reg[2][101]  SVQ_FDPRBQ_V2_1 um28nchllogl35udl140f_ssgwc0p81v125c
                                                          1.764000  n
stage3_input_reg[2][102]  SVQ_FDPRBQ_V2_1 um28nchllogl35udl140f_ssgwc0p81v125c
                                                          1.764000  n
stage3_input_reg[2][103]  SVQ_FDPRBQ_V2_1 um28nchllogl35udl140f_ssgwc0p81v125c
                                                          1.764000  n
stage3_input_reg[2][104]  SVQ_FDPRBQ_V2_1 um28nchllogl35udl140f_ssgwc0p81v125c
                                                          1.764000  n
stage3_input_reg[2][105]  SVQ_FDPRBQ_V2_1 um28nchllogl35udl140f_ssgwc0p81v125c
                                                          1.764000  n
stage3_input_reg[2][106]  SVQ_FDPRBQ_V2_1 um28nchllogl35udl140f_ssgwc0p81v125c
                                                          1.764000  n
stage3_input_reg[2][107]  SVQ_FDPRBQ_V2_1 um28nchllogl35udl140f_ssgwc0p81v125c
                                                          1.764000  n
stage3_input_reg[2][108]  SVQ_FDPRBQ_V2_1 um28nchllogl35udl140f_ssgwc0p81v125c
                                                          1.764000  n
stage3_input_reg[2][109]  SVQ_FDPRBQ_V2_1 um28nchllogl35udl140f_ssgwc0p81v125c
                                                          1.764000  n
stage3_input_reg[2][110]  SVQ_FDPRBQ_V2_1 um28nchllogl35udl140f_ssgwc0p81v125c
                                                          1.764000  n
stage3_input_reg[2][111]  SVQ_FDPRBQ_V2_1 um28nchllogl35udl140f_ssgwc0p81v125c
                                                          1.764000  n
stage3_input_reg[2][112]  SVQ_FDPRBQ_V2_1 um28nchllogl35udl140f_ssgwc0p81v125c
                                                          1.764000  n
stage3_input_reg[2][113]  SVQ_FDPRBQ_V2_1 um28nchllogl35udl140f_ssgwc0p81v125c
                                                          1.764000  n
stage3_input_reg[2][114]  SVQ_FDPRBQ_V2_1 um28nchllogl35udl140f_ssgwc0p81v125c
                                                          1.764000  n
stage3_input_reg[2][115]  SVQ_FDPRBQ_V2_1 um28nchllogl35udl140f_ssgwc0p81v125c
                                                          1.764000  n
stage3_input_reg[2][116]  SVQ_FDPRBQ_V2_1 um28nchllogl35udl140f_ssgwc0p81v125c
                                                          1.764000  n
stage3_input_reg[2][117]  SVQ_FDPRBQ_V2_1 um28nchllogl35udl140f_ssgwc0p81v125c
                                                          1.764000  n
stage3_input_reg[2][118]  SVQ_FDPRBQ_V2_1 um28nchllogl35udl140f_ssgwc0p81v125c
                                                          1.764000  n
stage3_input_reg[2][119]  SVQ_FDPRBQ_V2_1 um28nchllogl35udl140f_ssgwc0p81v125c
                                                          1.764000  n
stage3_input_reg[2][120]  SVQ_FDPRBQ_V2_1 um28nchllogl35udl140f_ssgwc0p81v125c
                                                          1.764000  n
stage3_input_reg[2][121]  SVQ_FDPRBQ_V2_1 um28nchllogl35udl140f_ssgwc0p81v125c
                                                          1.764000  n
stage3_input_reg[2][122]  SVQ_FDPRBQ_V2_1 um28nchllogl35udl140f_ssgwc0p81v125c
                                                          1.764000  n
stage3_input_reg[2][123]  SVQ_FDPRBQ_V2_1 um28nchllogl35udl140f_ssgwc0p81v125c
                                                          1.764000  n
stage3_input_reg[2][124]  SVQ_FDPRBQ_V2_1 um28nchllogl35udl140f_ssgwc0p81v125c
                                                          1.764000  n
stage3_input_reg[2][125]  SVQ_FDPRBQ_V2_1 um28nchllogl35udl140f_ssgwc0p81v125c
                                                          1.764000  n
stage3_input_reg[2][126]  SVQ_FDPRBQ_V2_1 um28nchllogl35udl140f_ssgwc0p81v125c
                                                          1.764000  n
stage3_input_reg[2][127]  SVQ_FDPRBQ_V2_1 um28nchllogl35udl140f_ssgwc0p81v125c
                                                          1.764000  n
stage3_input_reg[2][128]  SVQ_FDPRBQ_V2_1 um28nchllogl35udl140f_ssgwc0p81v125c
                                                          1.764000  n
stage3_input_reg[2][129]  SVQ_FDPRBQ_V2_1 um28nchllogl35udl140f_ssgwc0p81v125c
                                                          1.764000  n
stage3_input_reg[2][130]  SVQ_FDPRBQ_V2_1 um28nchllogl35udl140f_ssgwc0p81v125c
                                                          1.764000  n
stage3_input_reg[2][131]  SVQ_FDPRBQ_V2_1 um28nchllogl35udl140f_ssgwc0p81v125c
                                                          1.764000  n
stage3_input_reg[2][132]  SVQ_FDPRBQ_V2_1 um28nchllogl35udl140f_ssgwc0p81v125c
                                                          1.764000  n
stage3_input_reg[2][133]  SVQ_FDPRBQ_V2_1 um28nchllogl35udl140f_ssgwc0p81v125c
                                                          1.764000  n
stage3_input_reg[2][134]  SVQ_FDPRBQ_V2_1 um28nchllogl35udl140f_ssgwc0p81v125c
                                                          1.764000  n
stage3_input_reg[2][135]  SVQ_FDPRBQ_V2_1 um28nchllogl35udl140f_ssgwc0p81v125c
                                                          1.764000  n
stage3_input_reg[2][136]  SVQ_FDPRBQ_V2_1 um28nchllogl35udl140f_ssgwc0p81v125c
                                                          1.764000  n
stage3_input_reg[2][137]  SVQ_FDPRBQ_V2_1 um28nchllogl35udl140f_ssgwc0p81v125c
                                                          1.764000  n
stage3_input_reg[2][138]  SVQ_FDPRBQ_V2_1 um28nchllogl35udl140f_ssgwc0p81v125c
                                                          1.764000  n
stage3_input_reg[2][139]  SVQ_FDPRBQ_V2_1 um28nchllogl35udl140f_ssgwc0p81v125c
                                                          1.764000  n
stage3_input_reg[2][140]  SVQ_FDPRBQ_V2_1 um28nchllogl35udl140f_ssgwc0p81v125c
                                                          1.764000  n
stage3_input_reg[2][141]  SVQ_FDPRBQ_V2_1 um28nchllogl35udl140f_ssgwc0p81v125c
                                                          1.764000  n
stage3_input_reg[2][142]  SVQ_FDPRBQ_V2_1 um28nchllogl35udl140f_ssgwc0p81v125c
                                                          1.764000  n
stage3_input_reg[2][143]  SVQ_FDPRBQ_V2_1 um28nchllogl35udl140f_ssgwc0p81v125c
                                                          1.764000  n
stage3_input_reg[2][144]  SVQ_FDPRBQ_V2_1 um28nchllogl35udl140f_ssgwc0p81v125c
                                                          1.764000  n
stage3_input_reg[2][145]  SVQ_FDPRBQ_V2_1 um28nchllogl35udl140f_ssgwc0p81v125c
                                                          1.764000  n
stage3_input_reg[2][146]  SVQ_FDPRBQ_V2_1 um28nchllogl35udl140f_ssgwc0p81v125c
                                                          1.764000  n
stage3_input_reg[2][147]  SVQ_FDPRBQ_V2_1 um28nchllogl35udl140f_ssgwc0p81v125c
                                                          1.764000  n
stage3_input_reg[2][148]  SVQ_FDPRBQ_V2_1 um28nchllogl35udl140f_ssgwc0p81v125c
                                                          1.764000  n
stage3_input_reg[2][149]  SVQ_FDPRBQ_V2_1 um28nchllogl35udl140f_ssgwc0p81v125c
                                                          1.764000  n
stage3_input_reg[2][150]  SVQ_FDPRBQ_V2_1 um28nchllogl35udl140f_ssgwc0p81v125c
                                                          1.764000  n
stage3_input_reg[2][151]  SVQ_FDPRBQ_V2_1 um28nchllogl35udl140f_ssgwc0p81v125c
                                                          1.764000  n
stage3_input_reg[2][152]  SVQ_FDPRBQ_V2_1 um28nchllogl35udl140f_ssgwc0p81v125c
                                                          1.764000  n
stage3_input_reg[2][153]  SVQ_FDPRBQ_V2_1 um28nchllogl35udl140f_ssgwc0p81v125c
                                                          1.764000  n
stage3_input_reg[2][154]  SVQ_FDPRBQ_V2_1 um28nchllogl35udl140f_ssgwc0p81v125c
                                                          1.764000  n
stage3_input_reg[2][155]  SVQ_FDPRBQ_V2_1 um28nchllogl35udl140f_ssgwc0p81v125c
                                                          1.764000  n
stage3_input_reg[2][156]  SVQ_FDPRBQ_V2_1 um28nchllogl35udl140f_ssgwc0p81v125c
                                                          1.764000  n
stage3_input_reg[2][157]  SVQ_FDPRBQ_V2_1 um28nchllogl35udl140f_ssgwc0p81v125c
                                                          1.764000  n
stage3_input_reg[2][158]  SVQ_FDPRBQ_V2_1 um28nchllogl35udl140f_ssgwc0p81v125c
                                                          1.764000  n
stage3_input_reg[2][159]  SVQ_FDPRBQ_V2_1 um28nchllogl35udl140f_ssgwc0p81v125c
                                                          1.764000  n
stage3_input_reg[2][160]  SVQ_FDPRBQ_V2_1 um28nchllogl35udl140f_ssgwc0p81v125c
                                                          1.764000  n
stage3_input_reg[2][161]  SVQ_FDPRBQ_V2_1 um28nchllogl35udl140f_ssgwc0p81v125c
                                                          1.764000  n
stage3_input_reg[2][162]  SVQ_FDPRBQ_V2_1 um28nchllogl35udl140f_ssgwc0p81v125c
                                                          1.764000  n
stage3_input_reg[2][163]  SVQ_FDPRBQ_V2_1 um28nchllogl35udl140f_ssgwc0p81v125c
                                                          1.764000  n
stage3_input_reg[2][164]  SVQ_FDPRBQ_V2_1 um28nchllogl35udl140f_ssgwc0p81v125c
                                                          1.764000  n
stage3_input_reg[2][165]  SVQ_FDPRBQ_V2_1 um28nchllogl35udl140f_ssgwc0p81v125c
                                                          1.764000  n
stage3_input_reg[2][166]  SVQ_FDPRBQ_V2_1 um28nchllogl35udl140f_ssgwc0p81v125c
                                                          1.764000  n
stage3_input_reg[2][167]  SVQ_FDPRBQ_V2_1 um28nchllogl35udl140f_ssgwc0p81v125c
                                                          1.764000  n
stage3_input_reg[2][168]  SVQ_FDPRBQ_V2_1 um28nchllogl35udl140f_ssgwc0p81v125c
                                                          1.764000  n
stage3_input_reg[2][169]  SVQ_FDPRBQ_V2_1 um28nchllogl35udl140f_ssgwc0p81v125c
                                                          1.764000  n
stage3_input_reg[2][170]  SVQ_FDPRBQ_V2_1 um28nchllogl35udl140f_ssgwc0p81v125c
                                                          1.764000  n
stage3_input_reg[2][171]  SVQ_FDPRBQ_V2_1 um28nchllogl35udl140f_ssgwc0p81v125c
                                                          1.764000  n
stage3_input_reg[2][172]  SVQ_FDPRBQ_V2_1 um28nchllogl35udl140f_ssgwc0p81v125c
                                                          1.764000  n
stage3_input_reg[2][173]  SVQ_FDPRBQ_V2_1 um28nchllogl35udl140f_ssgwc0p81v125c
                                                          1.764000  n
stage3_input_reg[2][174]  SVQ_FDPRBQ_V2_1 um28nchllogl35udl140f_ssgwc0p81v125c
                                                          1.764000  n
stage3_input_reg[2][175]  SVQ_FDPRBQ_V2_1 um28nchllogl35udl140f_ssgwc0p81v125c
                                                          1.764000  n
stage3_input_reg[2][176]  SVQ_FDPRBQ_V2_1 um28nchllogl35udl140f_ssgwc0p81v125c
                                                          1.764000  n
stage3_input_reg[2][177]  SVQ_FDPRBQ_V2_1 um28nchllogl35udl140f_ssgwc0p81v125c
                                                          1.764000  n
stage3_input_reg[2][178]  SVQ_FDPRBQ_V2_1 um28nchllogl35udl140f_ssgwc0p81v125c
                                                          1.764000  n
stage3_input_reg[2][179]  SVQ_FDPRBQ_V2_1 um28nchllogl35udl140f_ssgwc0p81v125c
                                                          1.764000  n
stage3_input_reg[2][180]  SVQ_FDPRBQ_V2_1 um28nchllogl35udl140f_ssgwc0p81v125c
                                                          1.764000  n
stage3_input_reg[2][181]  SVQ_FDPRBQ_V2_1 um28nchllogl35udl140f_ssgwc0p81v125c
                                                          1.764000  n
stage3_input_reg[2][182]  SVQ_FDPRBQ_V2_1 um28nchllogl35udl140f_ssgwc0p81v125c
                                                          1.764000  n
stage3_input_reg[2][183]  SVQ_FDPRBQ_V2_1 um28nchllogl35udl140f_ssgwc0p81v125c
                                                          1.764000  n
stage3_input_reg[2][184]  SVQ_FDPRBQ_V2_1 um28nchllogl35udl140f_ssgwc0p81v125c
                                                          1.764000  n
stage3_input_reg[2][185]  SVQ_FDPRBQ_V2_1 um28nchllogl35udl140f_ssgwc0p81v125c
                                                          1.764000  n
stage3_input_reg[2][186]  SVQ_FDPRBQ_V2_1 um28nchllogl35udl140f_ssgwc0p81v125c
                                                          1.764000  n
stage3_input_reg[2][187]  SVQ_FDPRBQ_V2_1 um28nchllogl35udl140f_ssgwc0p81v125c
                                                          1.764000  n
stage3_input_reg[2][188]  SVQ_FDPRBQ_V2_1 um28nchllogl35udl140f_ssgwc0p81v125c
                                                          1.764000  n
stage3_input_reg[2][189]  SVQ_FDPRBQ_V2_1 um28nchllogl35udl140f_ssgwc0p81v125c
                                                          1.764000  n
stage3_input_reg[2][190]  SVQ_FDPRBQ_V2_1 um28nchllogl35udl140f_ssgwc0p81v125c
                                                          1.764000  n
stage3_input_reg[2][191]  SVQ_FDPRBQ_V2_1 um28nchllogl35udl140f_ssgwc0p81v125c
                                                          1.764000  n
stage3_input_reg[2][192]  SVQ_FDPRBQ_V2_1 um28nchllogl35udl140f_ssgwc0p81v125c
                                                          1.764000  n
stage3_input_reg[2][193]  SVQ_FDPRBQ_V2_1 um28nchllogl35udl140f_ssgwc0p81v125c
                                                          1.764000  n
stage3_input_reg[2][194]  SVQ_FDPRBQ_V2_1 um28nchllogl35udl140f_ssgwc0p81v125c
                                                          1.764000  n
stage3_input_reg[2][195]  SVQ_FDPRBQ_V2_1 um28nchllogl35udl140f_ssgwc0p81v125c
                                                          1.764000  n
stage3_input_reg[2][196]  SVQ_FDPRBQ_V2_1 um28nchllogl35udl140f_ssgwc0p81v125c
                                                          1.764000  n
stage3_input_reg[2][197]  SVQ_FDPRBQ_V2_1 um28nchllogl35udl140f_ssgwc0p81v125c
                                                          1.764000  n
stage3_input_reg[2][198]  SVQ_FDPRBQ_V2_1 um28nchllogl35udl140f_ssgwc0p81v125c
                                                          1.764000  n
stage3_input_reg[2][199]  SVQ_FDPRBQ_V2_1 um28nchllogl35udl140f_ssgwc0p81v125c
                                                          1.764000  n
stage3_input_reg[2][200]  SVQ_FDPRBQ_V2_1 um28nchllogl35udl140f_ssgwc0p81v125c
                                                          1.764000  n
stage3_input_reg[2][201]  SVQ_FDPRBQ_V2_1 um28nchllogl35udl140f_ssgwc0p81v125c
                                                          1.764000  n
stage3_input_reg[2][202]  SVQ_FDPRBQ_V2_1 um28nchllogl35udl140f_ssgwc0p81v125c
                                                          1.764000  n
stage3_input_reg[2][203]  SVQ_FDPRBQ_V2_1 um28nchllogl35udl140f_ssgwc0p81v125c
                                                          1.764000  n
stage3_input_reg[2][204]  SVQ_FDPRBQ_V2_1 um28nchllogl35udl140f_ssgwc0p81v125c
                                                          1.764000  n
stage3_input_reg[2][205]  SVQ_FDPRBQ_V2_1 um28nchllogl35udl140f_ssgwc0p81v125c
                                                          1.764000  n
stage3_input_reg[2][206]  SVQ_FDPRBQ_V2_1 um28nchllogl35udl140f_ssgwc0p81v125c
                                                          1.764000  n
stage3_input_reg[2][207]  SVQ_FDPRBQ_V2_1 um28nchllogl35udl140f_ssgwc0p81v125c
                                                          1.764000  n
stage3_input_reg[2][208]  SVQ_FDPRBQ_V2_1 um28nchllogl35udl140f_ssgwc0p81v125c
                                                          1.764000  n
stage3_input_reg[2][209]  SVQ_FDPRBQ_V2_1 um28nchllogl35udl140f_ssgwc0p81v125c
                                                          1.764000  n
stage3_input_reg[2][210]  SVQ_FDPRBQ_V2_1 um28nchllogl35udl140f_ssgwc0p81v125c
                                                          1.764000  n
stage3_input_reg[2][211]  SVQ_FDPRBQ_V2_1 um28nchllogl35udl140f_ssgwc0p81v125c
                                                          1.764000  n
stage3_input_reg[2][212]  SVQ_FDPRBQ_V2_1 um28nchllogl35udl140f_ssgwc0p81v125c
                                                          1.764000  n
stage3_input_reg[2][213]  SVQ_FDPRBQ_V2_1 um28nchllogl35udl140f_ssgwc0p81v125c
                                                          1.764000  n
stage3_input_reg[2][214]  SVQ_FDPRBQ_V2_1 um28nchllogl35udl140f_ssgwc0p81v125c
                                                          1.764000  n
stage3_input_reg[2][215]  SVQ_FDPRBQ_V2_1 um28nchllogl35udl140f_ssgwc0p81v125c
                                                          1.764000  n
stage3_input_reg[2][216]  SVQ_FDPRBQ_V2_1 um28nchllogl35udl140f_ssgwc0p81v125c
                                                          1.764000  n
stage3_input_reg[2][217]  SVQ_FDPRBQ_V2_1 um28nchllogl35udl140f_ssgwc0p81v125c
                                                          1.764000  n
stage3_input_reg[2][218]  SVQ_FDPRBQ_V2_1 um28nchllogl35udl140f_ssgwc0p81v125c
                                                          1.764000  n
stage3_input_reg[2][219]  SVQ_FDPRBQ_V2_1 um28nchllogl35udl140f_ssgwc0p81v125c
                                                          1.764000  n
stage3_input_reg[2][220]  SVQ_FDPRBQ_V2_1 um28nchllogl35udl140f_ssgwc0p81v125c
                                                          1.764000  n
stage3_input_reg[2][221]  SVQ_FDPRBQ_V2_1 um28nchllogl35udl140f_ssgwc0p81v125c
                                                          1.764000  n
stage3_input_reg[2][222]  SVQ_FDPRBQ_V2_1 um28nchllogl35udl140f_ssgwc0p81v125c
                                                          1.764000  n
stage3_input_reg[2][223]  SVQ_FDPRBQ_V2_1 um28nchllogl35udl140f_ssgwc0p81v125c
                                                          1.764000  n
stage3_input_reg[2][224]  SVQ_FDPRBQ_V2_1 um28nchllogl35udl140f_ssgwc0p81v125c
                                                          1.764000  n
stage3_input_reg[2][225]  SVQ_FDPRBQ_V2_1 um28nchllogl35udl140f_ssgwc0p81v125c
                                                          1.764000  n
stage3_input_reg[2][226]  SVQ_FDPRBQ_V2_1 um28nchllogl35udl140f_ssgwc0p81v125c
                                                          1.764000  n
stage3_input_reg[2][227]  SVQ_FDPRBQ_V2_1 um28nchllogl35udl140f_ssgwc0p81v125c
                                                          1.764000  n
stage3_input_reg[2][228]  SVQ_FDPRBQ_V2_1 um28nchllogl35udl140f_ssgwc0p81v125c
                                                          1.764000  n
stage3_input_reg[2][229]  SVQ_FDPRBQ_V2_1 um28nchllogl35udl140f_ssgwc0p81v125c
                                                          1.764000  n
stage3_input_reg[2][230]  SVQ_FDPRBQ_V2_1 um28nchllogl35udl140f_ssgwc0p81v125c
                                                          1.764000  n
stage3_input_reg[2][231]  SVQ_FDPRBQ_V2_1 um28nchllogl35udl140f_ssgwc0p81v125c
                                                          1.764000  n
stage3_input_reg[2][232]  SVQ_FDPRBQ_V2_1 um28nchllogl35udl140f_ssgwc0p81v125c
                                                          1.764000  n
stage3_input_reg[2][233]  SVQ_FDPRBQ_V2_1 um28nchllogl35udl140f_ssgwc0p81v125c
                                                          1.764000  n
stage3_input_reg[2][234]  SVQ_FDPRBQ_V2_1 um28nchllogl35udl140f_ssgwc0p81v125c
                                                          1.764000  n
stage3_input_reg[2][235]  SVQ_FDPRBQ_V2_1 um28nchllogl35udl140f_ssgwc0p81v125c
                                                          1.764000  n
stage3_input_reg[2][236]  SVQ_FDPRBQ_V2_1 um28nchllogl35udl140f_ssgwc0p81v125c
                                                          1.764000  n
stage3_input_reg[2][237]  SVQ_FDPRBQ_V2_1 um28nchllogl35udl140f_ssgwc0p81v125c
                                                          1.764000  n
stage3_input_reg[2][238]  SVQ_FDPRBQ_V2_1 um28nchllogl35udl140f_ssgwc0p81v125c
                                                          1.764000  n
stage3_input_reg[2][239]  SVQ_FDPRBQ_V2_1 um28nchllogl35udl140f_ssgwc0p81v125c
                                                          1.764000  n
stage3_input_reg[2][240]  SVQ_FDPRBQ_V2_1 um28nchllogl35udl140f_ssgwc0p81v125c
                                                          1.764000  n
stage3_input_reg[2][241]  SVQ_FDPRBQ_V2_1 um28nchllogl35udl140f_ssgwc0p81v125c
                                                          1.764000  n
stage3_input_reg[2][242]  SVQ_FDPRBQ_V2_1 um28nchllogl35udl140f_ssgwc0p81v125c
                                                          1.764000  n
stage3_input_reg[2][243]  SVQ_FDPRBQ_V2_1 um28nchllogl35udl140f_ssgwc0p81v125c
                                                          1.764000  n
stage3_input_reg[2][244]  SVQ_FDPRBQ_V2_1 um28nchllogl35udl140f_ssgwc0p81v125c
                                                          1.764000  n
stage3_input_reg[2][245]  SVQ_FDPRBQ_V2_1 um28nchllogl35udl140f_ssgwc0p81v125c
                                                          1.764000  n
stage3_input_reg[2][246]  SVQ_FDPRBQ_V2_1 um28nchllogl35udl140f_ssgwc0p81v125c
                                                          1.764000  n
stage3_input_reg[2][247]  SVQ_FDPRBQ_V2_1 um28nchllogl35udl140f_ssgwc0p81v125c
                                                          1.764000  n
stage3_input_reg[2][248]  SVQ_FDPRBQ_V2_1 um28nchllogl35udl140f_ssgwc0p81v125c
                                                          1.764000  n
stage3_input_reg[2][249]  SVQ_FDPRBQ_V2_1 um28nchllogl35udl140f_ssgwc0p81v125c
                                                          1.764000  n
stage3_input_reg[2][250]  SVQ_FDPRBQ_V2_1 um28nchllogl35udl140f_ssgwc0p81v125c
                                                          1.764000  n
stage3_input_reg[2][251]  SVQ_FDPRBQ_V2_1 um28nchllogl35udl140f_ssgwc0p81v125c
                                                          1.764000  n
stage3_input_reg[2][252]  SVQ_FDPRBQ_V2_1 um28nchllogl35udl140f_ssgwc0p81v125c
                                                          1.764000  n
stage3_input_reg[2][253]  SVQ_FDPRBQ_V2_1 um28nchllogl35udl140f_ssgwc0p81v125c
                                                          1.764000  n
stage3_input_reg[2][254]  SVQ_FDPRBQ_V2_1 um28nchllogl35udl140f_ssgwc0p81v125c
                                                          1.764000  n
stage3_input_reg[2][255]  SVQ_FDPRBQ_V2_1 um28nchllogl35udl140f_ssgwc0p81v125c
                                                          1.764000  n
stage3_input_reg[2][256]  SVQ_FDPRBQ_V2_1 um28nchllogl35udl140f_ssgwc0p81v125c
                                                          1.764000  n
stage3_input_reg[2][257]  SVQ_FDPRBQ_V2_1 um28nchllogl35udl140f_ssgwc0p81v125c
                                                          1.764000  n
stage3_input_reg[2][258]  SVQ_FDPRBQ_V2_1 um28nchllogl35udl140f_ssgwc0p81v125c
                                                          1.764000  n
stage3_input_reg[2][259]  SVQ_FDPRBQ_V2_1 um28nchllogl35udl140f_ssgwc0p81v125c
                                                          1.764000  n
stage3_input_reg[2][260]  SVQ_FDPRBQ_V2_1 um28nchllogl35udl140f_ssgwc0p81v125c
                                                          1.764000  n
stage3_input_reg[2][261]  SVQ_FDPRBQ_V2_1 um28nchllogl35udl140f_ssgwc0p81v125c
                                                          1.764000  n
stage3_input_reg[2][262]  SVQ_FDPRBQ_V2_1 um28nchllogl35udl140f_ssgwc0p81v125c
                                                          1.764000  n
stage3_input_reg[2][263]  SVQ_FDPRBQ_V2_1 um28nchllogl35udl140f_ssgwc0p81v125c
                                                          1.764000  n
stage3_input_reg[2][264]  SVQ_FDPRBQ_V2_1 um28nchllogl35udl140f_ssgwc0p81v125c
                                                          1.764000  n
stage3_input_reg[2][265]  SVQ_FDPRBQ_V2_1 um28nchllogl35udl140f_ssgwc0p81v125c
                                                          1.764000  n
stage3_input_reg[2][266]  SVQ_FDPRBQ_V2_1 um28nchllogl35udl140f_ssgwc0p81v125c
                                                          1.764000  n
stage3_input_reg[2][267]  SVQ_FDPRBQ_V2_1 um28nchllogl35udl140f_ssgwc0p81v125c
                                                          1.764000  n
stage3_input_reg[2][268]  SVQ_FDPRBQ_V2_1 um28nchllogl35udl140f_ssgwc0p81v125c
                                                          1.764000  n
stage3_input_reg[2][269]  SVQ_FDPRBQ_V2_1 um28nchllogl35udl140f_ssgwc0p81v125c
                                                          1.764000  n
stage3_input_reg[2][270]  SVQ_FDPRBQ_V2_1 um28nchllogl35udl140f_ssgwc0p81v125c
                                                          1.764000  n
stage3_input_reg[2][271]  SVQ_FDPRBQ_V2_1 um28nchllogl35udl140f_ssgwc0p81v125c
                                                          1.764000  n
stage3_input_reg[2][272]  SVQ_FDPRBQ_V2_1 um28nchllogl35udl140f_ssgwc0p81v125c
                                                          1.764000  n
stage3_input_reg[2][273]  SVQ_FDPRBQ_V2_1 um28nchllogl35udl140f_ssgwc0p81v125c
                                                          1.764000  n
stage3_input_reg[2][274]  SVQ_FDPRBQ_V2_1 um28nchllogl35udl140f_ssgwc0p81v125c
                                                          1.764000  n
stage3_input_reg[2][275]  SVQ_FDPRBQ_V2_1 um28nchllogl35udl140f_ssgwc0p81v125c
                                                          1.764000  n
stage3_input_reg[2][276]  SVQ_FDPRBQ_V2_1 um28nchllogl35udl140f_ssgwc0p81v125c
                                                          1.764000  n
stage3_input_reg[2][277]  SVQ_FDPRBQ_V2_1 um28nchllogl35udl140f_ssgwc0p81v125c
                                                          1.764000  n
stage3_input_reg[2][278]  SVQ_FDPRBQ_V2_1 um28nchllogl35udl140f_ssgwc0p81v125c
                                                          1.764000  n
stage3_input_reg[2][279]  SVQ_FDPRBQ_V2_1 um28nchllogl35udl140f_ssgwc0p81v125c
                                                          1.764000  n
stage3_input_reg[2][280]  SVQ_FDPRBQ_V2_1 um28nchllogl35udl140f_ssgwc0p81v125c
                                                          1.764000  n
stage3_input_reg[2][281]  SVQ_FDPRBQ_V2_1 um28nchllogl35udl140f_ssgwc0p81v125c
                                                          1.764000  n
stage3_input_reg[2][282]  SVQ_FDPRBQ_V2_1 um28nchllogl35udl140f_ssgwc0p81v125c
                                                          1.764000  n
stage3_input_reg[2][283]  SVQ_FDPRBQ_V2_1 um28nchllogl35udl140f_ssgwc0p81v125c
                                                          1.764000  n
stage3_input_reg[2][284]  SVQ_FDPRBQ_V2_1 um28nchllogl35udl140f_ssgwc0p81v125c
                                                          1.764000  n
stage3_input_reg[2][285]  SVQ_FDPRBQ_V2_1 um28nchllogl35udl140f_ssgwc0p81v125c
                                                          1.764000  n
stage3_input_reg[2][286]  SVQ_FDPRBQ_V2_1 um28nchllogl35udl140f_ssgwc0p81v125c
                                                          1.764000  n
stage3_input_reg[2][287]  SVQ_FDPRBQ_V2_1 um28nchllogl35udl140f_ssgwc0p81v125c
                                                          1.764000  n
stage3_input_reg[2][288]  SVQ_FDPRBQ_V2_1 um28nchllogl35udl140f_ssgwc0p81v125c
                                                          1.764000  n
stage3_input_reg[2][289]  SVQ_FDPRBQ_V2_1 um28nchllogl35udl140f_ssgwc0p81v125c
                                                          1.764000  n
stage3_input_reg[2][290]  SVQ_FDPRBQ_V2_1 um28nchllogl35udl140f_ssgwc0p81v125c
                                                          1.764000  n
stage3_input_reg[2][291]  SVQ_FDPRBQ_V2_1 um28nchllogl35udl140f_ssgwc0p81v125c
                                                          1.764000  n
stage3_input_reg[2][292]  SVQ_FDPRBQ_V2_1 um28nchllogl35udl140f_ssgwc0p81v125c
                                                          1.764000  n
stage3_input_reg[2][293]  SVQ_FDPRBQ_V2_1 um28nchllogl35udl140f_ssgwc0p81v125c
                                                          1.764000  n
stage3_input_reg[2][294]  SVQ_FDPRBQ_V2_1 um28nchllogl35udl140f_ssgwc0p81v125c
                                                          1.764000  n
stage3_input_reg[2][295]  SVQ_FDPRBQ_V2_1 um28nchllogl35udl140f_ssgwc0p81v125c
                                                          1.764000  n
stage3_input_reg[2][296]  SVQ_FDPRBQ_V2_1 um28nchllogl35udl140f_ssgwc0p81v125c
                                                          1.764000  n
stage3_input_reg[2][297]  SVQ_FDPRBQ_V2_1 um28nchllogl35udl140f_ssgwc0p81v125c
                                                          1.764000  n
stage3_input_reg[2][298]  SVQ_FDPRBQ_V2_1 um28nchllogl35udl140f_ssgwc0p81v125c
                                                          1.764000  n
stage3_input_reg[2][299]  SVQ_FDPRBQ_V2_1 um28nchllogl35udl140f_ssgwc0p81v125c
                                                          1.764000  n
stage3_input_reg[2][300]  SVQ_FDPRBQ_V2_1 um28nchllogl35udl140f_ssgwc0p81v125c
                                                          1.764000  n
stage3_input_reg[2][301]  SVQ_FDPRBQ_V2_1 um28nchllogl35udl140f_ssgwc0p81v125c
                                                          1.764000  n
stage3_input_reg[2][302]  SVQ_FDPRBQ_V2_1 um28nchllogl35udl140f_ssgwc0p81v125c
                                                          1.764000  n
stage3_input_reg[2][303]  SVQ_FDPRBQ_V2_1 um28nchllogl35udl140f_ssgwc0p81v125c
                                                          1.764000  n
stage3_input_reg[2][304]  SVQ_FDPRBQ_V2_1 um28nchllogl35udl140f_ssgwc0p81v125c
                                                          1.764000  n
stage3_input_reg[2][305]  SVQ_FDPRBQ_V2_1 um28nchllogl35udl140f_ssgwc0p81v125c
                                                          1.764000  n
stage3_input_reg[2][306]  SVQ_FDPRBQ_V2_1 um28nchllogl35udl140f_ssgwc0p81v125c
                                                          1.764000  n
stage3_input_reg[2][307]  SVQ_FDPRBQ_V2_1 um28nchllogl35udl140f_ssgwc0p81v125c
                                                          1.764000  n
stage3_input_reg[2][308]  SVQ_FDPRBQ_V2_1 um28nchllogl35udl140f_ssgwc0p81v125c
                                                          1.764000  n
stage3_input_reg[2][309]  SVQ_FDPRBQ_V2_1 um28nchllogl35udl140f_ssgwc0p81v125c
                                                          1.764000  n
stage3_input_reg[2][310]  SVQ_FDPRBQ_V2_1 um28nchllogl35udl140f_ssgwc0p81v125c
                                                          1.764000  n
stage3_input_reg[2][311]  SVQ_FDPRBQ_V2_1 um28nchllogl35udl140f_ssgwc0p81v125c
                                                          1.764000  n
stage3_input_reg[2][312]  SVQ_FDPRBQ_V2_1 um28nchllogl35udl140f_ssgwc0p81v125c
                                                          1.764000  n
stage3_input_reg[2][313]  SVQ_FDPRBQ_V2_1 um28nchllogl35udl140f_ssgwc0p81v125c
                                                          1.764000  n
stage3_input_reg[2][314]  SVQ_FDPRBQ_V2_1 um28nchllogl35udl140f_ssgwc0p81v125c
                                                          1.764000  n
stage3_input_reg[2][315]  SVQ_FDPRBQ_V2_1 um28nchllogl35udl140f_ssgwc0p81v125c
                                                          1.764000  n
stage3_input_reg[2][316]  SVQ_FDPRBQ_V2_1 um28nchllogl35udl140f_ssgwc0p81v125c
                                                          1.764000  n
stage3_input_reg[2][317]  SVQ_FDPRBQ_V2_1 um28nchllogl35udl140f_ssgwc0p81v125c
                                                          1.764000  n
stage3_input_reg[2][318]  SVQ_FDPRBQ_V2_1 um28nchllogl35udl140f_ssgwc0p81v125c
                                                          1.764000  n
stage3_input_reg[2][319]  SVQ_FDPRBQ_V2_1 um28nchllogl35udl140f_ssgwc0p81v125c
                                                          1.764000  n
stage4_input_reg[0][0]    SVQ_FDPRBQ_V2_1 um28nchllogl35udl140f_ssgwc0p81v125c
                                                          1.764000  n
stage4_input_reg[0][1]    SVQ_FDPRBQ_V2_1 um28nchllogl35udl140f_ssgwc0p81v125c
                                                          1.764000  n
stage4_input_reg[0][2]    SVQ_FDPRBQ_V2_1 um28nchllogl35udl140f_ssgwc0p81v125c
                                                          1.764000  n
stage4_input_reg[0][3]    SVQ_FDPRBQ_V2_1 um28nchllogl35udl140f_ssgwc0p81v125c
                                                          1.764000  n
stage4_input_reg[0][4]    SVQ_FDPRBQ_V2_1 um28nchllogl35udl140f_ssgwc0p81v125c
                                                          1.764000  n
stage4_input_reg[0][5]    SVQ_FDPRBQ_V2_1 um28nchllogl35udl140f_ssgwc0p81v125c
                                                          1.764000  n
stage4_input_reg[0][6]    SVQ_FDPRBQ_V2_1 um28nchllogl35udl140f_ssgwc0p81v125c
                                                          1.764000  n
stage4_input_reg[0][7]    SVQ_FDPRBQ_V2_1 um28nchllogl35udl140f_ssgwc0p81v125c
                                                          1.764000  n
stage4_input_reg[0][8]    SVQ_FDPRBQ_V2_1 um28nchllogl35udl140f_ssgwc0p81v125c
                                                          1.764000  n
stage4_input_reg[0][9]    SVQ_FDPRBQ_V2_1 um28nchllogl35udl140f_ssgwc0p81v125c
                                                          1.764000  n
stage4_input_reg[0][10]   SVQ_FDPRBQ_V2_1 um28nchllogl35udl140f_ssgwc0p81v125c
                                                          1.764000  n
stage4_input_reg[0][11]   SVQ_FDPRBQ_V2_1 um28nchllogl35udl140f_ssgwc0p81v125c
                                                          1.764000  n
stage4_input_reg[0][12]   SVQ_FDPRBQ_V2_1 um28nchllogl35udl140f_ssgwc0p81v125c
                                                          1.764000  n
stage4_input_reg[0][13]   SVQ_FDPRBQ_V2_1 um28nchllogl35udl140f_ssgwc0p81v125c
                                                          1.764000  n
stage4_input_reg[0][14]   SVQ_FDPRBQ_V2_1 um28nchllogl35udl140f_ssgwc0p81v125c
                                                          1.764000  n
stage4_input_reg[0][15]   SVQ_FDPRBQ_V2_1 um28nchllogl35udl140f_ssgwc0p81v125c
                                                          1.764000  n
stage4_input_reg[0][16]   SVQ_FDPRBQ_V2_1 um28nchllogl35udl140f_ssgwc0p81v125c
                                                          1.764000  n
stage4_input_reg[0][17]   SVQ_FDPRBQ_V2_1 um28nchllogl35udl140f_ssgwc0p81v125c
                                                          1.764000  n
stage4_input_reg[0][18]   SVQ_FDPRBQ_V2_1 um28nchllogl35udl140f_ssgwc0p81v125c
                                                          1.764000  n
stage4_input_reg[0][19]   SVQ_FDPRBQ_V2_1 um28nchllogl35udl140f_ssgwc0p81v125c
                                                          1.764000  n
stage4_input_reg[0][20]   SVQ_FDPRBQ_V2_1 um28nchllogl35udl140f_ssgwc0p81v125c
                                                          1.764000  n
stage4_input_reg[0][21]   SVQ_FDPRBQ_V2_1 um28nchllogl35udl140f_ssgwc0p81v125c
                                                          1.764000  n
stage4_input_reg[0][22]   SVQ_FDPRBQ_V2_1 um28nchllogl35udl140f_ssgwc0p81v125c
                                                          1.764000  n
stage4_input_reg[0][23]   SVQ_FDPRBQ_V2_1 um28nchllogl35udl140f_ssgwc0p81v125c
                                                          1.764000  n
stage4_input_reg[1][0]    SVQ_FDPRBQ_V2_1 um28nchllogl35udl140f_ssgwc0p81v125c
                                                          1.764000  n
stage4_input_reg[1][1]    SVQ_FDPRBQ_V2_1 um28nchllogl35udl140f_ssgwc0p81v125c
                                                          1.764000  n
stage4_input_reg[1][2]    SVQ_FDPRBQ_V2_1 um28nchllogl35udl140f_ssgwc0p81v125c
                                                          1.764000  n
stage4_input_reg[1][3]    SVQ_FDPRBQ_V2_1 um28nchllogl35udl140f_ssgwc0p81v125c
                                                          1.764000  n
stage4_input_reg[1][4]    SVQ_FDPRBQ_V2_1 um28nchllogl35udl140f_ssgwc0p81v125c
                                                          1.764000  n
stage4_input_reg[1][5]    SVQ_FDPRBQ_V2_1 um28nchllogl35udl140f_ssgwc0p81v125c
                                                          1.764000  n
stage4_input_reg[1][6]    SVQ_FDPRBQ_V2_1 um28nchllogl35udl140f_ssgwc0p81v125c
                                                          1.764000  n
stage4_input_reg[1][7]    SVQ_FDPRBQ_V2_1 um28nchllogl35udl140f_ssgwc0p81v125c
                                                          1.764000  n
stage4_input_reg[1][8]    SVQ_FDPRBQ_V2_1 um28nchllogl35udl140f_ssgwc0p81v125c
                                                          1.764000  n
stage4_input_reg[1][9]    SVQ_FDPRBQ_V2_1 um28nchllogl35udl140f_ssgwc0p81v125c
                                                          1.764000  n
stage4_input_reg[1][10]   SVQ_FDPRBQ_V2_1 um28nchllogl35udl140f_ssgwc0p81v125c
                                                          1.764000  n
stage4_input_reg[1][11]   SVQ_FDPRBQ_V2_1 um28nchllogl35udl140f_ssgwc0p81v125c
                                                          1.764000  n
stage4_input_reg[1][12]   SVQ_FDPRBQ_V2_1 um28nchllogl35udl140f_ssgwc0p81v125c
                                                          1.764000  n
stage4_input_reg[1][13]   SVQ_FDPRBQ_V2_1 um28nchllogl35udl140f_ssgwc0p81v125c
                                                          1.764000  n
stage4_input_reg[1][14]   SVQ_FDPRBQ_V2_1 um28nchllogl35udl140f_ssgwc0p81v125c
                                                          1.764000  n
stage4_input_reg[1][15]   SVQ_FDPRBQ_V2_1 um28nchllogl35udl140f_ssgwc0p81v125c
                                                          1.764000  n
stage4_input_reg[1][16]   SVQ_FDPRBQ_V2_1 um28nchllogl35udl140f_ssgwc0p81v125c
                                                          1.764000  n
stage4_input_reg[1][17]   SVQ_FDPRBQ_V2_1 um28nchllogl35udl140f_ssgwc0p81v125c
                                                          1.764000  n
stage4_input_reg[1][18]   SVQ_FDPRBQ_V2_1 um28nchllogl35udl140f_ssgwc0p81v125c
                                                          1.764000  n
stage4_input_reg[1][19]   SVQ_FDPRBQ_V2_1 um28nchllogl35udl140f_ssgwc0p81v125c
                                                          1.764000  n
stage4_input_reg[1][20]   SVQ_FDPRBQ_V2_1 um28nchllogl35udl140f_ssgwc0p81v125c
                                                          1.764000  n
stage4_input_reg[1][21]   SVQ_FDPRBQ_V2_1 um28nchllogl35udl140f_ssgwc0p81v125c
                                                          1.764000  n
stage4_input_reg[1][22]   SVQ_FDPRBQ_V2_1 um28nchllogl35udl140f_ssgwc0p81v125c
                                                          1.764000  n
stage4_input_reg[1][23]   SVQ_FDPRBQ_V2_1 um28nchllogl35udl140f_ssgwc0p81v125c
                                                          1.764000  n
stage4_input_reg[2][0]    SVQ_FDPRBQ_V2_1 um28nchllogl35udl140f_ssgwc0p81v125c
                                                          1.764000  n
stage4_input_reg[2][1]    SVQ_FDPRBQ_V2_1 um28nchllogl35udl140f_ssgwc0p81v125c
                                                          1.764000  n
stage4_input_reg[2][2]    SVQ_FDPRBQ_V2_1 um28nchllogl35udl140f_ssgwc0p81v125c
                                                          1.764000  n
stage4_input_reg[2][3]    SVQ_FDPRBQ_V2_1 um28nchllogl35udl140f_ssgwc0p81v125c
                                                          1.764000  n
stage4_input_reg[2][4]    SVQ_FDPRBQ_V2_1 um28nchllogl35udl140f_ssgwc0p81v125c
                                                          1.764000  n
stage4_input_reg[2][5]    SVQ_FDPRBQ_V2_1 um28nchllogl35udl140f_ssgwc0p81v125c
                                                          1.764000  n
stage4_input_reg[2][6]    SVQ_FDPRBQ_V2_1 um28nchllogl35udl140f_ssgwc0p81v125c
                                                          1.764000  n
stage4_input_reg[2][7]    SVQ_FDPRBQ_V2_1 um28nchllogl35udl140f_ssgwc0p81v125c
                                                          1.764000  n
stage4_input_reg[2][8]    SVQ_FDPRBQ_V2_1 um28nchllogl35udl140f_ssgwc0p81v125c
                                                          1.764000  n
stage4_input_reg[2][9]    SVQ_FDPRBQ_V2_1 um28nchllogl35udl140f_ssgwc0p81v125c
                                                          1.764000  n
stage4_input_reg[2][10]   SVQ_FDPRBQ_V2_1 um28nchllogl35udl140f_ssgwc0p81v125c
                                                          1.764000  n
stage4_input_reg[2][11]   SVQ_FDPRBQ_V2_1 um28nchllogl35udl140f_ssgwc0p81v125c
                                                          1.764000  n
stage4_input_reg[2][12]   SVQ_FDPRBQ_V2_1 um28nchllogl35udl140f_ssgwc0p81v125c
                                                          1.764000  n
stage4_input_reg[2][13]   SVQ_FDPRBQ_V2_1 um28nchllogl35udl140f_ssgwc0p81v125c
                                                          1.764000  n
stage4_input_reg[2][14]   SVQ_FDPRBQ_V2_1 um28nchllogl35udl140f_ssgwc0p81v125c
                                                          1.764000  n
stage4_input_reg[2][15]   SVQ_FDPRBQ_V2_1 um28nchllogl35udl140f_ssgwc0p81v125c
                                                          1.764000  n
stage4_input_reg[2][16]   SVQ_FDPRBQ_V2_1 um28nchllogl35udl140f_ssgwc0p81v125c
                                                          1.764000  n
stage4_input_reg[2][17]   SVQ_FDPRBQ_V2_1 um28nchllogl35udl140f_ssgwc0p81v125c
                                                          1.764000  n
stage4_input_reg[2][18]   SVQ_FDPRBQ_V2_1 um28nchllogl35udl140f_ssgwc0p81v125c
                                                          1.764000  n
stage4_input_reg[2][19]   SVQ_FDPRBQ_V2_1 um28nchllogl35udl140f_ssgwc0p81v125c
                                                          1.764000  n
stage4_input_reg[2][20]   SVQ_FDPRBQ_V2_1 um28nchllogl35udl140f_ssgwc0p81v125c
                                                          1.764000  n
stage4_input_reg[2][21]   SVQ_FDPRBQ_V2_1 um28nchllogl35udl140f_ssgwc0p81v125c
                                                          1.764000  n
stage4_input_reg[2][22]   SVQ_FDPRBQ_V2_1 um28nchllogl35udl140f_ssgwc0p81v125c
                                                          1.764000  n
stage4_input_reg[2][23]   SVQ_FDPRBQ_V2_1 um28nchllogl35udl140f_ssgwc0p81v125c
                                                          1.764000  n
stage5_input_reg[0][0]    SVQ_LDPRBQ_1    um28nchllogl35udl140f_ssgwc0p81v125c
                                                          1.078000  n
stage5_input_reg[0][1]    SVQ_LDPRBQ_1    um28nchllogl35udl140f_ssgwc0p81v125c
                                                          1.078000  n
stage5_input_reg[0][2]    SVQ_LDPRBQ_1    um28nchllogl35udl140f_ssgwc0p81v125c
                                                          1.078000  n
stage5_input_reg[0][3]    SVQ_LDPRBQ_1    um28nchllogl35udl140f_ssgwc0p81v125c
                                                          1.078000  n
stage5_input_reg[0][4]    SVQ_LDPRBQ_1    um28nchllogl35udl140f_ssgwc0p81v125c
                                                          1.078000  n
stage5_input_reg[0][5]    SVQ_LDPRBQ_1    um28nchllogl35udl140f_ssgwc0p81v125c
                                                          1.078000  n
stage5_input_reg[0][6]    SVQ_LDPRBQ_1    um28nchllogl35udl140f_ssgwc0p81v125c
                                                          1.078000  n
stage5_input_reg[0][7]    SVQ_LDPRBQ_1    um28nchllogl35udl140f_ssgwc0p81v125c
                                                          1.078000  n
stage5_input_reg[1][0]    SVQ_LDPRBQ_1    um28nchllogl35udl140f_ssgwc0p81v125c
                                                          1.078000  n
stage5_input_reg[1][1]    SVQ_LDPRBQ_1    um28nchllogl35udl140f_ssgwc0p81v125c
                                                          1.078000  n
stage5_input_reg[1][2]    SVQ_LDPRBQ_1    um28nchllogl35udl140f_ssgwc0p81v125c
                                                          1.078000  n
stage5_input_reg[1][3]    SVQ_LDPRBQ_1    um28nchllogl35udl140f_ssgwc0p81v125c
                                                          1.078000  n
stage5_input_reg[1][4]    SVQ_LDPRBQ_1    um28nchllogl35udl140f_ssgwc0p81v125c
                                                          1.078000  n
stage5_input_reg[1][5]    SVQ_LDPRBQ_1    um28nchllogl35udl140f_ssgwc0p81v125c
                                                          1.078000  n
stage5_input_reg[1][6]    SVQ_LDPRBQ_1    um28nchllogl35udl140f_ssgwc0p81v125c
                                                          1.078000  n
stage5_input_reg[1][7]    SVQ_LDPRBQ_1    um28nchllogl35udl140f_ssgwc0p81v125c
                                                          1.078000  n
stage5_input_reg[2][0]    SVQ_LDPRBQ_1    um28nchllogl35udl140f_ssgwc0p81v125c
                                                          1.078000  n
stage5_input_reg[2][1]    SVQ_LDPRBQ_1    um28nchllogl35udl140f_ssgwc0p81v125c
                                                          1.078000  n
stage5_input_reg[2][2]    SVQ_LDPRBQ_1    um28nchllogl35udl140f_ssgwc0p81v125c
                                                          1.078000  n
stage5_input_reg[2][3]    SVQ_LDPRBQ_1    um28nchllogl35udl140f_ssgwc0p81v125c
                                                          1.078000  n
stage5_input_reg[2][4]    SVQ_LDPRBQ_1    um28nchllogl35udl140f_ssgwc0p81v125c
                                                          1.078000  n
stage5_input_reg[2][5]    SVQ_LDPRBQ_1    um28nchllogl35udl140f_ssgwc0p81v125c
                                                          1.078000  n
stage5_input_reg[2][6]    SVQ_LDPRBQ_1    um28nchllogl35udl140f_ssgwc0p81v125c
                                                          1.078000  n
stage5_input_reg[2][7]    SVQ_LDPRBQ_1    um28nchllogl35udl140f_ssgwc0p81v125c
                                                          1.078000  n
u_adder_tree_b            adder_tree_0                    745.877995
                                                                    h, n
u_adder_tree_g            adder_tree_1                    745.877995
                                                                    h, n
u_adder_tree_r            adder_tree_2                    745.877995
                                                                    h, n
u_bias_relu_B             bias_relu_0                     40.277999 h
u_bias_relu_G             bias_relu_1                     40.277999 h
u_bias_relu_R             bias_relu_2                     40.277999 h
u_controller              Controller                      49.098001 b, h, n
u_in_buf_blue             f_buffer_0                      4973.794047
                                                                    h, n
u_in_buf_green            f_buffer_1                      4973.794047
                                                                    h, n
u_in_buf_red              f_buffer_2                      4973.794047
                                                                    h, n
u_maxpool                 maxpool_16ch                    5149.311922
                                                                    h, n
u_memA                    memory_w_v0                     0.000000  b
u_memB                    memory_w_v0                     0.000000  b
u_memW                    memory_w_v0                     0.000000  b, p
u_mem_bias                regfile_sync                    11689.440230
                                                                    h, n
u_out_buf                 output_buffer                   1204.419977
                                                                    h, n
u_w_buf                   w_buffer                        3726.450060
                                                                    h, n
--------------------------------------------------------------------------------
Total 3261 cells                                          68030.227640
1
